ID;NOM;TYPE;FREQUENCE;COMPENSATION;POINTS;PAS_REEL;ICC_MIN;N_FUITE_LONG_ARR;CALCUL_CONFORME;I_FUITE_MAX;DIAPHONIE_MAX
0;z5403E;TVM300;2300;P_VARIABLE;4;67;500;200;0;100;200
1;z1532D;TVM300;2000;P_CONSTANT;7;100;500;200;1;100;200
2;z1603A;TVM300;2300;P_CONSTANT;13;100;500;200;1;100;200
3;z1612C;TVM300;2600;P_CONSTANT;13;100;450;200;1;100;200
4;z1703A;TVM300;1700;P_CONSTANT;2;100;500;200;1;100;200
5;z1718B;TVM300;2000;P_CONSTANT;2;100;500;200;1;100;200
6;z4103A;TVM300;2300;P_CONSTANT;2;100;500;200;1;100;200
7;z4132D;TVM300;2000;P_CONSTANT;2;100;500;200;1;100;200
8;z4203A;TVM300;2300;P_CONSTANT;13;100;500;200;1;100;200
9;z4212D;TVM300;2600;P_CONSTANT;13;100;450;200;1;100;200
10;z4303B;TVM300;2300;P_CONSTANT;2;100;500;200;1;100;200
11;z4403A;TVM300;2300;P_CONSTANT;4;100;500;200;1;100;200
12;z4432D;TVM300;2600;P_CONSTANT;4;100;450;200;1;100;200
13;z4503A;TVM300;1700;P_CONSTANT;2;100;500;200;1;100;200
14;z4532F;TVM300;2600;P_CONSTANT;2;100;450;200;1;100;200
15;z1003B;TVM300;1700;P_CONSTANT;2;100;500;200;1;100;200
16;z1103A;TVM300;1700;P_CONSTANT;5;100;500;200;1;100;200
17;z1120D;TVM300;2000;P_CONSTANT;4;100;500;200;1;100;200
18;z1206C;TVM300;2600;P_CONSTANT;11;100;450;200;1;100;200
19;z1213A;TVM300;1700;P_CONSTANT;8;100;500;200;1;100;200
20;z1220C;TVM300;2600;P_CONSTANT;8;100;450;200;1;100;200
21;z1303A;TVM300;2300;P_CONSTANT;6;100;500;200;1;100;200
22;z1320D;TVM300;2000;P_CONSTANT;4;100;500;200;1;100;200
23;z1384A;TVM300;2000;P_CONSTANT;10;100;500;200;1;100;200
24;z1403A;TVM300;2300;P_CONSTANT;4;100;500;200;1;100;200
25;z1416E;TVM300;2000;P_CONSTANT;10;100;500;200;1;100;200
26;z1453A;TVM300;2300;P_CONSTANT;4;100;500;200;1;100;200
27;z1503B;TVM300;2300;P_CONSTANT;4;100;500;200;1;100;200
28;z1530C;TVM300;2000;P_CONSTANT;8;100;500;200;1;100;200
29;z1603A;TVM300;2300;P_CONSTANT;7;100;500;200;1;100;200
30;z1620B;TVM300;2600;P_CONSTANT;3;100;450;200;1;100;200
31;z1704C;TVM300;2000;P_CONSTANT;13;100;500;200;1;100;200
32;z1705A;TVM300;2300;P_CONSTANT;6;100;500;200;1;100;200
33;z1803A;TVM300;2300;P_CONSTANT;3;100;500;200;1;100;200
34;z1820E;TVM300;2600;P_CONSTANT;4;100;450;200;1;100;200
35;z1873A;TVM300;1700;P_CONSTANT;16;100;500;200;1;100;200
36;z1903A;TVM300;2300;P_CONSTANT;5;100;500;200;1;100;200
37;z1916B;TVM300;2000;P_CONSTANT;6;100;500;200;1;100;200
38;z2003A;TVM300;2300;P_CONSTANT;5;100;500;200;1;100;200
39;z2020E;TVM300;2000;P_CONSTANT;9;100;500;200;1;100;200
40;z2103A;TVM300;1700;P_CONSTANT;8;100;500;200;1;100;200
41;z2106A;TVM300;2600;P_CONSTANT;5;100;450;200;1;100;200
42;z2133A;TVM300;2300;P_CONSTANT;10;100;500;200;1;100;200
43;z2136B;TVM300;2600;P_CONSTANT;11;100;450;200;1;100;200
44;z2203B;TVM300;2300;P_CONSTANT;7;100;500;200;1;100;200
45;z2220F;TVM300;2600;P_CONSTANT;3;100;450;200;1;100;200
46;z2242H;TVM300;2600;P_CONSTANT;4;100;450;200;1;100;200
47;z2247A;TVM300;2300;P_CONSTANT;3;100;500;200;1;100;200
48;z2247D;TVM300;1700;P_CONSTANT;9;100;500;200;1;100;200
49;z2250A;TVM300;2000;P_CONSTANT;11;100;500;200;1;100;200
50;z2303A;TVM300;2300;P_CONSTANT;5;100;500;200;1;100;200
51;z2317C;TVM300;1700;P_CONSTANT;11;100;500;200;1;100;200
52;z1255;TVM300;1700;P_CONSTANT;19;100;500;200;1;100;200
53;z1258;TVM300;2000;P_CONSTANT;23;100;500;200;1;100;200
54;z1269;TVM300;2300;P_CONSTANT;17;100;500;200;1;100;200
55;z1302A;TVM300;2000;P_CONSTANT;17;100;500;200;1;100;200
56;z1302B;TVM300;2600;P_CONSTANT;10;100;450;200;1;100;200
57;z1303C;TVM300;1700;P_CONSTANT;13;100;500;200;1;100;200
58;z1333;TVM300;2300;P_CONSTANT;22;100;500;200;1;100;200
59;z1336;TVM300;2600;P_CONSTANT;22;100;450;200;1;100;200
60;z1337;TVM300;1700;P_CONSTANT;21;100;500;200;1;100;200
61;z1340;TVM300;2000;P_CONSTANT;21;100;500;200;1;100;200
62;z1341;TVM300;2300;P_CONSTANT;21;100;500;200;1;100;200
63;z1344;TVM300;2600;P_CONSTANT;21;100;450;200;1;100;200
64;z1345;TVM300;1700;P_CONSTANT;20;100;500;200;1;100;200
65;z1348;TVM300;2000;P_CONSTANT;20;100;500;200;1;100;200
66;z1349;TVM300;2300;P_CONSTANT;20;100;500;200;1;100;200
67;z1160;TVM300;2600;P_CONSTANT;22;100;450;200;1;100;200
68;z1163A;TVM300;1700;P_CONSTANT;8;100;500;200;1;100;200
69;z1163B;TVM300;2300;P_CONSTANT;14;100;500;200;1;100;200
70;z1163C;TVM300;1700;P_CONSTANT;11;100;500;200;1;100;200
71;z1166A;TVM300;2600;P_CONSTANT;8;100;450;200;1;100;200
72;z1166B;TVM300;2000;P_CONSTANT;11;100;500;200;1;100;200
73;z1176;TVM300;2000;P_CONSTANT;14;100;500;200;1;100;200
74;z1203A;TVM300;2300;P_CONSTANT;10;100;500;200;1;100;200
75;z1203B;TVM300;1700;P_CONSTANT;10;100;500;200;1;100;200
76;z1209;TVM300;2300;P_CONSTANT;20;100;500;200;1;100;200
77;z1210A;TVM300;2600;P_CONSTANT;12;100;450;200;1;100;200
78;z1210B;TVM300;2000;P_CONSTANT;10;100;500;200;1;100;200
79;z1220D;TVM300;2000;P_CONSTANT;8;100;500;200;1;100;200
80;z1223C;TVM300;2300;P_CONSTANT;13;100;500;200;1;100;200
81;z1242A;TVM300;2600;P_CONSTANT;14;100;450;200;1;100;200
82;z1243A;TVM300;1700;P_CONSTANT;9;100;500;200;1;100;200
83;z1243B;TVM300;2300;P_CONSTANT;10;100;500;200;1;100;200
84;z1247A;TVM300;1700;P_CONSTANT;12;100;500;200;1;100;200
85;z1247B;TVM300;2300;P_CONSTANT;9;100;500;200;1;100;200
86;z1252A;TVM300;2600;P_CONSTANT;12;100;450;200;1;100;200
87;z1252B;TVM300;2000;P_CONSTANT;20;100;500;200;1;100;200
88;z1253A;TVM300;1700;P_CONSTANT;9;100;500;200;1;100;200
89;z1253B;TVM300;2300;P_CONSTANT;14;100;500;200;1;100;200
90;z1256;TVM300;2000;P_CONSTANT;19;100;500;200;1;100;200
91;z1257A;TVM300;1700;P_CONSTANT;7;100;500;200;1;100;200
92;z1257B;TVM300;2300;P_CONSTANT;16;100;500;200;1;100;200
93;z1262;TVM300;2600;P_CONSTANT;21;100;450;200;1;100;200
94;z1263A;TVM300;1700;P_CONSTANT;6;100;500;200;1;100;200
95;z1263B;TVM300;2300;P_CONSTANT;17;100;500;200;1;100;200
96;z1266;TVM300;2000;P_CONSTANT;22;100;500;200;1;100;200
97;z1271;TVM300;1700;P_CONSTANT;22;100;500;200;1;100;200
98;z1274;TVM300;2600;P_CONSTANT;21;100;450;200;1;100;200
99;z1277A;TVM300;2300;P_CONSTANT;6;100;500;200;1;100;200
100;z1277B;TVM300;1700;P_CONSTANT;16;100;500;200;1;100;200
101;z1282A;TVM300;2600;P_CONSTANT;16;100;450;200;1;100;200
102;z1282B;TVM300;2000;P_CONSTANT;8;100;500;200;1;100;200
103;z1285A;TVM300;2300;P_CONSTANT;2;100;500;200;1;100;200
104;z1285B;TVM300;1700;P_CONSTANT;20;100;500;200;1;100;200
105;z1288;TVM300;2000;P_CONSTANT;18;100;500;200;1;100;200
106;z1302;TVM300;2600;P_CONSTANT;22;100;450;200;1;100;200
107;z1303C;TVM300;2300;P_CONSTANT;10;100;500;200;1;100;200
108;z1323;TVM300;1700;P_CONSTANT;22;100;500;200;1;100;200
109;z1332;TVM300;2000;P_CONSTANT;20;100;500;200;1;100;200
110;z1335A;TVM300;2300;P_CONSTANT;9;100;500;200;1;100;200
111;z1335B;TVM300;1700;P_CONSTANT;12;100;500;200;1;100;200
112;z1342A;TVM300;2000;P_CONSTANT;17;100;500;200;1;100;200
113;z1342B;TVM300;2600;P_CONSTANT;4;100;450;200;1;100;200
114;z1345A;TVM300;2300;P_CONSTANT;11;100;500;200;1;100;200
115;z1345B;TVM300;1700;P_CONSTANT;9;100;500;200;1;100;200
116;z1351;TVM300;2300;P_CONSTANT;22;100;500;200;1;100;200
117;z1356A;TVM300;2000;P_CONSTANT;5;100;500;200;1;100;200
118;z1352;TVM300;2600;P_CONSTANT;20;100;450;200;1;100;200
119;z1353;TVM300;1700;P_CONSTANT;21;100;500;200;1;100;200
120;z1356;TVM300;2000;P_CONSTANT;20;100;500;200;1;100;200
121;z1357;TVM300;2300;P_CONSTANT;21;100;500;200;1;100;200
122;z1360;TVM300;2600;P_CONSTANT;19;100;450;200;1;100;200
123;z1361;TVM300;1700;P_CONSTANT;22;100;500;200;1;100;200
124;z1368;TVM300;2000;P_CONSTANT;22;100;500;200;1;100;200
125;z1369;TVM300;2300;P_CONSTANT;20;100;500;200;1;100;200
126;z1402;TVM300;2600;P_CONSTANT;22;100;450;200;1;100;200
127;z1433;TVM300;2300;P_CONSTANT;21;100;500;200;1;100;200
128;z1436;TVM300;2000;P_CONSTANT;21;100;500;200;1;100;200
129;z1437;TVM300;1700;P_CONSTANT;21;100;500;200;1;100;200
130;z1440;TVM300;2600;P_CONSTANT;21;100;450;200;1;100;200
131;z1441;TVM300;2300;P_CONSTANT;21;100;500;200;1;100;200
132;z1444;TVM300;2000;P_CONSTANT;21;100;500;200;1;100;200
133;z1445;TVM300;1700;P_CONSTANT;21;100;500;200;1;100;200
134;z1448;TVM300;2600;P_CONSTANT;21;100;450;200;1;100;200
135;z1449;TVM300;2300;P_CONSTANT;21;100;500;200;1;100;200
136;z1452;TVM300;2000;P_CONSTANT;21;100;500;200;1;100;200
137;z1453;TVM300;1700;P_CONSTANT;21;100;500;200;1;100;200
138;z1456;TVM300;2600;P_CONSTANT;21;100;450;200;1;100;200
139;z1457;TVM300;2300;P_CONSTANT;21;100;500;200;1;100;200
140;z1460;TVM300;2000;P_CONSTANT;21;100;500;200;1;100;200
141;z1461;TVM300;1700;P_CONSTANT;21;100;500;200;1;100;200
142;z1464;TVM300;2600;P_CONSTANT;21;100;450;200;1;100;200
143;z1465;TVM300;2300;P_CONSTANT;21;100;500;200;1;100;200
144;z1468;TVM300;2000;P_CONSTANT;21;100;500;200;1;100;200
145;z1469;TVM300;1700;P_CONSTANT;21;100;500;200;1;100;200
146;z1502;TVM300;2600;P_CONSTANT;21;100;450;200;1;100;200
147;z1533;TVM300;1700;P_CONSTANT;20;100;500;200;1;100;200
148;z1536;TVM300;2000;P_CONSTANT;20;100;500;200;1;100;200
149;z1537;TVM300;2300;P_CONSTANT;21;100;500;200;1;100;200
150;z1540;TVM300;2600;P_CONSTANT;22;100;450;200;1;100;200
151;z1541;TVM300;1700;P_CONSTANT;21;100;500;200;1;100;200
152;z1543;TVM300;2300;P_CONSTANT;20;100;500;200;1;100;200
153;z1546;TVM300;2000;P_CONSTANT;22;100;500;200;1;100;200
154;z1547;TVM300;1700;P_CONSTANT;21;100;500;200;1;100;200
155;z1550;TVM300;2600;P_CONSTANT;22;100;450;200;1;100;200
156;z1551;TVM300;2300;P_CONSTANT;21;100;500;200;1;100;200
157;z1554;TVM300;2000;P_CONSTANT;22;100;500;200;1;100;200
158;z1555;TVM300;1700;P_CONSTANT;20;100;500;200;1;100;200
159;z1558;TVM300;2600;P_CONSTANT;22;100;450;200;1;100;200
160;z1559;TVM300;2300;P_CONSTANT;18;100;500;200;1;100;200
161;z1562;TVM300;2000;P_CONSTANT;22;100;500;200;1;100;200
162;z1569;TVM300;1700;P_CONSTANT;17;100;500;200;1;100;200
163;z1602A;TVM300;2000;P_CONSTANT;17;100;500;200;1;100;200
164;z1602B;TVM300;2600;P_CONSTANT;9;100;450;200;1;100;200
165;z1633;TVM300;1700;P_CONSTANT;20;100;500;200;1;100;200
166;z1636;TVM300;2000;P_CONSTANT;21;100;500;200;1;100;200
167;z1637;TVM300;2300;P_CONSTANT;20;100;500;200;1;100;200
168;z1640;TVM300;2600;P_CONSTANT;21;100;450;200;1;100;200
169;z1641;TVM300;1700;P_CONSTANT;21;100;500;200;1;100;200
170;z1644;TVM300;2000;P_CONSTANT;20;100;500;200;1;100;200
171;z1645;TVM300;2300;P_CONSTANT;21;100;500;200;1;100;200
172;z1648;TVM300;2600;P_CONSTANT;20;100;450;200;1;100;200
173;z1649;TVM300;1700;P_CONSTANT;21;100;500;200;1;100;200
174;z1668;TVM300;2000;P_CONSTANT;21;100;500;200;1;100;200
175;z1669;TVM300;2300;P_CONSTANT;19;100;500;200;1;100;200
176;z1718C;TVM300;2600;P_CONSTANT;19;100;450;200;1;100;200
177;z1763B;TVM300;1700;P_CONSTANT;17;100;500;200;1;100;200
178;z1765;TVM300;2300;P_CONSTANT;22;100;500;200;1;100;200
179;z1766;TVM300;2600;P_CONSTANT;21;100;450;200;1;100;200
180;z1768;TVM300;2000;P_CONSTANT;20;100.22;500;200;1;100;200
181;z1769;TVM300;1700;P_CONSTANT;22;100;500;200;1;100;200
182;z5419;TVM300;1700;P_VARIABLE;9;71.25;500;200;0;100;200
183;z5427;TVM300;2300;P_CONSTANT;1;0;500;200;0;100;200
184;z4102;TVM300;2600;P_CONSTANT;22;100;450;200;1;100;200
185;z4103C;TVM300;2300;P_CONSTANT;16;100;500;200;1;100;200
186;z4132A;TVM300;2600;P_CONSTANT;16;100;450;200;1;100;200
187;z4133;TVM300;1700;P_CONSTANT;21;100;500;200;1;100;200
188;z4136;TVM300;2000;P_CONSTANT;21;100;500;200;1;100;200
189;z4137;TVM300;2300;P_CONSTANT;20;100.21;500;200;1;100;200
190;z4140;TVM300;2600;P_CONSTANT;20;100.2;450;200;1;100;200
191;z4141;TVM300;1700;P_CONSTANT;23;100;500;200;1;100;200
192;z4144;TVM300;2000;P_CONSTANT;22;100;500;200;1;100;200
193;z4145;TVM300;2300;P_CONSTANT;23;100;500;200;1;100;200
194;z4148;TVM300;2600;P_CONSTANT;23;100;450;200;1;100;200
195;z4149;TVM300;1700;P_CONSTANT;21;100;500;200;1;100;200
196;z4152;TVM300;2000;P_CONSTANT;21;100;500;200;1;100;200
197;z4153;TVM300;2300;P_CONSTANT;21;100;500;200;1;100;200
198;z4156;TVM300;2600;P_CONSTANT;21;100;450;200;1;100;200
199;z4157;TVM300;1700;P_CONSTANT;21;100;500;200;1;100;200
200;z4160;TVM300;2000;P_CONSTANT;21;100;500;200;1;100;200
201;z4161;TVM300;2300;P_CONSTANT;21;100;500;200;1;100;200
202;z4168;TVM300;2600;P_CONSTANT;21;100;450;200;1;100;200
203;z4169;TVM300;1700;P_CONSTANT;21;100;500;200;1;100;200
204;z4202;TVM300;2000;P_CONSTANT;21;100;500;200;1;100;200
205;z4225C;TVM300;2300;P_CONSTANT;18;100;500;200;1;100;200
206;z4232A;TVM300;2600;P_CONSTANT;18;100;450;200;1;100;200
207;z4233;TVM300;1700;P_CONSTANT;23;100;500;200;1;100;200
208;z4236;TVM300;2000;P_CONSTANT;23;100;500;200;1;100;200
209;z4237;TVM300;2300;P_CONSTANT;21;100;500;200;1;100;200
210;z4240;TVM300;2600;P_CONSTANT;21;100;450;200;1;100;200
211;z4241A;TVM300;1700;P_CONSTANT;12;100;500;200;1;100;200
212;z4241B;TVM300;2300;P_CONSTANT;13;100;500;200;1;100;200
213;z4244A;TVM300;2600;P_CONSTANT;13;100;450;200;1;100;200
214;z4244B;TVM300;2000;P_CONSTANT;12;100;500;200;1;100;200
215;z4245;TVM300;1700;P_CONSTANT;20;100;500;200;1;100;200
216;z4268;TVM300;2000;P_CONSTANT;20;100;500;200;1;100;200
217;z4269;TVM300;2300;P_CONSTANT;21;100;500;200;1;100;200
218;z4302;TVM300;2600;P_CONSTANT;21;100;450;200;1;100;200
219;z4303A;TVM300;1700;P_CONSTANT;20;100;500;200;1;100;200
220;z4332;TVM300;2000;P_CONSTANT;24;100;500;200;1;100;200
221;z4333;TVM300;2300;P_CONSTANT;21;100;500;200;1;100;200
222;z4336;TVM300;2600;P_CONSTANT;21;100;450;200;1;100;200
223;z4337;TVM300;1700;P_CONSTANT;22;100;500;200;1;100;200
224;z4340;TVM300;2000;P_CONSTANT;22;100;500;200;1;100;200
225;z4341;TVM300;2300;P_CONSTANT;22;100;500;200;1;100;200
226;z4368;TVM300;2600;P_CONSTANT;22;100;450;200;1;100;200
227;z4369;TVM300;1700;P_CONSTANT;21;100;500;200;1;100;200
228;z4402;TVM300;2000;P_CONSTANT;21;100;500;200;1;100;200
229;z4433;TVM300;1700;P_CONSTANT;23;100;500;200;1;100;200
230;z4436;TVM300;2600;P_CONSTANT;23;100;450;200;1;100;200
231;z4437;TVM300;2300;P_CONSTANT;23;100;500;200;1;100;200
232;z4440;TVM300;2000;P_CONSTANT;23;100;500;200;1;100;200
233;z4441;TVM300;1700;P_CONSTANT;22;100;500;200;1;100;200
234;z4444;TVM300;2600;P_CONSTANT;22;100;450;200;1;100;200
235;z4445;TVM300;2300;P_CONSTANT;22;100;500;200;1;100;200
236;z4448;TVM300;2000;P_CONSTANT;22;100;500;200;1;100;200
237;z4449;TVM300;1700;P_CONSTANT;20;100;500;200;1;100;200
238;z4452;TVM300;2600;P_CONSTANT;20;100;450;200;1;100;200
239;z4453;TVM300;2300;P_CONSTANT;21;100;500;200;1;100;200
240;z4456;TVM300;2000;P_CONSTANT;21;100;500;200;1;100;200
241;z4457;TVM300;1700;P_CONSTANT;24;100;500;200;1;100;200
242;z4460;TVM300;2600;P_CONSTANT;24;100;450;200;1;100;200
243;z4461;TVM300;2300;P_CONSTANT;23;100;500;200;1;100;200
244;z4464;TVM300;2000;P_CONSTANT;23;100;500;200;1;100;200
245;z4465;TVM300;1700;P_CONSTANT;24;100;500;200;1;100;200
246;z4468;TVM300;2600;P_CONSTANT;24;100;450;200;1;100;200
247;z4469;TVM300;2300;P_CONSTANT;24;100;500;200;1;100;200
248;z4502;TVM300;2000;P_CONSTANT;24;100;500;200;1;100;200
249;z4532A;TVM300;2000;P_CONSTANT;1;100;500;200;1;100;200
250;z4533A;TVM300;2300;P_CONSTANT;1;100;500;200;1;100;200
251;z5413;TVM300;1700;NON;0;0;500;200;0;100;200
252;z6027A;TVM300;1700;P_VARIABLE;5;57.25;500;200;0;100;200
253;z6003E;TVM300;1700;NON;0;0;500;200;0;100;200
254;z5306;UM71;2000;NON;0;0;0;0;0;0;0
255;z5310C;UM71;2600;NON;0;0;0;0;0;0;0
256;z5310B;UM71;2000;NON;0;0;0;0;0;0;0
257;z4584B;TVM300;2000;P_CONSTANT;6;100;500;200;1;100;200
258;z5305A;UM71;1700;NON;0;0;0;0;0;0;0
259;z5303E;UM71;2300;NON;0;0;0;0;0;0;0
260;z5303D;UM71;1700;NON;0;0;0;0;0;0;0
261;z5305B;UM71;2300;NON;0;0;0;0;0;0;0
262;z5310A;UM71;2600;NON;0;0;0;0;0;0;0
263;z4588A;TVM300;2600;P_CONSTANT;10;100;450;200;1;100;200
264;z5305C;UM71;1700;NON;0;0;0;0;0;0;0
265;z4210;UM71;2000;NON;0;0;0;0;0;0;0
266;z4208;UM71;2600;NON;0;0;0;0;0;0;0
267;z4205;ITE;3;NON;0;0;0;0;0;0;0
268;z4207;ITE;3;NON;0;0;0;0;0;0;0
269;z4112;ITE;3;NON;0;0;0;0;0;0;0
270;z4109;ITE;3;NON;0;0;0;0;0;0;0
271;z4108;ITE;3;NON;0;0;0;0;0;0;0
272;z4107;ITE;3;NON;0;0;0;0;0;0;0
273;z4111;ITE;3;NON;0;0;0;0;0;0;0
274;z4110;ITE;3;NON;0;0;0;0;0;0;0
275;z3350A;ITE;3;NON;0;0;0;0;0;0;0
276;z3352;ITE;3;NON;0;0;0;0;0;0;0
277;z3354;ITE;3;NON;0;0;0;0;0;0;0
278;z3356;ITE;3;NON;0;0;0;0;0;0;0
279;z3337;ITE;3;NON;0;0;0;0;0;0;0
280;z3331;ITE;3;NON;0;0;0;0;0;0;0
281;z1710;ITE;3;NON;0;0;0;0;0;0;0
282;z1711;ITE;3;NON;0;0;0;0;0;0;0
283;z1020A;TVM300;2000;P_CONSTANT;14;100;500;200;1;100;200
284;z1023;TVM300;1700;P_CONSTANT;22;100;500;200;1;100;200
285;z1026;TVM300;2600;P_CONSTANT;21;100;450;200;1;100;200
286;z1027A;TVM300;2300;P_CONSTANT;10;100;500;200;1;100;200
287;z1027B;TVM300;1700;P_CONSTANT;10;100;500;200;1;100;200
288;z1032;TVM300;2000;P_CONSTANT;20;100;500;200;1;100;200
289;z1033A;TVM300;2300;P_CONSTANT;7;100;500;200;1;100;200
290;z1033B;TVM300;1700;P_CONSTANT;13;100;500;200;1;100;200
291;z1036A;TVM300;2000;P_CONSTANT;11;100;500;200;1;100;200
292;z1036B;TVM300;2600;P_CONSTANT;9;100;450;200;1;100;200
293;z1037;TVM300;2300;P_CONSTANT;20;100;500;200;1;100;200
294;z1042;TVM300;2600;P_CONSTANT;21;100;450;200;1;100;200
295;z1043;TVM300;1700;P_CONSTANT;20;100;500;200;1;100;200
296;z1044;TVM300;2000;P_CONSTANT;20;100;500;200;1;100;200
297;z1045;TVM300;2300;P_CONSTANT;20;100;500;200;1;100;200
298;z1102;TVM300;2600;P_CONSTANT;22;100;450;200;1;100;200
299;z1103C;TVM300;1700;P_CONSTANT;9;100;500;200;1;100;200
300;z1123;TVM300;2300;P_CONSTANT;21;100;500;200;1;100;200
301;z1127;TVM300;1700;P_CONSTANT;20;100;500;200;1;100;200
302;z1132A;TVM300;2600;P_CONSTANT;16;100;450;200;1;100;200
303;z1132B;TVM300;2000;P_CONSTANT;8;100;500;200;1;100;200
304;z1135A;TVM300;2300;P_CONSTANT;5;100;500;200;1;100;200
305;z1135B;TVM300;1700;P_CONSTANT;17;100;500;200;1;100;200
306;z1138A;TVM300;2600;P_CONSTANT;5;100;450;200;1;100;200
307;z1138B;TVM300;2000;P_CONSTANT;17;100;500;200;1;100;200
308;z1141;TVM300;2300;P_CONSTANT;20;100;500;200;1;100;200
309;z1144;TVM300;2000;P_CONSTANT;18;100;500;200;1;100;200
310;z1147;TVM300;1700;P_CONSTANT;21;100;500;200;1;100;200
311;z1152A;TVM300;2000;P_CONSTANT;20;100;500;200;1;100;200
312;z1152B;TVM300;2600;P_CONSTANT;5;100;450;200;1;100;200
313;z1153;TVM300;2300;P_CONSTANT;20;100;500;200;1;100;200
314;z1356B;TVM300;2600;P_CONSTANT;15;100;450;200;1;100;200
315;z1361A;TVM300;1700;P_CONSTANT;16;100;500;200;1;100;200
316;z1361B;TVM300;2300;P_CONSTANT;12;100;500;200;1;100;200
317;z1364;TVM300;2600;P_CONSTANT;22;100;450;200;1;100;200
318;z1366;TVM300;2000;P_CONSTANT;18;100;500;200;1;100;200
319;z1367;TVM300;1700;P_CONSTANT;18;100;500;200;1;100;200
320;z1372;TVM300;2600;P_CONSTANT;19;100;450;200;1;100;200
321;z1373;TVM300;2300;P_CONSTANT;13;100;500;200;1;100;200
322;z1383;TVM300;1700;P_CONSTANT;15;100;500;200;1;100;200
323;z1384B;TVM300;2600;P_CONSTANT;13;100;450;200;1;100;200
324;z1384C;TVM300;2000;P_CONSTANT;12;100;500;200;1;100;200
325;z1385A;TVM300;2300;P_CONSTANT;7;100;500;200;1;100;200
326;z1385B;TVM300;1700;P_CONSTANT;15;100;500;200;1;100;200
327;z1429A;TVM300;1700;P_CONSTANT;10;100;500;200;1;100;200
328;z1429B;TVM300;2300;P_CONSTANT;11;100;500;200;1;100;200
329;z1432;TVM300;2000;P_CONSTANT;19;100;500;200;1;100;200
330;z1433;TVM300;1700;P_CONSTANT;21;100;500;200;1;100;200
331;z1436;TVM300;2600;P_CONSTANT;20;100;450;200;1;100;200
332;z1443;TVM300;2300;P_CONSTANT;19;100;500;200;1;100;200
333;z1445;TVM300;1700;P_CONSTANT;19;100;500;200;1;100;200
334;z1446A;TVM300;2600;P_CONSTANT;12;100;450;200;1;100;200
335;z1446B;TVM300;2000;P_CONSTANT;12;100;500;200;1;100;200
336;z1453C;TVM300;2300;P_CONSTANT;19;100;500;200;1;100;200
337;z1456A;TVM300;2600;P_CONSTANT;4;100;450;200;1;100;200
338;z1456B;TVM300;2000;P_CONSTANT;13;100;500;200;1;100;200
339;z1460;TVM300;2000;P_CONSTANT;13;100;500;200;1;100;200
340;z1466;TVM300;2600;P_CONSTANT;12;100;450;200;1;100;200
341;z1473;TVM300;1700;P_CONSTANT;20;100;500;200;1;100;200
342;z1476;TVM300;2000;P_CONSTANT;21;100;500;200;1;100;200
343;z1481A;TVM300;2300;P_CONSTANT;9;100;500;200;1;100;200
344;z1481B;TVM300;1700;P_CONSTANT;14;100;500;200;1;100;200
345;z1484;TVM300;2600;P_CONSTANT;16;100;450;200;1;100;200
346;z2521;TVM300;1700;P_CONSTANT;3;100;500;200;1;100;200
347;z2536;TVM300;2300;P_CONSTANT;4;100;500;200;1;100;200
348;z2537;TVM300;1700;P_CONSTANT;2;100;500;200;1;100;200
349;z2554C;TVM300;2600;P_CONSTANT;1;100;450;200;1;100;200
350;z2554K;TVM300;2600;P_CONSTANT;2;100;450;200;1;100;200
351;z2554L;TVM300;2000;P_CONSTANT;2;100;500;200;1;100;200
352;z4308;TVM300;2000;P_CONSTANT;1;100;500;200;1;100;200
353;z6123;TVM300;1700;P_CONSTANT;14;100;500;200;1;100;200
354;z6126;TVM300;2000;P_CONSTANT;14;100;500;200;1;100;200
355;z6133;TVM300;2300;P_CONSTANT;18;100;500;200;1;100;200
356;z6136;TVM300;2600;P_CONSTANT;18;100;450;200;1;100;200
357;z6318;TVM300;1700;P_CONSTANT;0;0;500;200;1;100;200
358;z6428;TVM300;1700;P_CONSTANT;0;0;500;200;1;100;200
359;z4062A;TVM300;2000;P_CONSTANT;10;100;500;200;1;100;200
360;z4063;TVM300;2300;P_CONSTANT;10;100;500;200;1;100;200
361;z4117;TVM300;2300;P_CONSTANT;0;0;500;200;1;100;200
362;z4332G;TVM300;2000;P_CONSTANT;4;100;500;200;1;100;200
363;z3115;TVM300;1700;P_CONSTANT;0;0;500;200;1;100;200
364;z4203E;TVM300;2300;P_CONSTANT;0;0;500;200;1;100;200
365;z1223B;TVM300;1700;P_CONSTANT;4;100;500;200;1;100;200
366;z1722;TVM300;2000;P_CONSTANT;5;100;500;200;1;100;200
367;z1113D;TVM300;1700;P_CONSTANT;10;100;500;200;1;100;200
368;z1140C;UM71;2000;P_CONSTANT;10;100.4;0;0;1;0;0
369;z6603E;TVM300;2300;P_VARIABLE;2;46;500;200;0;100;200
370;z141B;ITE;3;NON;0;0;0;0;1;0;0
371;z7215J;ITE;3;NON;0;0;0;0;0;0;0
372;z36107;ITE;3;NON;0;0;0;0;0;0;0
373;z2220A;TVM300;2000;P_CONSTANT;1;100;500;200;1;100;200
374;z2530;TVM300;2600;P_CONSTANT;4;100;450;200;1;100;200
375;z1091;UM71;1700;P_CONSTANT;13;100;500;0;1;100;200
376;z6102B;TVM300;2600;P_CONSTANT;0;0;450;200;1;100;200
377;z6137A;TVM300;1700;P_CONSTANT;18;100;500;200;1;100;200
378;z6140B;TVM300;2000;P_CONSTANT;18;100;500;200;1;100;200
379;z6141A;TVM300;1700;P_CONSTANT;7;100;500;200;1;100;200
380;z6144B;TVM300;2000;P_CONSTANT;7;100;500;200;1;100;200
381;z1702;TVM300;2000;P_CONSTANT;7;100;500;200;1;100;200
382;z1705E;TVM300;2300;P_CONSTANT;2;100;500;200;1;100;200
383;z4225B;TVM300;1700;P_CONSTANT;5;92.75;500;200;1;100;200
384;z7132B;TVM300;2600;P_CONSTANT;3;100;450;200;1;100;200
385;z6603C;TVM300;2300;P_CONSTANT;3;100;500;200;1;100;200
386;z1412E;TVM300;2000;P_CONSTANT;0;0;500;200;1;100;200
387;z2703B;TVM300;2300;P_CONSTANT;7;100;500;200;1;100;200
388;z4562;UM71;2000;NON;0;0;500;0;1;100;200
389;z1242B;TVM300;2000;P_CONSTANT;3;100;500;200;1;100;200
390;z1486;TVM300;2000;P_CONSTANT;17;100;500;200;1;100;200
391;z1487;TVM300;2300;P_CONSTANT;22;100;500;200;1;100;200
392;z1502;TVM300;2600;P_CONSTANT;20;100;450;200;1;100;200
393;z1503A;TVM300;1700;P_CONSTANT;15;100;500;200;1;100;200
394;z1510C;TVM300;2000;P_CONSTANT;13;100;500;200;1;100;200
395;z1537;TVM300;1700;P_CONSTANT;20;100;500;200;1;100;200
396;z1540A;TVM300;2000;P_CONSTANT;11;100;500;200;1;100;200
397;z1543;TVM300;2300;P_CONSTANT;20;100;500;200;1;100;200
398;z1556A;TVM300;2000;P_CONSTANT;18;100;500;200;1;100;200
399;z1556B;TVM300;2600;P_CONSTANT;7;100;450;200;1;100;200
400;z1557;TVM300;1700;P_CONSTANT;20;100;500;200;1;100;200
401;z1563;TVM300;2300;P_CONSTANT;20;100;500;200;1;100;200
402;z1566A;TVM300;2000;P_CONSTANT;2;100;500;200;1;100;200
403;z1566B;TVM300;2600;P_CONSTANT;19;100;450;200;1;100;200
404;z1567;TVM300;1700;P_CONSTANT;19;100;500;200;1;100;200
405;z1572A;TVM300;2000;P_CONSTANT;8;100;500;200;1;100;200
406;z1572B;TVM300;2600;P_CONSTANT;15;100;450;200;1;100;200
407;z1577;TVM300;2300;P_CONSTANT;20;100;500;200;1;100;200
408;z1582A;TVM300;2000;P_CONSTANT;13;100;500;200;1;100;200
409;z1582B;TVM300;2600;P_CONSTANT;9;100;450;200;1;100;200
410;z1583;TVM300;1700;P_CONSTANT;19;100;500;200;1;100;200
411;z1586;TVM300;2600;P_CONSTANT;20;100;450;200;1;100;200
412;z1593;TVM300;2300;P_CONSTANT;18;100;500;200;1;100;200
413;z1596A;TVM300;2600;P_CONSTANT;19;100;450;200;1;100;200
414;z1596B;TVM300;2000;P_CONSTANT;3;100;500;200;1;100;200
415;z1597;TVM300;1700;P_CONSTANT;19;100;500;200;1;100;200
416;z1602A;TVM300;2600;P_CONSTANT;13;100;450;200;1;100;200
417;z1602B;TVM300;2000;P_CONSTANT;9;100;500;200;1;100;200
418;z1620C;TVM300;2000;P_CONSTANT;18;100;500;200;1;100;200
419;z1640A;TVM300;2000;P_CONSTANT;10;100;500;200;1;100;200
420;z1641;TVM300;2300;P_CONSTANT;19;100;500;200;1;100;200
421;z1643;TVM300;1700;P_CONSTANT;15;100;500;200;1;100;200
422;z1646A;TVM300;2000;P_CONSTANT;8;100;500;200;1;100;200
423;z1646B;TVM300;2600;P_CONSTANT;16;100;450;200;1;100;200
424;z1647A;TVM300;2300;P_CONSTANT;11;100;500;200;1;100;200
425;z1647B;TVM300;1700;P_CONSTANT;16;100;500;200;1;100;200
426;z1652;TVM300;2600;P_CONSTANT;19;100;450;200;1;100;200
427;z1657;TVM300;2300;P_CONSTANT;15;100;500;200;1;100;200
428;z1666;TVM300;2000;P_CONSTANT;21;100;500;200;1;100;200
429;z1673;TVM300;1700;P_CONSTANT;20;100;500;200;1;100;200
430;z1676;TVM300;2600;P_CONSTANT;23;100;450;200;1;100;200
431;z1677A;TVM300;2300;P_CONSTANT;20;100;500;200;1;100;200
432;z1677B;TVM300;1700;P_CONSTANT;7;100;500;200;1;100;200
433;z1680;TVM300;2000;P_CONSTANT;21;100;500;200;1;100;200
434;z1683;TVM300;2300;P_CONSTANT;16;100;500;200;1;100;200
435;z1686;TVM300;2600;P_CONSTANT;21;100;450;200;1;100;200
436;z1689;TVM300;1700;P_CONSTANT;14;100;500;200;1;100;200
437;z1693;TVM300;2300;P_CONSTANT;17;100;500;200;1;100;200
438;z1696A;TVM300;2000;P_CONSTANT;12;100;500;200;1;100;200
439;z1696B;TVM300;2600;P_CONSTANT;14;100;450;200;1;100;200
440;z1696C;TVM300;2000;P_CONSTANT;8;100;500;200;1;100;200
441;z1697;TVM300;1700;P_CONSTANT;19;100;500;200;1;100;200
442;z1704D;TVM300;2600;P_CONSTANT;4;100;450;200;1;100;200
443;z1719;TVM300;2300;P_CONSTANT;22;100;500;200;1;100;200
444;z1746;TVM300;2600;P_CONSTANT;22;100;450;200;1;100;200
445;z1747;TVM300;1700;P_CONSTANT;19;100;500;200;1;100;200
446;z1753;TVM300;2300;P_CONSTANT;17;100;500;200;1;100;200
447;z1756A;TVM300;2600;P_CONSTANT;5;100;450;200;1;100;200
448;z1756B;TVM300;2000;P_CONSTANT;19;100;500;200;1;100;200
449;z1757;TVM300;1700;P_CONSTANT;23;100;500;200;1;100;200
450;z1760;TVM300;2000;P_CONSTANT;20;100;500;200;1;100;200
451;z1763;TVM300;2300;P_CONSTANT;23;100;500;200;1;100;200
452;z1766;TVM300;2600;P_CONSTANT;20;100;450;200;1;100;200
453;z1767A;TVM300;1700;P_CONSTANT;18;100;500;200;1;100;200
454;z1767B;TVM300;2300;P_CONSTANT;4;100;500;200;1;100;200
455;z1776;TVM300;2000;P_CONSTANT;23;100;500;200;1;100;200
456;z1780;TVM300;2600;P_CONSTANT;16;100;450;200;1;100;200
457;z1787A;TVM300;1700;P_CONSTANT;14;100;500;200;1;100;200
458;z1787B;TVM300;2300;P_CONSTANT;16;100;500;200;1;100;200
459;z1790;TVM300;2000;P_CONSTANT;15;100;500;200;1;100;200
460;z1793;TVM300;1700;P_CONSTANT;21;100;500;200;1;100;200
461;z1796;TVM300;2600;P_CONSTANT;14;100;450;200;1;100;200
462;z1802;TVM300;2000;P_CONSTANT;21;100;500;200;1;100;200
463;z1827;TVM300;1700;P_CONSTANT;20;100;500;200;1;100;200
464;z1836A;TVM300;2600;P_CONSTANT;18;100;450;200;1;100;200
465;z1836B;TVM300;2000;P_CONSTANT;10;100;500;200;1;100;200
466;z1843;TVM300;2300;P_CONSTANT;20;100;500;200;1;100;200
467;z1846A;TVM300;2600;P_CONSTANT;21;100;450;200;1;100;200
468;z1846B;TVM300;2000;P_CONSTANT;3;100;500;200;1;100;200
469;z1847A;TVM300;1700;P_CONSTANT;11;100;500;200;1;100;200
470;z1847B;TVM300;2300;P_CONSTANT;13;100;500;200;1;100;200
471;z1862A;TVM300;2600;P_CONSTANT;13;100;450;200;1;100;200
472;z1862B;TVM300;2000;P_CONSTANT;11;100;500;200;1;100;200
473;z1863;TVM300;1700;P_CONSTANT;22;100;500;200;1;100;200
474;z1867;TVM300;2300;P_CONSTANT;17;100;500;200;1;100;200
475;z1870A;TVM300;2600;P_CONSTANT;6;100;450;200;1;100;200
476;z1870B;TVM300;2000;P_CONSTANT;23;100;500;200;1;100;200
477;z1876A;TVM300;2600;P_CONSTANT;10;100;450;200;1;100;200
478;z1876B;TVM300;2000;P_CONSTANT;14;100;500;200;1;100;200
479;z1886A;TVM300;2600;P_CONSTANT;11;100;450;200;1;100;200
480;z1886B;TVM300;2000;P_CONSTANT;13;100;500;200;1;100;200
481;z1893;TVM300;1700;P_CONSTANT;18;100;500;200;1;100;200
482;z1916C;TVM300;2600;P_CONSTANT;9;100;450;200;1;100;200
483;z1916D;TVM300;2000;P_CONSTANT;11;100;500;200;1;100;200
484;z1927D;TVM300;1700;P_CONSTANT;10;100;500;200;1;100;200
485;z1937;TVM300;2300;P_CONSTANT;19;100;500;200;1;100;200
486;z1942A;TVM300;2000;P_CONSTANT;19;100;500;200;1;100;200
487;z1942B;TVM300;2600;P_CONSTANT;10;100;450;200;1;100;200
488;z1943A;TVM300;1700;P_CONSTANT;17;100;500;200;1;100;200
489;z1943B;TVM300;2300;P_CONSTANT;15;100;500;200;1;100;200
490;z1946;TVM300;2600;P_CONSTANT;17;100;450;200;1;100;200
491;z1957A;TVM300;1700;P_CONSTANT;10;100;500;200;1;100;200
492;z1957B;TVM300;2300;P_CONSTANT;7;100;500;200;1;100;200
493;z1958A;TVM300;2600;P_CONSTANT;10;100;450;200;1;100;200
494;z1958B;TVM300;2000;P_CONSTANT;15;100;500;200;1;100;200
495;z1963;TVM300;1700;P_CONSTANT;22;100;500;200;1;100;200
496;z1966A;TVM300;2600;P_CONSTANT;22;100;450;200;1;100;200
497;z1966B;TVM300;2000;P_CONSTANT;7;100;500;200;1;100;200
498;z1967;TVM300;2300;P_CONSTANT;21;100;500;200;1;100;200
499;z1973A;TVM300;1700;P_CONSTANT;6;100;500;200;1;100;200
500;z1973B;TVM300;2300;P_CONSTANT;19;100;500;200;1;100;200
501;z1976A;TVM300;2600;P_CONSTANT;6;100;450;200;1;100;200
502;z1976B;TVM300;2000;P_CONSTANT;21;100;500;200;1;100;200
503;z1982;TVM300;2000;P_CONSTANT;19;100;500;200;1;100;200
504;z1983A;TVM300;1700;P_CONSTANT;14;100;500;200;1;100;200
505;z1983B;TVM300;2300;P_CONSTANT;19;100;500;200;1;100;200
506;z1990;TVM300;2600;P_CONSTANT;17;100;450;200;1;100;200
507;z1993;TVM300;1700;P_CONSTANT;21;100;500;200;1;100;200
508;z2002A;TVM300;2600;P_CONSTANT;11;100;450;200;1;100;200
509;z2002B;TVM300;2000;P_CONSTANT;15;100;500;200;1;100;200
510;z2017A;TVM300;1700;P_CONSTANT;19;100;500;200;1;100;200
511;z2017B;TVM300;2300;P_CONSTANT;10;100;500;200;1;100;200
512;z2026;TVM300;2600;P_CONSTANT;19;100;450;200;1;100;200
513;z2029A;TVM300;1700;P_CONSTANT;10;100;500;200;1;100;200
514;z2029B;TVM300;2300;P_CONSTANT;13;100;500;200;1;100;200
515;z2036;TVM300;2000;P_CONSTANT;21;100;500;200;1;100;200
516;z2039A;TVM300;1700;P_CONSTANT;6;100;500;200;1;100;200
517;z2039B;TVM300;2300;P_CONSTANT;21;100;500;200;1;100;200
518;z2040;TVM300;2600;P_CONSTANT;20;100;450;200;1;100;200
519;z2046;TVM300;2000;P_CONSTANT;21;100;500;200;1;100;200
520;z2047;TVM300;1700;P_CONSTANT;23;100;500;200;1;100;200
521;z2052;TVM300;2600;P_CONSTANT;23;100;450;200;1;100;200
522;z2053;TVM300;2300;P_CONSTANT;19;100;500;200;1;100;200
523;z2057A;TVM300;1700;P_CONSTANT;7;100;500;200;1;100;200
524;z2057B;TVM300;2300;P_CONSTANT;19;100;500;200;1;100;200
525;z2060A;TVM300;2600;P_CONSTANT;7;100;450;200;1;100;200
526;z2060B;TVM300;2000;P_CONSTANT;19;100;500;200;1;100;200
527;z2066;TVM300;2000;P_CONSTANT;19;100;500;200;1;100;200
528;z2067;TVM300;1700;P_CONSTANT;21;100;500;200;1;100;200
529;z2076;TVM300;2600;P_CONSTANT;21;100;450;200;1;100;200
530;z2077;TVM300;2300;P_CONSTANT;19;100;500;200;1;100;200
531;z2106B;TVM300;2000;P_CONSTANT;19;100;500;200;1;100;200
532;z2117;TVM300;1700;P_CONSTANT;22;100;500;200;1;100;200
533;z2120A;TVM300;2600;P_CONSTANT;8;100;450;200;1;100;200
534;z2123;TVM300;2300;P_CONSTANT;20;100;500;200;1;100;200
535;z2126;TVM300;2000;P_CONSTANT;20;100;500;200;1;100;200
536;z2127;TVM300;1700;P_CONSTANT;16;100;500;200;1;100;200
537;z2136C;TVM300;2000;P_CONSTANT;14;100;500;200;1;100;200
538;z2136D;TVM300;2600;P_CONSTANT;14;100;450;200;1;100;200
539;z2139A;TVM300;1700;P_CONSTANT;8;100;500;200;1;100;200
540;z2139B;TVM300;2300;P_CONSTANT;14;100;500;200;1;100;200
541;z2140;TVM300;2600;P_CONSTANT;15;100;450;200;1;100;200
542;z2147;TVM300;1700;P_CONSTANT;16;100;500;200;1;100;200
543;z2150A;TVM300;2600;P_CONSTANT;13;100;450;200;1;100;200
544;z2150B;TVM300;2000;P_CONSTANT;14;100;500;200;1;100;200
545;z2153A;TVM300;2300;P_CONSTANT;13;100;500;200;1;100;200
546;z2153B;TVM300;1700;P_CONSTANT;20;100;500;200;1;100;200
547;z2156;TVM300;2000;P_CONSTANT;17;100;500;200;1;100;200
548;z2166;TVM300;2600;P_CONSTANT;20;100;450;200;1;100;200
549;z2167A;TVM300;2300;P_CONSTANT;15;100;500;200;1;100;200
550;z2167B;TVM300;1700;P_CONSTANT;10;100;500;200;1;100;200
551;z2176;TVM300;2000;P_CONSTANT;15;100;500;200;1;100;200
552;z2179;TVM300;2300;P_CONSTANT;21;100;500;200;1;100;200
553;z2180A;TVM300;2000;P_CONSTANT;14;100;500;200;1;100;200
554;z2180B;TVM300;2600;P_CONSTANT;10;100;450;200;1;100;200
555;z2202;TVM300;2600;P_CONSTANT;17;100;450;200;1;100;200
556;z2203A;TVM300;1700;P_CONSTANT;19;100;500;200;1;100;200
557;z2206;TVM300;2000;P_CONSTANT;13;100;500;200;1;100;200
558;z2243B;TVM300;1700;P_CONSTANT;15;100;500;200;1;100;200
559;z2247C;TVM300;2300;P_CONSTANT;12;100;500;200;1;100;200
560;z2250B;TVM300;2600;P_CONSTANT;15;100;450;200;1;100;200
561;z2259B;TVM300;1700;P_CONSTANT;18;100;500;200;1;100;200
562;z2259C;TVM300;2300;P_CONSTANT;4;100;500;200;1;100;200
563;z2260;TVM300;2600;P_CONSTANT;12;100;450;200;1;100;200
564;z2266;TVM300;2000;P_CONSTANT;18;100;500;200;1;100;200
565;z2273A;TVM300;1700;P_CONSTANT;18;100;500;200;1;100;200
566;z2273B;TVM300;2300;P_CONSTANT;1;100;500;200;1;100;200
567;z2276;TVM300;2600;P_CONSTANT;22;100;450;200;1;100;200
568;z2277A;TVM300;1700;P_CONSTANT;14;100;500;200;1;100;200
569;z2277B;TVM300;2300;P_CONSTANT;10;100;500;200;1;100;200
570;z2280;TVM300;2000;P_CONSTANT;16;100;500;200;1;100;200
571;z2287;TVM300;1700;P_CONSTANT;17;100;500;200;1;100;200
572;z2293;TVM300;2300;P_CONSTANT;12;100;500;200;1;100;200
573;z2296A;TVM300;2000;P_CONSTANT;17;100;500;200;1;100;200
574;z2296B;TVM300;2600;P_CONSTANT;10;100;450;200;1;100;200
575;z2297;TVM300;1700;P_CONSTANT;14;100;500;200;1;100;200
576;z2320C;TVM300;2000;P_CONSTANT;7;100;500;200;1;100;200
577;z2320D;TVM300;2600;P_CONSTANT;19;100;450;200;1;100;200
578;z2340;TVM300;2600;P_CONSTANT;13;100;450;200;1;100;200
579;z2341B;TVM300;2300;P_CONSTANT;14;100;500;200;1;100;200
580;z2346;TVM300;2000;P_CONSTANT;17;100;500;200;1;100;200
581;z2347;TVM300;1700;P_CONSTANT;23;100;500;200;1;100;200
582;z2350;TVM300;2600;P_CONSTANT;17;100;450;200;1;100;200
583;z2357;TVM300;2300;P_CONSTANT;19;100;500;200;1;100;200
584;z2358A;TVM300;2600;P_CONSTANT;8;100;450;200;1;100;200
585;z2358B;TVM300;2000;P_CONSTANT;15;100;500;200;1;100;200
586;z2366A;TVM300;2600;P_CONSTANT;13;100;450;200;1;100;200
587;z2366B;TVM300;2000;P_CONSTANT;9;100;500;200;1;100;200
588;z2369;TVM300;1700;P_CONSTANT;19;100;500;200;1;100;200
589;z2376A;TVM300;2600;P_CONSTANT;19;100;450;200;1;100;200
590;z2376B;TVM300;2000;P_CONSTANT;6;100;500;200;1;100;200
591;z2377A;TVM300;2300;P_CONSTANT;14;100;500;200;1;100;200
592;z2377B;TVM300;1700;P_CONSTANT;11;100;500;200;1;100;200
593;z2380;TVM300;2000;P_CONSTANT;19;100;500;200;1;100;200
594;z2402;TVM300;2600;P_CONSTANT;21;100;450;200;1;100;200
595;z2420C;TVM300;2000;P_CONSTANT;12;100;500;200;1;100;200
596;z2426A;TVM300;2000;P_CONSTANT;11;100;500;200;1;100;200
597;z2426B;TVM300;2600;P_CONSTANT;9;100;450;200;1;100;200
598;z2427;TVM300;2300;P_CONSTANT;23;100;500;200;1;100;200
599;z2433;TVM300;1700;P_CONSTANT;19;100;500;200;1;100;200
600;z2443A;TVM300;2300;P_CONSTANT;8;100;500;200;1;100;200
601;z2443B;TVM300;1700;P_CONSTANT;16;100;500;200;1;100;200
602;z2446E;TVM300;2000;P_CONSTANT;12;100;500;200;1;100;200
603;z2446F;TVM300;2600;P_CONSTANT;12;100;450;200;1;100;200
604;z2453A;TVM300;2300;P_CONSTANT;12;100;500;200;1;100;200
605;z2453B;TVM300;1700;P_CONSTANT;18;100;500;200;1;100;200
606;z2456;TVM300;2000;P_CONSTANT;12;100;500;200;1;100;200
607;z2462;TVM300;2600;P_CONSTANT;15;100;450;200;1;100;200
608;z2463A;TVM300;2300;P_CONSTANT;13;100;500;200;1;100;200
609;z2463B;TVM300;1700;P_CONSTANT;11;100;500;200;1;100;200
610;z2466;TVM300;2000;P_CONSTANT;17;100;500;200;1;100;200
611;z2473;TVM300;2300;P_CONSTANT;23;100;500;200;1;100;200
612;z2476A;TVM300;2000;P_CONSTANT;13;100;500;200;1;100;200
613;z2476B;TVM300;2600;P_CONSTANT;8;100;450;200;1;100;200
614;z2503A;TVM300;1700;P_CONSTANT;9;100;500;200;1;100;200
615;z2508B;TVM300;2600;P_CONSTANT;12;100;450;200;1;100;200
616;z2563;TVM300;1700;P_CONSTANT;17;100;500;200;1;100;200
617;z2570A;TVM300;2600;P_CONSTANT;6;100;450;200;1;100;200
618;z2573B;TVM300;1700;P_CONSTANT;16;100;500;200;1;100;200
619;z2603;TVM300;2300;P_CONSTANT;20;100;500;200;1;100;200
620;z2604A;TVM300;2600;P_CONSTANT;19;100;450;200;1;100;200
621;z2605;TVM300;1700;P_CONSTANT;18;100;500;200;1;100;200
622;z2608;TVM300;2000;P_CONSTANT;21;100;500;200;1;100;200
623;z2613;TVM300;2300;P_CONSTANT;21;100;500;200;1;100;200
624;z2616;TVM300;2600;P_CONSTANT;21;100;450;200;1;100;200
625;z2617;TVM300;1700;P_CONSTANT;19;100;500;200;1;100;200
626;z2623A;TVM300;2300;P_CONSTANT;7;100;500;200;1;100;200
627;z2623B;TVM300;1700;P_CONSTANT;19;100;500;200;1;100;200
628;z2624;TVM300;2000;P_CONSTANT;20;100;500;200;1;100;200
629;z2628;TVM300;2600;P_CONSTANT;19;100;450;200;1;100;200
630;z2629;TVM300;2300;P_CONSTANT;21;100;500;200;1;100;200
631;z2633;TVM300;1700;P_CONSTANT;21;100;500;200;1;100;200
632;z2636A;TVM300;2600;P_CONSTANT;7;100;450;200;1;100;200
633;z2636B;TVM300;2000;P_CONSTANT;21;100;500;200;1;100;200
634;z2637A;TVM300;2300;P_CONSTANT;8;100;500;200;1;100;200
635;z2637B;TVM300;1700;P_CONSTANT;16;100;500;200;1;100;200
636;z2644A;TVM300;2600;P_CONSTANT;8;100;450;200;1;100;200
637;z2644B;TVM300;2000;P_CONSTANT;13;100;500;200;1;100;200
638;z2647;TVM300;2300;P_CONSTANT;22;100;500;200;1;100;200
639;z2652;TVM300;2000;P_CONSTANT;20;100;500;200;1;100;200
640;z2703C;TVM300;1700;P_CONSTANT;8;100;500;200;1;100;200
641;z2706B;TVM300;2600;P_CONSTANT;18;100;450;200;1;100;200
642;z2717A;TVM300;2300;P_CONSTANT;6;100;500;200;1;100;200
643;z2717B;TVM300;1700;P_CONSTANT;16;100;500;200;1;100;200
644;z2720A;TVM300;2000;P_CONSTANT;15;100;500;200;1;100;200
645;z2727;TVM300;2300;P_CONSTANT;19;100;500;200;1;100;200
646;z2732A;TVM300;2000;P_CONSTANT;7;100;500;200;1;100;200
647;z2732B;TVM300;2600;P_CONSTANT;16;100;450;200;1;100;200
648;z2737A;TVM300;1700;P_CONSTANT;8;100;500;200;1;100;200
649;z2737B;TVM300;2300;P_CONSTANT;15;100;500;200;1;100;200
650;z2740;TVM300;2600;P_CONSTANT;20;100;450;200;1;100;200
651;z2743;TVM300;1700;P_CONSTANT;18;100;500;200;1;100;200
652;z2746;TVM300;2000;P_CONSTANT;20;100;500;200;1;100;200
653;z2753;TVM300;2300;P_CONSTANT;24;100;500;200;1;100;200
654;z2756A;TVM300;2000;P_CONSTANT;5;100;500;200;1;100;200
655;z2756B;TVM300;2600;P_CONSTANT;19;100;450;200;1;100;200
656;z2761;TVM300;1700;P_CONSTANT;19;100;500;200;1;100;200
657;z2764;TVM300;2600;P_CONSTANT;18;100;450;200;1;100;200
658;z2765A;TVM300;2300;P_CONSTANT;4;100;500;200;1;100;200
659;z2765B;TVM300;1700;P_CONSTANT;19;100;500;200;1;100;200
660;z2768A;TVM300;2600;P_CONSTANT;6;100;450;200;1;100;200
661;z2768B;TVM300;2000;P_CONSTANT;18;100;500;200;1;100;200
662;z2774;TVM300;2000;P_CONSTANT;17;100;500;200;1;100;200
663;z4003;TVM300;2300;P_CONSTANT;19;100;500;200;1;100;200
664;z4010B;TVM300;2600;P_CONSTANT;20;100;450;200;1;100;200
665;z4023B;TVM300;1700;P_CONSTANT;12;100;500;200;1;100;200
666;z4035;TVM300;2300;P_CONSTANT;19;100;500;200;1;100;200
667;z4068A;TVM300;2600;P_CONSTANT;13;100;450;200;1;100;200
668;z4069;TVM300;1700;P_CONSTANT;21;100;500;200;1;100;200
669;z4102A;TVM300;2600;P_CONSTANT;21;100;450;200;1;100;200
670;z4102B;TVM300;2000;P_CONSTANT;5;100;500;200;1;100;200
671;z4133;TVM300;2300;P_CONSTANT;16;100;500;200;1;100;200
672;z4135A;TVM300;1700;P_CONSTANT;16;100;500;200;1;100;200
673;z4135B;TVM300;2300;P_CONSTANT;6;100;500;200;1;100;200
674;z4135C;TVM300;1700;P_CONSTANT;12;100;500;200;1;100;200
675;z4138;TVM300;2000;P_CONSTANT;24;100;500;200;1;100;200
676;z4142;TVM300;2600;P_CONSTANT;15;100;450;200;1;100;200
677;z4143;TVM300;2300;P_CONSTANT;23;100;500;200;1;100;200
678;z4146;TVM300;2000;P_CONSTANT;15;100;500;200;1;100;200
679;z4148;TVM300;2600;P_CONSTANT;19;100;450;200;1;100;200
680;z4149;TVM300;1700;P_CONSTANT;19;100;500;200;1;100;200
681;z4151;TVM300;2300;P_CONSTANT;19;100;500;200;1;100;200
682;z4154;TVM300;2000;P_CONSTANT;21;100;500;200;1;100;200
683;z4155;TVM300;1700;P_CONSTANT;19;100;500;200;1;100;200
684;z4158;TVM300;2600;P_CONSTANT;25;100;450;200;1;100;200
685;z4159;TVM300;2300;P_CONSTANT;25;100;500;200;1;100;200
686;z4168;TVM300;2000;P_CONSTANT;24;100;500;200;1;100;200
687;z4169;TVM300;1700;P_CONSTANT;19;100;500;200;1;100;200
688;z4302A;TVM300;2000;P_CONSTANT;13;100;500;200;1;100;200
689;z4302B;TVM300;2600;P_CONSTANT;13;100;450;200;1;100;200
690;z4333;TVM300;2300;P_CONSTANT;18;100;500;200;1;100;200
691;z4335;TVM300;1700;P_CONSTANT;16;100;500;200;1;100;200
692;z4338;TVM300;2000;P_CONSTANT;24;100;500;200;1;100;200
693;z4402;TVM300;2600;P_CONSTANT;24;100;450;200;1;100;200
694;z4435A;TVM300;1700;P_CONSTANT;10;100;500;200;1;100;200
695;z4438B;TVM300;2000;P_CONSTANT;20;100;500;200;1;100;200
696;z6603D;TVM300;1700;P_CONSTANT;16;100;500;200;1;100;200
697;z6606;TVM300;2600;P_CONSTANT;20;100;450;200;1;100;200
698;z6633;TVM300;2300;P_CONSTANT;20;100;500;200;1;100;200
699;z6636A;TVM300;2000;P_CONSTANT;8;100;500;200;1;100;200
700;z6637;TVM300;1700;P_CONSTANT;21;100;500;200;1;100;200
701;z6668A;TVM300;2000;P_CONSTANT;10;100;500;200;1;100;200
702;z6668B;TVM300;2600;P_CONSTANT;12;100;450;200;1;100;200
703;z6669;TVM300;2300;P_CONSTANT;21;100;500;200;1;100;200
704;z6102A;TVM300;2000;P_CONSTANT;15;100;500;200;1;100;200
705;z6141B;TVM300;2300;P_CONSTANT;14;100;500;200;1;100;200
706;z6144A;TVM300;2600;P_CONSTANT;14;100;450;200;1;100;200
707;z6145;TVM300;1700;P_CONSTANT;21;100;500;200;1;100;200
708;z6148;TVM300;2000;P_CONSTANT;19;100;500;200;1;100;200
709;z6149;TVM300;2300;P_CONSTANT;19;100;500;200;1;100;200
710;z6168;TVM300;2600;P_CONSTANT;21;100;450;200;1;100;200
711;z6169;TVM300;1700;P_CONSTANT;20;100;500;200;1;100;200
712;z6302;TVM300;2000;P_CONSTANT;20;100;500;200;1;100;200
713;z6333A;TVM300;1700;P_CONSTANT;12;100;500;200;1;100;200
714;z6333B;TVM300;2300;P_CONSTANT;14;100;500;200;1;100;200
715;z6402A;TVM300;2000;P_CONSTANT;14;100;500;200;1;100;200
716;z6402B;TVM300;2600;P_CONSTANT;12;100;450;200;1;100;200
717;z6437B;TVM300;1700;P_CONSTANT;13;100;500;200;1;100;200
718;z6440A;TVM300;2600;P_CONSTANT;13;100;450;200;1;100;200
719;z6441;TVM300;2300;P_CONSTANT;20;100;500;200;1;100;200
720;z6468;TVM300;2000;P_CONSTANT;20;100;500;200;1;100;200
721;z6469;TVM300;1700;P_CONSTANT;21;100;500;200;1;100;200
722;z6602;TVM300;2600;P_CONSTANT;21;100;450;200;1;100;200
723;z6406A;TVM300;1700;P_CONSTANT;9;100;500;200;1;100;200
724;z6406B;TVM300;2300;P_CONSTANT;14;100;500;200;1;100;200
725;z7106;TVM300;2000;P_CONSTANT;20;100;500;200;1;100;200
726;z7132E;TVM300;2600;P_CONSTANT;3;100;450;200;1;100;200
727;z4058;TVM300;2000;P_CONSTANT;18;100;500;200;1;100;200
728;z1705F;TVM300;1700;P_CONSTANT;15;100;500;200;1;100;200
729;z1726;TVM300;2600;P_CONSTANT;21;100;450;200;1;100;200
730;z1727A;TVM300;2300;P_CONSTANT;12;100;500;200;1;100;200
731;z1727B;TVM300;1700;P_CONSTANT;13;100;500;200;1;100;200
732;z1732A;TVM300;2600;P_CONSTANT;13;100;450;200;1;100;200
733;z1732B;TVM300;2000;P_CONSTANT;12;100;500;200;1;100;200
734;z1733;TVM300;2300;P_CONSTANT;18;100;500;200;1;100;200
735;z3003C;TVM300;1700;P_CONSTANT;20;100;500;200;1;100;200
736;z3020A;TVM300;2000;P_CONSTANT;21;100;500;200;1;100;200
737;z3020C;TVM300;2000;P_CONSTANT;18;100;500;200;1;100;200
738;z3021A;TVM300;2300;P_CONSTANT;21;100;500;200;1;100;200
739;z3021B;TVM300;1700;P_CONSTANT;19;100;500;200;1;100;200
740;z3030;TVM300;2600;P_CONSTANT;21;100;450;200;1;100;200
741;z3036;TVM300;2000;P_CONSTANT;19;100;500;200;1;100;200
742;z1140B;UM71;2600;NON;0;0;500;0;1;100;200
743;z1113E;TVM300;2300;P_CONSTANT;1;100;500;200;1;100;200
744;z6303F;TVM300;2300;P_CONSTANT;1;0;500;200;1;100;200
745;z6342B;TVM300;2000;P_CONSTANT;1;100;500;200;1;100;200
746;z1703E;TVM300;1700;P_CONSTANT;6;100;500;200;1;100;200
747;z1020D;TVM300;2600;P_CONSTANT;2;100;450;200;1;100;200
748;z1202B;TVM300;2600;P_CONSTANT;1;100;450;200;1;100;200
749;z1213F;TVM300;1700;P_CONSTANT;1;100;500;200;1;100;200
750;z1530A;TVM300;2000;P_CONSTANT;3;100;500;200;1;100;200
751;z1603F;TVM300;2300;P_CONSTANT;1;100;500;200;1;100;200
752;z2209F;TVM300;2300;P_CONSTANT;4;100;500;200;1;100;200
753;z2219;TVM300;2300;P_CONSTANT;1;100;500;200;1;100;200
754;z2513J;TVM300;1700;P_CONSTANT;2;100;500;200;1;100;200
755;z2516;TVM300;2600;P_CONSTANT;3;100;450;200;1;100;200
756;z2559D;TVM300;2300;P_CONSTANT;3;100;500;200;1;100;200
757;z2570C;TVM300;2600;P_CONSTANT;3;100;450;200;1;100;200
758;z4303G;TVM300;1700;P_CONSTANT;3;100;500;200;1;100;200
759;z4310B;TVM300;2600;P_CONSTANT;0;0;450;200;1;100;200
760;z4332N;TVM300;2600;P_CONSTANT;2;100;450;200;1;100;200
761;z4403E;TVM300;2300;P_CONSTANT;7;100;500;200;1;100;200
762;z4430;TVM300;2000;P_CONSTANT;5;100;500;200;1;100;200
763;z4007D;TVM300;1700;P_CONSTANT;8;100;500;200;1;100;200
764;z4052B;TVM300;2000;P_CONSTANT;9;100;500;200;1;100;200
765;z1416D;TVM300;2600;P_CONSTANT;3;100;450;200;1;100;200
766;z1510B;TVM300;2600;P_CONSTANT;3;100;450;200;1;100;200
767;z1427B;TVM300;1700;P_CONSTANT;3;100;500;200;1;100;200
768;z2103C;TVM300;1700;P_CONSTANT;3;100;500;200;1;100;200
769;z3132B;TVM300;2000;P_CONSTANT;2;100;500;200;1;100;200
770;z2403C;TVM300;2300;P_CONSTANT;5;100;500;200;1;100;200
771;z1203B;TVM300;2300;P_CONSTANT;7;97.78;500;200;1;100;200
772;z1820C;TVM300;2600;P_CONSTANT;4;100;450;200;1;100;200
773;z1720B;TVM300;2600;P_CONSTANT;3;100;450;200;1;100;200
774;z1020C;TVM300;2000;P_CONSTANT;2;100;500;200;1;100;200
775;z1412C;TVM300;2600;P_CONSTANT;3;100;450;200;1;100;200
776;z2535B;TVM300;2300;P_CONSTANT;2;100;500;200;1;100;200
777;z2120C;TVM300;2600;P_CONSTANT;6;100;450;200;1;100;200
778;z1430C;TVM300;2600;P_CONSTANT;4;100;450;200;1;100;200
779;z4325B;TVM300;1700;P_CONSTANT;6;100;500;200;1;100;200
780;z1403B;TVM300;2300;P_CONSTANT;4;114.5;500;200;1;100;200
781;z1803B;TVM300;1700;P_CONSTANT;8;100;500;200;1;100;200
782;z3232B;TVM300;2600;P_CONSTANT;3;100;450;200;1;100;200
783;z2242B;TVM300;2600;P_CONSTANT;2;132;450;200;1;100;200
784;z3103B;TVM300;1700;P_CONSTANT;3;121.5;500;200;1;100;200
785;z1603B;TVM300;1700;P_CONSTANT;4;100;500;200;1;100;200
786;z1912A;TVM300;2600;P_CONSTANT;0;0;450;200;1;100;200
787;z1232B;TVM300;2600;P_CONSTANT;3;100;450;200;1;100;200
788;z2103B;TVM300;2300;P_CONSTANT;5;100;500;200;1;100;200
789;z6414B;TVM300;2000;P_CONSTANT;4;100;500;200;1;100;200
790;z2003B;TVM300;1700;P_CONSTANT;5;100;500;200;1;100;200
791;z1412;TVM300;2600;P_CONSTANT;0;0;450;200;1;100;200
792;z1703D;TVM300;2300;P_CONSTANT;5;100;500;200;1;100;200
793;z1603E;TVM300;2300;P_CONSTANT;0;0;500;200;1;100;200
794;z4132B;TVM300;2000;P_CONSTANT;3;100;500;200;1;100;200
795;z4532D;TVM300;2600;P_CONSTANT;3;100;450;200;1;100;200
796;z4325C;TVM300;2300;P_CONSTANT;3;100;500;200;1;100;200
797;z1403E;TVM300;1700;P_CONSTANT;0;0;500;200;1;100;200
798;z1720C;TVM300;2000;P_CONSTANT;3;100;500;200;1;100;200
799;z4312B;TVM300;2000;P_CONSTANT;0;0;500;200;1;100;200
800;z2554D;TVM300;2600;P_CONSTANT;4;100;450;200;1;100;200
801;z4232C;TVM300;2600;P_CONSTANT;2;100;450;200;1;100;200
802;z2554B;TVM300;2000;P_CONSTANT;4;100;500;200;1;100;200
803;z2242D;TVM300;2600;P_CONSTANT;2;100;450;200;1;100;200
804;z6423C;TVM300;2300;P_CONSTANT;6;100;500;200;1;100;200
805;z6303C;TVM300;2300;P_CONSTANT;6;100;500;200;1;100;200
806;z3203B;TVM300;2300;P_CONSTANT;7;100;500;200;1;100;200
807;z4203B;TVM300;1700;P_CONSTANT;5;100;500;200;1;100;200
808;z1632B;TVM300;2000;P_CONSTANT;2;100;500;200;1;100;200
809;z1533B;TVM300;1700;P_CONSTANT;3;100;500;200;1;100;200
810;z1623B;TVM300;2300;P_CONSTANT;1;100;500;200;1;100;200
811;z1432B;TVM300;2000;P_CONSTANT;2;100;500;200;1;100;200
812;z4332B;TVM300;2000;P_CONSTANT;6;100;500;200;1;100;200
813;z1532B;TVM300;2000;P_CONSTANT;3;100;500;200;1;100;200
814;z6432B;TVM300;2000;P_CONSTANT;3;100;500;200;1;100;200
815;z1332B;TVM300;2600;P_CONSTANT;3;100;450;200;1;100;200
816;z4432F;TVM300;2000;P_CONSTANT;0;0;500;200;1;100;200
817;z7103B;TVM300;1700;P_CONSTANT;3;100;500;200;1;100;200
818;z6332B;TVM300;2600;P_CONSTANT;8;100;450;200;1;100;200
819;z6403B;TVM300;2300;P_CONSTANT;5;100;500;200;1;100;200
820;z4210;TVM300;2000;P_CONSTANT;0;0;500;200;1;100;200
821;z1513D;TVM300;2300;P_CONSTANT;2;100;500;200;1;100;200
822;z1503B;TVM300;1700;P_CONSTANT;7;97.95;500;200;1;100;200
823;z1727B;TVM300;1700;P_CONSTANT;7;98;500;200;1;100;200
824;z4103B;TVM300;1700;P_CONSTANT;0;0;500;200;1;100;200
825;z2203C;TVM300;1700;P_CONSTANT;3;100;500;200;1;100;200
826;z2303B;TVM300;1700;P_CONSTANT;8;100;500;200;1;100;200
827;z2020D;TVM300;2600;P_CONSTANT;3;100;450;200;1;100;200
828;z1927B;TVM300;1700;P_CONSTANT;2;100;500;200;1;100;200
829;z2535E;TVM300;1700;P_CONSTANT;2;100;500;200;1;100;200
830;z1603B;TVM300;1700;P_CONSTANT;4;114.3;500;200;1;100;200
831;z1705C;TVM300;2300;P_CONSTANT;6;100;500;200;1;100;200
832;z1425B;TVM300;2300;P_CONSTANT;4;113.5;500;200;1;100;200
833;z1930B;TVM300;2600;P_CONSTANT;5;100;450;200;1;100;200
834;z3103E;TVM300;2300;P_CONSTANT;0;0;500;200;1;100;200
835;z6632B;TVM300;2000;P_CONSTANT;2;100;500;200;1;100;200
836;z1732B;TVM300;2000;P_CONSTANT;3;100;500;200;1;100;200
837;z4332C;TVM300;2600;P_CONSTANT;3;100;450;200;1;100;200
838;z4432B;TVM300;2600;P_CONSTANT;3;100;450;200;1;100;200
839;z1213B;TVM300;2300;P_CONSTANT;5;100;500;200;1;100;200
840;z3125B;TVM300;1700;P_CONSTANT;4;115;500;200;1;100;200
841;z4503B;TVM300;2300;P_CONSTANT;7;98;500;200;1;100;200
842;z2225B;TVM300;2300;P_CONSTANT;2;100;500;200;1;100;200
843;z4132B;TVM300;2000;P_CONSTANT;3;100;500;200;1;100;200
844;z1625B;TVM300;1700;P_CONSTANT;4;114.3;500;200;1;100;200
845;z2513B;TVM300;1700;P_CONSTANT;3;100;500;200;1;100;200
846;z1120B;TVM300;2000;P_CONSTANT;4;100;500;200;1;100;200
847;z1320B;TVM300;2000;P_CONSTANT;4;100;500;200;1;100;200
848;z4403B;TVM300;1700;P_CONSTANT;7;100;500;200;1;100;200
849;z2554E;TVM300;2000;P_CONSTANT;4;100;500;200;1;100;200
850;z4427B;TVM300;1700;P_CONSTANT;3;100;500;200;1;100;200
851;z1719;TVM300;1700;P_CONSTANT;1;100;500;200;1;100;200
852;z4533C;TVM300;2300;P_CONSTANT;14;100;500;200;1;100;200
853;z1530G;TVM300;2000;P_CONSTANT;5;100;500;200;1;100;200
854;z1912B;TVM300;2000;P_CONSTANT;1;100;500;200;1;100;200
855;z2109;TVM300;1700;P_CONSTANT;1;100;500;200;1;100;200
856;z2209E;TVM300;1700;P_CONSTANT;2;100;500;200;1;100;200
857;z2232;TVM300;2000;P_CONSTANT;2;100;500;200;1;100;200
858;z2319A;TVM300;2300;P_CONSTANT;0;0;500;200;1;100;200
859;z2319B;TVM300;1700;P_CONSTANT;1;100;500;200;1;100;200
860;z2321;TVM300;1700;P_CONSTANT;5;100;500;200;1;100;200
861;z2513H;TVM300;2300;P_CONSTANT;4;100;500;200;1;100;200
862;z1303B;TVM300;1700;P_CONSTANT;8;100;500;200;1;100;200
863;z4103B;TVM300;1700;P_CONSTANT;7;98.13;500;200;1;100;200
864;z1640B;TVM300;2600;P_CONSTANT;3;100;450;200;1;100;200
865;z4232B;TVM300;2000;P_CONSTANT;3;100;500;200;1;100;200
866;z3003B;TVM300;2300;P_CONSTANT;1;100;500;200;1;100;200
867;z1103B;TVM300;2300;P_CONSTANT;7;100;500;200;1;100;200
868;z2720B;TVM300;2600;P_CONSTANT;4;100;450;200;1;100;200
869;z1303B;TVM300;2300;P_CONSTANT;7;100;500;200;1;100;200
870;z7103C;TVM300;2300;P_CONSTANT;9;100;500;200;1;100;200
871;z7132C;TVM300;2000;P_CONSTANT;5;100;500;200;1;100;200
872;z7133A;TVM300;1700;P_CONSTANT;3;100;500;200;1;100;200
873;z7133B;TVM300;2300;P_CONSTANT;3;100;500;200;1;100;200
874;z7133C;TVM300;1700;P_CONSTANT;10;100;500;200;1;100;200
875;z7168B;TVM300;2600;P_CONSTANT;10;100;450;200;1;100;200
876;z7168C;TVM300;2000;P_CONSTANT;3;100;500;200;1;100;200
877;z1732C;TVM300;2600;P_CONSTANT;3;100;450;200;1;100;200
878;z3103D;TVM300;1700;P_CONSTANT;3;100;500;200;1;100;200
879;z3103F;TVM300;1700;P_CONSTANT;6;100;500;200;1;100;200
880;z3112A;TVM300;2600;P_CONSTANT;3;100;450;200;1;100;200
881;z3112B;TVM300;2000;P_CONSTANT;2;100;500;200;1;100;200
882;z3132C;TVM300;2600;P_CONSTANT;3;100;450;200;1;100;200
883;z3132D;TVM300;2000;P_CONSTANT;3;100;500;200;1;100;200
884;z3232C;TVM300;2000;P_CONSTANT;3;100;500;200;1;100;200
885;z36109;ITE;3;NON;0;0;0;0;0;0;0
886;z36106;ITE;3;NON;0;0;0;0;0;0;0
887;z1232C;TVM300;2000;P_CONSTANT;3;100;500;200;1;100;200
888;z1332C;TVM300;2000;P_CONSTANT;3;100;500;200;1;100;200
889;z1403D;TVM300;2300;P_CONSTANT;3;100;500;200;1;100;200
890;z1403F;TVM300;2300;P_CONSTANT;6;100;500;200;1;100;200
891;z1412A;TVM300;2600;P_CONSTANT;3;100;450;200;1;100;200
892;z1412B;TVM300;2000;P_CONSTANT;2;100;500;200;1;100;200
893;z1432C;TVM300;2600;P_CONSTANT;3;100;450;200;1;100;200
894;z1432D;TVM300;2000;P_CONSTANT;3;100;500;200;1;100;200
895;z1532C;TVM300;2600;P_CONSTANT;3;100;450;200;1;100;200
896;z1603D;TVM300;1700;P_CONSTANT;3;100;500;200;1;100;200
897;z1603F;TVM300;1700;P_CONSTANT;6;100;500;200;1;100;200
898;z1612A;TVM300;2600;P_CONSTANT;3;100;450;200;1;100;200
899;z1612B;TVM300;2000;P_CONSTANT;2;100;500;200;1;100;200
900;z1632C;TVM300;2600;P_CONSTANT;3;100;450;200;1;100;200
901;z1632D;TVM300;2000;P_CONSTANT;3;100;500;200;1;100;200
902;z1703C;TVM300;1700;P_CONSTANT;10;100;500;200;1;100;200
903;z1703F;TVM300;1700;P_CONSTANT;3;100;500;200;1;100;200
904;z1762B;TVM300;2600;P_CONSTANT;3;100;450;200;1;100;200
905;z1762C;TVM300;2000;P_CONSTANT;10;100;500;200;1;100;200
906;z4132C;TVM300;2600;P_CONSTANT;3;100;450;200;1;100;200
907;z4203D;TVM300;1700;P_CONSTANT;3;100;500;200;1;100;200
908;z4203F;TVM300;1700;P_CONSTANT;5;100;500;200;1;100;200
909;z4212B;TVM300;2600;P_CONSTANT;2;100;450;200;1;100;200
910;z4212C;TVM300;2000;P_CONSTANT;2;100;500;200;1;100;200
911;z4232E;TVM300;2600;P_CONSTANT;3;100;450;200;1;100;200
912;z4232G;TVM300;2600;P_CONSTANT;5;100;450;200;1;100;200
913;z4432C;TVM300;2000;P_CONSTANT;3;100;500;200;1;100;200
914;z4503C;TVM300;1700;P_CONSTANT;9;100;500;200;1;100;200
915;z4503D;TVM300;2300;P_CONSTANT;2;100;500;200;1;100;200
916;z4532C;TVM300;2000;P_CONSTANT;9;100;500;200;1;100;200
917;z4532E;TVM300;2000;P_CONSTANT;3;100;500;200;1;100;200
918;z1120C;TVM300;2600;P_CONSTANT;3;100;450;200;1;100;200
919;z1206B;TVM300;2000;P_CONSTANT;3;100;500;200;1;100;200
920;z1213C;TVM300;1700;P_CONSTANT;2;100;500;200;1;100;200
921;z1213D;TVM300;2300;P_CONSTANT;2;100;500;200;1;100;200
922;z1213E;TVM300;1700;P_CONSTANT;2;100;500;200;1;100;200
923;z1213G;TVM300;2300;P_CONSTANT;4;100;500;200;1;100;200
924;z1213H;TVM300;1700;P_CONSTANT;4;100;500;200;1;100;200
925;z1220A;TVM300;2600;P_CONSTANT;4;100;450;200;1;100;200
926;z1220B;TVM300;2000;P_CONSTANT;2;100;500;200;1;100;200
927;z1223A;TVM300;2300;P_CONSTANT;1;100;500;200;1;100;200
928;z1242C;TVM300;2600;P_CONSTANT;3;100;450;200;1;100;200
929;z1242D;TVM300;2000;P_CONSTANT;5;100;500;200;1;100;200
930;z1320C;TVM300;2600;P_CONSTANT;3;100;450;200;1;100;200
931;z1402B;TVM300;2000;P_CONSTANT;7;100;500;200;1;100;200
932;z1402C;TVM300;2600;P_CONSTANT;4;100;450;200;1;100;200
933;z1403B;TVM300;1700;P_CONSTANT;3;100;500;200;1;100;200
934;z1403C;TVM300;2300;P_CONSTANT;5;100;500;200;1;100;200
935;z1403D;TVM300;1700;P_CONSTANT;5;100;500;200;1;100;200
936;z1416A;TVM300;2000;P_CONSTANT;2;100;500;200;1;100;200
937;z1416B;TVM300;2600;P_CONSTANT;2;100;450;200;1;100;200
938;z1416C;TVM300;2000;P_CONSTANT;3;100;500;200;1;100;200
939;z1427A;TVM300;2300;P_CONSTANT;6;100;500;200;1;100;200
940;z1430B;TVM300;2000;P_CONSTANT;3;100;500;200;1;100;200
941;z1430D;TVM300;2000;P_CONSTANT;2;100;500;200;1;100;200
942;z1430E;TVM300;2600;P_CONSTANT;2;100;450;200;1;100;200
943;z1430H;TVM300;2600;P_CONSTANT;4;100;450;200;1;100;200
944;z1430J;TVM300;2000;P_CONSTANT;3;100;500;200;1;100;200
945;z1510A;TVM300;2000;P_CONSTANT;4;100;500;200;1;100;200
946;z2559E;TVM300;1700;P_CONSTANT;7;100;500;200;1;100;200
947;z2560A;TVM300;2600;P_CONSTANT;2;100;450;200;1;100;200
948;z2560B;TVM300;2000;P_CONSTANT;3;100;500;200;1;100;200
949;z2560C;TVM300;2600;P_CONSTANT;9;100;450;200;1;100;200
950;z2560D;TVM300;2000;P_CONSTANT;4;100;500;200;1;100;200
951;z2574A;TVM300;2600;P_CONSTANT;4;100;450;200;1;100;200
952;z2720C;TVM300;2000;P_CONSTANT;3;100;500;200;1;100;200
953;z2720D;TVM300;2600;P_CONSTANT;2;100;450;200;1;100;200
954;z4007B;TVM300;2300;P_CONSTANT;0;0;500;200;1;100;200
955;z4007C;TVM300;1700;P_CONSTANT;8;100;500;200;1;100;200
956;z4032A;TVM300;2600;P_CONSTANT;7;100;450;200;1;100;200
957;z1513A;TVM300;1700;P_CONSTANT;3;100;500;200;1;100;200
958;z1513B;TVM300;2300;P_CONSTANT;5;100;500;200;1;100;200
959;z1513C;TVM300;1700;P_CONSTANT;5;100;500;200;1;100;200
960;z1513E;TVM300;1700;P_CONSTANT;3;100;500;200;1;100;200
961;z1519;TVM300;2300;P_CONSTANT;1;100;500;200;1;100;200
962;z1530F;TVM300;2000;P_CONSTANT;2;100;500;200;1;100;200
963;z1530H;TVM300;2600;P_CONSTANT;4;100;450;200;1;100;200
964;z1533A;TVM300;2300;P_CONSTANT;6;100;500;200;1;100;200
965;z1603C;TVM300;2300;P_CONSTANT;1;100;500;200;1;100;200
966;z1603D;TVM300;1700;P_CONSTANT;3;100;500;200;1;100;200
967;z1603E;TVM300;2300;P_CONSTANT;2;100;500;200;1;100;200
968;z1603G;TVM300;1700;P_CONSTANT;4;100;500;200;1;100;200
969;z1603H;TVM300;2300;P_CONSTANT;4;100;500;200;1;100;200
970;z1620A;TVM300;2000;P_CONSTANT;3;100;500;200;1;100;200
971;z1623A;TVM300;1700;P_CONSTANT;1;100;500;200;1;100;200
972;z1623C;TVM300;1700;P_CONSTANT;3;100;500;200;1;100;200
973;z1623D;TVM300;2300;P_CONSTANT;4;100;500;200;1;100;200
974;z1640C;TVM300;2000;P_CONSTANT;7;100;500;200;1;100;200
975;z1640D;TVM300;2600;P_CONSTANT;6;100;450;200;1;100;200
976;z1704A;TVM300;2000;P_CONSTANT;1;100;500;200;1;100;200
977;z1704B;TVM300;2600;P_CONSTANT;3;100;450;200;1;100;200
978;z1705B;TVM300;1700;P_CONSTANT;2;100;500;200;1;100;200
979;z1720D;TVM300;2600;P_CONSTANT;6;100;450;200;1;100;200
980;z1803C;TVM300;2300;P_CONSTANT;7;100;500;200;1;100;200
981;z1820B;TVM300;2000;P_CONSTANT;6;100;500;200;1;100;200
982;z1820D;TVM300;2000;P_CONSTANT;4;100;500;200;1;100;200
983;z1823A;TVM300;1700;P_CONSTANT;4;100;500;200;1;100;200
984;z1873B;TVM300;2300;P_CONSTANT;2;100;500;200;1;100;200
985;z1883A;TVM300;1700;P_CONSTANT;10;100;500;200;1;100;200
986;z1903B;TVM300;1700;P_CONSTANT;4;100;500;200;1;100;200
987;z1903C;TVM300;2300;P_CONSTANT;3;100;500;200;1;100;200
988;z1903D;TVM300;1700;P_CONSTANT;7;100;500;200;1;100;200
989;z1916A;TVM300;2600;P_CONSTANT;1;100;450;200;1;100;200
990;z1927A;TVM300;2300;P_CONSTANT;3;100;500;200;1;100;200
991;z1930C;TVM300;2000;P_CONSTANT;1;100;500;200;1;100;200
992;z1930D;TVM300;2600;P_CONSTANT;3;100;450;200;1;100;200
993;z1930E;TVM300;2000;P_CONSTANT;3;100;500;200;1;100;200
994;z1930G;TVM300;2600;P_CONSTANT;4;100;450;200;1;100;200
995;z1930H;TVM300;2000;P_CONSTANT;4;100;500;200;1;100;200
996;z2020B;TVM300;2600;P_CONSTANT;3;100;450;200;1;100;200
997;z2020C;TVM300;2000;P_CONSTANT;3;100;500;200;1;100;200
998;z2120D;TVM300;2000;P_CONSTANT;5;100;500;200;1;100;200
999;z2133B;TVM300;1700;P_CONSTANT;2;100;500;200;1;100;200
1000;z2203D;TVM300;2300;P_CONSTANT;4;100;500;200;1;100;200
1001;z2209A;TVM300;1700;P_CONSTANT;9;100;500;200;1;100;200
1002;z2209B;TVM300;2300;P_CONSTANT;2;100;500;200;1;100;200
1003;z2209C;TVM300;1700;P_CONSTANT;1;100;500;200;1;100;200
1004;z2209D;TVM300;2300;P_CONSTANT;3;100;500;200;1;100;200
1005;z2220B;TVM300;2600;P_CONSTANT;2;100;450;200;1;100;200
1006;z2220C;TVM300;2000;P_CONSTANT;9;100;500;200;1;100;200
1007;z2220D;TVM300;2600;P_CONSTANT;5;100;450;200;1;100;200
1008;z2220E;TVM300;2000;P_CONSTANT;3;100;500;200;1;100;200
1009;z2222;TVM300;2000;P_CONSTANT;1;100;500;200;1;100;200
1010;z2225A;TVM300;1700;P_CONSTANT;1;100;500;200;1;100;200
1011;z2225C;TVM300;1700;P_CONSTANT;9;100;500;200;1;100;200
1012;z2225D;TVM300;2300;P_CONSTANT;3;100;500;200;1;100;200
1013;z2225E;TVM300;1700;P_CONSTANT;2;100;500;200;1;100;200
1014;z2242C;TVM300;2000;P_CONSTANT;9;100;500;200;1;100;200
1015;z2242E;TVM300;2000;P_CONSTANT;1;100;500;200;1;100;200
1016;z2242F;TVM300;2600;P_CONSTANT;3;100;450;200;1;100;200
1017;z2256B;TVM300;2600;P_CONSTANT;2;100;450;200;1;100;200
1018;z2303C;TVM300;2300;P_CONSTANT;3;100;500;200;1;100;200
1019;z2317A;TVM300;1700;P_CONSTANT;3;100;500;200;1;100;200
1020;z2317D;TVM300;2300;P_CONSTANT;6;100;500;200;1;100;200
1021;z2326B;TVM300;2600;P_CONSTANT;3;100;450;200;1;100;200
1022;z2387B;TVM300;1700;P_CONSTANT;8;100;500;200;1;100;200
1023;z2403A;TVM300;2300;P_CONSTANT;4;100;500;200;1;100;200
1024;z2403B;TVM300;1700;P_CONSTANT;4;100;500;200;1;100;200
1025;z2446A;TVM300;2000;P_CONSTANT;2;100;500;200;1;100;200
1026;z2446B;TVM300;2600;P_CONSTANT;3;100;450;200;1;100;200
1027;z2446C;TVM300;2000;P_CONSTANT;2;100;500;200;1;100;200
1028;z2503C;TVM300;1700;P_CONSTANT;2;100;500;200;1;100;200
1029;z2503D;TVM300;2300;P_CONSTANT;2;100;500;200;1;100;200
1030;z2503E;TVM300;1700;P_CONSTANT;3;100;500;200;1;100;200
1031;z2513A;TVM300;2300;P_CONSTANT;2;100;500;200;1;100;200
1032;z2513C;TVM300;2300;P_CONSTANT;5;100;500;200;1;100;200
1033;z2513D;TVM300;1700;P_CONSTANT;2;100;500;200;1;100;200
1034;z2513E;TVM300;2300;P_CONSTANT;4;100;500;200;1;100;200
1035;z2513F;TVM300;1700;P_CONSTANT;2;100;500;200;1;100;200
1036;z2513G;TVM300;2300;P_CONSTANT;2;100;500;200;1;100;200
1037;z2518A;TVM300;2600;P_CONSTANT;4;100;450;200;1;100;200
1038;z2518B;TVM300;2000;P_CONSTANT;2;100;500;200;1;100;200
1039;z2518C;TVM300;2600;P_CONSTANT;5;100;450;200;1;100;200
1040;z2518D;TVM300;2000;P_CONSTANT;4;100;500;200;1;100;200
1041;z2518E;TVM300;2600;P_CONSTANT;3;100;450;200;1;100;200
1042;z2535A;TVM300;1700;P_CONSTANT;1;100;500;200;1;100;200
1043;z2535C;TVM300;1700;P_CONSTANT;3;100;500;200;1;100;200
1044;z2535D;TVM300;2300;P_CONSTANT;4;100;500;200;1;100;200
1045;z2535F;TVM300;2300;P_CONSTANT;4;100;500;200;1;100;200
1046;z2554A;TVM300;2600;P_CONSTANT;2;100;450;200;1;100;200
1047;z2554F;TVM300;2600;P_CONSTANT;2;100;450;200;1;100;200
1048;z2554G;TVM300;2000;P_CONSTANT;1;100;500;200;1;100;200
1049;z2554H;TVM300;2600;P_CONSTANT;2;100;450;200;1;100;200
1050;z2554J;TVM300;2000;P_CONSTANT;2;100;500;200;1;100;200
1051;z2554N;TVM300;2000;P_CONSTANT;2;100;500;200;1;100;200
1052;z2559B;TVM300;1700;P_CONSTANT;3;100;500;200;1;100;200
1053;z4032B;TVM300;2000;P_CONSTANT;11;100;500;200;1;100;200
1054;z4032C;TVM300;2600;P_CONSTANT;0;0;450;200;1;100;200
1055;z4132C;TVM300;2600;P_CONSTANT;0;0;450;200;1;100;200
1056;z4303B;TVM300;1700;P_CONSTANT;0;0;500;200;1;100;200
1057;z4303C;TVM300;2300;P_CONSTANT;0;0;500;200;1;100;200
1058;z4303D;TVM300;1700;P_CONSTANT;4;100;500;200;1;100;200
1059;z4312A;TVM300;2600;P_CONSTANT;4;100;450;200;1;100;200
1060;z4325A;TVM300;2300;P_CONSTANT;4;100;500;200;1;100;200
1061;z4332D;TVM300;2000;P_CONSTANT;4;100;500;200;1;100;200
1062;z4332H;TVM300;2600;P_CONSTANT;1;100;450;200;1;100;200
1063;z4332M;TVM300;2000;P_CONSTANT;2;100;500;200;1;100;200
1064;z4403B;TVM300;1700;P_CONSTANT;0;0;500;200;1;100;200
1065;z4403C;TVM300;2300;P_CONSTANT;7;100;500;200;1;100;200
1066;z4421A;TVM300;2300;P_CONSTANT;3;100;500;200;1;100;200
1067;z4427A;TVM300;2300;P_CONSTANT;7;100;500;200;1;100;200
1068;z4427C;TVM300;2300;P_CONSTANT;7;100;500;200;1;100;200
1069;z4432B;TVM300;2000;P_CONSTANT;4;100;500;200;1;100;200
1070;z4432C;TVM300;2600;P_CONSTANT;3;100;450;200;1;100;200
1071;z4433A;TVM300;1700;P_CONSTANT;3;100;500;200;1;100;200
1072;z6636C;TVM300;2000;P_CONSTANT;3;100;500;200;1;100;200
1073;z6303D;TVM300;1700;P_CONSTANT;4;100;500;200;1;100;200
1074;z6332C;TVM300;2000;P_CONSTANT;3;100;500;200;1;100;200
1075;z1532A;TVM300;2600;P_CONSTANT;6;100;450;200;1;100;200
1076;z1625C;TVM300;2300;P_CONSTANT;14;100;500;200;1;100;200
1077;z1632A;TVM300;2600;P_CONSTANT;14;100;450;200;1;100;200
1078;z1762A;TVM300;2000;P_CONSTANT;6;100;500;200;1;100;200
1079;z1763A;TVM300;2300;P_CONSTANT;3;100;500;200;1;100;200
1080;z4303C;TVM300;1700;P_CONSTANT;2;100;500;200;1;100;200
1081;z4403C;TVM300;2300;P_CONSTANT;11;100;500;200;1;100;200
1082;z4432A;TVM300;2000;P_CONSTANT;11;100;500;200;1;100;200
1083;z4503F;TVM300;1700;P_CONSTANT;5;100;500;200;1;100;200
1084;z1003C;TVM300;2300;P_CONSTANT;14;100;500;200;1;100;200
1085;z6403C;TVM300;1700;P_CONSTANT;11;100;500;200;1;100;200
1086;z6414A;TVM300;2600;P_CONSTANT;5;100;450;200;1;100;200
1087;z6423A;TVM300;2300;P_CONSTANT;4;100;500;200;1;100;200
1088;z6423D;TVM300;1700;P_CONSTANT;9;100;500;200;1;100;200
1089;z6432A;TVM300;2600;P_CONSTANT;9;100;450;200;1;100;200
1090;z6432C;TVM300;2600;P_CONSTANT;3;100;450;200;1;100;200
1091;z6432D;TVM300;2000;P_CONSTANT;5;100;500;200;1;100;200
1092;z6603B;TVM300;1700;P_CONSTANT;3;100;500;200;1;100;200
1093;z6632A;TVM300;2600;P_CONSTANT;13;100;450;200;1;100;200
1094;z6632C;TVM300;2600;P_CONSTANT;3;100;450;200;1;100;200
1095;z4055A;TVM300;2300;P_CONSTANT;3;100;500;200;1;100;200
1096;z4310A;TVM300;2000;P_CONSTANT;0;0;500;200;1;100;200
1097;z4303K;TVM300;2300;P_CONSTANT;0;0;500;200;1;100;200
1098;z1425A;TVM300;1700;P_CONSTANT;0;0;500;200;1;100;200
1099;z4440B;TVM300;2600;P_CONSTANT;0;0;450;200;1;100;200
1100;z1718A;TVM300;2600;P_CONSTANT;0;0;450;200;1;100;200
1101;z4303H;TVM300;2300;P_CONSTANT;0;0;500;200;1;100;200
1102;z4232D;TVM300;2000;P_CONSTANT;0;0;500;200;1;100;200
1103;z4403D;TVM300;1700;P_CONSTANT;0;0;500;200;1;100;200
1104;z4332K;TVM300;2600;P_CONSTANT;0;0;450;200;1;100;200
1105;z4421B;TVM300;1700;P_CONSTANT;0;0;500;200;1;100;200
1106;z4303F;TVM300;1700;P_CONSTANT;0;0;500;200;1;100;200
1107;z3125A;TVM300;2300;P_CONSTANT;0;0;500;200;1;100;200
1108;z4303E;TVM300;2300;P_CONSTANT;0;0;500;200;1;100;200
1109;z4332J;TVM300;2000;P_CONSTANT;0;0;500;200;1;100;200
1110;z4332E;TVM300;2600;P_CONSTANT;0;0;450;200;1;100;200
1111;z1727A;TVM300;2300;P_CONSTANT;0;0;500;200;1;100;200
1112;z4303J;TVM300;1700;P_CONSTANT;0;0;500;200;1;100;200
1113;z1603C;TVM300;2300;P_CONSTANT;0;0;500;200;1;100;200
1114;z1703B;TVM300;2300;P_CONSTANT;0;0;500;200;1;100;200
1115;z3103C;TVM300;2300;P_CONSTANT;0;0;500;200;1;100;200
1116;z6303B;TVM300;1700;P_CONSTANT;0;0;500;200;1;100;200
1117;z4103C;TVM300;2300;P_CONSTANT;0;0;500;200;1;100;200
1118;z4332F;TVM300;2000;P_CONSTANT;0;0;500;200;1;100;200
1119;z6423B;TVM300;1700;P_CONSTANT;0;0;500;200;1;100;200
1120;z1403C;TVM300;1700;P_CONSTANT;0;0;500;200;1;100;200
1121;z4203C;TVM300;2300;P_CONSTANT;0;0;500;200;1;100;200
1122;z4225A;TVM300;2300;P_CONSTANT;0;0;500;200;1;100;200
1123;z4212A;TVM300;2000;P_CONSTANT;0;0;500;200;1;100;200
1124;z4327A;TVM300;1700;P_CONSTANT;0;0;500;200;1;100;200
1125;z1625A;TVM300;2300;P_CONSTANT;0;0;500;200;1;100;200
1126;z7133D;TVM300;2300;P_CONSTANT;8;100;500;200;1;100;200
1127;z7168A;TVM300;2000;P_CONSTANT;4;100;500;200;1;100;200
1128;z3303F;TVM300;1700;P_CONSTANT;6;100;500;200;1;100;200
1129;z1427;TVM300;1700;P_CONSTANT;1;100;500;200;1;100;200
1130;z1627;TVM300;2300;P_CONSTANT;1;100;500;200;1;100;200
1131;z4227;TVM300;2300;P_CONSTANT;1;100;500;200;1;100;200
1132;z1202A;TVM300;2000;P_CONSTANT;1;100;500;200;1;100;200
1133;z1525;TVM300;1700;P_CONSTANT;1;100;500;200;1;100;200
1134;z1530B;TVM300;2600;P_CONSTANT;2;100;450;200;1;100;200
1135;z1530E;TVM300;2600;P_CONSTANT;1;100;450;200;1;100;200
1136;z1625;TVM300;1700;P_CONSTANT;1;100;500;200;1;100;200
1137;z2227;TVM300;1700;P_CONSTANT;1;100;500;200;1;100;200
1138;z2234;TVM300;1700;P_CONSTANT;6;100;500;200;1;100;200
1139;z2242G;TVM300;2000;P_CONSTANT;2;100;500;200;1;100;200
1140;z2513K;TVM300;2300;P_CONSTANT;2;100;500;200;1;100;200
1141;z2543;TVM300;2300;NON;1;0;500;200;1;100;200
1142;z2554M;TVM300;2600;P_CONSTANT;2;100;450;200;1;100;200
1143;z4327B;TVM300;2300;P_CONSTANT;0;0;500;200;1;100;200
1144;z4332L;TVM300;2600;P_CONSTANT;2;100;450;200;1;100;200
1145;z4425;TVM300;2300;P_CONSTANT;7;100;500;200;1;100;200
1146;z4432E;TVM300;2600;P_CONSTANT;10;100;450;200;1;100;200
1147;z4440A;TVM300;2000;P_CONSTANT;5;100;500;200;1;100;200
1148;z6632E;TVM300;2600;P_CONSTANT;1;100;450;200;1;100;200
1149;z6407B;TVM300;2000;P_CONSTANT;5;100;500;200;1;100;200
1150;z6414D;TVM300;1700;P_CONSTANT;2;100;500;200;1;100;200
1151;z7107B;TVM300;2300;P_CONSTANT;2;100;500;200;1;100;200
1152;z4055B;TVM300;1700;P_CONSTANT;14;100;500;200;1;100;200
1153;z1225;TVM300;2300;P_CONSTANT;0;0;500;200;1;100;200
1154;z3127;TVM300;2300;P_CONSTANT;0;0;500;200;1;100;200
1155;z1020B;TVM300;2600;P_CONSTANT;2;100;450;200;1;100;200
1156;z4403F;TVM300;1700;P_CONSTANT;0;0;500;200;1;100;200
1157;z4532B;TVM300;2600;P_CONSTANT;4;100;450;200;1;100;200
1158;z4232F;TVM300;2000;P_CONSTANT;0;0;500;200;1;100;200
1159;z2450;TVM300;2600;P_CONSTANT;12;100;450;200;1;100;200
1160;z2506A;TVM300;2000;P_CONSTANT;6;100;500;200;1;100;200
1161;z2535G;TVM300;1700;P_CONSTANT;4;100;500;200;1;100;200
1162;z2559C;TVM300;2300;P_CONSTANT;6;100;500;200;1;100;200
1163;z2570B;TVM300;2000;P_CONSTANT;9;100;500;200;1;100;200
1164;z2573A;TVM300;2300;P_CONSTANT;6;100;500;200;1;100;200
1165;z2604B;TVM300;2000;P_CONSTANT;5;100;500;200;1;100;200
1166;z2620A;TVM300;2600;P_CONSTANT;6;100;450;200;1;100;200
1167;z4023A;TVM300;2300;P_CONSTANT;9;100;500;200;1;100;200
1168;z4068B;TVM300;2000;P_CONSTANT;12;100;500;200;1;100;200
1169;z4103D;TVM300;1700;P_CONSTANT;5;100;500;200;1;100;200
1170;z4132A;TVM300;2600;P_CONSTANT;6;100;450;200;1;100;200
1171;z4325D;TVM300;1700;P_CONSTANT;4;100;500;200;1;100;200
1172;z4332A;TVM300;2600;P_CONSTANT;4;100;450;200;1;100;200
1173;z4432A;TVM300;2600;P_CONSTANT;6;100;450;200;1;100;200
1174;z4433B;TVM300;2300;P_CONSTANT;12;100;500;200;1;100;200
1175;z6636B;TVM300;2600;P_CONSTANT;11;100;450;200;1;100;200
1176;z945;TVM300;1700;P_CONSTANT;2;100;500;200;1;100;200
1177;z6303E;TVM300;2300;P_CONSTANT;7;100;500;200;1;100;200
1178;z6332A;TVM300;2000;P_CONSTANT;7;100;500;200;1;100;200
1179;z1120A;TVM300;2600;P_CONSTANT;9;100;450;200;1;100;200
1180;z1206A;TVM300;2600;P_CONSTANT;7;100;450;200;1;100;200
1181;z1320A;TVM300;2600;P_CONSTANT;7;100;450;200;1;100;200
1182;z1402A;TVM300;2600;P_CONSTANT;9;100;450;200;1;100;200
1183;z1427C;TVM300;2300;P_CONSTANT;8;100;500;200;1;100;200
1184;z1430A;TVM300;2600;P_CONSTANT;11;100;450;200;1;100;200
1185;z1453B;TVM300;1700;P_CONSTANT;12;100;500;200;1;100;200
1186;z1530D;TVM300;2600;P_CONSTANT;7;100;450;200;1;100;200
1187;z1533C;TVM300;2300;P_CONSTANT;10;100;500;200;1;100;200
1188;z1540B;TVM300;2600;P_CONSTANT;10;100;450;200;1;100;200
1189;z1623E;TVM300;1700;P_CONSTANT;7;100;500;200;1;100;200
1190;z1705D;TVM300;1700;P_CONSTANT;5;100;500;200;1;100;200
1191;z1720A;TVM300;2000;P_CONSTANT;5;100;500;200;1;100;200
1192;z1820A;TVM300;2600;P_CONSTANT;6;100;450;200;1;100;200
1193;z1365;TVM430;2300;P_VARIABLE;17;81.37;800;320;1;160;320
1194;z1368;TVM430;2600;P_VARIABLE;20;81.52;800;320;1;160;320
1195;z1369;TVM430;1700;P_VARIABLE;21;59.05;800;320;1;160;320
1196;z1372;TVM430;2000;P_VARIABLE;36;60.71;800;320;1;160;320
1197;z1373;TVM430;2300;P_VARIABLE;21;80.6;800;320;1;160;320
1198;z1376;TVM430;2600;P_VARIABLE;17;79.37;800;320;1;160;320
1199;z1377;TVM430;1700;P_VARIABLE;29;60.75;800;320;1;160;320
1200;z1402;TVM430;2000;P_VARIABLE;23;60.95;800;320;1;160;320
1201;z1414C;TVM430;2600;P_VARIABLE;10;75.88;800;320;1;160;320
1202;z1432A;TVM430;2600;P_VARIABLE;10;76.33;800;320;1;160;320
1203;z1433;TVM430;1700;P_VARIABLE;25;60.79;800;320;1;160;320
1204;z1930F;TVM300;2000;P_CONSTANT;0;0;500;200;1;100;200
1205;z1430G;TVM300;2000;P_CONSTANT;0;0;500;200;1;100;200
1206;z6303G;TVM300;1700;P_CONSTANT;7;100;500;200;1;100;200
1207;z6342A;TVM300;2600;P_CONSTANT;7;100;450;200;1;100;200
1208;z1723A;TVM300;2300;P_CONSTANT;5;100;500;200;1;100;200
1209;z1727C;TVM300;2300;P_CONSTANT;11;100;500;200;1;100;200
1210;z1732A;TVM300;2600;P_CONSTANT;11;100;450;200;1;100;200
1211;z3125C;TVM300;2300;P_CONSTANT;14;100.3;500;200;1;100;200
1212;z3132A;TVM300;2600;P_CONSTANT;14;100;450;200;1;100;200
1213;z3203C;TVM300;1700;P_CONSTANT;5;100;500;200;1;100;200
1214;z3232A;TVM300;2000;P_CONSTANT;5;100;500;200;1;100;200
1215;z3362B;TVM300;2600;P_CONSTANT;9;100;450;200;1;100;200
1216;z1143B;TVM300;1700;P_CONSTANT;12;100;500;200;1;100;200
1217;z1203C;TVM300;1700;P_CONSTANT;12;100;500;200;1;100;200
1218;z1232A;TVM300;2000;P_CONSTANT;12;100;500;200;1;100;200
1219;z1332A;TVM300;2000;P_CONSTANT;13;100;500;200;1;100;200
1220;z1425C;TVM300;1700;P_CONSTANT;15;100;500;200;1;100;200
1221;z1432A;TVM300;2600;P_CONSTANT;15;100;450;200;1;100;200
1222;z1503C;TVM300;2300;P_CONSTANT;6;100;500;200;1;100;200
1223;z1436;TVM430;2000;P_VARIABLE;27;60;800;320;1;160;320
1224;z1437;TVM430;2300;P_VARIABLE;19;79.11;800;320;1;160;320
1225;z1440;TVM430;2600;P_VARIABLE;21;78.95;800;320;1;160;320
1226;z1441;TVM430;1700;P_VARIABLE;26;60.76;800;320;1;160;320
1227;z1444;TVM430;2000;P_VARIABLE;28;58.76;800;320;1;160;320
1228;z1445;TVM430;2300;P_VARIABLE;26;80;800;320;1;160;320
1229;z1448;TVM430;2600;P_VARIABLE;17;77.5;800;320;1;160;320
1230;z1449;TVM430;1700;P_VARIABLE;33;60;800;320;1;160;320
1231;z1452;TVM430;2000;P_VARIABLE;21;61.4;800;320;1;160;320
1232;z1453;TVM430;2300;P_VARIABLE;19;80.66;800;320;1;160;320
1233;z1456;TVM430;2600;P_VARIABLE;18;80;800;320;1;160;320
1234;z1503;TVM430;1700;P_VARIABLE;23;59.27;800;320;1;160;320
1235;z1529;TVM430;2300;P_VARIABLE;19;78.11;800;320;1;160;320
1236;z1533;TVM430;1700;P_VARIABLE;27;60.65;800;320;1;160;320
1237;z1536;TVM430;2000;P_VARIABLE;25;58.95;800;320;1;160;320
1238;z1537;TVM430;2300;P_VARIABLE;19;78.27;800;320;1;160;320
1239;z1632D;TVM430;2000;P_VARIABLE;13;58.75;800;320;1;160;320
1240;z1633;TVM430;2300;P_VARIABLE;23;81;800;320;1;160;320
1241;z1637;TVM430;1700;P_VARIABLE;24;58.78;800;320;1;160;320
1242;z1640;TVM430;2600;P_VARIABLE;21;79.2;800;320;1;160;320
1243;z1641;TVM430;2300;P_VARIABLE;19;78.5;800;320;1;160;320
1244;z1644;TVM430;2000;P_VARIABLE;25;61.08;800;320;1;160;320
1245;z1645;TVM430;1700;P_VARIABLE;29;59.07;800;320;1;160;320
1246;z1648;TVM430;2600;P_VARIABLE;17;79.31;800;320;1;160;320
1247;z1649;TVM430;2300;P_VARIABLE;16;79.4;800;320;1;160;320
1248;z1652;TVM430;2000;P_VARIABLE;34;59.12;800;320;1;160;320
1249;z1653;TVM430;1700;P_VARIABLE;23;59.18;800;320;1;160;320
1250;z1656;TVM430;2600;P_VARIABLE;22;80;800;320;1;160;320
1251;z1657;TVM430;2300;P_VARIABLE;19;80;800;320;1;160;320
1252;z1660;TVM430;2000;P_VARIABLE;24;60.78;800;320;1;160;320
1253;z1661;TVM430;1700;P_VARIABLE;28;60;800;320;1;160;320
1254;z1664;TVM430;2600;P_VARIABLE;18;78.41;800;320;1;160;320
1255;z1665;TVM430;2300;P_VARIABLE;23;81;800;320;1;160;320
1256;z1732A;TVM430;2000;P_VARIABLE;9;63;800;320;1;160;320
1257;z1736;TVM430;2600;P_VARIABLE;19;80;800;320;1;160;320
1258;z1737;TVM430;2300;P_VARIABLE;22;78.57;800;320;1;160;320
1259;z1740;TVM430;2000;P_VARIABLE;24;59;800;320;1;160;320
1260;z1741;TVM430;1700;P_VARIABLE;25;60;800;320;1;160;320
1261;z1744;TVM430;2600;P_VARIABLE;19;81.44;800;320;1;160;320
1262;z1745;TVM430;2300;P_VARIABLE;17;80.68;800;320;1;160;320
1263;z1748;TVM430;2000;P_VARIABLE;30;60;800;320;1;160;320
1264;z1823B;TVM300;2300;P_CONSTANT;13;100;500;200;1;100;200
1265;z1883B;TVM300;2300;P_CONSTANT;8;100;500;200;1;100;200
1266;z1927C;TVM300;2300;P_CONSTANT;6;100;500;200;1;100;200
1267;z1930A;TVM300;2000;P_CONSTANT;6;100;500;200;1;100;200
1268;z2003C;TVM300;2300;P_CONSTANT;7;100;500;200;1;100;200
1269;z2020A;TVM300;2000;P_CONSTANT;8;100;500;200;1;100;200
1270;z2103D;TVM300;2300;P_CONSTANT;6;100;500;200;1;100;200
1271;z2120B;TVM300;2000;P_CONSTANT;6;100;500;200;1;100;200
1272;z2133C;TVM300;2300;P_CONSTANT;7;100;500;200;1;100;200
1273;z2136A;TVM300;2000;P_CONSTANT;2;100;500;200;1;100;200
1274;z2242A;TVM300;2000;P_CONSTANT;4;100;500;200;1;100;200
1275;z2243A;TVM300;2300;P_CONSTANT;2;100;500;200;1;100;200
1276;z2247B;TVM300;1700;P_CONSTANT;8;100;500;200;1;100;200
1277;z2256A;TVM300;2000;P_CONSTANT;10;100;500;200;1;100;200
1278;z2259A;TVM300;2300;P_CONSTANT;3;100;500;200;1;100;200
1279;z2317B;TVM300;2300;P_CONSTANT;13;100;500;200;1;100;200
1280;z2326A;TVM300;2000;P_CONSTANT;10;100;500;200;1;100;200
1281;z2341A;TVM300;1700;P_CONSTANT;10;100;500;200;1;100;200
1282;z2363B;TVM300;2300;P_CONSTANT;11;100;500;200;1;100;200
1283;z2403D;TVM300;1700;P_CONSTANT;9;100;500;200;1;100;200
1284;z2420A;TVM300;2000;P_CONSTANT;1;100;500;200;1;100;200
1285;z6433A;TVM300;2300;P_CONSTANT;9;100;500;200;1;100;200
1286;z6436B;TVM300;2000;P_CONSTANT;9;100;500;200;1;100;200
1287;z6437A;TVM300;2300;P_CONSTANT;7;100;500;200;1;100;200
1288;z6440B;TVM300;2000;P_CONSTANT;7;100;500;200;1;100;200
1289;z4049A;TVM300;2300;P_CONSTANT;10;100;500;200;1;100;200
1290;z4052A;TVM300;2600;P_CONSTANT;9;100;450;200;1;100;200
1291;z3014C;TVM430;2600;P_VARIABLE;11;81.6;800;320;1;160;320
1292;z2937B;TVM430;2600;P_VARIABLE;5;80.75;800;320;1;160;320
1293;z3003A;TVM430;2300;P_VARIABLE;8;79;800;320;1;160;320
1294;z2940;TVM430;2000;P_VARIABLE;24;59.82609;800;320;1;160;320
1295;z2975A;TVM430;1700;P_VARIABLE;12;60;800;320;1;160;320
1296;z2977A;TVM430;2300;P_VARIABLE;9;76.75;800;320;1;160;320
1297;z2992C;TVM430;2000;P_VARIABLE;18;58.8;800;320;1;160;320
1298;z4103A;TVM430;2300;P_VARIABLE;7;80.83;800;320;1;160;320
1299;z4132C;TVM430;2600;P_VARIABLE;7;80.83;800;320;1;160;320
1300;z4203;TVM430;2300;P_VARIABLE;16;81.86;800;320;1;160;320
1301;z4206;TVM430;2600;P_VARIABLE;16;81.86;800;320;1;160;320
1302;z4232C;TVM430;2000;P_VARIABLE;15;60;800;320;1;160;320
1303;z4265;TVM430;2300;P_VARIABLE;18;80.88;800;320;1;160;320
1304;z4302;TVM430;2600;P_VARIABLE;19;81.55;800;320;1;160;320
1305;z4403A;TVM430;1700;P_VARIABLE;12;60;800;320;1;160;320
1306;z4414C;TVM430;2000;P_VARIABLE;14;61.61;800;320;1;160;320
1307;z4485;TVM430;1700;P_VARIABLE;26;59.2;800;320;1;160;320
1308;z4532D;TVM430;2600;P_VARIABLE;9;79.12;800;320;1;160;320
1309;z4569;TVM430;2300;P_VARIABLE;20;78;800;320;1;160;320
1310;z4606;TVM430;2600;P_VARIABLE;18;81.7;800;320;1;160;320
1311;z4649B;TVM430;1700;P_VARIABLE;9;59.37;800;320;1;160;320
1312;z4662B;TVM430;2600;P_VARIABLE;9;79.37;800;320;1;160;320
1313;z3611B;ITE;3;NON;0;0;0;0;0;0;0
1314;z1111A;TVM430;2300;P_VARIABLE;11;78.7;800;320;1;160;320
1315;z1132C;TVM430;2000;P_VARIABLE;6;58.4;800;320;1;160;320
1316;z1224C;TVM430;2000;P_VARIABLE;7;62.83;800;320;1;160;320
1317;z1225;TVM430;1700;P_VARIABLE;25;61.2;800;320;1;160;320
1318;z1292C;TVM430;2600;P_VARIABLE;13;77.91;800;320;1;160;320
1319;z1303A;TVM430;2300;P_VARIABLE;9;80;800;320;1;160;320
1320;z1332C;TVM430;2000;P_VARIABLE;6;56.2;800;320;1;160;320
1321;z1403A;TVM430;2300;P_VARIABLE;7;75.16;800;320;1;160;320
1322;z1414B;TVM430;2000;P_VARIABLE;4;67.33;800;320;1;160;320
1323;z1502B;TVM430;2000;P_VARIABLE;22;60;800;320;1;160;320
1324;z1540B;TVM430;2600;P_VARIABLE;19;80;800;320;1;160;320
1325;z1541;TVM430;1700;P_VARIABLE;26;60;800;320;1;160;320
1326;z1632A;TVM430;2600;P_VARIABLE;5;80;800;320;1;160;320
1327;z1632C;TVM430;2600;P_VARIABLE;4;87;800;320;1;160;320
1328;z1702;TVM430;2000;P_VARIABLE;22;60.71;800;320;1;160;320
1329;z1703A;TVM430;1700;P_VARIABLE;4;65.66;800;320;1;160;320
1330;z1732C;TVM430;2000;P_VARIABLE;6;56.2;800;320;1;160;320
1331;z1902;TVM430;2600;P_VARIABLE;18;81.35;800;320;1;160;320
1332;z1903A;TVM430;2300;P_VARIABLE;5;80.75;800;320;1;160;320
1333;z1932C;TVM430;2600;P_VARIABLE;4;81.66;800;320;1;160;320
1334;z2003A;TVM430;1700;P_VARIABLE;20;59.1;800;320;1;160;320
1335;z2057;TVM430;2300;P_VARIABLE;20;80;800;320;1;160;320
1336;z2114C;TVM430;2000;P_VARIABLE;9;63.37;800;320;1;160;320
1337;z2132A;TVM430;2600;P_VARIABLE;3;80;800;320;1;160;320
1338;z2202A;TVM430;2600;P_VARIABLE;6;83.64;800;320;1;160;320
1339;z2203A;TVM430;1700;P_VARIABLE;12;57.63;800;320;1;160;320
1340;z2232C;TVM430;2600;P_VARIABLE;4;87;800;320;1;160;320
1341;z2303A;TVM430;1700;P_VARIABLE;10;56.88;800;320;1;160;320
1342;z2314C;TVM430;2600;P_VARIABLE;9;81.62;800;320;1;160;320
1343;z2402B;TVM430;2600;P_VARIABLE;11;83.9;800;320;1;160;320
1344;z2403A;TVM430;2300;P_VARIABLE;8;78.71;800;320;1;160;320
1345;z2444B;TVM430;2000;P_VARIABLE;20;60;800;320;1;160;320
1346;z2503A;TVM430;2300;P_VARIABLE;4;73.66;800;320;1;160;320
1347;z2503D;TVM430;1700;P_VARIABLE;6;57.6;800;320;1;160;320
1348;z2532C;TVM430;2600;P_VARIABLE;9;75.75;800;320;1;160;320
1349;z2602B;TVM430;2600;P_VARIABLE;15;78.92;800;320;1;160;320
1350;z2603A;TVM430;2300;P_VARIABLE;9;82.12;800;320;1;160;320
1351;z2703A;TVM430;2300;P_VARIABLE;8;82.71;800;320;1;160;320
1352;z2714C;TVM430;2600;P_VARIABLE;10;77.88;800;320;1;160;320
1353;z2749;TVM430;1700;P_VARIABLE;30;59.1;800;320;1;160;320
1354;z2832C;TVM430;2000;P_VARIABLE;6;57.2;800;320;1;160;320
1355;z2903A;TVM430;2300;P_VARIABLE;3;77;800;320;1;160;320
1356;z2924C;TVM430;2000;P_VARIABLE;14;61.61;800;320;1;160;320
1357;z2935A;TVM430;2300;P_VARIABLE;9;82;800;320;1;160;320
1358;z1233A;TVM430;2300;P_VARIABLE;4;88.66;800;320;1;160;320
1359;z1252D;TVM430;2000;P_VARIABLE;6;64.6;800;320;1;160;320
1360;z1267A;TVM430;1700;P_VARIABLE;6;63.6;800;320;1;160;320
1361;z1292E;TVM430;2000;P_VARIABLE;19;58.33;800;320;1;160;320
1362;z7213A;TVM430;2300;P_VARIABLE;13;80;800;320;1;160;320
1363;z7232B;TVM430;2000;P_VARIABLE;11;57.7;800;320;1;160;320
1364;z7303A;TVM430;2300;P_VARIABLE;9;84;800;320;1;160;320
1365;z7306C;TVM430;2000;P_VARIABLE;17;58.25;800;320;1;160;320
1366;z7403B;TVM430;2300;P_VARIABLE;4;80.33;800;320;1;160;320
1367;z7432C;TVM430;2000;P_VARIABLE;8;61.85;800;320;1;160;320
1368;z7605;TVM430;1700;P_VARIABLE;23;60.59;800;320;1;160;320
1369;z7614B;TVM430;2600;P_VARIABLE;18;80;800;320;1;160;320
1370;z7645A;TVM430;2300;P_VARIABLE;8;75.14;800;320;1;160;320
1371;z7703A;TVM430;2300;P_VARIABLE;8;75.85;800;320;1;160;320
1372;z7724C;TVM430;2600;P_VARIABLE;14;78.76;800;320;1;160;320
1373;z4469B;TVM430;2300;P_VARIABLE;5;88.25;800;320;1;160;320
1374;z4532A;TVM430;2000;P_VARIABLE;4;50.33;800;320;1;160;320
1375;z4532C;TVM430;2000;P_VARIABLE;6;56;800;320;1;160;320
1376;z4564B;TVM430;2000;P_VARIABLE;22;60;800;320;1;160;320
1377;z4702;TVM430;2600;P_VARIABLE;17;81.87;800;320;1;160;320
1378;z4703A;TVM430;1700;P_VARIABLE;4;69.66;800;320;1;160;320
1379;z4732C;TVM430;2600;P_VARIABLE;4;88;800;320;1;160;320
1380;z4903A;TVM430;1700;P_VARIABLE;17;60;800;320;1;160;320
1381;z4914B;TVM430;2600;P_VARIABLE;3;90.5;800;320;1;160;320
1382;z4436F;TVM430;2600;P_VARIABLE;3;83;800;320;1;160;320
1383;z5184A;TVM430;2000;P_VARIABLE;5;57;800;320;1;160;320
1384;z2492A;TVM430;2000;P_VARIABLE;9;63;800;320;1;160;320
1385;z2503E;TVM430;2300;P_VARIABLE;3;75;800;320;1;160;320
1386;z89;TVM430;1700;P_VARIABLE;9;62.4;800;320;1;160;320
1387;z2972;TVM430;2600;P_VARIABLE;21;78.8;800;320;1;160;320
1388;z2993;TVM430;2300;P_VARIABLE;20;80;800;320;1;160;320
1389;z2996;TVM430;2600;P_VARIABLE;21;80;800;320;1;160;320
1390;z2997;TVM430;1700;P_VARIABLE;25;59.625;800;320;1;160;320
1391;z4102;TVM430;2000;P_VARIABLE;25;60.91;800;320;1;160;320
1392;z4214A;TVM430;2600;P_VARIABLE;14;80;800;320;1;160;320
1393;z4237;TVM430;1700;P_VARIABLE;23;60;800;320;1;160;320
1394;z4240;TVM430;2000;P_VARIABLE;27;60.96;800;320;1;160;320
1395;z4241;TVM430;2300;P_VARIABLE;19;78.94;800;320;1;160;320
1396;z4244;TVM430;2600;P_VARIABLE;19;77.94;800;320;1;160;320
1397;z4245;TVM430;1700;P_VARIABLE;28;59;800;320;1;160;320
1398;z4248;TVM430;2000;P_VARIABLE;25;58.83;800;320;1;160;320
1399;z4249;TVM430;2300;P_VARIABLE;20;80;800;320;1;160;320
1400;z4252;TVM430;2600;P_VARIABLE;18;80;800;320;1;160;320
1401;z4253;TVM430;1700;P_VARIABLE;25;60;800;320;1;160;320
1402;z4256;TVM430;2000;P_VARIABLE;25;60;800;320;1;160;320
1403;z4257;TVM430;2300;P_VARIABLE;19;80.66;800;320;1;160;320
1404;z4260;TVM430;2600;P_VARIABLE;19;80;800;320;1;160;320
1405;z4261;TVM430;1700;P_VARIABLE;25;60.95;800;320;1;160;320
1406;z4264;TVM430;2000;P_VARIABLE;25;60;800;320;1;160;320
1407;z4333;TVM430;1700;P_VARIABLE;27;59.5;800;320;1;160;320
1408;z4336;TVM430;2000;P_VARIABLE;25;60;800;320;1;160;320
1409;z4337;TVM430;2300;P_VARIABLE;20;77.78;800;320;1;160;320
1410;z4340;TVM430;2600;P_VARIABLE;19;80;800;320;1;160;320
1411;z4341;TVM430;1700;P_VARIABLE;26;60;800;320;1;160;320
1412;z4344;TVM430;2000;P_VARIABLE;25;61.04;800;320;1;160;320
1413;z4345;TVM430;2300;P_VARIABLE;19;79;800;320;1;160;320
1414;z4348;TVM430;2600;P_VARIABLE;19;81.94;800;320;1;160;320
1415;z4349;TVM430;1700;P_VARIABLE;27;59.15;800;320;1;160;320
1416;z4352;TVM430;2000;P_VARIABLE;26;59;800;320;1;160;320
1417;z4353;TVM430;2300;P_VARIABLE;19;80;800;320;1;160;320
1418;z4356;TVM430;2600;P_VARIABLE;20;81.94;800;320;1;160;320
1419;z4357;TVM430;1700;P_VARIABLE;26;61.04;800;320;1;160;320
1420;z4360;TVM430;2000;P_VARIABLE;27;58.96;800;320;1;160;320
1421;z4361;TVM430;2300;P_VARIABLE;19;77.77;800;320;1;160;320
1422;z4364;TVM430;2600;P_VARIABLE;21;78.7;800;320;1;160;320
1423;z4365;TVM430;1700;P_VARIABLE;24;60;800;320;1;160;320
1424;z4368;TVM430;2000;P_VARIABLE;29;60;800;320;1;160;320
1425;z4369;TVM430;2300;P_VARIABLE;21;80;800;320;1;160;320
1426;z4372;TVM430;2600;P_VARIABLE;18;80;800;320;1;160;320
1427;z4373;TVM430;1700;P_VARIABLE;29;59.39;800;320;1;160;320
1428;z4376;TVM430;2000;P_VARIABLE;24;60.95;800;320;1;160;320
1429;z4377;TVM430;2300;P_VARIABLE;19;81.55;800;320;1;160;320
1430;z4380;TVM430;2600;P_VARIABLE;19;80.88;800;320;1;160;320
1431;z4381;TVM430;1700;P_VARIABLE;26;59.08;800;320;1;160;320
1432;z4384;TVM430;2000;P_VARIABLE;26;60;800;320;1;160;320
1433;z4385;TVM430;2300;P_VARIABLE;20;79.78947;800;320;1;160;320
1434;z4402;TVM430;2600;P_VARIABLE;19;81;800;320;1;160;320
1435;z4433;TVM430;2300;P_VARIABLE;19;80.55;800;320;1;160;320
1436;z4437;TVM430;1700;P_VARIABLE;26;60.88;800;320;1;160;320
1437;z4440;TVM430;2000;P_VARIABLE;26;60;800;320;1;160;320
1438;z4441;TVM430;2300;P_VARIABLE;19;77.61;800;320;1;160;320
1439;z4444;TVM430;2600;P_VARIABLE;20;81.47;800;320;1;160;320
1440;z4445;TVM430;1700;P_VARIABLE;28;60;800;320;1;160;320
1441;z4448;TVM430;2000;P_VARIABLE;25;59.52;800;320;1;160;320
1442;z4449;TVM430;2300;P_VARIABLE;18;80.88;800;320;1;160;320
1443;z4452;TVM430;2600;P_VARIABLE;21;78.75;800;320;1;160;320
1444;z4453;TVM430;1700;P_VARIABLE;25;59.25;800;320;1;160;320
1445;z4456;TVM430;2000;P_VARIABLE;28;59.07;800;320;1;160;320
1446;z4457;TVM430;2300;P_VARIABLE;20;81;800;320;1;160;320
1447;z4460;TVM430;2600;P_VARIABLE;19;79.11;800;320;1;160;320
1448;z4461;TVM430;1700;P_VARIABLE;26;60.52;800;320;1;160;320
1449;z4464;TVM430;2000;P_VARIABLE;26;58.92;800;320;1;160;320
1450;z4465;TVM430;2300;P_VARIABLE;19;79.44;800;320;1;160;320
1451;z4468;TVM430;2600;P_VARIABLE;20;81.89;800;320;1;160;320
1452;z4469;TVM430;1700;P_VARIABLE;26;60;800;320;1;160;320
1453;z4472;TVM430;2000;P_VARIABLE;26;60;800;320;1;160;320
1454;z4473;TVM430;2300;P_VARIABLE;19;81.61;800;320;1;160;320
1455;z4476;TVM430;2600;P_VARIABLE;19;81.94;800;320;1;160;320
1456;z4477;TVM430;1700;P_VARIABLE;24;60;800;320;1;160;320
1457;z4480;TVM430;2000;P_VARIABLE;28;59.37;800;320;1;160;320
1458;z4481;TVM430;2300;P_VARIABLE;23;80;800;320;1;160;320
1459;z4484;TVM430;2600;P_VARIABLE;18;78.05;800;320;1;160;320
1460;z4502;TVM430;2000;P_VARIABLE;25;60.75;800;320;1;160;320
1461;z4533;TVM430;1700;P_VARIABLE;31;60;800;320;1;160;320
1462;z4536;TVM430;2600;P_VARIABLE;23;81.36;800;320;1;160;320
1463;z4537;TVM430;2300;P_VARIABLE;22;80;800;320;1;160;320
1464;z4540;TVM430;2000;P_VARIABLE;22;60;800;320;1;160;320
1465;z4541;TVM430;1700;P_VARIABLE;25;60.75;800;320;1;160;320
1466;z4544;TVM430;2600;P_VARIABLE;18;80.64;800;320;1;160;320
1467;z4545;TVM430;2300;P_VARIABLE;19;80;800;320;1;160;320
1468;z4548;TVM430;2000;P_VARIABLE;27;59.07;800;320;1;160;320
1469;z4549;TVM430;1700;P_VARIABLE;24;60;800;320;1;160;320
1470;z4552;TVM430;2600;P_VARIABLE;20;81.78;800;320;1;160;320
1471;z4553;TVM430;2300;P_VARIABLE;18;80;800;320;1;160;320
1472;z4556;TVM430;2000;P_VARIABLE;31;60;800;320;1;160;320
1473;z4557;TVM430;1700;P_VARIABLE;29;59.17;800;320;1;160;320
1474;z4560;TVM430;2600;P_VARIABLE;21;81.85;800;320;1;160;320
1475;z4561;TVM430;2300;P_VARIABLE;20;80;800;320;1;160;320
1476;z4564;TVM430;2000;P_VARIABLE;27;60;800;320;1;160;320
1477;z4565;TVM430;1700;P_VARIABLE;24;59.34;800;320;1;160;320
1478;z4568;TVM430;2600;P_VARIABLE;19;78;800;320;1;160;320
1479;z4602;TVM430;2000;P_VARIABLE;28;60.51;800;320;1;160;320
1480;z4636;TVM430;2600;P_VARIABLE;19;82.05;800;320;1;160;320
1481;z4637;TVM430;1700;P_VARIABLE;25;60.83;800;320;1;160;320
1482;z4640;TVM430;2000;P_VARIABLE;27;59.38;800;320;1;160;320
1483;z4641;TVM430;2300;P_VARIABLE;19;81.44;800;320;1;160;320
1484;z4644;TVM430;2600;P_VARIABLE;19;80.72;800;320;1;160;320
1485;z4645;TVM430;1700;P_VARIABLE;29;60.85;800;320;1;160;320
1486;z4648;TVM430;2000;P_VARIABLE;24;58.73;800;320;1;160;320
1487;z4649A;TVM430;2300;P_VARIABLE;18;79.05;800;320;1;160;320
1488;z1107;TVM430;1700;P_VARIABLE;22;60.71;800;320;1;160;320
1489;z1114;TVM430;2600;P_VARIABLE;21;80;800;320;1;160;320
1490;z1132A;TVM430;2000;P_VARIABLE;18;60;800;320;1;160;320
1491;z1202;TVM430;2600;P_VARIABLE;23;80.86;800;320;1;160;320
1492;z1337;TVM430;1700;P_VARIABLE;29;60;800;320;1;160;320
1493;z1340;TVM430;2000;P_VARIABLE;23;61.22;800;320;1;160;320
1494;z1341;TVM430;2300;P_VARIABLE;16;82.33;800;320;1;160;320
1495;z1344;TVM430;2600;P_VARIABLE;22;81.52;800;320;1;160;320
1496;z1345;TVM430;1700;P_VARIABLE;24;61.04;800;320;1;160;320
1497;z1348;TVM430;2000;P_VARIABLE;26;60;800;320;1;160;320
1498;z1349;TVM430;2300;P_VARIABLE;20;79.15;800;320;1;160;320
1499;z1352;TVM430;2600;P_VARIABLE;18;81.35;800;320;1;160;320
1500;z1353;TVM430;1700;P_VARIABLE;25;60;800;320;1;160;320
1501;z1356;TVM430;2000;P_VARIABLE;25;60.79;800;320;1;160;320
1502;z1357;TVM430;2300;P_VARIABLE;24;79;800;320;1;160;320
1503;z1360;TVM430;2600;P_VARIABLE;16;82.13;800;320;1;160;320
1504;z1361;TVM430;1700;P_VARIABLE;26;59;800;320;1;160;320
1505;z1364;TVM430;2000;P_VARIABLE;24;60;800;320;1;160;320
1506;z1749;TVM430;1700;P_VARIABLE;25;60.87;800;320;1;160;320
1507;z1752;TVM430;2600;P_VARIABLE;20;78;800;320;1;160;320
1508;z1753;TVM430;2300;P_VARIABLE;19;81.94;800;320;1;160;320
1509;z1756;TVM430;2000;P_VARIABLE;26;58.92;800;320;1;160;320
1510;z1757;TVM430;1700;P_VARIABLE;26;60;800;320;1;160;320
1511;z1937;TVM430;1700;P_VARIABLE;27;60;800;320;1;160;320
1512;z1940;TVM430;2600;P_VARIABLE;18;80;800;320;1;160;320
1513;z1941;TVM430;2300;P_VARIABLE;19;80.5;800;320;1;160;320
1514;z1944;TVM430;2000;P_VARIABLE;26;61.04;800;320;1;160;320
1515;z1945;TVM430;1700;P_VARIABLE;25;59.16;800;320;1;160;320
1516;z1948;TVM430;2600;P_VARIABLE;20;80;800;320;1;160;320
1517;z1949;TVM430;2300;P_VARIABLE;19;80;800;320;1;160;320
1518;z2002;TVM430;2000;P_VARIABLE;26;59.48;800;320;1;160;320
1519;z2032;TVM430;2600;P_VARIABLE;21;80;800;320;1;160;320
1520;z2036;TVM430;2000;P_VARIABLE;24;59.34;800;320;1;160;320
1521;z2037;TVM430;1700;P_VARIABLE;26;60.88;800;320;1;160;320
1522;z2040;TVM430;2600;P_VARIABLE;19;78.38;800;320;1;160;320
1523;z2041;TVM430;2300;P_VARIABLE;19;79.22;800;320;1;160;320
1524;z2044;TVM430;2000;P_VARIABLE;26;60;800;320;1;160;320
1525;z2045;TVM430;1700;P_VARIABLE;25;59;800;320;1;160;320
1526;z2048;TVM430;2600;P_VARIABLE;21;79.35;800;320;1;160;320
1527;z2049;TVM430;2300;P_VARIABLE;20;81.52;800;320;1;160;320
1528;z2052;TVM430;2000;P_VARIABLE;24;60.69;800;320;1;160;320
1529;z2053;TVM430;1700;P_VARIABLE;27;60;800;320;1;160;320
1530;z2056;TVM430;2600;P_VARIABLE;18;81.88;800;320;1;160;320
1531;z2102;TVM430;2000;P_VARIABLE;26;59.44;800;320;1;160;320
1532;z2114D;TVM430;2600;P_VARIABLE;7;77.16;800;320;1;160;320
1533;z2133;TVM430;2300;P_VARIABLE;21;78.1;800;320;1;160;320
1534;z2137;TVM430;1700;P_VARIABLE;24;60.6;800;320;1;160;320
1535;z2140;TVM430;2600;P_VARIABLE;20;80;800;320;1;160;320
1536;z2141;TVM430;2300;P_VARIABLE;19;81.5;800;320;1;160;320
1537;z2144;TVM430;2000;P_VARIABLE;27;59.3;800;320;1;160;320
1538;z2145;TVM430;1700;P_VARIABLE;24;59.47;800;320;1;160;320
1539;z2148;TVM430;2600;P_VARIABLE;21;80;800;320;1;160;320
1540;z2149;TVM430;2300;P_VARIABLE;26;80;800;320;1;160;320
1541;z2152;TVM430;2000;P_VARIABLE;22;60.85;800;320;1;160;320
1542;z2153;TVM430;1700;P_VARIABLE;27;60;800;320;1;160;320
1543;z2156;TVM430;2600;P_VARIABLE;17;77.68;800;320;1;160;320
1544;z2157;TVM430;2300;P_VARIABLE;17;77.87;800;320;1;160;320
1545;z2160;TVM430;2000;P_VARIABLE;30;59.1;800;320;1;160;320
1546;z2161;TVM430;1700;P_VARIABLE;23;60.68;800;320;1;160;320
1547;z2164;TVM430;2600;P_VARIABLE;26;79.08;800;320;1;160;320
1548;z2165;TVM430;2300;P_VARIABLE;18;80;800;320;1;160;320
1549;z2202B;TVM430;2000;P_VARIABLE;24;60;800;320;1;160;320
1550;z2232A;TVM430;2600;P_VARIABLE;4;87;800;320;1;160;320
1551;z2236;TVM430;2000;P_VARIABLE;32;59.06;800;320;1;160;320
1552;z2237;TVM430;2300;P_VARIABLE;19;78.44;800;320;1;160;320
1553;z2240;TVM430;2600;P_VARIABLE;17;80.87;800;320;1;160;320
1554;z2241;TVM430;1700;P_VARIABLE;30;60;800;320;1;160;320
1555;z2244;TVM430;2000;P_VARIABLE;24;60;800;320;1;160;320
1556;z2245;TVM430;2300;P_VARIABLE;20;79.1;800;320;1;160;320
1557;z2248;TVM430;2600;P_VARIABLE;18;81;800;320;1;160;320
1558;z2249;TVM430;1700;P_VARIABLE;29;60;800;320;1;160;320
1559;z2252A;TVM430;2600;P_VARIABLE;12;80;800;320;1;160;320
1560;z2252B;TVM430;2000;P_VARIABLE;13;61.58;800;320;1;160;320
1561;z2253;TVM430;2300;P_VARIABLE;21;80.95;800;320;1;160;320
1562;z2256;TVM430;2000;P_VARIABLE;23;60.9;800;320;1;160;320
1563;z2257;TVM430;1700;P_VARIABLE;26;60.8;800;320;1;160;320
1564;z2260;TVM430;2600;P_VARIABLE;20;78.84;800;320;1;160;320
1565;z2261;TVM430;2300;P_VARIABLE;21;78.6;800;320;1;160;320
1566;z2302;TVM430;2000;P_VARIABLE;24;60;800;320;1;160;320
1567;z2333;TVM430;2300;P_VARIABLE;20;79.57895;800;320;1;160;320
1568;z2336;TVM430;2000;P_VARIABLE;25;60;800;320;1;160;320
1569;z2337;TVM430;1700;P_VARIABLE;31;60;800;320;1;160;320
1570;z2433;TVM430;2300;P_VARIABLE;24;81;800;320;1;160;320
1571;z2436;TVM430;2000;P_VARIABLE;28;60;800;320;1;160;320
1572;z2437;TVM430;1700;P_VARIABLE;26;61.04;800;320;1;160;320
1573;z2440;TVM430;2600;P_VARIABLE;18;80.64;800;320;1;160;320
1574;z2441;TVM430;2300;P_VARIABLE;18;81.23;800;320;1;160;320
1575;z2445;TVM430;1700;P_VARIABLE;24;60;800;320;1;160;320
1576;z2449;TVM430;2300;P_VARIABLE;23;80;800;320;1;160;320
1577;z2452;TVM430;2600;P_VARIABLE;23;79;800;320;1;160;320
1578;z2453;TVM430;1700;P_VARIABLE;31;60.86;800;320;1;160;320
1579;z2456;TVM430;2000;P_VARIABLE;26;60;800;320;1;160;320
1580;z2460;TVM430;2600;P_VARIABLE;16;78.53;800;320;1;160;320
1581;z2473;TVM430;1700;P_VARIABLE;32;59.35;800;320;1;160;320
1582;z2476;TVM430;2600;P_VARIABLE;21;78.35;800;320;1;160;320
1583;z2477;TVM430;2300;P_VARIABLE;19;79.05;800;320;1;160;320
1584;z2480;TVM430;2000;P_VARIABLE;23;60;800;320;1;160;320
1585;z2481;TVM430;1700;P_VARIABLE;27;59.38;800;320;1;160;320
1586;z2484;TVM430;2600;P_VARIABLE;23;81;800;320;1;160;320
1587;z2485;TVM430;2300;P_VARIABLE;21;80;800;320;1;160;320
1588;z2488;TVM430;2000;P_VARIABLE;28;60;800;320;1;160;320
1589;z2492B;TVM430;2600;P_VARIABLE;10;84.22;800;320;1;160;320
1590;z2502;TVM430;2000;P_VARIABLE;23;60.59;800;320;1;160;320
1591;z2503F;TVM430;1700;P_VARIABLE;2;51;800;320;1;160;320
1592;z2533;TVM430;2300;P_VARIABLE;21;79.15;800;320;1;160;320
1593;z2536;TVM430;2000;P_VARIABLE;29;60;800;320;1;160;320
1594;z2537;TVM430;1700;P_VARIABLE;27;59.59;800;320;1;160;320
1595;z2637;TVM430;1700;P_VARIABLE;25;59.6;800;320;1;160;320
1596;z2640;TVM430;2000;P_VARIABLE;27;60;800;320;1;160;320
1597;z2641;TVM430;2300;P_VARIABLE;20;80;800;320;1;160;320
1598;z2644;TVM430;2600;P_VARIABLE;20;81.15;800;320;1;160;320
1599;z2645;TVM430;1700;P_VARIABLE;28;60;800;320;1;160;320
1600;z2648;TVM430;2000;P_VARIABLE;25;60;800;320;1;160;320
1601;z2649;TVM430;2300;P_VARIABLE;21;81.27;800;320;1;160;320
1602;z2652;TVM430;2600;P_VARIABLE;20;77.21053;800;320;1;160;320
1603;z2653;TVM430;1700;P_VARIABLE;28;59.24;800;320;1;160;320
1604;z2656;TVM430;2000;P_VARIABLE;26;60;800;320;1;160;320
1605;z2657;TVM430;2300;P_VARIABLE;21;80;800;320;1;160;320
1606;z2660;TVM430;2600;P_VARIABLE;18;82.23;800;320;1;160;320
1607;z2661;TVM430;1700;P_VARIABLE;26;60;800;320;1;160;320
1608;z2702;TVM430;2000;P_VARIABLE;27;60;800;320;1;160;320
1609;z2733;TVM430;1700;P_VARIABLE;27;60;800;320;1;160;320
1610;z2736;TVM430;2000;P_VARIABLE;26;60;800;320;1;160;320
1611;z2737;TVM430;2300;P_VARIABLE;20;81.49;800;320;1;160;320
1612;z2740;TVM430;2600;P_VARIABLE;19;81.27;800;320;1;160;320
1613;z2741;TVM430;1700;P_VARIABLE;27;59.3;800;320;1;160;320
1614;z2744;TVM430;2000;P_VARIABLE;25;59.35;800;320;1;160;320
1615;z2745;TVM430;2300;P_VARIABLE;21;78.9;800;320;1;160;320
1616;z2748;TVM430;2600;P_VARIABLE;19;80.83;800;320;1;160;320
1617;z2802;TVM430;2000;P_VARIABLE;27;60.5;800;320;1;160;320
1618;z2806;TVM430;2600;P_VARIABLE;19;80;800;320;1;160;320
1619;z2832A;TVM430;2000;P_VARIABLE;12;61.36;800;320;1;160;320
1620;z2837;TVM430;1700;P_VARIABLE;29;61.07;800;320;1;160;320
1621;z2902;TVM430;2600;P_VARIABLE;22;80.61;800;320;1;160;320
1622;z2925;TVM430;1700;P_VARIABLE;26;59.04;800;320;1;160;320
1623;z2953;TVM430;1700;P_VARIABLE;27;59.03;800;320;1;160;320
1624;z2956;TVM430;2600;P_VARIABLE;24;81.13;800;320;1;160;320
1625;z2957;TVM430;2300;P_VARIABLE;19;80.16666;800;320;1;160;320
1626;z2961;TVM430;1700;P_VARIABLE;25;59.5;800;320;1;160;320
1627;z3002;TVM430;2000;P_VARIABLE;30;60.62;800;320;1;160;320
1628;z1232;TVM430;2600;P_VARIABLE;25;78.41;800;320;1;160;320
1629;z1253;TVM430;2300;P_VARIABLE;22;79.3;800;320;1;160;320
1630;z7202A;TVM430;2000;P_VARIABLE;20;60;800;320;1;160;320
1631;z7213D;TVM430;1700;P_VARIABLE;4;56.66;800;320;1;160;320
1632;z7232C;TVM430;2600;P_VARIABLE;20;78.31;800;320;1;160;320
1633;z7233;TVM430;2300;P_VARIABLE;23;80;800;320;1;160;320
1634;z7236;TVM430;2000;P_VARIABLE;31;59.1;800;320;1;160;320
1635;z7237;TVM430;1700;P_VARIABLE;27;58.88;800;320;1;160;320
1636;z7240;TVM430;2600;P_VARIABLE;20;78.31;800;320;1;160;320
1637;z7241;TVM430;2300;P_VARIABLE;19;80;800;320;1;160;320
1638;z7244;TVM430;2000;P_VARIABLE;26;59.04;800;320;1;160;320
1639;z7245;TVM430;1700;P_VARIABLE;26;58.96;800;320;1;160;320
1640;z7248;TVM430;2600;P_VARIABLE;19;81.5;800;320;1;160;320
1641;z7249;TVM430;2300;P_VARIABLE;19;78.66;800;320;1;160;320
1642;z7268;TVM430;2000;P_VARIABLE;27;60;800;320;1;160;320
1643;z7269;TVM430;1700;P_VARIABLE;30;60;800;320;1;160;320
1644;z7302;TVM430;2600;P_VARIABLE;18;78.88;800;320;1;160;320
1645;z7333;TVM430;2300;P_VARIABLE;26;80;800;320;1;160;320
1646;z7403A;TVM430;1700;P_VARIABLE;11;62.8;800;320;1;160;320
1647;z7422;TVM430;2600;P_VARIABLE;23;78.68;800;320;1;160;320
1648;z7603;TVM430;2300;P_VARIABLE;17;80;800;320;1;160;320
1649;z7615C;TVM430;2300;P_VARIABLE;13;83.91;800;320;1;160;320
1650;z7632A;TVM430;2600;P_VARIABLE;12;80.84;800;320;1;160;320
1651;z7633;TVM430;1700;P_VARIABLE;24;60;800;320;1;160;320
1652;z7636;TVM430;2000;P_VARIABLE;27;60;800;320;1;160;320
1653;z7637;TVM430;2300;P_VARIABLE;18;81.47;800;320;1;160;320
1654;z7640;TVM430;2600;P_VARIABLE;20;80;800;320;1;160;320
1655;z7641;TVM430;1700;P_VARIABLE;24;60;800;320;1;160;320
1656;z7644;TVM430;2000;P_VARIABLE;28;59.22;800;320;1;160;320
1657;z7648;TVM430;2600;P_VARIABLE;22;79.19;800;320;1;160;320
1658;z7649;TVM430;2300;P_VARIABLE;17;80.87;800;320;1;160;320
1659;z7653;TVM430;1700;P_VARIABLE;24;60.95;800;320;1;160;320
1660;z7702;TVM430;2000;P_VARIABLE;27;60;800;320;1;160;320
1661;z7735D;TVM430;2300;P_VARIABLE;6;73.8;800;320;1;160;320
1662;z7753;TVM430;1700;P_VARIABLE;33;59.43;800;320;1;160;320
1663;z4468A;TVM430;2600;P_VARIABLE;15;81.57;800;320;1;160;320
1664;z4469A;TVM430;1700;P_VARIABLE;27;59.07;800;320;1;160;320
1665;z4502;TVM430;2000;P_VARIABLE;34;60.6;800;320;1;160;320
1666;z4532D;TVM430;2600;P_VARIABLE;10;76.77;800;320;1;160;320
1667;z4533;TVM430;1700;P_VARIABLE;28;60;800;320;1;160;320
1668;z4537;TVM430;2300;P_VARIABLE;22;80;800;320;1;160;320
1669;z4540;TVM430;2000;P_VARIABLE;23;58.77;800;320;1;160;320
1670;z4541;TVM430;1700;P_VARIABLE;29;60.78;800;320;1;160;320
1671;z4544;TVM430;2600;P_VARIABLE;17;82.18;800;320;1;160;320
1672;z4546;TVM430;2000;P_VARIABLE;23;60;800;320;1;160;320
1673;z4547;TVM430;2300;P_VARIABLE;20;81.36;800;320;1;160;320
1674;z4550;TVM430;2600;P_VARIABLE;18;80;800;320;1;160;320
1675;z4551;TVM430;1700;P_VARIABLE;23;59.31;800;320;1;160;320
1676;z4554;TVM430;2000;P_VARIABLE;29;59.14;800;320;1;160;320
1677;z4555;TVM430;2300;P_VARIABLE;20;78.63;800;320;1;160;320
1678;z4558;TVM430;2600;P_VARIABLE;21;78.85;800;320;1;160;320
1679;z4559;TVM430;1700;P_VARIABLE;21;61.25;800;320;1;160;320
1680;z4561;TVM430;2300;P_VARIABLE;18;78.7;800;320;1;160;320
1681;z4565;TVM430;1700;P_VARIABLE;22;61.38;800;320;1;160;320
1682;z4568;TVM430;2000;P_VARIABLE;29;60.96;800;320;1;160;320
1683;z4569;TVM430;2300;P_VARIABLE;15;78.28;800;320;1;160;320
1684;z4571;TVM430;1700;P_VARIABLE;20;60;800;320;1;160;320
1685;z4574A;TVM430;2000;P_VARIABLE;18;61.35;800;320;1;160;320
1686;z4574B;TVM430;2600;P_VARIABLE;20;80;800;320;1;160;320
1687;z4575;TVM430;2300;P_VARIABLE;29;78.67;800;320;1;160;320
1688;z4578;TVM430;2600;P_VARIABLE;17;81.25;800;320;1;160;320
1689;z4579A;TVM430;1700;P_VARIABLE;23;58.68;800;320;1;160;320
1690;z4579B;TVM430;2300;P_VARIABLE;19;81.88;800;320;1;160;320
1691;z4582;TVM430;2000;P_VARIABLE;19;61.05;800;320;1;160;320
1692;z4584;TVM430;2600;P_VARIABLE;15;77.85;800;320;1;160;320
1693;z4586;TVM430;2000;P_VARIABLE;20;58.47;800;320;1;160;320
1694;z4587;TVM430;1700;P_VARIABLE;31;59.3;800;320;1;160;320
1695;z4590;TVM430;2600;P_VARIABLE;17;81.43;800;320;1;160;320
1696;z4591;TVM430;2300;P_VARIABLE;23;80.86;800;320;1;160;320
1697;z4594;TVM430;2000;P_VARIABLE;21;61.1;800;320;1;160;320
1698;z4732A;TVM430;2600;P_VARIABLE;9;80;800;320;1;160;320
1699;z4733;TVM430;1700;P_VARIABLE;27;60;800;320;1;160;320
1700;z4736;TVM430;2000;P_VARIABLE;25;60;800;320;1;160;320
1701;z4737;TVM430;2300;P_VARIABLE;21;79.15;800;320;1;160;320
1702;z4740;TVM430;2600;P_VARIABLE;18;81.58;800;320;1;160;320
1703;z4741;TVM430;1700;P_VARIABLE;23;59.18;800;320;1;160;320
1704;z4743;TVM430;2300;P_VARIABLE;15;78.07;800;320;1;160;320
1705;z4746;TVM430;2000;P_VARIABLE;33;59.18;800;320;1;160;320
1706;z4747;TVM430;1700;P_VARIABLE;20;61.21;800;320;1;160;320
1707;z4749;TVM430;2300;P_VARIABLE;23;78.5;800;320;1;160;320
1708;z4752A;TVM430;2000;P_VARIABLE;27;59.19;800;320;1;160;320
1709;z4752B;TVM430;2600;P_VARIABLE;11;83.8;800;320;1;160;320
1710;z4753;TVM430;1700;P_VARIABLE;24;60.69;800;320;1;160;320
1711;z4754;TVM430;2600;P_VARIABLE;17;82.37;800;320;1;160;320
1712;z4755;TVM430;2300;P_VARIABLE;22;80.57;800;320;1;160;320
1713;z4758;TVM430;2000;P_VARIABLE;27;60.53;800;320;1;160;320
1714;z4760;TVM430;2600;P_VARIABLE;18;80;800;320;1;160;320
1715;z4761A;TVM430;1700;P_VARIABLE;17;60;800;320;1;160;320
1716;z4761B;TVM430;2300;P_VARIABLE;21;78.15;800;320;1;160;320
1717;z4764;TVM430;2000;P_VARIABLE;20;60;800;320;1;160;320
1718;z4766;TVM430;2600;P_VARIABLE;16;77.53;800;320;1;160;320
1719;z4767;TVM430;1700;P_VARIABLE;24;60;800;320;1;160;320
1720;z4770;TVM430;2000;P_VARIABLE;27;60.61;800;320;1;160;320
1721;z4771;TVM430;2300;P_VARIABLE;19;78.88;800;320;1;160;320
1722;z4902;TVM430;2600;P_VARIABLE;21;80.95;800;320;1;160;320
1723;z4914C;TVM430;2000;P_VARIABLE;17;60;800;320;1;160;320
1724;z4932A;TVM430;2000;P_VARIABLE;13;57.91;800;320;1;160;320
1725;z4933;TVM430;2300;P_VARIABLE;21;80;800;320;1;160;320
1726;z4936;TVM430;2600;P_VARIABLE;19;81.55;800;320;1;160;320
1727;z4937;TVM430;1700;P_VARIABLE;33;59.09;800;320;1;160;320
1728;z4940;TVM430;2000;P_VARIABLE;23;61.04;800;320;1;160;320
1729;z4941;TVM430;2300;P_VARIABLE;26;81.12;800;320;1;160;320
1730;z4944;TVM430;2600;P_VARIABLE;18;80;800;320;1;160;320
1731;z4945;TVM430;1700;P_VARIABLE;28;60.74;800;320;1;160;320
1732;z4948;TVM430;2000;P_VARIABLE;22;61.33;800;320;1;160;320
1733;z4950;TVM430;2600;P_VARIABLE;18;80;800;320;1;160;320
1734;z4951;TVM430;2300;P_VARIABLE;22;78.57;800;320;1;160;320
1735;z4954;TVM430;2000;P_VARIABLE;23;61.09;800;320;1;160;320
1736;z4955;TVM430;1700;P_VARIABLE;30;60;800;320;1;160;320
1737;z4958;TVM430;2600;P_VARIABLE;18;78.52;800;320;1;160;320
1738;z4959;TVM430;2300;P_VARIABLE;19;80;800;320;1;160;320
1739;z4962;TVM430;2000;P_VARIABLE;26;60;800;320;1;160;320
1740;z4963;TVM430;1700;P_VARIABLE;24;60;800;320;1;160;320
1741;z4966;TVM430;2600;P_VARIABLE;22;79.19;800;320;1;160;320
1742;z5102;TVM430;2000;P_VARIABLE;29;60;800;320;1;160;320
1743;z3032B;TVM430;2000;P_VARIABLE;4;69;800;320;1;160;320
1744;z2952B;TVM430;2600;P_VARIABLE;4;91.33334;800;320;1;160;320
1745;z2935B;TVM430;1700;P_VARIABLE;5;57.5;800;320;1;160;320
1746;z2903D;TVM430;2300;P_VARIABLE;10;80;800;320;1;160;320
1747;z2992D;TVM430;2000;P_VARIABLE;3;56.5;800;320;1;160;320
1748;z4164B;TVM430;2000;P_VARIABLE;4;53.33;800;320;1;160;320
1749;z4167B;TVM430;1700;P_VARIABLE;3;69;800;320;1;160;320
1750;z4167E;TVM430;1700;P_VARIABLE;3;69.5;800;320;1;160;320
1751;z4172C;TVM430;2600;P_VARIABLE;3;69.5;800;320;1;160;320
1752;z4172F;TVM430;2600;P_VARIABLE;3;69.5;800;320;1;160;320
1753;z4403E;TVM430;1700;P_VARIABLE;4;60;800;320;1;160;320
1754;z5123E;TVM430;2300;P_VARIABLE;1;53;800;320;1;160;320
1755;z5132;TVM430;2000;P_VARIABLE;2;54;800;320;1;160;320
1756;z5134C;TVM430;2000;P_VARIABLE;13;59.16;800;320;1;160;320
1757;z5134H;TVM430;2000;P_VARIABLE;3;54.5;800;320;1;160;320
1758;z5162B;TVM430;2600;P_VARIABLE;2;96;800;320;1;160;320
1759;z5163B;TVM430;1700;P_VARIABLE;6;62.4;800;320;1;160;320
1760;z5163E;TVM430;1700;P_VARIABLE;6;57.2;800;320;1;160;320
1761;z5184E;TVM430;2000;P_VARIABLE;7;59;800;320;1;160;320
1762;z1103A;TVM430;1700;P_VARIABLE;11;58.3;800;320;1;160;320
1763;z1110B;TVM430;2600;P_VARIABLE;8;80;800;320;1;160;320
1764;z1403E;TVM430;2300;P_VARIABLE;2;87;800;320;1;160;320
1765;z2103E;TVM430;1700;P_VARIABLE;3;57;800;320;1;160;320
1766;z2303E;TVM430;1700;P_VARIABLE;4;60;800;320;1;160;320
1767;z2472B;TVM430;2600;P_VARIABLE;3;80;800;320;1;160;320
1768;z2703E;TVM430;2300;P_VARIABLE;3;80;800;320;1;160;320
1769;z1203D;TVM430;2300;P_VARIABLE;4;90.66;800;320;1;160;320
1770;z1233E;TVM430;1700;P_VARIABLE;4;53;800;320;1;160;320
1771;z1233H;TVM430;1700;P_VARIABLE;4;68;800;320;1;160;320
1772;z7203A;TVM430;1700;P_VARIABLE;4;57;800;320;1;160;320
1773;z7303F;TVM430;2300;P_VARIABLE;4;58;800;320;1;160;320
1774;z7303H;TVM430;2300;P_VARIABLE;4;70;800;320;1;160;320
1775;z7310B;TVM430;2000;P_VARIABLE;9;60;800;320;1;160;320
1776;z7318C;TVM430;2000;P_VARIABLE;4;65;800;320;1;160;320
1777;z7325B;TVM430;2300;P_VARIABLE;2;97;800;320;1;160;320
1778;z7727B;TVM430;2300;P_VARIABLE;3;80;800;320;1;160;320
1779;z7727E;TVM430;2300;P_VARIABLE;3;80;800;320;1;160;320
1780;z7732C;TVM430;2600;P_VARIABLE;3;80;800;320;1;160;320
1781;z7732F;TVM430;2600;P_VARIABLE;3;80;800;320;1;160;320
1782;z4439A;TVM430;1700;P_VARIABLE;14;58.69231;800;320;1;160;320
1783;z4903E;TVM430;1700;P_VARIABLE;1;54;800;320;1;160;320
1784;z1265B;TVM430;1700;P_VARIABLE;6;59;800;320;1;160;320
1785;z1233C;TVM430;2300;P_VARIABLE;4;73;800;320;1;160;320
1786;z2603C;TVM430;2300;P_VARIABLE;8;76.57;800;320;1;160;320
1787;z2703B;TVM430;1700;P_VARIABLE;7;60;800;320;1;160;320
1788;z4432B;TVM430;2600;P_VARIABLE;4;71.66;800;320;1;160;320
1789;z4132B;TVM430;2000;P_VARIABLE;8;61.57;800;320;1;160;320
1790;z7735B;TVM430;2300;P_VARIABLE;6;81.8;800;320;1;160;320
1791;z4145B;TVM430;1700;P_VARIABLE;2;62;800;320;1;160;320
1792;z7203B;TVM430;2300;P_VARIABLE;2;88;800;320;1;160;320
1793;z2303B;TVM430;2300;P_VARIABLE;5;85.5;800;320;1;160;320
1794;z7329B;TVM430;2300;P_VARIABLE;4;66.66;800;320;1;160;320
1795;z4145E;TVM430;2300;P_VARIABLE;3;96.5;800;320;1;160;320
1796;z2332B;TVM430;2000;P_VARIABLE;4;65.33;800;320;1;160;320
1797;z2203C;TVM430;1700;P_VARIABLE;10;58.22;800;320;1;160;320
1798;z4103C;TVM430;2300;P_VARIABLE;3;61.5;800;320;1;160;320
1799;z1703B;TVM430;2300;P_VARIABLE;8;74.28;800;320;1;160;320
1800;z4503B;TVM430;2300;P_VARIABLE;9;77.75;800;320;1;160;320
1801;z2532B;TVM430;2000;P_VARIABLE;7;55.33;800;320;1;160;320
1802;z2103B;TVM430;2300;P_VARIABLE;10;78.11;800;320;1;160;320
1803;z4603C;TVM430;1700;P_VARIABLE;10;59;800;320;1;160;320
1804;z2732B;TVM430;2000;P_VARIABLE;4;65.33;800;320;1;160;320
1805;z7739;TVM430;2300;P_VARIABLE;1;0;800;320;1;160;320
1806;z7752H;TVM430;2000;P_VARIABLE;2;46;800;320;1;160;320
1807;z4717;TVM430;1700;P_VARIABLE;1;0;800;320;1;160;320
1808;z4164C;TVM430;2600;P_VARIABLE;2;90;800;320;1;160;320
1809;z7332C;TVM430;2600;P_VARIABLE;2;86;800;320;1;160;320
1810;z7310A;TVM430;2600;P_VARIABLE;4;97;800;320;1;160;320
1811;z2922;TVM430;2000;P_VARIABLE;7;58.66;800;320;1;160;320
1812;z4436E;TVM430;2000;P_VARIABLE;2;57;800;320;1;160;320
1813;z5184B;TVM430;2600;P_VARIABLE;2;81;800;320;1;160;320
1814;z2403D;TVM430;2300;P_VARIABLE;8;75.46;800;320;1;160;320
1815;z2503G;TVM430;2300;P_VARIABLE;2;70;800;320;1;160;320
1816;z7202B;TVM430;2600;P_VARIABLE;11;76;800;320;1;160;320
1817;z4175B;TVM430;1700;P_VARIABLE;3;69.5;800;320;1;160;320
1818;z1403B;TVM430;1700;P_VARIABLE;7;60;800;320;1;160;320
1819;z1252C;TVM430;2600;P_VARIABLE;4;72.33;800;320;1;160;320
1820;z2725B;TVM430;1700;P_VARIABLE;7;60;800;320;1;160;320
1821;z4503C;TVM430;2300;P_VARIABLE;8;74.28;800;320;1;160;320
1822;z7703B;TVM430;1700;P_VARIABLE;5;58;800;320;1;160;320
1823;z1332B;TVM430;2600;P_VARIABLE;5;70.5;800;320;1;160;320
1824;z1603B;TVM430;1700;P_VARIABLE;10;58.22;800;320;1;160;320
1825;z4425B;TVM430;2300;P_VARIABLE;5;88.25;800;320;1;160;320
1826;z2632B;TVM430;2600;P_VARIABLE;4;85;800;320;1;160;320
1827;z1111C;TVM430;2300;P_VARIABLE;7;84;800;320;1;160;320
1828;z4303B;TVM430;2300;P_VARIABLE;8;74.28;800;320;1;160;320
1829;z7319B;TVM430;1700;P_VARIABLE;3;48;800;320;1;160;320
1830;z2125B;TVM430;2300;P_VARIABLE;10;83.33;800;320;1;160;320
1831;z7410C;TVM430;2000;P_VARIABLE;14;60;800;320;1;160;320
1832;z4632B;TVM430;2600;P_VARIABLE;5;72.25;800;320;1;160;320
1833;z4332B;TVM430;2000;P_VARIABLE;6;55;800;320;1;160;320
1834;z4403B;TVM430;2300;P_VARIABLE;5;85.5;800;320;1;160;320
1835;z1903B;TVM430;1700;P_VARIABLE;10;58.22;800;320;1;160;320
1836;z2803C;TVM430;2300;P_VARIABLE;7;83.83;800;320;1;160;320
1837;z2992B;TVM430;2600;P_VARIABLE;3;60;800;320;1;160;320
1838;z1292B;TVM430;2000;P_VARIABLE;6;60;800;320;1;160;320
1839;z7403C;TVM430;1700;P_VARIABLE;6;57.6;800;320;1;160;320
1840;z4192B;TVM430;2600;P_VARIABLE;4;89.66;800;320;1;160;320
1841;z1425B;TVM430;1700;P_VARIABLE;7;60;800;320;1;160;320
1842;z2325B;TVM430;2300;P_VARIABLE;5;87.5;800;320;1;160;320
1843;z7332B;TVM430;2000;P_VARIABLE;6;54.4;800;320;1;160;320
1844;z4703B;TVM430;2300;P_VARIABLE;9;77.75;800;320;1;160;320
1845;z1932B;TVM430;2000;P_VARIABLE;7;58;800;320;1;160;320
1846;z4532B;TVM430;2600;P_VARIABLE;4;84.66;800;320;1;160;320
1847;z4925B;TVM430;2300;P_VARIABLE;6;80;800;320;1;160;320
1848;z4903B;TVM430;2300;P_VARIABLE;6;80;800;320;1;160;320
1849;z4207A;TVM430;1700;P_VARIABLE;4;66;800;320;1;160;320
1850;z4232B;TVM430;2600;P_VARIABLE;2;103;800;320;1;160;320
1851;z1303B;TVM430;1700;P_VARIABLE;10;58.22;800;320;1;160;320
1852;z2503B;TVM430;1700;P_VARIABLE;9;62.87;800;320;1;160;320
1853;z4215B;TVM430;2300;P_VARIABLE;4;68.66;800;320;1;160;320
1854;z1532B;TVM430;2000;P_VARIABLE;4;57.33;800;320;1;160;320
1855;z5184J;TVM430;2600;P_VARIABLE;0;0;800;320;1;160;320
1856;z4468B;TVM430;2000;P_VARIABLE;15;60;800;320;1;160;320
1857;z7213C;TVM430;2300;P_VARIABLE;4;80;800;320;1;160;320
1858;z4732B;TVM430;2000;P_VARIABLE;6;55.6;800;320;1;160;320
1859;z4932B;TVM430;2600;P_VARIABLE;3;91.5;800;320;1;160;320
1860;z2232B;TVM430;2000;P_VARIABLE;6;56.2;800;320;1;160;320
1861;z1632B;TVM430;2000;P_VARIABLE;6;56.2;800;320;1;160;320
1862;z7615B;TVM430;1700;P_VARIABLE;4;67.33;800;320;1;160;320
1863;z2132B;TVM430;2000;P_VARIABLE;10;61;800;320;1;160;320
1864;z1432B;TVM430;2000;P_VARIABLE;4;67.33;800;320;1;160;320
1865;z4532B;TVM430;2600;P_VARIABLE;4;87.33;800;320;1;160;320
1866;z1132B;TVM430;2600;P_VARIABLE;4;87;800;320;1;160;320
1867;z2832B;TVM430;2600;P_VARIABLE;4;87;800;320;1;160;320
1868;z2975B;TVM430;2300;P_VARIABLE;3;99;800;320;1;160;320
1869;z2132C;TVM430;2600;P_VARIABLE;3;86;800;320;1;160;320
1870;z4133E;TVM430;2300;P_VARIABLE;1;50;800;320;1;160;320
1871;z4133F;TVM430;1700;P_VARIABLE;8;60;800;320;1;160;320
1872;z4144D;TVM430;2000;P_VARIABLE;0;0;800;320;1;160;320
1873;z4144E;TVM430;2600;P_VARIABLE;7;68.17;800;320;1;160;320
1874;z4145J;TVM430;1700;P_VARIABLE;1;30;800;320;1;160;320
1875;z4147;TVM430;2300;P_VARIABLE;1;46;800;320;1;160;320
1876;z4160;TVM430;2000;P_VARIABLE;1;34;800;320;1;160;320
1877;z4162A;TVM430;2000;P_VARIABLE;1;34;800;320;1;160;320
1878;z4162B;TVM430;2600;P_VARIABLE;1;30;800;320;1;160;320
1879;z4164F;TVM430;2000;P_VARIABLE;1;24;800;320;1;160;320
1880;z4164G;TVM430;2600;P_VARIABLE;5;82;800;320;1;160;320
1881;z4167A;TVM430;2300;P_VARIABLE;1;34;800;320;1;160;320
1882;z4167D;TVM430;2300;P_VARIABLE;1;34;800;320;1;160;320
1883;z4172A;TVM430;2600;P_VARIABLE;1;34;800;320;1;160;320
1884;z4172D;TVM430;2600;P_VARIABLE;1;34;800;320;1;160;320
1885;z4177A;TVM430;1700;P_VARIABLE;1;34;800;320;1;160;320
1886;z4177B;TVM430;2300;P_VARIABLE;1;30;800;320;1;160;320
1887;z4179;TVM430;1700;P_VARIABLE;1;34;800;320;1;160;320
1888;z4192F;TVM430;2000;P_VARIABLE;1;30;800;320;1;160;320
1889;z4207E;TVM430;2300;P_VARIABLE;1;49;800;320;1;160;320
1890;z4227;TVM430;1700;P_VARIABLE;1;32;800;320;1;160;320
1891;z4317;TVM430;1700;P_VARIABLE;1;44;800;320;1;160;320
1892;z4436D;TVM430;2600;P_VARIABLE;1;58;800;320;1;160;320
1893;z4503E;TVM430;1700;P_VARIABLE;1;44;800;320;1;160;320
1894;z5184G;TVM430;2600;P_VARIABLE;1;54;800;320;1;160;320
1895;z1532C;TVM430;2600;P_VARIABLE;2;72;800;320;1;160;320
1896;z1532D;TVM430;2000;P_VARIABLE;4;61;800;320;1;160;320
1897;z1717;TVM430;1700;P_VARIABLE;2;48;800;320;1;160;320
1898;z2003C;TVM430;1700;P_VARIABLE;1;0;800;320;1;160;320
1899;z2003D;TVM430;2300;P_VARIABLE;6;76;800;320;1;160;320
1900;z2112;TVM430;2000;P_VARIABLE;2;70;800;320;1;160;320
1901;z2132F;TVM430;2000;P_VARIABLE;3;57;800;320;1;160;320
1902;z2132G;TVM430;2600;P_VARIABLE;6;87;800;320;1;160;320
1903;z1252E;TVM430;2000;P_VARIABLE;1;0;800;320;1;160;320
1904;z7207;TVM430;1700;P_VARIABLE;2;54;800;320;1;160;320
1905;z7317E;TVM430;2300;P_VARIABLE;1;0;800;320;1;160;320
1906;z7327B;TVM430;1700;P_VARIABLE;2;73;800;320;1;160;320
1907;z7405;TVM430;2600;P_VARIABLE;2;61;800;320;1;160;320
1908;z7703F;TVM430;2300;P_VARIABLE;1;0;800;320;1;160;320
1909;z7720;TVM430;2000;P_VARIABLE;2;54;800;320;1;160;320
1910;z7722A;TVM430;2000;P_VARIABLE;2;52;800;320;1;160;320
1911;z7722B;TVM430;2600;P_VARIABLE;1;0;800;320;1;160;320
1912;z7727A;TVM430;1700;P_VARIABLE;2;52;800;320;1;160;320
1913;z7727D;TVM430;1700;P_VARIABLE;2;53;800;320;1;160;320
1914;z7732A;TVM430;2600;P_VARIABLE;1;0;800;320;1;160;320
1915;z7732D;TVM430;2600;P_VARIABLE;1;0;800;320;1;160;320
1916;z7737A;TVM430;2300;P_VARIABLE;1;0;800;320;1;160;320
1917;z7737B;TVM430;1700;P_VARIABLE;2;34;800;320;1;160;320
1918;z2320A;TVM300;2000;P_CONSTANT;7;100;500;200;1;100;200
1919;z2363A;TVM300;1700;P_CONSTANT;7;100;500;200;1;100;200
1920;z2387A;TVM300;2300;P_CONSTANT;9;100;500;200;1;100;200
1921;z2420B;TVM300;2600;P_CONSTANT;8;100;450;200;1;100;200
1922;z2446D;TVM300;2600;P_CONSTANT;12;100;450;200;1;100;200
1923;z2503B;TVM300;2300;P_CONSTANT;5;100;500;200;1;100;200
1924;z2506B;TVM300;2600;P_CONSTANT;8;100;450;200;1;100;200
1925;z2508A;TVM300;2000;P_CONSTANT;4;100;500;200;1;100;200
1926;z2559A;TVM300;2300;P_CONSTANT;11;100;500;200;1;100;200
1927;z2574B;TVM300;2000;P_CONSTANT;16;100;500;200;1;100;200
1928;z2575;TVM300;2300;P_CONSTANT;4;100;500;200;1;100;200
1929;z2620B;TVM300;2000;P_CONSTANT;16;100;500;200;1;100;200
1930;z2703A;TVM300;1700;P_CONSTANT;4;100;500;200;1;100;200
1931;z2706A;TVM300;2000;P_CONSTANT;2;100;500;200;1;100;200
1932;z4007A;TVM300;1700;P_CONSTANT;7;100;500;200;1;100;200
1933;z4010A;TVM300;2000;P_CONSTANT;2;100;500;200;1;100;200
1934;z4103A;TVM300;2300;P_CONSTANT;6;100;500;200;1;100;200
1935;z4132D;TVM300;2000;P_CONSTANT;6;100;500;200;1;100;200
1936;z4303A;TVM300;2300;P_CONSTANT;2;100;500;200;1;100;200
1937;z4312C;TVM300;2600;P_CONSTANT;8;100;450;200;1;100;200
1938;z4403A;TVM300;2300;P_CONSTANT;11;100;500;200;1;100;200
1939;z4432D;TVM300;2000;P_CONSTANT;9;100;500;200;1;100;200
1940;z6632F;TVM300;2000;P_CONSTANT;3;100;500;200;1;100;200
1941;z6303A;TVM300;2300;P_CONSTANT;6;100;500;200;1;100;200
1942;z6332D;TVM300;2600;P_CONSTANT;8;100;450;200;1;100;200
1943;z6403A;TVM300;1700;P_CONSTANT;6;100;500;200;1;100;200
1944;z6414C;TVM300;2600;P_CONSTANT;13;100;450;200;1;100;200
1945;z6433B;TVM300;1700;P_CONSTANT;11;100;500;200;1;100;200
1946;z6436A;TVM300;2600;P_CONSTANT;11;100;450;200;1;100;200
1947;z6603A;TVM300;2300;P_CONSTANT;2;100;500;200;1;100;200
1948;z6632D;TVM300;2000;P_CONSTANT;2;100;500;200;1;100;200
1949;z6407A;TVM300;2600;P_CONSTANT;2;100;450;200;1;100;200
1950;z6414E;TVM300;2300;P_CONSTANT;12;100;500;200;1;100;200
1951;z7107A;TVM300;1700;P_CONSTANT;9;100;500;200;1;100;200
1952;z4049B;TVM300;1700;P_CONSTANT;15;100;500;200;1;100;200
1953;z3003A;TVM300;1700;P_CONSTANT;2;100;500;200;1;100;200
1954;z3362A;TVM300;2000;P_CONSTANT;2;100;500;200;1;100;200
1955;z1412F;TVM300;2600;P_CONSTANT;3;100;450;200;1;100;200
1956;z4305;TVM300;2300;P_CONSTANT;3;100;500;200;1;100;200
1957;z141A;TVM300;2300;P_CONSTANT;6;100;500;200;1;100;200
1958;z4533B;TVM300;1700;P_CONSTANT;6;100;500;200;1;100;200
1959;z138B;ITE;3;NON;0;0;0;0;1;0;0
1960;z36108;ITE;3;NON;0;0;0;0;0;0;0
1961;z4542B;TVM300;2600;P_CONSTANT;6;100;450;200;1;100;200
1962;z4435B;TVM300;2300;P_CONSTANT;9;100;500;200;1;100;200
1963;z4438A;TVM300;2600;P_CONSTANT;10;100;450;200;1;100;200
1964;z6607;TVM300;1700;P_CONSTANT;3;100;500;200;1;100;200
1965;z1093;UM71;2300;P_CONSTANT;15;100;500;0;1;100;200
1966;z6122D;TVM300;2600;P_CONSTANT;11;100;450;200;1;100;200
1967;z6140A;TVM300;2600;P_CONSTANT;0;100;450;200;1;100;200
1968;z7132D;TVM300;2000;P_CONSTANT;2;100;500;200;1;100;200
1969;z4062B;TVM300;2600;P_CONSTANT;14;100;450;200;1;100;200
1970;z61A;UM71;2300;NON;0;0;800;320;0;160;320
1971;z1003A;TVM300;2300;P_CONSTANT;3;100;500;200;1;100;200
1972;z3020B;TVM300;2600;P_CONSTANT;4;100;450;200;1;100;200
1973;z4307;TVM300;1700;P_CONSTANT;0;0;500;200;1;100;200
1974;z6137B;TVM300;2300;P_CONSTANT;0;0;500;200;1;100;200
1975;z2320B;TVM300;2600;P_CONSTANT;9;100;450;200;1;100;200
1976;z6343A;TVM300;2300;P_CONSTANT;15;100;500;200;1;100;200
1977;z6343B;TVM300;1700;P_CONSTANT;16;100;500;200;1;100;200
1978;z7102B;TVM300;2000;P_CONSTANT;15;100;500;200;1;100;200
1979;z7132A;TVM300;2000;P_CONSTANT;20;100;500;200;1;100;200
1980;z1726;TVM300;2600;P_CONSTANT;21;100;450;200;1;100;200
1981;z1733;TVM300;1700;P_CONSTANT;24;100;500;200;1;100;200
1982;z1736;TVM300;2000;P_CONSTANT;24;100;500;200;1;100;200
1983;z1737;TVM300;2300;P_CONSTANT;22;100;500;200;1;100;200
1984;z1740;TVM300;2600;P_CONSTANT;22;100;450;200;1;100;200
1985;z1741;TVM300;1700;P_CONSTANT;23;100;500;200;1;100;200
1986;z7102A;TVM300;2600;P_CONSTANT;10;100;450;200;1;100;200
1987;z7103A;TVM300;2300;P_CONSTANT;10;100;500;200;1;100;200
1988;z7168D;TVM300;2600;P_CONSTANT;3;100;450;200;1;100;200
1989;z1723B;TVM300;1700;P_CONSTANT;15;100;500;200;1;100;200
1990;z1732D;TVM300;2000;P_CONSTANT;1;100;500;200;1;100;200
1991;z3103A;TVM300;2300;P_CONSTANT;13;100;500;200;1;100;200
1992;z3112C;TVM300;2600;P_CONSTANT;13;100;450;200;1;100;200
1993;z3203A;TVM300;1700;P_CONSTANT;8;100;500;200;1;100;200
1994;z3232D;TVM300;2600;P_CONSTANT;8;100;450;200;1;100;200
1995;z1744;TVM300;2000;P_CONSTANT;23;100;500;200;1;100;200
1996;z1745;TVM300;2300;P_CONSTANT;23;100;500;200;1;100;200
1997;z1748;TVM300;2600;P_CONSTANT;23;100;450;200;1;100;200
1998;z1749;TVM300;1700;P_CONSTANT;23;100;500;200;1;100;200
1999;z3102;TVM300;2000;P_CONSTANT;23;100;500;200;1;100;200
2000;z3133;TVM300;1700;P_CONSTANT;22;100;500;200;1;100;200
2001;z3136;TVM300;2000;P_CONSTANT;22;100;500;200;1;100;200
2002;z3137;TVM300;2300;P_CONSTANT;23;100;500;200;1;100;200
2003;z3140;TVM300;2600;P_CONSTANT;23;100;450;200;1;100;200
2004;z3141;TVM300;1700;P_CONSTANT;22;100;500;200;1;100;200
2005;z3144;TVM300;2000;P_CONSTANT;22;100;500;200;1;100;200
2006;z3145;TVM300;2300;P_CONSTANT;18;100;500;200;1;100;200
2007;z3147;TVM300;1700;P_CONSTANT;18;100;500;200;1;100;200
2008;z3150;TVM300;2600;P_CONSTANT;24;100;450;200;1;100;200
2009;z3151;TVM300;2300;P_CONSTANT;18;100;500;200;1;100;200
2010;z3154;TVM300;2000;P_CONSTANT;24;100;500;200;1;100;200
2011;z3155A;TVM300;1700;P_CONSTANT;12;100;500;200;1;100;200
2012;z3155B;TVM300;2300;P_CONSTANT;15;100;500;200;1;100;200
2013;z3158;TVM300;2600;P_CONSTANT;20;100;450;200;1;100;200
2014;z3162;TVM300;2000;P_CONSTANT;15;100;500;200;1;100;200
2015;z3163;TVM300;1700;P_CONSTANT;24;100;500;200;1;100;200
2016;z3168;TVM300;2600;P_CONSTANT;24;100;450;200;1;100;200
2017;z3169;TVM300;2300;P_CONSTANT;20;100;500;200;1;100;200
2018;z3202;TVM300;2000;P_CONSTANT;20;100;500;200;1;100;200
2019;z3233;TVM300;2300;P_CONSTANT;22;100;500;200;1;100;200
2020;z3236;TVM300;2600;P_CONSTANT;20;100;450;200;1;100;200
2021;z3237;TVM300;1700;P_CONSTANT;22;100;500;200;1;100;200
2022;z3240;TVM300;2000;P_CONSTANT;24;100;500;200;1;100;200
2023;z1137A;TVM300;1700;P_CONSTANT;4;100;500;200;1;100;200
2024;z1137B;TVM300;2300;P_CONSTANT;2;100;500;200;1;100;200
2025;z1137C;TVM300;1700;P_CONSTANT;12;100;500;200;1;100;200
2026;z1140A;UM71;2000;P_CONSTANT;3;100;500;0;1;100;200
2027;z1146A;UM71;2000;P_CONSTANT;16;100;500;0;1;100;200
2028;z1146B;UM71;2600;P_CONSTANT;2;100;500;0;1;100;200
2029;z1149;TVM300;2300;P_CONSTANT;18;100;500;200;1;100;200
2030;z1152A;TVM300;2000;P_CONSTANT;21;100;500;200;1;100;200
2031;z1152B;UM71;2600;P_CONSTANT;4;100;500;0;1;100;200
2032;z1153;TVM300;1700;P_CONSTANT;21;100;500;200;1;100;200
2033;z1156;TVM300;2600;P_CONSTANT;20;100;450;200;1;100;200
2034;z1169;TVM300;2300;P_CONSTANT;17;100;500;200;1;100;200
2035;z1202;TVM300;2000;P_CONSTANT;21;100;500;200;1;100;200
2036;z1233A;TVM300;2300;P_CONSTANT;20;100;500;200;1;100;200
2037;z1233B;TVM300;1700;P_CONSTANT;6;100;500;200;1;100;200
2038;z1236;TVM300;2600;P_CONSTANT;20;100;450;200;1;100;200
2039;z1237;TVM300;2300;P_CONSTANT;21;100;500;200;1;100;200
2040;z1240;TVM300;2000;P_CONSTANT;20;100;500;200;1;100;200
2041;z1241;TVM300;1700;P_CONSTANT;22;100;500;200;1;100;200
2042;z1244;TVM300;2600;P_CONSTANT;24;100;450;200;1;100;200
2043;z1245;TVM300;2300;P_CONSTANT;21;100;500;200;1;100;200
2044;z1248;TVM300;2000;P_CONSTANT;21;100;500;200;1;100;200
2045;z1249A;TVM300;1700;P_CONSTANT;12;100;500;200;1;100;200
2046;z1249B;TVM300;2300;P_CONSTANT;15;100;500;200;1;100;200
2047;z1252;TVM300;2600;P_CONSTANT;20;100;450;200;1;100;200
2048;z61B;UM71;1700;NON;0;0;800;320;0;160;320
2049;z62B;UM71;2000;P_CONSTANT;5;100;800;320;0;160;320
2050;z1143A;TVM300;2300;P_CONSTANT;3;100;500;200;1;100;200
2051;z1203A;TVM300;1700;P_CONSTANT;4;100;500;200;1;100;200
2052;z1232D;TVM300;2600;P_CONSTANT;4;100;450;200;1;100;200
2053;z1303A;TVM300;1700;P_CONSTANT;4;100;500;200;1;100;200
2054;z1332D;TVM300;2600;P_CONSTANT;4;100;450;200;1;100;200
2055;z1403A;TVM300;1700;P_CONSTANT;14;100;500;200;1;100;200
2056;z1412D;TVM300;2000;P_CONSTANT;10;100;500;200;1;100;200
2057;z1503A;TVM300;2300;P_CONSTANT;7;100;500;200;1;100;200
2058;z1732B;TVM430;2600;P_VARIABLE;4;87;800;320;1;160;320
2059;z2992E;TVM430;2600;P_VARIABLE;12;82.81;800;320;1;160;320
2060;z4103B;TVM430;1700;P_VARIABLE;4;65.33;800;320;1;160;320
2061;z4103D;TVM430;1700;P_VARIABLE;5;58.25;800;320;1;160;320
2062;z4132A;TVM430;2600;P_VARIABLE;4;71;800;320;1;160;320
2063;z4133A;TVM430;2300;P_VARIABLE;3;91;800;320;1;160;320
2064;z4133B;TVM430;1700;P_VARIABLE;2;62;800;320;1;160;320
2065;z4133C;TVM430;2300;P_VARIABLE;4;84.33;800;320;1;160;320
2066;z4133D;TVM430;1700;P_VARIABLE;8;60;800;320;1;160;320
2067;z4144A;TVM430;2000;P_VARIABLE;5;63.5;800;320;1;160;320
2068;z4144B;TVM430;2600;P_VARIABLE;2;20;800;320;1;160;320
2069;z4144C;TVM430;2000;P_VARIABLE;13;61.91;800;320;1;160;320
2070;z4145A;TVM430;2300;P_VARIABLE;2;59;800;320;1;160;320
2071;z4145C;TVM430;2300;P_VARIABLE;4;93;800;320;1;160;320
2072;z4145D;TVM430;1700;P_VARIABLE;2;79;800;320;1;160;320
2073;z4145G;TVM430;2300;P_VARIABLE;2;74;800;320;1;160;320
2074;z4145H;TVM430;1700;P_VARIABLE;3;47;800;320;1;160;320
2075;z4164E;TVM430;2600;P_VARIABLE;7;78;800;320;1;160;320
2076;z4192D;TVM430;2600;P_VARIABLE;2;74;800;320;1;160;320
2077;z4192E;TVM430;2000;P_VARIABLE;3;47;800;320;1;160;320
2078;z4207B;TVM430;2300;P_VARIABLE;5;86.25;800;320;1;160;320
2079;z4207C;TVM430;1700;P_VARIABLE;2;78;800;320;1;160;320
2080;z4207D;TVM430;2300;P_VARIABLE;5;83.25;800;320;1;160;320
2081;z4215A;TVM430;1700;P_VARIABLE;12;61;800;320;1;160;320
2082;z4332C;TVM430;2600;P_VARIABLE;4;85;800;320;1;160;320
2083;z4403D;TVM430;2300;P_VARIABLE;3;82;800;320;1;160;320
2084;z4403F;TVM430;2300;P_VARIABLE;6;86.4;800;320;1;160;320
2085;z4414A;TVM430;2000;P_VARIABLE;7;62.16;800;320;1;160;320
2086;z4414B;TVM430;2600;P_VARIABLE;3;88;800;320;1;160;320
2087;z4432A;TVM430;2000;P_VARIABLE;8;57.57;800;320;1;160;320
2088;z4432C;TVM430;2000;P_VARIABLE;7;62.16;800;320;1;160;320
2089;z4432D;TVM430;2600;P_VARIABLE;3;82;800;320;1;160;320
2090;z4436B;TVM430;2000;P_VARIABLE;4;61.66;800;320;1;160;320
2091;z4436C;TVM430;2600;P_VARIABLE;5;76.25;800;320;1;160;320
2092;z4503B;TVM430;1700;P_VARIABLE;6;59.2;800;320;1;160;320
2093;z4532C;TVM430;2000;P_VARIABLE;6;55;800;320;1;160;320
2094;z4603D;TVM430;2300;P_VARIABLE;6;85.2;800;320;1;160;320
2095;z4632C;TVM430;2000;P_VARIABLE;6;57;800;320;1;160;320
2096;z4633A;TVM430;1700;P_VARIABLE;5;55.25;800;320;1;160;320
2097;z5103A;TVM430;2300;P_VARIABLE;14;81.84;800;320;1;160;320
2098;z5103B;TVM430;1700;P_VARIABLE;8;62.85;800;320;1;160;320
2099;z5123A;TVM430;2300;P_VARIABLE;10;82.77;800;320;1;160;320
2100;z5123B;TVM430;1700;P_VARIABLE;3;68.5;800;320;1;160;320
2101;z5123D;TVM430;1700;P_VARIABLE;5;60;800;320;1;160;320
2102;z5123F;TVM430;1700;P_VARIABLE;7;63.66;800;320;1;160;320
2103;z5134B;TVM430;2600;P_VARIABLE;2;117;800;320;1;160;320
2104;z5134E;TVM430;2000;P_VARIABLE;4;65.33;800;320;1;160;320
2105;z5145B;TVM430;1700;P_VARIABLE;3;68.5;800;320;1;160;320
2106;z5145D;TVM430;1700;P_VARIABLE;7;64;800;320;1;160;320
2107;z5162A;TVM430;2000;P_VARIABLE;8;58.85;800;320;1;160;320
2108;z5162D;TVM430;2600;P_VARIABLE;5;70;800;320;1;160;320
2109;z5162F;TVM430;2600;P_VARIABLE;6;72.4;800;320;1;160;320
2110;z5163C;TVM430;2300;P_VARIABLE;2;61;800;320;1;160;320
2111;z5163F;TVM430;2300;P_VARIABLE;6;85.8;800;320;1;160;320
2112;z6167A;TVM430;2300;P_VARIABLE;4;87.33;800;320;1;160;320
2113;z1133A;TVM430;1700;P_VARIABLE;12;60;800;320;1;160;320
2114;z1133B;TVM430;2300;P_VARIABLE;11;78.2;800;320;1;160;320
2115;z1203A;TVM430;1700;P_VARIABLE;14;60;800;320;1;160;320
2116;z1203B;TVM430;2300;P_VARIABLE;5;73.25;800;320;1;160;320
2117;z1203C;TVM430;1700;P_VARIABLE;4;54.66;800;320;1;160;320
2118;z1224B;TVM430;2600;P_VARIABLE;3;64;800;320;1;160;320
2119;z1265C;TVM430;2300;P_VARIABLE;10;83.11;800;320;1;160;320
2120;z1292A;TVM430;2600;P_VARIABLE;3;86.5;800;320;1;160;320
2121;z1296;TVM430;2000;P_VARIABLE;25;60;800;320;1;160;320
2122;z1302A;TVM430;2000;P_VARIABLE;5;61;800;320;1;160;320
2123;z1302B;TVM430;2600;P_VARIABLE;16;79;800;320;1;160;320
2124;z1303D;TVM430;1700;P_VARIABLE;4;59;800;320;1;160;320
2125;z1403D;TVM430;1700;P_VARIABLE;4;61;800;320;1;160;320
2126;z1403F;TVM430;1700;P_VARIABLE;9;56.5;800;320;1;160;320
2127;z1414A;TVM430;2600;P_VARIABLE;5;88.75;800;320;1;160;320
2128;z1432C;TVM430;2600;P_VARIABLE;5;88;800;320;1;160;320
2129;z1432D;TVM430;2000;P_VARIABLE;4;61;800;320;1;160;320
2130;z1540A;TVM430;2000;P_VARIABLE;0;0;800;320;1;160;320
2131;z1703D;TVM430;2300;P_VARIABLE;4;74.33;800;320;1;160;320
2132;z1903D;TVM430;1700;P_VARIABLE;6;56.6;800;320;1;160;320
2133;z1932A;TVM430;2600;P_VARIABLE;5;88.5;800;320;1;160;320
2134;z2003B;TVM430;2300;P_VARIABLE;3;91;800;320;1;160;320
2135;z2103A;TVM430;1700;P_VARIABLE;5;67.25;800;320;1;160;320
2136;z2103D;TVM430;2300;P_VARIABLE;4;67.33;800;320;1;160;320
2137;z2103F;TVM430;2300;P_VARIABLE;6;86.6;800;320;1;160;320
2138;z2114B;TVM430;2600;P_VARIABLE;3;86;800;320;1;160;320
2139;z2132E;TVM430;2600;P_VARIABLE;4;65.33;800;320;1;160;320
2140;z2203B;TVM430;2300;P_VARIABLE;0;105;800;320;1;160;320
2141;z2233A;TVM430;2300;P_VARIABLE;5;77;800;320;1;160;320
2142;z2303D;TVM430;2300;P_VARIABLE;3;82;800;320;1;160;320
2143;z2303F;TVM430;2300;P_VARIABLE;6;86.4;800;320;1;160;320
2144;z2314A;TVM430;2600;P_VARIABLE;5;88.25;800;320;1;160;320
2145;z2314B;TVM430;2000;P_VARIABLE;4;65.33;800;320;1;160;320
2146;z2332C;TVM430;2600;P_VARIABLE;5;88.25;800;320;1;160;320
2147;z2332D;TVM430;2000;P_VARIABLE;4;61.33;800;320;1;160;320
2148;z2402A;TVM430;2000;P_VARIABLE;7;57.33;800;320;1;160;320
2149;z2403B;TVM430;1700;P_VARIABLE;7;56.33;800;320;1;160;320
2150;z2403C;TVM430;2300;P_VARIABLE;4;84.66;800;320;1;160;320
2151;z2432B;TVM430;2000;P_VARIABLE;7;55.5;800;320;1;160;320
2152;z2432C;TVM430;2600;P_VARIABLE;6;83.8;800;320;1;160;320
2153;z2503C;TVM430;2300;P_VARIABLE;3;64;800;320;1;160;320
2154;z2602A;TVM430;2000;P_VARIABLE;7;59.33;800;320;1;160;320
2155;z5163G;TVM430;1700;P_VARIABLE;1;42;800;320;1;160;320
2156;z5184C;TVM430;2000;P_VARIABLE;5;57;800;320;1;160;320
2157;z5184F;TVM430;2600;P_VARIABLE;2;62;800;320;1;160;320
2158;z5184H;TVM430;2000;P_VARIABLE;2;49;800;320;1;160;320
2159;z1427;TVM430;2300;P_VARIABLE;2;84;800;320;1;160;320
2160;z2127;TVM430;1700;P_VARIABLE;3;63.5;800;320;1;160;320
2161;z2327;TVM430;1700;P_VARIABLE;3;18.5;800;320;1;160;320
2162;z2727;TVM430;2300;P_VARIABLE;2;84;800;320;1;160;320
2163;z1222;TVM430;1700;P_VARIABLE;4;59.33333;800;320;1;160;320
2164;z1267B;TVM430;2300;P_VARIABLE;2;101;800;320;1;160;320
2165;z1292D;TVM430;2600;P_VARIABLE;2;84;800;320;1;160;320
2166;z7325A;TVM430;1700;P_VARIABLE;2;65;800;320;1;160;320
2167;z2632A;TVM430;2000;P_VARIABLE;5;53.75;800;320;1;160;320
2168;z2632C;TVM430;2000;P_VARIABLE;6;55;800;320;1;160;320
2169;z2632D;TVM430;2600;P_VARIABLE;6;85.2;800;320;1;160;320
2170;z2633A;TVM430;1700;P_VARIABLE;0;0;800;320;1;160;320
2171;z2703F;TVM430;1700;P_VARIABLE;9;56.5;800;320;1;160;320
2172;z2714A;TVM430;2600;P_VARIABLE;5;88.25;800;320;1;160;320
2173;z2714B;TVM430;2000;P_VARIABLE;4;65.33;800;320;1;160;320
2174;z2732C;TVM430;2600;P_VARIABLE;5;88.25;800;320;1;160;320
2175;z2803A;TVM430;2300;P_VARIABLE;8;80;800;320;1;160;320
2176;z2803B;TVM430;1700;P_VARIABLE;3;74;800;320;1;160;320
2177;z2833A;TVM430;1700;P_VARIABLE;14;61.3;800;320;1;160;320
2178;z2903B;TVM430;1700;P_VARIABLE;7;55;800;320;1;160;320
2179;z2924A;TVM430;2000;P_VARIABLE;5;57.5;800;320;1;160;320
2180;z2924B;TVM430;2600;P_VARIABLE;5;73;800;320;1;160;320
2181;z1227A;TVM430;1700;P_VARIABLE;7;64.16;800;320;1;160;320
2182;z1233B;TVM430;1700;P_VARIABLE;3;46.5;800;320;1;160;320
2183;z1233F;TVM430;2300;P_VARIABLE;5;77.75;800;320;1;160;320
2184;z1233G;TVM430;1700;P_VARIABLE;6;65;800;320;1;160;320
2185;z1233J;TVM430;2300;P_VARIABLE;4;76.33;800;320;1;160;320
2186;z7213B;TVM430;1700;P_VARIABLE;6;61.2;800;320;1;160;320
2187;z7303B;TVM430;1700;P_VARIABLE;5;57;800;320;1;160;320
2188;z7303C;TVM430;2300;P_VARIABLE;5;77;800;320;1;160;320
2189;z7303D;TVM430;1700;P_VARIABLE;3;70.5;800;320;1;160;320
2190;z7303E;TVM430;2300;P_VARIABLE;8;81.57;800;320;1;160;320
2191;z7303G;TVM430;1700;P_VARIABLE;4;51.66;800;320;1;160;320
2192;z7306A;TVM430;2000;P_VARIABLE;3;65.5;800;320;1;160;320
2193;z7306B;TVM430;2600;P_VARIABLE;3;78;800;320;1;160;320
2194;z7316A;TVM430;2600;P_VARIABLE;4;70.33;800;320;1;160;320
2195;z7316B;TVM430;2000;P_VARIABLE;11;59.1;800;320;1;160;320
2196;z7316C;TVM430;2600;P_VARIABLE;6;74;800;320;1;160;320
2197;z7317A;TVM430;1700;P_VARIABLE;3;59;800;320;1;160;320
2198;z7317C;TVM430;1700;P_VARIABLE;4;62.33;800;320;1;160;320
2199;z7317D;TVM430;2300;P_VARIABLE;3;84.5;800;320;1;160;320
2200;z7318A;TVM430;2000;P_VARIABLE;5;61.75;800;320;1;160;320
2201;z7318B;TVM430;2600;P_VARIABLE;3;84.5;800;320;1;160;320
2202;z7319C;TVM430;2300;P_VARIABLE;3;83.5;800;320;1;160;320
2203;z7319D;TVM430;1700;P_VARIABLE;3;85;800;320;1;160;320
2204;z7332A;TVM430;2600;P_VARIABLE;12;81.36;800;320;1;160;320
2205;z7338A;TVM430;2600;P_VARIABLE;12;80;800;320;1;160;320
2206;z7338B;TVM430;2000;P_VARIABLE;6;55.2;800;320;1;160;320
2207;z7402A;TVM430;2600;P_VARIABLE;6;76.4;800;320;1;160;320
2208;z7402B;TVM430;2000;P_VARIABLE;14;61;800;320;1;160;320
2209;z7325C;TVM430;1700;P_VARIABLE;1;46;800;320;1;160;320
2210;z7327A;TVM430;2300;P_VARIABLE;3;55.5;800;320;1;160;320
2211;z7727C;TVM430;1700;P_VARIABLE;4;60;800;320;1;160;320
2212;z7727F;TVM430;1700;P_VARIABLE;4;60;800;320;1;160;320
2213;z7732B;TVM430;2000;P_VARIABLE;4;60;800;320;1;160;320
2214;z7732E;TVM430;2000;P_VARIABLE;4;60;800;320;1;160;320
2215;z4927;TVM430;1700;P_VARIABLE;3;18.5;800;320;1;160;320
2216;z5134K;TVM430;2000;P_VARIABLE;0;0;800;320;1;160;320
2217;z7735C;TVM430;1700;P_VARIABLE;5;65.25;800;320;1;160;320
2218;z4214B;TVM430;2000;P_VARIABLE;3;70.5;800;320;1;160;320
2219;z2927B;TVM430;2300;P_VARIABLE;17;80;800;320;1;160;320
2220;z7403D;TVM430;2300;P_VARIABLE;4;70.66;800;320;1;160;320
2221;z7409A;TVM430;1700;P_VARIABLE;5;56.5;800;320;1;160;320
2222;z7409B;TVM430;2300;P_VARIABLE;15;81.28;800;320;1;160;320
2223;z7423A;TVM430;1700;P_VARIABLE;5;61.25;800;320;1;160;320
2224;z7423B;TVM430;2300;P_VARIABLE;4;87.33;800;320;1;160;320
2225;z7432B;TVM430;2600;P_VARIABLE;5;72.25;800;320;1;160;320
2226;z7614A;TVM430;2000;P_VARIABLE;6;54.6;800;320;1;160;320
2227;z7615A;TVM430;2300;P_VARIABLE;5;72;800;320;1;160;320
2228;z7703D;TVM430;1700;P_VARIABLE;3;71.5;800;320;1;160;320
2229;z7703E;TVM430;2300;P_VARIABLE;3;61;800;320;1;160;320
2230;z7724B;TVM430;2000;P_VARIABLE;5;64.25;800;320;1;160;320
2231;z2975C;TVM430;1700;P_VARIABLE;8;58.71;800;320;1;160;320
2232;z2992A;TVM430;2000;P_VARIABLE;9;63.5;800;320;1;160;320
2233;z4175D;TVM430;1700;P_VARIABLE;11;61.7;800;320;1;160;320
2234;z4192A;TVM430;2000;P_VARIABLE;11;61.7;800;320;1;160;320
2235;z4233;TVM430;2300;P_VARIABLE;16;81.21;800;320;1;160;320
2236;z4236;TVM430;2600;P_VARIABLE;16;78.6;800;320;1;160;320
2237;z4303D;TVM430;2300;P_VARIABLE;6;73;800;320;1;160;320
2238;z4332A;TVM430;2600;P_VARIABLE;7;80;800;320;1;160;320
2239;z4425C;TVM430;1700;P_VARIABLE;14;58.84;800;320;1;160;320
2240;z7752C;TVM430;2000;P_VARIABLE;10;60;800;320;1;160;320
2241;z4503A;TVM430;1700;P_VARIABLE;5;60;800;320;1;160;320
2242;z4903D;TVM430;2300;P_VARIABLE;3;80;800;320;1;160;320
2243;z4903F;TVM430;2300;P_VARIABLE;7;83.16;800;320;1;160;320
2244;z4914A;TVM430;2000;P_VARIABLE;7;62.33;800;320;1;160;320
2245;z4932C;TVM430;2000;P_VARIABLE;7;62.5;800;320;1;160;320
2246;z4932D;TVM430;2600;P_VARIABLE;3;80;800;320;1;160;320
2247;z4303A;TVM430;1700;P_VARIABLE;0;0;800;320;1;160;320
2248;z4332D;TVM430;2000;P_VARIABLE;4;49.66667;800;320;1;160;320
2249;z2114A;TVM430;2000;P_VARIABLE;0;0;800;320;1;160;320
2250;z7752B;TVM430;2600;P_VARIABLE;0;0;800;320;1;160;320
2251;z7317B;TVM430;2300;P_VARIABLE;0;0;800;320;1;160;320
2252;z2132D;TVM430;2000;P_VARIABLE;0;0;800;320;1;160;320
2253;z4903C;TVM430;1700;P_VARIABLE;0;0;800;320;1;160;320
2254;z5184D;TVM430;2600;P_VARIABLE;0;0;800;320;1;160;320
2255;z2303C;TVM430;1700;P_VARIABLE;0;0;800;320;1;160;320
2256;z7735A;TVM430;1700;P_VARIABLE;0;0;800;320;1;160;320
2257;z4603A;TVM430;1700;P_VARIABLE;4;53.33333;800;320;1;160;320
2258;z5134F;TVM430;2600;P_VARIABLE;0;0;800;320;1;160;320
2259;z1265A;TVM430;2300;P_VARIABLE;0;0;800;320;1;160;320
2260;z7632C;TVM430;2600;P_VARIABLE;0;0;800;320;1;160;320
2261;z4503D;TVM430;1700;P_VARIABLE;0;0;800;320;1;160;320
2262;z1227B;TVM430;2300;P_VARIABLE;2;72;800;320;1;160;320
2263;z4215C;TVM430;1700;P_VARIABLE;0;0;800;320;1;160;320
2264;z5123C;TVM430;2300;P_VARIABLE;0;0;800;320;1;160;320
2265;z5163D;TVM430;1700;P_VARIABLE;0;0;800;320;1;160;320
2266;z1603A;TVM430;2300;P_VARIABLE;0;0;800;320;1;160;320
2267;z7752F;TVM430;2600;P_VARIABLE;3;67;800;320;1;160;320
2268;z4925A;TVM430;1700;P_VARIABLE;0;0;800;320;1;160;320
2269;z2103C;TVM430;1700;P_VARIABLE;0;0;800;320;1;160;320
2270;z1502A;TVM430;2600;P_VARIABLE;0;0;800;320;1;160;320
2271;z2725A;TVM430;2300;P_VARIABLE;0;0;800;320;1;160;320
2272;z5134G;TVM430;2000;P_VARIABLE;4;51.33333;800;320;1;160;320
2273;z4192C;TVM430;2000;P_VARIABLE;0;0;800;320;1;160;320
2274;z5145C;TVM430;2300;P_VARIABLE;0;0;800;320;1;160;320
2275;z7752G;TVM430;2000;P_VARIABLE;3;67.5;800;320;1;160;320
2276;z5134A;TVM430;2000;P_VARIABLE;0;0;800;320;1;160;320
2277;z4503A;TVM430;2300;P_VARIABLE;3;88;800;320;1;160;320
2278;z2703C;TVM430;2300;P_VARIABLE;0;0;800;320;1;160;320
2279;z1252B;TVM430;2000;P_VARIABLE;0;0;800;320;1;160;320
2280;z1425A;TVM430;2300;P_VARIABLE;0;0;800;320;1;160;320
2281;z1603C;TVM430;2300;P_VARIABLE;0;0;800;320;1;160;320
2282;z2125A;TVM430;1700;P_VARIABLE;0;0;800;320;1;160;320
2283;z2927A;TVM430;1700;P_VARIABLE;0;0;800;320;1;160;320
2284;z7329A;TVM430;1700;P_VARIABLE;0;0;800;320;1;160;320
2285;z2703D;TVM430;1700;P_VARIABLE;4;61;800;320;1;160;320
2286;z7752D;TVM430;2600;P_VARIABLE;2;86;800;320;1;160;320
2287;z7752E;TVM430;2000;P_VARIABLE;0;0;800;320;1;160;320
2288;z2444A;TVM430;2600;P_VARIABLE;0;0;800;320;1;160;320
2289;z4303C;TVM430;1700;P_VARIABLE;0;0;800;320;1;160;320
2290;z7724A;TVM430;2600;P_VARIABLE;0;0;800;320;1;160;320
2291;z4403C;TVM430;1700;P_VARIABLE;0;0;800;320;1;160;320
2292;z4175A;TVM430;2300;P_VARIABLE;0;0;800;320;1;160;320
2293;z2603B;TVM430;1700;P_VARIABLE;0;0;800;320;1;160;320
2294;z5145A;TVM430;2300;P_VARIABLE;0;0;800;320;1;160;320
2295;z4425A;TVM430;1700;P_VARIABLE;0;0;800;320;1;160;320
2296;z2732D;TVM430;2000;P_VARIABLE;4;62;800;320;1;160;320
2297;z4145F;TVM430;1700;P_VARIABLE;0;0;800;320;1;160;320
2298;z4175C;TVM430;2300;P_VARIABLE;2;60;800;320;1;160;320
2299;z2033A;TVM430;1700;P_VARIABLE;0;0;800;320;1;160;320
2300;z1303C;TVM430;2300;P_VARIABLE;0;0;800;320;1;160;320
2301;z4603B;TVM430;2300;P_VARIABLE;0;0;800;320;1;160;320
2302;z4232A;TVM430;2000;P_VARIABLE;4;58.33333;800;320;1;160;320
2303;z4703C;TVM430;1700;P_VARIABLE;0;0;800;320;1;160;320
2304;z4164D;TVM430;2000;P_VARIABLE;0;0;800;320;1;160;320
2305;z4503C;TVM430;1700;P_VARIABLE;0;0;800;320;1;160;320
2306;z1903C;TVM430;2300;P_VARIABLE;0;0;800;320;1;160;320
2307;z7410B;TVM430;2600;P_VARIABLE;0;0;800;320;1;160;320
2308;z1403C;TVM430;2300;P_VARIABLE;0;0;800;320;1;160;320
2309;z1703C;TVM430;1700;P_VARIABLE;0;0;800;320;1;160;320
2310;z7703C;TVM430;2300;P_VARIABLE;0;0;800;320;1;160;320
2311;z5134J;TVM430;2600;P_VARIABLE;0;0;800;320;1;160;320
2312;z2325A;TVM430;1700;P_VARIABLE;0;0;800;320;1;160;320
2313;z4164A;TVM430;2600;P_VARIABLE;0;0;800;320;1;160;320
2314;z7319A;TVM430;2300;P_VARIABLE;0;0;800;320;1;160;320
2315;z1111B;TVM430;1700;P_VARIABLE;0;0;800;320;1;160;320
2316;z1332A;TVM430;2000;P_VARIABLE;0;0;800;320;1;160;320
2317;z2977B;TVM430;1700;P_VARIABLE;3;56;800;320;1;160;320
2318;z4167C;TVM430;2300;P_VARIABLE;3;90;800;320;1;160;320
2319;z4167F;TVM430;2300;P_VARIABLE;3;90;800;320;1;160;320
2320;z4172B;TVM430;2000;P_VARIABLE;5;52;800;320;1;160;320
2321;z4172E;TVM430;2000;P_VARIABLE;5;52;800;320;1;160;320
2322;z4427;TVM430;1700;P_VARIABLE;3;55;800;320;1;160;320
2323;z62A;UM71;2600;P_CONSTANT;13;100;800;320;0;160;320
2324;z5147;TVM430;2300;P_VARIABLE;1;54;800;320;1;160;320
2325;z5162C;TVM430;2000;P_VARIABLE;2;64;800;320;1;160;320
2326;z5162E;TVM430;2000;P_VARIABLE;2;56;800;320;1;160;320
2327;z5163A;TVM430;2300;P_VARIABLE;2;62;800;320;1;160;320
2328;z4436A;TVM430;2600;P_VARIABLE;12;76.45;800;320;1;160;320
2329;z4529;TVM430;2300;P_VARIABLE;20;78;800;320;1;160;320
2330;z4532A;TVM430;2000;P_VARIABLE;5;52.75;800;320;1;160;320
2331;z4632A;TVM430;2000;P_VARIABLE;12;61.72;800;320;1;160;320
2332;z4633B;TVM430;2300;P_VARIABLE;16;80;800;320;1;160;320
2333;z4662A;TVM430;2000;P_VARIABLE;10;57.33;800;320;1;160;320
2334;z1103B;TVM430;2300;P_VARIABLE;11;81.5;800;320;1;160;320
2335;z1110A;TVM430;2000;P_VARIABLE;18;59.11;800;320;1;160;320
2336;z1219;TVM430;2300;P_VARIABLE;18;78.58;800;320;1;160;320
2337;z1224A;TVM430;2000;P_VARIABLE;16;60.93;800;320;1;160;320
2338;z1293;TVM430;1700;P_VARIABLE;26;59.36;800;320;1;160;320
2339;z1332D;TVM430;2600;P_VARIABLE;4;75;800;320;1;160;320
2340;z1333;TVM430;2300;P_VARIABLE;19;81.27;800;320;1;160;320
2341;z1336;TVM430;2600;P_VARIABLE;19;79;800;320;1;160;320
2342;z1425C;TVM430;2300;P_VARIABLE;11;77.2;800;320;1;160;320
2343;z1532A;TVM430;2600;P_VARIABLE;21;80;800;320;1;160;320
2344;z1602;TVM430;2600;P_VARIABLE;18;80.94;800;320;1;160;320
2345;z1603D;TVM430;1700;P_VARIABLE;4;56.33;800;320;1;160;320
2346;z1636;TVM430;2000;P_VARIABLE;23;60;800;320;1;160;320
2347;z1732D;TVM430;2600;P_VARIABLE;6;83.8;800;320;1;160;320
2348;z1733;TVM430;1700;P_VARIABLE;26;60;800;320;1;160;320
2349;z1932D;TVM430;2000;P_VARIABLE;4;64;800;320;1;160;320
2350;z1933;TVM430;2300;P_VARIABLE;19;81.05;800;320;1;160;320
2351;z1936;TVM430;2000;P_VARIABLE;26;60;800;320;1;160;320
2352;z2033B;TVM430;2300;P_VARIABLE;18;78.05;800;320;1;160;320
2353;z2125C;TVM430;1700;P_VARIABLE;10;60;800;320;1;160;320
2354;z2136;TVM430;2000;P_VARIABLE;24;60;800;320;1;160;320
2355;z2232D;TVM430;2000;P_VARIABLE;5;61.5;800;320;1;160;320
2356;z2233B;TVM430;1700;P_VARIABLE;17;60;800;320;1;160;320
2357;z2325C;TVM430;1700;P_VARIABLE;13;58.41;800;320;1;160;320
2358;z2332A;TVM430;2600;P_VARIABLE;9;78.75;800;320;1;160;320
2359;z2429;TVM430;1700;P_VARIABLE;25;60;800;320;1;160;320
2360;z2432A;TVM430;2600;P_VARIABLE;8;75.28;800;320;1;160;320
2361;z2448;TVM430;2000;P_VARIABLE;24;61.3;800;320;1;160;320
2362;z2472A;TVM430;2000;P_VARIABLE;6;56.6;800;320;1;160;320
2363;z2532A;TVM430;2600;P_VARIABLE;9;75;800;320;1;160;320
2364;z2633B;TVM430;2300;P_VARIABLE;17;81.06;800;320;1;160;320
2365;z2636;TVM430;2600;P_VARIABLE;20;77.89;800;320;1;160;320
2366;z2725C;TVM430;2300;P_VARIABLE;12;80;800;320;1;160;320
2367;z2732A;TVM430;2600;P_VARIABLE;9;83.87;800;320;1;160;320
2368;z7141;SEI;2300;P_VARIABLE;19;77.77;800;320;1;160;320
2369;z7144A;SEI;2600;P_VARIABLE;17;80;800;320;1;160;320
2370;z6269;SEI;1700;P_VARIABLE;26;61.16;800;320;1;160;320
2371;z6302;SEI;2600;P_VARIABLE;20;80;800;320;1;160;320
2372;z6403A;SEI;2300;P_VARIABLE;9;75;800;320;1;160;320
2373;z6413A;SEI;2300;P_VARIABLE;8;78;800;320;1;160;320
2374;z6418C;SEI;2600;P_VARIABLE;9;80;800;320;1;160;320
2375;z2833B;TVM430;2300;P_VARIABLE;8;77.28;800;320;1;160;320
2376;z2903C;TVM430;2300;P_VARIABLE;12;76.54;800;320;1;160;320
2377;z2932;TVM430;2600;P_VARIABLE;20;78.36;800;320;1;160;320
2378;z1233D;TVM430;1700;P_VARIABLE;15;58.07;800;320;1;160;320
2379;z1252A;TVM430;2600;P_VARIABLE;15;78;800;320;1;160;320
2380;z7203C;TVM430;1700;P_VARIABLE;27;60;800;320;1;160;320
2381;z7232A;TVM430;2600;P_VARIABLE;3;72;800;320;1;160;320
2382;z7329C;TVM430;1700;P_VARIABLE;21;61;800;320;1;160;320
2383;z7410A;TVM430;2000;P_VARIABLE;8;60;800;320;1;160;320
2384;z7423C;TVM430;1700;P_VARIABLE;13;61.91;800;320;1;160;320
2385;z7432A;TVM430;2000;P_VARIABLE;20;60;800;320;1;160;320
2386;z7632B;TVM430;2000;P_VARIABLE;5;53.75;800;320;1;160;320
2387;z7645B;TVM430;1700;P_VARIABLE;14;60;800;320;1;160;320
2388;z7752A;TVM430;2000;P_VARIABLE;5;61.5;800;320;1;160;320
2389;z4439B;TVM430;2300;P_VARIABLE;11;76.1;800;320;1;160;320
2390;z4503D;TVM430;2300;P_VARIABLE;8;82.57;800;320;1;160;320
2391;z4536;TVM430;2600;P_VARIABLE;18;80;800;320;1;160;320
2392;z4564A;TVM430;2600;P_VARIABLE;7;82.83;800;320;1;160;320
2393;z4703D;TVM430;2300;P_VARIABLE;6;78.8;800;320;1;160;320
2394;z4732D;TVM430;2000;P_VARIABLE;4;69.66;800;320;1;160;320
2395;z4925C;TVM430;1700;P_VARIABLE;12;62.63;800;320;1;160;320
2396;z5103A;SEI;2300;P_VARIABLE;17;76.5;800;320;1;160;320
2397;z5114D;SEI;2600;P_VARIABLE;4;69.66;800;320;1;160;320
2398;z5114F;SEI;2600;P_VARIABLE;3;61;800;320;1;160;320
2399;z5153A;SEI;2300;P_VARIABLE;8;85;800;320;1;160;320
2400;z5164B;SEI;2600;P_VARIABLE;9;84;800;320;1;160;320
2401;z5181A;SEI;2300;P_VARIABLE;11;78;800;320;1;160;320
2402;z5203A;SEI;1700;P_VARIABLE;5;58.5;800;320;1;160;320
2403;z5232D;SEI;2000;P_VARIABLE;8;60.85;800;320;1;160;320
2404;z5248B;SEI;2000;P_VARIABLE;12;62.54;800;320;1;160;320
2405;z5302;SEI;2000;P_VARIABLE;26;60;800;320;1;160;320
2406;z5333A;SEI;2300;P_VARIABLE;8;78.28;800;320;1;160;320
2407;z5345A;SEI;2300;P_VARIABLE;7;80.5;800;320;1;160;320
2408;z5349;SEI;2300;P_VARIABLE;18;78.64;800;320;1;160;320
2409;z5352A;SEI;2600;P_VARIABLE;4;73.66;800;320;1;160;320
2410;z5402B;SEI;2600;P_VARIABLE;9;80;800;320;1;160;320
2411;z5403A;SEI;2300;P_VARIABLE;4;71.33;800;320;1;160;320
2412;z5444B;SEI;2000;P_VARIABLE;13;60;800;320;1;160;320
2413;z5460A;SEI;2000;P_VARIABLE;5;60;800;320;1;160;320
2414;z5461A;SEI;2300;P_VARIABLE;11;82.5;800;320;1;160;320
2415;z5503A;SEI;1700;P_VARIABLE;10;57.22;800;320;1;160;320
2416;z5512;SEI;2600;P_VARIABLE;2;70;800;320;1;160;320
2417;z5514C;SEI;2600;P_VARIABLE;9;81.37;800;320;1;160;320
2418;z5556B;SEI;2000;P_VARIABLE;12;58.27;800;320;1;160;320
2419;z5572B;SEI;2000;P_VARIABLE;12;61;800;320;1;160;320
2420;z5576A;SEI;2600;P_VARIABLE;5;72.25;800;320;1;160;320
2421;z5588B;SEI;2000;P_VARIABLE;15;58.85;800;320;1;160;320
2422;z5589A;SEI;1700;P_VARIABLE;25;60;800;320;1;160;320
2423;z5592;SEI;2000;P_VARIABLE;24;61.43;800;320;1;160;320
2424;z5622A;SEI;2600;P_VARIABLE;4;69.66;800;320;1;160;320
2425;z5623A;SEI;1700;P_VARIABLE;9;59.12;800;320;1;160;320
2426;z5649;SEI;2300;P_VARIABLE;19;77.88;800;320;1;160;320
2427;z6003A;SEI;2300;P_VARIABLE;7;76.16;800;320;1;160;320
2428;z6014C;SEI;2000;P_VARIABLE;13;62.08;800;320;1;160;320
2429;z6057A;SEI;2300;P_VARIABLE;10;79.22;800;320;1;160;320
2430;z6064A;SEI;2000;P_VARIABLE;5;60;800;320;1;160;320
2431;z6065A;SEI;1700;P_VARIABLE;25;58.91;800;320;1;160;320
2432;z6073;SEI;1700;P_VARIABLE;25;59.7;800;320;1;160;320
2433;z6132D;SEI;2600;P_VARIABLE;4;71.33;800;320;1;160;320
2434;z6141A;SEI;1700;P_VARIABLE;13;60;800;320;1;160;320
2435;z6148B;SEI;2000;P_VARIABLE;14;60;800;320;1;160;320
2436;z6161C;SEI;1700;P_VARIABLE;7;63;800;320;1;160;320
2437;z6214F;SEI;2600;P_VARIABLE;3;90.5;800;320;1;160;320
2438;z6244B;SEI;2600;P_VARIABLE;15;81.28;800;320;1;160;320
2439;z6249A;SEI;1700;P_VARIABLE;13;62.08;800;320;1;160;320
2440;z6744B;SEI;2000;P_VARIABLE;16;61.33;800;320;1;160;320
2441;z6748A;SEI;2600;P_VARIABLE;9;80;800;320;1;160;320
2442;z6748B;SEI;2000;P_VARIABLE;12;57.72;800;320;1;160;320
2443;z6749A;SEI;1700;P_VARIABLE;14;59.23;800;320;1;160;320
2444;z6749B;SEI;2300;P_VARIABLE;12;77.27;800;320;1;160;320
2445;z6749C;SEI;1700;P_VARIABLE;16;60;800;320;1;160;320
2446;z6752A;SEI;2600;P_VARIABLE;9;81.5;800;320;1;160;320
2447;z6752B;SEI;2000;P_VARIABLE;11;62.3;800;320;1;160;320
2448;z6757A;SEI;2300;P_VARIABLE;10;81.22;800;320;1;160;320
2449;z6757B;SEI;1700;P_VARIABLE;12;58.18;800;320;1;160;320
2450;z6760A;SEI;2600;P_VARIABLE;11;78.2;800;320;1;160;320
2451;z6760B;SEI;2000;P_VARIABLE;9;61.62;800;320;1;160;320
2452;z6764B;SEI;2000;P_VARIABLE;12;59.36;800;320;1;160;320
2453;z6206;SEI;2600;P_VARIABLE;21;80;800;320;1;160;320
2454;z7003B;SEI;1700;P_VARIABLE;29;59.21;800;320;1;160;320
2455;z6460C;SEI;2000;P_VARIABLE;21;58.65;800;320;1;160;320
2456;z6464B;SEI;2600;P_VARIABLE;17;80;800;320;1;160;320
2457;z6469B;SEI;2300;P_VARIABLE;12;80.81;800;320;1;160;320
2458;z6502B;SEI;2600;P_VARIABLE;14;77.69;800;320;1;160;320
2459;z6617;SEI;1700;P_VARIABLE;21;60;800;320;1;160;320
2460;z6632C;SEI;2600;P_VARIABLE;7;74.5;800;320;1;160;320
2461;z6648B;SEI;2600;P_VARIABLE;10;76.66;800;320;1;160;320
2462;z6669A;SEI;2300;P_VARIABLE;7;83.66;800;320;1;160;320
2463;z6714D;SEI;2000;P_VARIABLE;13;58.75;800;320;1;160;320
2464;z6740B;SEI;2000;P_VARIABLE;22;59.42;800;320;1;160;320
2465;z6180A;SEI;2600;P_VARIABLE;18;80;800;320;1;160;320
2466;z7160B;SEI;2000;P_VARIABLE;18;61.7;800;320;1;160;320
2467;z7165;SEI;2300;P_VARIABLE;19;77.88;800;320;1;160;320
2468;z7206A;SEI;2600;P_VARIABLE;8;85.28;800;320;1;160;320
2469;z7214B;SEI;2000;P_VARIABLE;18;61.17;800;320;1;160;320
2470;z7215A;SEI;1700;P_VARIABLE;11;62.72;800;320;1;160;320
2471;z6757C;SEI;2300;P_VARIABLE;9;79;800;320;1;160;320
2472;z6764A;SEI;2600;P_VARIABLE;9;79;800;320;1;160;320
2473;z6207;SEI;2300;P_VARIABLE;8;80;800;320;1;160;320
2474;z6214G;SEI;2000;P_VARIABLE;9;56;800;320;1;160;320
2475;z5145;SEI;2300;P_VARIABLE;18;82.41;800;320;1;160;320
2476;z5148;SEI;2600;P_VARIABLE;20;77.89;800;320;1;160;320
2477;z5149;SEI;1700;P_VARIABLE;25;59.08;800;320;1;160;320
2478;z5152;SEI;2000;P_VARIABLE;30;59.1;800;320;1;160;320
2479;z5156;SEI;2600;P_VARIABLE;21;80;800;320;1;160;320
2480;z5157;SEI;2300;P_VARIABLE;18;80.64;800;320;1;160;320
2481;z5160;SEI;2000;P_VARIABLE;26;60;800;320;1;160;320
2482;z5161;SEI;1700;P_VARIABLE;27;60;800;320;1;160;320
2483;z5165;SEI;2300;P_VARIABLE;20;81.52;800;320;1;160;320
2484;z5168;SEI;2600;P_VARIABLE;19;81.38;800;320;1;160;320
2485;z5169;SEI;1700;P_VARIABLE;25;59.08;800;320;1;160;320
2486;z5173;SEI;2300;P_VARIABLE;18;80;800;320;1;160;320
2487;z5176;SEI;2000;P_VARIABLE;27;60.69;800;320;1;160;320
2488;z5177;SEI;1700;P_VARIABLE;24;59.3;800;320;1;160;320
2489;z5180;SEI;2600;P_VARIABLE;21;81.6;800;320;1;160;320
2490;z5184;SEI;2000;P_VARIABLE;28;60;800;320;1;160;320
2491;z5185;SEI;2300;P_VARIABLE;21;79.05;800;320;1;160;320
2492;z5202;SEI;2600;P_VARIABLE;23;78.63;800;320;1;160;320
2493;z5240;SEI;2000;P_VARIABLE;31;60.76;800;320;1;160;320
2494;z5241;SEI;1700;P_VARIABLE;32;60.83;800;320;1;160;320
2495;z5244;SEI;2600;P_VARIABLE;20;78.89;800;320;1;160;320
2496;z5245;SEI;2300;P_VARIABLE;29;80;800;320;1;160;320
2497;z5303;SEI;1700;P_VARIABLE;27;59.26;800;320;1;160;320
2498;z5337;SEI;2300;P_VARIABLE;18;81.94;800;320;1;160;320
2499;z5340;SEI;2000;P_VARIABLE;34;60.81;800;320;1;160;320
2500;z5341;SEI;1700;P_VARIABLE;24;58.78;800;320;1;160;320
2501;z5344;SEI;2600;P_VARIABLE;23;80;800;320;1;160;320
2502;z5352B;SEI;2000;P_VARIABLE;31;60.5;800;320;1;160;320
2503;z5353B;SEI;2300;P_VARIABLE;28;81.11;800;320;1;160;320
2504;z5360;SEI;2600;P_VARIABLE;18;80.58;800;320;1;160;320
2505;z5361;SEI;1700;P_VARIABLE;33;60;800;320;1;160;320
2506;z5364;SEI;2000;P_VARIABLE;24;60;800;320;1;160;320
2507;z5365;SEI;2300;P_VARIABLE;22;80;800;320;1;160;320
2508;z5368;SEI;2600;P_VARIABLE;18;81.05;800;320;1;160;320
2509;z5369;SEI;1700;P_VARIABLE;28;59.37;800;320;1;160;320
2510;z5372;SEI;2000;P_VARIABLE;24;60;800;320;1;160;320
2511;z5441;SEI;1700;P_VARIABLE;27;60;800;320;1;160;320
2512;z5445;SEI;2300;P_VARIABLE;20;78.73;800;320;1;160;320
2513;z5448;SEI;2000;P_VARIABLE;27;58.92;800;320;1;160;320
2514;z5449;SEI;1700;P_VARIABLE;30;59.24;800;320;1;160;320
2515;z5452;SEI;2600;P_VARIABLE;19;78.33;800;320;1;160;320
2516;z5453;SEI;2300;P_VARIABLE;20;78.42;800;320;1;160;320
2517;z5456;SEI;2000;P_VARIABLE;25;60;800;320;1;160;320
2518;z5457;SEI;1700;P_VARIABLE;25;59.2;800;320;1;160;320
2519;z5460B;SEI;2600;P_VARIABLE;22;78.09;800;320;1;160;320
2520;z5465;SEI;2300;P_VARIABLE;20;81.84;800;320;1;160;320
2521;z5468;SEI;2000;P_VARIABLE;27;60.65;800;320;1;160;320
2522;z5533;SEI;2300;P_VARIABLE;21;80.6;800;320;1;160;320
2523;z5541;SEI;1700;P_VARIABLE;32;60.83;800;320;1;160;320
2524;z5544;SEI;2000;P_VARIABLE;24;60;800;320;1;160;320
2525;z5545;SEI;2300;P_VARIABLE;21;80.8;800;320;1;160;320
2526;z5548;SEI;2600;P_VARIABLE;18;79.23;800;320;1;160;320
2527;z5553;SEI;1700;P_VARIABLE;35;60;800;320;1;160;320
2528;z5560;SEI;2000;P_VARIABLE;24;60;800;320;1;160;320
2529;z5561;SEI;2300;P_VARIABLE;23;80;800;320;1;160;320
2530;z5564;SEI;2600;P_VARIABLE;18;79.35;800;320;1;160;320
2531;z5569;SEI;1700;P_VARIABLE;27;60.96;800;320;1;160;320
2532;z5573;SEI;2300;P_VARIABLE;21;78.9;800;320;1;160;320
2533;z5577;SEI;1700;P_VARIABLE;27;60.96;800;320;1;160;320
2534;z5581;SEI;2300;P_VARIABLE;22;81.52;800;320;1;160;320
2535;z5584;SEI;2600;P_VARIABLE;18;80.76;800;320;1;160;320
2536;z5622B;SEI;2000;P_VARIABLE;29;60;800;320;1;160;320
2537;z5640;SEI;2600;P_VARIABLE;20;81.73;800;320;1;160;320
2538;z5641;SEI;2300;P_VARIABLE;19;78.94;800;320;1;160;320
2539;z5645;SEI;1700;P_VARIABLE;25;60;800;320;1;160;320
2540;z5648;SEI;2000;P_VARIABLE;27;60;800;320;1;160;320
2541;z5652;SEI;2600;P_VARIABLE;20;81.31;800;320;1;160;320
2542;z5656;SEI;2000;P_VARIABLE;27;60;800;320;1;160;320
2543;z5660;SEI;2600;P_VARIABLE;20;81.52;800;320;1;160;320
2544;z5664;SEI;2000;P_VARIABLE;27;60;800;320;1;160;320
2545;z6002;SEI;2600;P_VARIABLE;20;81.57;800;320;1;160;320
2546;z6033;SEI;1700;P_VARIABLE;27;60.88;800;320;1;160;320
2547;z6040;SEI;2600;P_VARIABLE;20;80;800;320;1;160;320
2548;z6041;SEI;2300;P_VARIABLE;20;80;800;320;1;160;320
2549;z6044;SEI;2000;P_VARIABLE;26;60.6;800;320;1;160;320
2550;z6045;SEI;1700;P_VARIABLE;27;60;800;320;1;160;320
2551;z6048;SEI;2600;P_VARIABLE;20;78.63;800;320;1;160;320
2552;z6049;SEI;2300;P_VARIABLE;20;80.94;800;320;1;160;320
2553;z6052;SEI;2000;P_VARIABLE;26;60;800;320;1;160;320
2554;z6053;SEI;1700;P_VARIABLE;27;60;800;320;1;160;320
2555;z6056;SEI;2600;P_VARIABLE;20;80;800;320;1;160;320
2556;z6060;SEI;2000;P_VARIABLE;26;60.76;800;320;1;160;320
2557;z6061;SEI;2300;P_VARIABLE;20;80.94;800;320;1;160;320
2558;z6064B;SEI;2600;P_VARIABLE;21;78.7;800;320;1;160;320
2559;z6102;SEI;2000;P_VARIABLE;30;60;800;320;1;160;320
2560;z6157;SEI;2300;P_VARIABLE;22;80;800;320;1;160;320
2561;z6161A;SEI;1700;P_VARIABLE;5;55;800;320;1;160;320
2562;z6161B;SEI;2300;P_VARIABLE;23;80;800;320;1;160;320
2563;z6164;SEI;2000;P_VARIABLE;30;60;800;320;1;160;320
2564;z6241;SEI;1700;P_VARIABLE;27;60;800;320;1;160;320
2565;z6245;SEI;2300;P_VARIABLE;20;80.57;800;320;1;160;320
2566;z6248;SEI;2600;P_VARIABLE;21;78.3;800;320;1;160;320
2567;z6252;SEI;2000;P_VARIABLE;27;60.76;800;320;1;160;320
2568;z6253;SEI;1700;P_VARIABLE;27;59.23;800;320;1;160;320
2569;z6256;SEI;2600;P_VARIABLE;22;80;800;320;1;160;320
2570;z6257;SEI;2300;P_VARIABLE;20;81.15;800;320;1;160;320
2571;z6260;SEI;2000;P_VARIABLE;27;60;800;320;1;160;320
2572;z6261;SEI;1700;P_VARIABLE;27;60;800;320;1;160;320
2573;z6264;SEI;2600;P_VARIABLE;20;81.36;800;320;1;160;320
2574;z6265;SEI;2300;P_VARIABLE;20;80.84;800;320;1;160;320
2575;z6268;SEI;2000;P_VARIABLE;27;60;800;320;1;160;320
2576;z6340;SEI;2000;P_VARIABLE;27;58.96;800;320;1;160;320
2577;z6341;SEI;1700;P_VARIABLE;25;60.66;800;320;1;160;320
2578;z6344;SEI;2600;P_VARIABLE;19;80;800;320;1;160;320
2579;z6345;SEI;2300;P_VARIABLE;21;78;800;320;1;160;320
2580;z6348;SEI;2000;P_VARIABLE;26;61.16;800;320;1;160;320
2581;z6349;SEI;1700;P_VARIABLE;27;59.07;800;320;1;160;320
2582;z6402;SEI;2600;P_VARIABLE;19;81.27;800;320;1;160;320
2583;z6408;SEI;2000;P_VARIABLE;27;60;800;320;1;160;320
2584;z6409;SEI;1700;P_VARIABLE;25;61.12;800;320;1;160;320
2585;z6412;SEI;2600;P_VARIABLE;19;80.61;800;320;1;160;320
2586;z6416;SEI;2000;P_VARIABLE;26;59.16;800;320;1;160;320
2587;z6433;SEI;1700;P_VARIABLE;26;60;800;320;1;160;320
2588;z6440;SEI;2000;P_VARIABLE;26;59.5;800;320;1;160;320
2589;z6441;SEI;2300;P_VARIABLE;19;79;800;320;1;160;320
2590;z6444;SEI;2600;P_VARIABLE;20;80;800;320;1;160;320
2591;z6445;SEI;1700;P_VARIABLE;25;60;800;320;1;160;320
2592;z6448;SEI;2000;P_VARIABLE;29;59.14;800;320;1;160;320
2593;z6449;SEI;2300;P_VARIABLE;19;79.33;800;320;1;160;320
2594;z6453;SEI;1700;P_VARIABLE;25;60;800;320;1;160;320
2595;z6456;SEI;2600;P_VARIABLE;23;80.95;800;320;1;160;320
2596;z6457;SEI;2300;P_VARIABLE;19;78.61;800;320;1;160;320
2597;z6461;SEI;1700;P_VARIABLE;25;60.79;800;320;1;160;320
2598;z6465;SEI;2300;P_VARIABLE;21;80;800;320;1;160;320
2599;z6469A;SEI;1700;P_VARIABLE;27;60;800;320;1;160;320
2600;z6472;SEI;2000;P_VARIABLE;23;58.77;800;320;1;160;320
2601;z6620;SEI;2600;P_VARIABLE;31;79;800;320;1;160;320
2602;z6626;SEI;2000;P_VARIABLE;29;60;800;320;1;160;320
2603;z6641;SEI;2300;P_VARIABLE;30;80.58;800;320;1;160;320
2604;z6649A;SEI;1700;P_VARIABLE;17;61.43;800;320;1;160;320
2605;z6649B;SEI;2300;P_VARIABLE;14;81.69;800;320;1;160;320
2606;z6652;SEI;2600;P_VARIABLE;20;78.47;800;320;1;160;320
2607;z6654;SEI;2000;P_VARIABLE;21;60;800;320;1;160;320
2608;z6655;SEI;1700;P_VARIABLE;26;59.16;800;320;1;160;320
2609;z6658;SEI;2600;P_VARIABLE;25;79.37;800;320;1;160;320
2610;z6661;SEI;2300;P_VARIABLE;19;80;800;320;1;160;320
2611;z6665;SEI;1700;P_VARIABLE;25;60.91;800;320;1;160;320
2612;z6668;SEI;2000;P_VARIABLE;28;60;800;320;1;160;320
2613;z6702;SEI;2600;P_VARIABLE;23;78.22;800;320;1;160;320
2614;z6733A;SEI;2300;P_VARIABLE;15;78.5;800;320;1;160;320
2615;z6733B;SEI;1700;P_VARIABLE;8;64.14;800;320;1;160;320
2616;z6740A;SEI;2600;P_VARIABLE;5;76.5;800;320;1;160;320
2617;z6741A;SEI;2300;P_VARIABLE;12;81.63;800;320;1;160;320
2618;z6741B;SEI;1700;P_VARIABLE;5;60.75;800;320;1;160;320
2619;z6741C;SEI;2300;P_VARIABLE;10;75.77;800;320;1;160;320
2620;z6744A;SEI;2600;P_VARIABLE;5;88.75;800;320;1;160;320
2621;z7145;SEI;1700;P_VARIABLE;26;60.72;800;320;1;160;320
2622;z7148;SEI;2000;P_VARIABLE;26;60;800;320;1;160;320
2623;z7149A;SEI;2300;P_VARIABLE;15;83.21;800;320;1;160;320
2624;z7149B;SEI;1700;P_VARIABLE;24;60;800;320;1;160;320
2625;z7156;SEI;2600;P_VARIABLE;20;78.47;800;320;1;160;320
2626;z7157;SEI;2300;P_VARIABLE;22;78.38;800;320;1;160;320
2627;z7161;SEI;1700;P_VARIABLE;25;61.12;800;320;1;160;320
2628;z7164;SEI;2000;P_VARIABLE;26;60;800;320;1;160;320
2629;z7168;SEI;2600;P_VARIABLE;20;79.42;800;320;1;160;320
2630;z7172;SEI;2000;P_VARIABLE;26;61.12;800;320;1;160;320
2631;z7173;SEI;1700;P_VARIABLE;22;60.16;800;320;1;160;320
2632;z7176;SEI;2600;P_VARIABLE;21;78.7;800;320;1;160;320
2633;z7203;SEI;2300;P_VARIABLE;17;77.93;800;320;1;160;320
2634;z7206B;SEI;2000;P_VARIABLE;23;58.81;800;320;1;160;320
2635;z7207;SEI;1700;P_VARIABLE;24;60;800;320;1;160;320
2636;z7211;SEI;2300;P_VARIABLE;19;80.55;800;320;1;160;320
2637;z5106B;SEI;2600;P_VARIABLE;11;78;800;320;1;160;320
2638;z5112;SEI;2000;P_VARIABLE;6;54;800;320;1;160;320
2639;z5115B;SEI;2300;P_VARIABLE;1;73;800;320;1;160;320
2640;z5117A;SEI;2300;P_VARIABLE;4;81;800;320;1;160;320
2641;z5603F;SEI;1700;P_VARIABLE;2;52;800;320;1;160;320
2642;z5632L;SEI;2600;P_VARIABLE;2;95;800;320;1;160;320
2643;z6012;SEI;2000;P_VARIABLE;2;50;800;320;1;160;320
2644;z7103A;SEI;2300;P_VARIABLE;11;76.1;800;320;1;160;320
2645;z7103B;SEI;1700;P_VARIABLE;4;60;800;320;1;160;320
2646;z7103C;SEI;2300;P_VARIABLE;7;81.16;800;320;1;160;320
2647;z7132A;SEI;2600;P_VARIABLE;7;81.16;800;320;1;160;320
2648;z7132B;SEI;2000;P_VARIABLE;4;60;800;320;1;160;320
2649;z7132C;SEI;2600;P_VARIABLE;9;80;800;320;1;160;320
2650;z7132D;SEI;2000;P_VARIABLE;4;66.33;800;320;1;160;320
2651;z7132F;SEI;1700;P_VARIABLE;8;62.14;800;320;1;160;320
2652;z7169A;SEI;1700;P_VARIABLE;7;60;800;320;1;160;320
2653;z7210B;SEI;2000;P_VARIABLE;11;61.2;800;320;1;160;320
2654;z7214A;SEI;2600;P_VARIABLE;4;92.66;800;320;1;160;320
2655;z61315A;ITE;3;NON;0;0;0;0;0;0;0
2656;z7222D;SEI;2000;P_VARIABLE;10;57;800;320;1;160;320
2657;z61314;ITE;3;NON;0;0;0;0;0;0;0
2658;z7232F;SEI;2000;P_VARIABLE;4;61.33333333;800;320;1;160;320
2659;z61312;ITE;3;NON;0;0;0;0;0;0;0
2660;z61317;ITE;3;NON;0;0;0;0;0;0;0
2661;z35301A;ITE;3;NON;0;0;0;0;0;0;0
2662;z5603A;SEI;1700;P_VARIABLE;0;0;800;320;1;160;320
2663;z5514A;SEI;2600;P_VARIABLE;0;0;800;320;1;160;320
2664;z5632C;SEI;2000;P_VARIABLE;0;0;800;320;1;160;320
2665;z7224B;SEI;2000;P_VARIABLE;0;0;800;320;1;160;320
2666;z5203C;SEI;1700;P_VARIABLE;0;0;800;320;1;160;320
2667;z5532C;SEI;2600;P_VARIABLE;0;0;800;320;1;160;320
2668;z5125D;SEI;1700;P_VARIABLE;0;0;800;320;1;160;320
2669;z7222C;SEI;2600;P_VARIABLE;3;72.5;800;320;1;160;320
2670;z35303;ITE;3;NON;0;0;0;0;0;0;0
2671;z5503C;SEI;1700;P_VARIABLE;0;0;800;320;1;160;320
2672;z5525A;SEI;1700;P_VARIABLE;0;0;800;320;1;160;320
2673;z5403B;SEI;1700;P_VARIABLE;0;0;800;320;1;160;320
2674;z5108;SEI;2600;P_VARIABLE;2;60;800;320;1;160;320
2675;z5115C;SEI;1700;P_VARIABLE;5;54.75;800;320;1;160;320
2676;z5127C;SEI;1700;P_VARIABLE;5;56;800;320;1;160;320
2677;z5132F;SEI;2000;P_VARIABLE;3;59;800;320;1;160;320
2678;z5615C;SEI;2300;P_VARIABLE;12;82;800;320;1;160;320
2679;z5632F;SEI;2000;P_VARIABLE;2;46;800;320;1;160;320
2680;z6032E;SEI;2000;P_VARIABLE;3;38;800;320;1;160;320
2681;z6222A;SEI;2600;P_VARIABLE;2;62;800;320;1;160;320
2682;z6227;SEI;1700;P_VARIABLE;3;59;800;320;1;160;320
2683;z6427;SEI;2300;P_VARIABLE;3;34;800;320;1;160;320
2684;z6722A;SEI;2000;P_VARIABLE;3;50;800;320;1;160;320
2685;z6727;SEI;1700;P_VARIABLE;3;50;800;320;1;160;320
2686;z7222B;SEI;2000;P_VARIABLE;5;57.75;800;320;1;160;320
2687;z7224A;SEI;2600;P_VARIABLE;9;79.375;800;320;1;160;320
2688;z3505A;ITE;3;NON;0;0;0;0;0;0;0
2689;z5114E;SEI;2000;P_VARIABLE;7;58;800;320;1;160;320
2690;z6714C;SEI;2600;P_VARIABLE;5;70;800;320;1;160;320
2691;z5503B;SEI;2300;P_VARIABLE;9;75.25;800;320;1;160;320
2692;z5332B;SEI;2000;P_VARIABLE;4;52;800;320;1;160;320
2693;z5114B;SEI;2600;P_VARIABLE;4;72.66;800;320;1;160;320
2694;z5603B;SEI;2300;P_VARIABLE;8;74.71;800;320;1;160;320
2695;z5109B;SEI;1700;P_VARIABLE;10;60;800;320;1;160;320
2696;z6332C;SEI;2600;P_VARIABLE;6;78;800;320;1;160;320
2697;z5612B;SEI;2000;P_VARIABLE;7;60;800;320;1;160;320
2698;z6132C;SEI;2000;P_VARIABLE;7;55.5;800;320;1;160;320
2699;z6214C;SEI;2000;P_VARIABLE;5;64.25;800;320;1;160;320
2700;z6032B;SEI;2600;P_VARIABLE;7;82.5;800;320;1;160;320
2701;z6014B;SEI;2600;P_VARIABLE;7;74.16;800;320;1;160;320
2702;z5603D;SEI;2300;P_VARIABLE;4;88;800;320;1;160;320
2703;z5403C;SEI;2300;P_VARIABLE;9;77.12;800;320;1;160;320
2704;z5514B;SEI;2000;P_VARIABLE;10;58.22;800;320;1;160;320
2705;z5125C;SEI;2300;P_VARIABLE;9;76.5;800;320;1;160;320
2706;z5103B;SEI;1700;P_VARIABLE;8;61.14;800;320;1;160;320
2707;z6418B;SEI;2000;P_VARIABLE;5;60;800;320;1;160;320
2708;z6212;SEI;2000;P_VARIABLE;3;58.5;800;320;1;160;320
2709;z6215A;SEI;2300;P_VARIABLE;3;48.5;800;320;1;160;320
2710;z6419E;SEI;2300;P_VARIABLE;2;77;800;320;1;160;320
2711;z6703F;SEI;2300;P_VARIABLE;1;75;800;320;1;160;320
2712;z6712;SEI;2600;P_VARIABLE;1;75;800;320;1;160;320
2713;z6149D;SEI;1700;P_VARIABLE;8;59;800;320;1;160;320
2714;z6172;SEI;2600;P_VARIABLE;5;89;800;320;1;160;320
2715;z7107;SEI;2000;NON;14;58;800;320;1;160;320
2716;z7132E;SEI;2300;P_VARIABLE;9;77;800;320;1;160;320
2717;z7222A;SEI;2600;P_VARIABLE;3;97.5;800;320;1;160;320
2718;z6303B;SEI;1700;P_VARIABLE;14;60;800;320;1;160;320
2719;z5432B;SEI;2600;P_VARIABLE;5;78.25;800;320;1;160;320
2720;z5612C;SEI;2600;P_VARIABLE;8;83.28;800;320;1;160;320
2721;z5632H;SEI;2000;P_VARIABLE;2;57;800;320;1;160;320
2722;z5132B;SEI;2000;P_VARIABLE;5;60;800;320;1;160;320
2723;z6103B;SEI;1700;P_VARIABLE;11;57.3;800;320;1;160;320
2724;z5532B;SEI;2000;P_VARIABLE;12;58.81;800;320;1;160;320
2725;z6332B;SEI;2000;P_VARIABLE;7;57;800;320;1;160;320
2726;z6224B;SEI;2000;P_VARIABLE;5;59.5;800;320;1;160;320
2727;z5525B;SEI;2300;P_VARIABLE;9;75.25;800;320;1;160;320
2728;z6403B;SEI;1700;P_VARIABLE;4;53;800;320;1;160;320
2729;z6703B;SEI;1700;P_VARIABLE;9;63;800;320;1;160;320
2730;z5132C;SEI;2600;P_VARIABLE;5;78;800;320;1;160;320
2731;z5203B;SEI;2300;P_VARIABLE;12;80;800;320;1;160;320
2732;z6503B;SEI;2300;P_VARIABLE;9;78.62;800;320;1;160;320
2733;z6725B;SEI;2300;P_VARIABLE;7;80.66;800;320;1;160;320
2734;z5603C;SEI;1700;P_VARIABLE;10;60;800;320;1;160;320
2735;z5623C;SEI;1700;P_VARIABLE;4;51.33;800;320;1;160;320
2736;z6132B;SEI;2600;P_VARIABLE;5;78.25;800;320;1;160;320
2737;z5632D;SEI;2600;P_VARIABLE;4;86;800;320;1;160;320
2738;z6203B;SEI;1700;P_VARIABLE;13;56.83;800;320;1;160;320
2739;z6425B;SEI;1700;P_VARIABLE;8;56.14;800;320;1;160;320
2740;z6236C;SEI;2000;P_VARIABLE;5;60;800;320;1;160;320
2741;z6732B;SEI;2000;P_VARIABLE;5;64.75;800;320;1;160;320
2742;z5232B;SEI;2000;P_VARIABLE;7;55.5;800;320;1;160;320
2743;z6732C;SEI;2600;P_VARIABLE;4;86.66;800;320;1;160;320
2744;z6214D;SEI;2600;P_VARIABLE;3;94;800;320;1;160;320
2745;z6532C;SEI;2000;P_VARIABLE;7;56.33;800;320;1;160;320
2746;z6025B;SEI;1700;P_VARIABLE;5;60;800;320;1;160;320
2747;z6432B;SEI;2000;P_VARIABLE;5;60;800;320;1;160;320
2748;z5103C;SEI;2300;P_VARIABLE;2;68;800;320;1;160;320
2749;z5115A;SEI;1700;P_VARIABLE;19;57.89;800;320;1;160;320
2750;z5207;SEI;1700;P_VARIABLE;2;57;800;320;1;160;320
2751;z5306;SEI;2600;P_VARIABLE;1;58;800;320;1;160;320
2752;z5308;SEI;2000;P_VARIABLE;6;58;800;320;1;160;320
2753;z5403E;SEI;1700;P_VARIABLE;2;50;800;320;1;160;320
2754;z5632M;SEI;2600;P_VARIABLE;1;0;800;320;1;160;320
2755;z6107;SEI;2300;P_VARIABLE;2;74;800;320;1;160;320
2756;z6109;SEI;1700;P_VARIABLE;5;65;800;320;1;160;320
2757;z6307;SEI;2300;P_VARIABLE;1;50;800;320;1;160;320
2758;z6405;SEI;2300;P_VARIABLE;3;70;800;320;1;160;320
2759;z6507;SEI;1700;P_VARIABLE;2;52;800;320;1;160;320
2760;z3504;UM71;2600;NON;0;0;800;320;0;160;320
2761;z3501B;NC;0;NON;0;0;0;0;0;0;0
2762;z6225B;SEI;2300;P_VARIABLE;4;72.66666;800;320;1;160;320
2763;z5106A;SEI;2000;P_VARIABLE;6;54;800;320;1;160;320
2764;z5109A;SEI;2300;P_VARIABLE;4;91.33;800;320;1;160;320
2765;z5109C;SEI;2300;P_VARIABLE;4;69;800;320;1;160;320
2766;z5109D;SEI;1700;P_VARIABLE;6;64;800;320;1;160;320
2767;z5114A;SEI;2000;P_VARIABLE;5;62.5;800;320;1;160;320
2768;z5114C;SEI;2000;P_VARIABLE;6;59;800;320;1;160;320
2769;z5117B;SEI;1700;P_VARIABLE;3;69;800;320;1;160;320
2770;z5117C;SEI;2300;P_VARIABLE;3;79;800;320;1;160;320
2771;z5122A;SEI;2000;P_VARIABLE;4;59.33;800;320;1;160;320
2772;z5122B;SEI;2600;P_VARIABLE;3;79;800;320;1;160;320
2773;z5125A;SEI;2300;P_VARIABLE;4;90;800;320;1;160;320
2774;z5125B;SEI;1700;P_VARIABLE;5;64.75;800;320;1;160;320
2775;z5126;SEI;2600;P_VARIABLE;5;74.25;800;320;1;160;320
2776;z5127A;SEI;1700;P_VARIABLE;0;0;800;320;1;160;320
2777;z5127B;SEI;2300;P_VARIABLE;0;0;800;320;1;160;320
2778;z5132A;SEI;2600;P_VARIABLE;5;70;800;320;1;160;320
2779;z5132D;SEI;2000;P_VARIABLE;11;61;800;320;1;160;320
2780;z5132E;SEI;2600;P_VARIABLE;5;75;800;320;1;160;320
2781;z5133A;SEI;2300;P_VARIABLE;4;69.33;800;320;1;160;320
2782;z6425A;SEI;2300;P_VARIABLE;3;69;800;320;1;160;320
2783;z6432C;SEI;2600;P_VARIABLE;6;82.6;800;320;1;160;320
2784;z6432D;SEI;2000;P_VARIABLE;4;66.66;800;320;1;160;320
2785;z6460B;SEI;2600;P_VARIABLE;8;82.14;800;320;1;160;320
2786;z6464A;SEI;2000;P_VARIABLE;10;56.66;800;320;1;160;320
2787;z6502A;SEI;2000;P_VARIABLE;5;62;800;320;1;160;320
2788;z6503A;SEI;1700;P_VARIABLE;7;61.5;800;320;1;160;320
2789;z6503C;SEI;1700;P_VARIABLE;3;62;800;320;1;160;320
2790;z6503D;SEI;2300;P_VARIABLE;2;104;800;320;1;160;320
2791;z6532A;SEI;2000;P_VARIABLE;15;57.85;800;320;1;160;320
2792;z5203D;SEI;2300;P_VARIABLE;4;72;800;320;1;160;320
2793;z5232C;SEI;2600;P_VARIABLE;0;0;800;320;1;160;320
2794;z5233A;SEI;1700;P_VARIABLE;12;57.81;800;320;1;160;320
2795;z5332C;SEI;2600;P_VARIABLE;4;69;800;320;1;160;320
2796;z5402A;SEI;2000;P_VARIABLE;11;62.4;800;320;1;160;320
2797;z5403D;SEI;1700;P_VARIABLE;5;56.75;800;320;1;160;320
2798;z5432A;SEI;2000;P_VARIABLE;5;56.75;800;320;1;160;320
2799;z5432C;SEI;2000;P_VARIABLE;7;55.66;800;320;1;160;320
2800;z5432D;SEI;2600;P_VARIABLE;4;69.33;800;320;1;160;320
2801;z5503D;SEI;2300;P_VARIABLE;3;87;800;320;1;160;320
2802;z6532B;SEI;2600;P_VARIABLE;3;86;800;320;1;160;320
2803;z6532D;SEI;2600;P_VARIABLE;5;81.5;800;320;1;160;320
2804;z6533A;SEI;1700;P_VARIABLE;12;60;800;320;1;160;320
2805;z6533B;SEI;2300;P_VARIABLE;9;82.25;800;320;1;160;320
2806;z6603A;SEI;1700;P_VARIABLE;12;58.72;800;320;1;160;320
2807;z6603B;SEI;2300;P_VARIABLE;5;74.25;800;320;1;160;320
2808;z6603C;SEI;1700;P_VARIABLE;4;62.66;800;320;1;160;320
2809;z6610A;SEI;2000;P_VARIABLE;4;62.66;800;320;1;160;320
2810;z6610B;SEI;2600;P_VARIABLE;5;74.25;800;320;1;160;320
2811;z6610C;SEI;2000;P_VARIABLE;12;58.9;800;320;1;160;320
2812;z6610D;SEI;2600;P_VARIABLE;8;74.57;800;320;1;160;320
2813;z6611;SEI;2300;P_VARIABLE;18;78.29;800;320;1;160;320
2814;z6614B;SEI;2600;P_VARIABLE;10;79;800;320;1;160;320
2815;z6615A;SEI;1700;P_VARIABLE;6;64.6;800;320;1;160;320
2816;z6621A;SEI;2300;P_VARIABLE;4;76.33;800;320;1;160;320
2817;z6621B;SEI;1700;P_VARIABLE;17;58.12;800;320;1;160;320
2818;z6623A;SEI;2300;P_VARIABLE;3;80;800;320;1;160;320
2819;z6623B;SEI;1700;P_VARIABLE;4;59.33;800;320;1;160;320
2820;z6623C;SEI;2300;P_VARIABLE;3;82.5;800;320;1;160;320
2821;z6632A;SEI;2600;P_VARIABLE;5;85.75;800;320;1;160;320
2822;z5532A;SEI;2600;P_VARIABLE;4;71;800;320;1;160;320
2823;z5532D;SEI;2000;P_VARIABLE;4;64.66;800;320;1;160;320
2824;z5532F;SEI;2000;P_VARIABLE;8;64;800;320;1;160;320
2825;z5540B;SEI;2000;P_VARIABLE;15;60.85;800;320;1;160;320
2826;z5572A;SEI;2600;P_VARIABLE;9;78.87;800;320;1;160;320
2827;z5589B;SEI;2300;P_VARIABLE;3;78;800;320;1;160;320
2828;z5603E;SEI;1700;P_VARIABLE;5;56.5;800;320;1;160;320
2829;z5612D;SEI;2000;P_VARIABLE;6;62.4;800;320;1;160;320
2830;z5612E;SEI;2600;P_VARIABLE;4;79.33;800;320;1;160;320
2831;z5615A;SEI;2300;P_VARIABLE;12;78.45;800;320;1;160;320
2832;z5615B;SEI;1700;P_VARIABLE;2;52;800;320;1;160;320
2833;z5623B;SEI;2300;P_VARIABLE;5;87.5;800;320;1;160;320
2834;z5623D;SEI;2300;P_VARIABLE;3;94;800;320;1;160;320
2835;z5632B;SEI;2600;P_VARIABLE;3;69;800;320;1;160;320
2836;z5632E;SEI;2000;P_VARIABLE;10;59.11;800;320;1;160;320
2837;z5632G;SEI;2600;P_VARIABLE;2;109;800;320;1;160;320
2838;z5632J;SEI;2600;P_VARIABLE;3;68;800;320;1;160;320
2839;z5632K;SEI;2000;P_VARIABLE;2;36;800;320;1;160;320
2840;z5653A;SEI;1700;P_VARIABLE;7;55.5;800;320;1;160;320
2841;z5653B;SEI;2300;P_VARIABLE;14;80;800;320;1;160;320
2842;z5657A;SEI;1700;P_VARIABLE;12;62.27;800;320;1;160;320
2843;z5657B;SEI;2300;P_VARIABLE;10;76.55;800;320;1;160;320
2844;z5661A;SEI;1700;P_VARIABLE;19;58.33;800;320;1;160;320
2845;z5661B;SEI;2300;P_VARIABLE;5;81;800;320;1;160;320
2846;z6003B;SEI;1700;P_VARIABLE;5;60;800;320;1;160;320
2847;z6003C;SEI;2300;P_VARIABLE;7;84;800;320;1;160;320
2848;z6003D;SEI;1700;P_VARIABLE;4;55;800;320;1;160;320
2849;z6014A;SEI;2000;P_VARIABLE;4;59;800;320;1;160;320
2850;z6025A;SEI;2300;P_VARIABLE;6;85.6;800;320;1;160;320
2851;z6032C;SEI;2000;P_VARIABLE;4;57.66;800;320;1;160;320
2852;z6032D;SEI;2600;P_VARIABLE;3;72.5;800;320;1;160;320
2853;z6032F;SEI;2600;P_VARIABLE;7;80;800;320;1;160;320
2854;z6103A;SEI;2300;P_VARIABLE;4;79.33;800;320;1;160;320
2855;z6103C;SEI;2300;P_VARIABLE;3;69;800;320;1;160;320
2856;z6103D;SEI;1700;P_VARIABLE;5;55.75;800;320;1;160;320
2857;z6132A;SEI;2000;P_VARIABLE;7;57.16;800;320;1;160;320
2858;z6141B;SEI;2300;P_VARIABLE;8;84.57;800;320;1;160;320
2859;z6148A;SEI;2600;P_VARIABLE;9;83.62;800;320;1;160;320
2860;z6149A;SEI;1700;P_VARIABLE;5;55.75;800;320;1;160;320
2861;z6149B;SEI;2300;P_VARIABLE;4;84;800;320;1;160;320
2862;z6156A;SEI;2600;P_VARIABLE;5;74.25;800;320;1;160;320
2863;z6156B;SEI;2000;P_VARIABLE;6;54.4;800;320;1;160;320
2864;z6156C;SEI;2600;P_VARIABLE;4;79.33;800;320;1;160;320
2865;z6156D;SEI;2000;P_VARIABLE;16;58;800;320;1;160;320
2866;z6160B;SEI;2000;P_VARIABLE;20;60.73;800;320;1;160;320
2867;z6203A;SEI;2300;P_VARIABLE;4;82;800;320;1;160;320
2868;z6203C;SEI;2300;P_VARIABLE;2;117;800;320;1;160;320
2869;z6203D;SEI;1700;P_VARIABLE;3;62.5;800;320;1;160;320
2870;z6203E;SEI;2300;P_VARIABLE;2;105;800;320;1;160;320
2871;z6214A;SEI;2000;P_VARIABLE;3;68.5;800;320;1;160;320
2872;z6214B;SEI;2600;P_VARIABLE;4;73;800;320;1;160;320
2873;z6214E;SEI;2000;P_VARIABLE;5;54.75;800;320;1;160;320
2874;z6215B;SEI;1700;P_VARIABLE;4;59.33;800;320;1;160;320
2875;z6215C;SEI;2300;P_VARIABLE;3;79;800;320;1;160;320
2876;z6222B;SEI;2000;P_VARIABLE;4;56.66;800;320;1;160;320
2877;z6222C;SEI;2600;P_VARIABLE;3;79;800;320;1;160;320
2878;z6224A;SEI;2600;P_VARIABLE;6;78.2;800;320;1;160;320
2879;z6224C;SEI;2600;P_VARIABLE;2;118;800;320;1;160;320
2880;z6224D;SEI;2000;P_VARIABLE;3;62.5;800;320;1;160;320
2881;z6224E;SEI;2600;P_VARIABLE;2;105;800;320;1;160;320
2882;z6225A;SEI;1700;P_VARIABLE;3;69;800;320;1;160;320
2883;z6225C;SEI;1700;P_VARIABLE;19;60.55;800;320;1;160;320
2884;z6230A;SEI;2600;P_VARIABLE;12;77;800;320;1;160;320
2885;z6230B;SEI;2000;P_VARIABLE;13;60.58;800;320;1;160;320
2886;z6231A;SEI;2300;P_VARIABLE;4;72.33;800;320;1;160;320
2887;z6231B;SEI;1700;P_VARIABLE;10;61.66;800;320;1;160;320
2888;z6231C;SEI;2300;P_VARIABLE;5;85.75;800;320;1;160;320
2889;z6236B;SEI;2600;P_VARIABLE;5;88.25;800;320;1;160;320
2890;z6237A;SEI;1700;P_VARIABLE;16;58.86;800;320;1;160;320
2891;z6303A;SEI;2300;P_VARIABLE;4;69.33;800;320;1;160;320
2892;z6632B;SEI;2000;P_VARIABLE;4;59;800;320;1;160;320
2893;z6669B;SEI;1700;P_VARIABLE;15;60.71;800;320;1;160;320
2894;z6703A;SEI;2300;P_VARIABLE;4;86.66;800;320;1;160;320
2895;z6703C;SEI;2300;P_VARIABLE;2;95;800;320;1;160;320
2896;z6703D;SEI;1700;P_VARIABLE;3;59;800;320;1;160;320
2897;z6703E;SEI;2300;P_VARIABLE;2;98;800;320;1;160;320
2898;z6703G;SEI;1700;P_VARIABLE;4;58.66;800;320;1;160;320
2899;z6703H;SEI;2300;P_VARIABLE;3;78;800;320;1;160;320
2900;z6714A;SEI;2600;P_VARIABLE;2;95;800;320;1;160;320
2901;z6714B;SEI;2000;P_VARIABLE;5;60;800;320;1;160;320
2902;z6722B;SEI;2600;P_VARIABLE;3;78;800;320;1;160;320
2903;z6303C;SEI;2300;P_VARIABLE;3;67;800;320;1;160;320
2904;z6303D;SEI;1700;P_VARIABLE;5;56.5;800;320;1;160;320
2905;z6332D;SEI;2000;P_VARIABLE;5;57;800;320;1;160;320
2906;z6413B;SEI;1700;P_VARIABLE;16;59.13;800;320;1;160;320
2907;z6418A;SEI;2600;P_VARIABLE;7;80.83;800;320;1;160;320
2908;z6419A;SEI;2300;P_VARIABLE;6;75;800;320;1;160;320
2909;z6419B;SEI;1700;P_VARIABLE;9;58.12;800;320;1;160;320
2910;z6419C;SEI;2300;P_VARIABLE;3;69;800;320;1;160;320
2911;z6419D;SEI;1700;P_VARIABLE;4;66.66;800;320;1;160;320
2912;z6419F;SEI;1700;P_VARIABLE;9;58.37;800;320;1;160;320
2913;z6722C;SEI;2000;P_VARIABLE;4;58.66;800;320;1;160;320
2914;z6725A;SEI;1700;P_VARIABLE;3;57.5;800;320;1;160;320
2915;z6732A;SEI;2600;P_VARIABLE;8;77.42;800;320;1;160;320
2916;z6732D;SEI;2000;P_VARIABLE;3;57.5;800;320;1;160;320
2917;z6732E;SEI;2600;P_VARIABLE;2;98;800;320;1;160;320
2918;z6732F;SEI;2000;P_VARIABLE;3;59;800;320;1;160;320
2919;z6149E;SEI;2300;P_VARIABLE;3;94.5;800;320;1;160;320
2920;z6177B;SEI;1700;P_VARIABLE;12;61.18181;800;320;1;160;320
2921;z7002B;SEI;2600;P_VARIABLE;5;73.5;800;320;1;160;320
2922;z5532E;SEI;2600;P_VARIABLE;3;71;800;320;1;160;320
2923;z5133B;SEI;1700;P_VARIABLE;20;58.52;800;320;1;160;320
2924;z5144;SEI;2000;P_VARIABLE;26;60;800;320;1;160;320
2925;z5153B;SEI;1700;P_VARIABLE;11;62.3;800;320;1;160;320
2926;z5164A;SEI;2000;P_VARIABLE;13;59;800;320;1;160;320
2927;z5181B;SEI;1700;P_VARIABLE;13;60;800;320;1;160;320
2928;z5232A;SEI;2600;P_VARIABLE;4;71.66;800;320;1;160;320
2929;z5233B;SEI;2300;P_VARIABLE;8;81;800;320;1;160;320
2930;z5248A;SEI;2600;P_VARIABLE;10;80;800;320;1;160;320
2931;z5332A;SEI;2600;P_VARIABLE;12;82.45;800;320;1;160;320
2932;z5333B;SEI;1700;P_VARIABLE;13;58;800;320;1;160;320
2933;z5345B;SEI;1700;P_VARIABLE;14;58.53;800;320;1;160;320
2934;z5353A;SEI;1700;P_VARIABLE;8;60.85;800;320;1;160;320
2935;z5356;SEI;2000;P_VARIABLE;24;59.34;800;320;1;160;320
2936;z5433;SEI;2300;P_VARIABLE;20;80;800;320;1;160;320
2937;z5440;SEI;2600;P_VARIABLE;19;79.05;800;320;1;160;320
2938;z5444A;SEI;2600;P_VARIABLE;9;76.5;800;320;1;160;320
2939;z5461B;SEI;1700;P_VARIABLE;10;61.88;800;320;1;160;320
2940;z5464;SEI;2600;P_VARIABLE;19;79.33;800;320;1;160;320
2941;z5525C;SEI;1700;P_VARIABLE;11;61.3;800;320;1;160;320
2942;z5540A;SEI;2600;P_VARIABLE;10;80;800;320;1;160;320
2943;z5556A;SEI;2600;P_VARIABLE;9;77.12;800;320;1;160;320
2944;z5576B;SEI;2000;P_VARIABLE;19;60;800;320;1;160;320
2945;z5580;SEI;2000;P_VARIABLE;24;61.21;800;320;1;160;320
2946;z5588A;SEI;2600;P_VARIABLE;7;79.33;800;320;1;160;320
2947;z5612A;SEI;2600;P_VARIABLE;4;71.33;800;320;1;160;320
2948;z5613;SEI;2300;P_VARIABLE;18;82;800;320;1;160;320
2949;z5632A;SEI;2000;P_VARIABLE;9;60.87;800;320;1;160;320
2950;z5633;SEI;1700;P_VARIABLE;26;60;800;320;1;160;320
2951;z5669;SEI;1700;P_VARIABLE;25;58.79;800;320;1;160;320
2952;z6025C;SEI;2300;P_VARIABLE;10;76.77;800;320;1;160;320
2953;z6032A;SEI;2000;P_VARIABLE;10;57;800;320;1;160;320
2954;z6057B;SEI;1700;P_VARIABLE;13;61.08;800;320;1;160;320
2955;z6065B;SEI;2300;P_VARIABLE;3;97.5;800;320;1;160;320
2956;z6068;SEI;2600;P_VARIABLE;19;78.72;800;320;1;160;320
2957;z6133;SEI;2300;P_VARIABLE;21;78.25;800;320;1;160;320
2958;z6140;SEI;2600;P_VARIABLE;19;80;800;320;1;160;320
2959;z6149C;SEI;1700;P_VARIABLE;18;58.64;800;320;1;160;320
2960;z6160A;SEI;2600;P_VARIABLE;7;75.83;800;320;1;160;320
2961;z6236A;SEI;2000;P_VARIABLE;14;58.07;800;320;1;160;320
2962;z6237B;SEI;2300;P_VARIABLE;8;83.71;800;320;1;160;320
2963;z6244A;SEI;2000;P_VARIABLE;7;56.83;800;320;1;160;320
2964;z6249B;SEI;2300;P_VARIABLE;10;77.22;800;320;1;160;320
2965;z6332A;SEI;2600;P_VARIABLE;5;71;800;320;1;160;320
2966;z6333;SEI;2300;P_VARIABLE;20;80;800;320;1;160;320
2967;z6403C;SEI;2300;P_VARIABLE;9;76.25;800;320;1;160;320
2968;z6425C;SEI;2300;P_VARIABLE;9;83.87;800;320;1;160;320
2969;z6432A;SEI;2600;P_VARIABLE;7;86.33;800;320;1;160;320
2970;z6460A;SEI;2000;P_VARIABLE;10;60;800;320;1;160;320
2971;z6468;SEI;2600;P_VARIABLE;17;79.18;800;320;1;160;320
2972;z6614A;SEI;2000;P_VARIABLE;14;60;800;320;1;160;320
2973;z6615B;SEI;2300;P_VARIABLE;11;83.2;800;320;1;160;320
2974;z6623D;SEI;1700;P_VARIABLE;26;60.56;800;320;1;160;320
2975;z6644;SEI;2000;P_VARIABLE;21;60;800;320;1;160;320
2976;z6648A;SEI;2000;P_VARIABLE;8;56.57;800;320;1;160;320
2977;z6725C;SEI;1700;P_VARIABLE;15;59.28;800;320;1;160;320
2978;z6173;SEI;1700;P_VARIABLE;24;59.08;800;320;1;160;320
2979;z6177A;SEI;2300;P_VARIABLE;9;76.525;800;320;1;160;320
2980;z6180B;SEI;2000;P_VARIABLE;10;57.33;800;320;1;160;320
2981;z7002A;SEI;2000;P_VARIABLE;20;58.63;800;320;1;160;320
2982;z7003A;SEI;2300;P_VARIABLE;15;80;800;320;1;160;320
2983;z7103D;SEI;1700;P_VARIABLE;11;57.8;800;320;1;160;320
2984;z7144B;SEI;2000;P_VARIABLE;13;58;800;320;1;160;320
2985;z7160A;SEI;2600;P_VARIABLE;5;87.5;800;320;1;160;320
2986;z7169B;SEI;2300;P_VARIABLE;13;76.75;800;320;1;160;320
2987;z7210A;SEI;2600;P_VARIABLE;11;82.3;800;320;1;160;320
2988;z6122A;ITE;3;NON;0;0;0;0;1;0;0
2989;z35309;NC;0;NON;0;0;0;0;0;0;0
2990;z1060;ITE;3;NON;0;0;0;0;1;0;0
2991;z33315B;NC;0;NON;0;0;0;0;0;0;0
2992;z6132B;ITE;3;NON;0;0;0;0;1;0;0
2993;z6122B;ITE;3;NON;0;0;0;0;1;0;0
2994;z6105A;ITE;3;NON;0;0;0;0;1;0;0
2995;z1065;ITE;3;NON;0;0;0;0;1;0;0
2996;z6105C;ITE;3;NON;0;0;0;0;1;0;0
2997;z1069A;ITE;3;NON;0;0;0;0;1;0;0
2998;z1072B;ITE;3;NON;0;0;0;0;1;0;0
2999;z33315A;NC;0;NON;0;0;0;0;0;0;0
3000;z33309;NC;0;NON;0;0;0;0;0;0;0
3001;z6122F;ITE;3;NON;0;0;0;0;1;0;0
3002;z6105B;ITE;3;NON;0;0;0;0;1;0;0
3003;z1072A;ITE;3;NON;0;0;0;0;1;0;0
3004;z6127A;ITE;3;NON;0;0;0;0;1;0;0
3005;z6127C;ITE;3;NON;0;0;0;0;1;0;0
3006;z6127B;ITE;3;NON;0;0;0;0;1;0;0
3007;z6132C;ITE;3;NON;0;0;0;0;1;0;0
3008;z6107A;ITE;3;NON;0;0;0;0;1;0;0
3009;z33307;NC;0;NON;0;0;0;0;0;0;0
3010;z33305;NC;0;NON;0;0;0;0;0;0;0
3011;z1067;ITE;3;NON;0;0;0;0;1;0;0
3012;z6132D;ITE;3;NON;0;0;0;0;1;0;0
3013;z33351B;NC;0;NON;0;0;0;0;0;0;0
3014;z6107B;ITE;3;NON;0;0;0;0;1;0;0
3015;z6122C;ITE;3;NON;0;0;0;0;1;0;0
3016;z1069B;ITE;3;NON;0;0;0;0;1;0;0
3017;z6132A;ITE;3;NON;0;0;0;0;1;0;0
3018;z6122E;ITE;3;NON;0;0;0;0;1;0;0
3019;z1066;ITE;3;NON;0;0;0;0;1;0;0
3020;z6105D;ITE;3;NON;0;0;0;0;1;0;0
3021;z3003C;TVM430;2300;P_VARIABLE;0;0;800;320;1;160;320
3022;z3003B;TVM430;1700;P_VARIABLE;7;60.66667;800;320;1;160;320
3023;z3025B;TVM430;1700;P_VARIABLE;7;63.33333;800;320;1;160;320
3024;z3027;TVM430;2300;P_VARIABLE;0;0;800;320;1;160;320
3025;z3032D;TVM430;2000;P_VARIABLE;5;61;800;320;1;160;320
3026;z3014A;TVM430;2600;P_VARIABLE;5;74.5;800;320;1;160;320
3027;z3025C;TVM430;2300;P_VARIABLE;0;0;800;320;1;160;320
3028;z3025A;TVM430;2300;P_VARIABLE;0;0;800;320;1;160;320
3029;z3014B;TVM430;2000;P_VARIABLE;5;57;800;320;1;160;320
3030;z3003D;TVM430;1700;P_VARIABLE;4;62.33333;800;320;1;160;320
3031;z3003F;TVM430;1700;P_VARIABLE;0;0;800;320;1;160;320
3032;z3032C;TVM430;2600;P_VARIABLE;5;88.5;800;320;1;160;320
3033;z3003E;TVM430;2300;P_VARIABLE;0;0;800;320;1;160;320
3034;z3032A;TVM430;2600;P_VARIABLE;12;80;800;320;1;160;320
3035;z2952C;TVM430;2300;P_VARIABLE;0;0;800;320;1;160;320
3036;z2952A;TVM430;2000;P_VARIABLE;17;61.125;800;320;1;160;320
3037;z2935C;TVM430;2300;P_VARIABLE;7;86.5;800;320;1;160;320
3038;z33345;NC;0;NON;0;0;0;0;0;0;0
3039;z33347;NC;0;NON;0;0;0;0;0;0;0
3040;z6167B;TVM430;1700;NON;0;0;800;320;0;160;320
3041;z6098B;TVM430;2600;NON;0;0;800;320;0;160;320
3042;z2906;ITE;3;NON;0;0;0;0;0;0;0
3043;z941B;UM71;2300;P_CONSTANT;6;100;800;320;0;160;320
3044;z941A;UM71;1700;P_CONSTANT;0;0;800;320;0;160;320
3045;z939;UM71;2300;P_CONSTANT;0;0;800;320;0;160;320
3046;z932A;UM71;2000;P_CONSTANT;6;100;800;320;0;160;320
3047;z932B;UM71;2600;P_CONSTANT;9;100;800;320;0;160;320
3048;z5305D;UM71;2300;P_VARIABLE;3;90;800;320;0;160;320
3049;z3003B;SEI;1700;P_VARIABLE;6;65.2;800;320;1;160;320
3050;z3032C;SEI;2600;P_VARIABLE;9;78.88;800;320;1;160;320
3051;z3103E;SEI;2300;P_VARIABLE;2;49.67;800;320;1;160;320
3052;z3103F;SEI;1700;P_CONSTANT;6;100;800;320;1;160;320
3053;z3127A;SEI;2300;P_VARIABLE;2;49.33;800;320;1;160;320
3054;z7503B;TVM300;1700;P_VARIABLE;10;58;500;200;0;100;200
3055;z64B;UM71;2000;P_CONSTANT;14;100;800;320;0;160;320
3056;z64A;UM71;2600;P_CONSTANT;4;100;800;320;0;160;320
3057;z66;UM71;2000;P_VARIABLE;16;102.47;800;320;0;160;320
3058;z63;UM71;2300;P_CONSTANT;17;100;800;320;0;160;320
3059;z65A;UM71;1700;P_CONSTANT;9;100;800;320;0;160;320
3060;z65B;UM71;2300;P_CONSTANT;8;100;800;320;0;160;320
3061;z67;UM71;1700;P_CONSTANT;15;100;800;320;0;160;320
3062;z3;TVM300;1700;P_CONSTANT;7;100;500;200;0;100;200
3063;z5A;TVM300;2300;P_CONSTANT;3;104.33;500;200;0;100;200
5001;z7503A;SEI;2300;P_VARIABLE;11;80;800;320;1;160;320
5002;z7503B;SEI;1700;P_VARIABLE;10;60.88;800;320;1;160;320
5003;z7511A;SEI;2300;P_VARIABLE;0;0;800;320;1;160;320
5004;z7511B;SEI;1700;P_VARIABLE;7;60;800;320;1;160;320
5005;z7511C;SEI;2300;P_VARIABLE;9;78.62;800;320;1;160;320
5006;z7515;SEI;1700;P_VARIABLE;20;59.26;800;320;1;160;320
5007;z7519;SEI;2300;P_VARIABLE;24;79.13;800;320;1;160;320
5008;z7563;SEI;1700;P_VARIABLE;27;59.15;800;320;1;160;320
5009;z1203A;SEI;2300;P_VARIABLE;8;80.57143;800;320;1;160;320
5010;z1203B;SEI;1700;P_VARIABLE;5;61.25;800;320;1;160;320
5011;z1203C;SEI;2300;P_VARIABLE;6;75.2;800;320;1;160;320
5012;z1203D;SEI;1700;P_VARIABLE;4;65.66;800;320;1;160;320
5013;z1225A;SEI;2300;P_VARIABLE;6;77;800;320;1;160;320
5014;z1225B;SEI;1700;P_VARIABLE;5;64;800;320;1;160;320
5015;z1225C;SEI;2300;P_VARIABLE;11;83.1;800;320;1;160;320
5016;z1233A;SEI;1700;P_VARIABLE;4;61.33;800;320;1;160;320
5017;z1233B;SEI;2300;P_VARIABLE;9;78;800;320;1;160;320
5018;z1233C;SEI;1700;P_VARIABLE;12;58.18;800;320;1;160;320
5019;z1233D;SEI;2300;P_VARIABLE;3;90;800;320;1;160;320
5020;z1241;SEI;1700;P_VARIABLE;25;60.91;800;320;1;160;320
5021;z1245;SEI;2300;P_VARIABLE;23;79.31;800;320;1;160;320
5022;z1249;SEI;1700;P_VARIABLE;30;60.86;800;320;1;160;320
5023;z1253;SEI;2300;P_VARIABLE;23;79.31;800;320;1;160;320
5024;z1257A;SEI;1700;P_VARIABLE;28;59.11;800;320;1;160;320
5025;z1257B;SEI;2300;P_VARIABLE;4;89.33;800;320;1;160;320
5026;z1261A;SEI;1700;P_VARIABLE;16;61.53;800;320;1;160;320
5027;z1261B;SEI;2300;P_VARIABLE;10;78.77;800;320;1;160;320
5028;z1265A;SEI;1700;P_VARIABLE;23;59;800;320;1;160;320
5029;z1265B;SEI;2300;P_VARIABLE;5;85;800;320;1;160;320
5030;z1269A;SEI;1700;P_VARIABLE;27;60;800;320;1;160;320
5031;z1269B;SEI;2300;P_VARIABLE;6;84.4;800;320;1;160;320
5032;z1303A;SEI;1700;P_VARIABLE;20;59.15;800;320;1;160;320
5033;z1303B;SEI;2300;P_VARIABLE;6;87.8;800;320;1;160;320
5034;z1333A;SEI;1700;P_VARIABLE;16;60;800;320;1;160;320
5035;z1333B;SEI;2300;P_VARIABLE;9;78.37;800;320;1;160;320
5036;z1341A;SEI;1700;P_VARIABLE;22;60.9;800;320;1;160;320
5037;z1341B;SEI;2300;P_VARIABLE;5;84.5;800;320;1;160;320
5038;z1345A;SEI;1700;P_VARIABLE;19;58.66;800;320;1;160;320
5039;z1345B;SEI;2300;P_VARIABLE;7;86.33;800;320;1;160;320
5040;z1403A;SEI;1700;P_VARIABLE;7;63.16;800;320;1;160;320
5041;z1403B;SEI;2300;P_VARIABLE;9;76.5;800;320;1;160;320
5042;z1403C;SEI;1700;P_VARIABLE;0;0;800;320;1;160;320
5043;z1403D;SEI;2300;P_VARIABLE;5;78.75;800;320;1;160;320
5044;z1433;SEI;1700;P_VARIABLE;22;61.14;800;320;1;160;320
5045;z1437A;SEI;2300;P_VARIABLE;13;78.33;800;320;1;160;320
5046;z1437B;SEI;1700;P_VARIABLE;11;60;800;320;1;160;320
5047;z1441A;SEI;2300;P_VARIABLE;16;82;800;320;1;160;320
5048;z1441B;SEI;1700;P_VARIABLE;6;54.4;800;320;1;160;320
5049;z1445A;SEI;2300;P_VARIABLE;18;80.82;800;320;1;160;320
5050;z1445B;SEI;1700;P_VARIABLE;6;58.4;800;320;1;160;320
5051;z1449;SEI;2300;P_VARIABLE;18;82;800;320;1;160;320
5052;z1453;SEI;1700;P_VARIABLE;35;59.41;800;320;1;160;320
5053;z1457A;SEI;2300;P_VARIABLE;22;78.14;800;320;1;160;320
5054;z1457B;SEI;1700;P_VARIABLE;4;66;800;320;1;160;320
5055;z1461;SEI;2300;P_VARIABLE;21;78.45;800;320;1;160;320
5056;z1465;SEI;1700;P_VARIABLE;30;60.55;800;320;1;160;320
5057;z1469;SEI;2300;P_VARIABLE;25;79.29;800;320;1;160;320
5058;z1477A;SEI;1700;P_VARIABLE;19;60;800;320;1;160;320
5059;z1477B;SEI;2300;P_VARIABLE;8;83.71;800;320;1;160;320
5060;z1541;SEI;1700;P_VARIABLE;30;60;800;320;1;160;320
5061;z1545;SEI;2300;P_VARIABLE;20;77.89;800;320;1;160;320
5062;z1549;SEI;1700;P_VARIABLE;23;60;800;320;1;160;320
5063;z1553;SEI;2300;P_VARIABLE;19;80;800;320;1;160;320
5064;z1557A;SEI;1700;P_VARIABLE;6;57.4;800;320;1;160;320
5065;z1557B;SEI;2300;P_VARIABLE;13;80.66;800;320;1;160;320
5066;z1561;SEI;1700;P_VARIABLE;25;58.75;800;320;1;160;320
5067;z1565A;SEI;2300;P_VARIABLE;7;85.83;800;320;1;160;320
5068;z1565B;SEI;1700;P_VARIABLE;26;61;800;320;1;160;320
5069;z1573A;SEI;2300;P_VARIABLE;5;76.25;800;320;1;160;320
5070;z1573B;SEI;1700;P_VARIABLE;23;60;800;320;1;160;320
5071;z1603A;SEI;2300;P_VARIABLE;7;82.83;800;320;1;160;320
5072;z1603B;SEI;1700;P_VARIABLE;11;57.8;800;320;1;160;320
5073;z1621A;SEI;2300;P_VARIABLE;3;93;800;320;1;160;320
5074;z1621B;SEI;1700;P_VARIABLE;9;56.75;800;320;1;160;320
5075;z1621C;SEI;2300;P_VARIABLE;6;87.8;800;320;1;160;320
5076;z1633A;SEI;1700;P_VARIABLE;6;57.4;800;320;1;160;320
5077;z1633B;SEI;2300;P_VARIABLE;14;79.38;800;320;1;160;320
5078;z1641A;SEI;1700;P_VARIABLE;9;61.25;800;320;1;160;320
5079;z1641B;SEI;2300;P_VARIABLE;21;81.7;800;320;1;160;320
5080;z1645;SEI;1700;P_VARIABLE;25;60.95;800;320;1;160;320
5081;z1621D;SEI;2300;P_VARIABLE;2;72;800;320;1;160;320
5082;z1649A;SEI;2300;P_VARIABLE;14;78.61;800;320;1;160;320
5083;z1649B;SEI;1700;P_VARIABLE;22;58.66;800;320;1;160;320
5084;z1657;SEI;2300;P_VARIABLE;16;82.46;800;320;1;160;320
5085;z1661;SEI;1700;P_VARIABLE;19;61.44;800;320;1;160;320
5086;z1665;SEI;2300;P_VARIABLE;17;78.68;800;320;1;160;320
5087;z1669;SEI;1700;P_VARIABLE;33;60.87;800;320;1;160;320
5088;z1673A;SEI;2300;P_VARIABLE;25;80;800;320;1;160;320
5089;z1673B;SEI;1700;P_VARIABLE;8;56.14;800;320;1;160;320
5090;z1745;SEI;2300;P_VARIABLE;19;80.55;800;320;1;160;320
5091;z1749;SEI;1700;P_VARIABLE;29;60;800;320;1;160;320
5092;z1753;SEI;2300;P_VARIABLE;22;80;800;320;1;160;320
5093;z1757;SEI;1700;P_VARIABLE;27;60;800;320;1;160;320
5094;z1761;SEI;2300;P_VARIABLE;20;81.57;800;320;1;160;320
5095;z1765;SEI;1700;P_VARIABLE;27;60;800;320;1;160;320
5096;z1769;SEI;2300;P_VARIABLE;20;81.57;800;320;1;160;320
5097;z1773;SEI;1700;P_VARIABLE;27;60;800;320;1;160;320
5098;z1777;SEI;2300;P_VARIABLE;18;80;800;320;1;160;320
5099;z1781A;SEI;1700;P_VARIABLE;8;55.71;800;320;1;160;320
5100;z1781B;SEI;2300;P_VARIABLE;12;81.81;800;320;1;160;320
5101;z1785A;SEI;1700;P_VARIABLE;16;61.86;800;320;1;160;320
5102;z1785B;SEI;2300;P_VARIABLE;4;91.33;800;320;1;160;320
5103;z1789;SEI;1700;P_VARIABLE;24;60;800;320;1;160;320
5104;z1793;SEI;2300;P_VARIABLE;22;80;800;320;1;160;320
5105;z1797;SEI;1700;P_VARIABLE;26;60;800;320;1;160;320
5106;z1803A;SEI;2300;P_VARIABLE;9;83.87;800;320;1;160;320
5107;z1803B;SEI;1700;P_VARIABLE;12;57.36;800;320;1;160;320
5108;z1833A;SEI;2300;P_VARIABLE;7;73.33;800;320;1;160;320
5109;z1833B;SEI;1700;P_VARIABLE;15;60;800;320;1;160;320
5110;z1837A;SEI;2300;P_VARIABLE;13;81.91;800;320;1;160;320
5111;z1837B;SEI;1700;P_VARIABLE;7;64.66;800;320;1;160;320
5112;z1903A;SEI;2300;P_VARIABLE;5;78;800;320;1;160;320
5113;z1903B;SEI;1700;P_VARIABLE;5;59.25;800;320;1;160;320
5114;z1903C;SEI;2300;P_VARIABLE;9;82.87;800;320;1;160;320
5115;z1933;SEI;1700;P_VARIABLE;29;60;800;320;1;160;320
5116;z1941;SEI;2300;P_VARIABLE;22;80;800;320;1;160;320
5117;z1945;SEI;1700;P_VARIABLE;29;60;800;320;1;160;320
5118;z1903D;SEI;2300;P_VARIABLE;10;84;800;320;1;160;320
5119;z1903E;SEI;1700;P_VARIABLE;2;52;800;320;1;160;320
5120;z1903F;SEI;2300;P_VARIABLE;2;86;800;320;1;160;320
5121;z1953;SEI;2300;P_VARIABLE;21;80;800;320;1;160;320
5122;z1957;SEI;1700;P_VARIABLE;28;60;800;320;1;160;320
5123;z1961;SEI;2300;P_VARIABLE;21;80;800;320;1;160;320
5124;z1965;SEI;1700;P_VARIABLE;28;60;800;320;1;160;320
5125;z1969;SEI;2300;P_VARIABLE;21;80;800;320;1;160;320
5126;z1973;SEI;1700;P_VARIABLE;28;60.92;800;320;1;160;320
5127;z2049;SEI;1700;P_VARIABLE;28;60;800;320;1;160;320
5128;z2053;SEI;2300;P_VARIABLE;21;78;800;320;1;160;320
5129;z2057;SEI;1700;P_VARIABLE;34;60;800;320;1;160;320
5130;z2061;SEI;2300;P_VARIABLE;23;78.45;800;320;1;160;320
5131;z2065;SEI;1700;P_VARIABLE;27;58.84;800;320;1;160;320
5132;z2069;SEI;2300;P_VARIABLE;21;81.85;800;320;1;160;320
5133;z2073;SEI;1700;P_VARIABLE;28;60;800;320;1;160;320
5134;z2077;SEI;2300;P_VARIABLE;21;80;800;320;1;160;320
5135;z2103A;SEI;1700;P_VARIABLE;11;61.3;800;320;1;160;320
5136;z2103B;SEI;2300;P_VARIABLE;5;75.5;800;320;1;160;320
5137;z2103C;SEI;1700;P_VARIABLE;6;64.2;800;320;1;160;320
5138;z2103D;SEI;2300;P_VARIABLE;3;92;800;320;1;160;320
5139;z2133;SEI;1700;P_VARIABLE;29;59.1;800;320;1;160;320
5140;z2141;SEI;2300;P_VARIABLE;23;80;800;320;1;160;320
5141;z2145;SEI;1700;P_VARIABLE;32;59.03;800;320;1;160;320
5142;z2149;SEI;2300;P_VARIABLE;23;80.68;800;320;1;160;320
5143;z2153;SEI;1700;P_VARIABLE;29;60;800;320;1;160;320
5144;z2157;SEI;2300;P_VARIABLE;23;80;800;320;1;160;320
5145;z2161;SEI;1700;P_VARIABLE;30;60.68;800;320;1;160;320
5146;z2165;SEI;2300;P_VARIABLE;17;79.31;800;320;1;160;320
5147;z2169;SEI;1700;P_VARIABLE;24;60;800;320;1;160;320
5148;z2173;SEI;2300;P_VARIABLE;19;80;800;320;1;160;320
5149;z2177;SEI;1700;P_VARIABLE;25;59.16;800;320;1;160;320
5150;z2241;SEI;2300;P_VARIABLE;21;80;800;320;1;160;320
5151;z2245;SEI;1700;P_VARIABLE;29;59;800;320;1;160;320
5152;z2249A;SEI;2300;P_VARIABLE;8;79.28;800;320;1;160;320
5153;z2249B;SEI;1700;P_VARIABLE;20;58.47;800;320;1;160;320
5154;z2253;SEI;2300;P_VARIABLE;27;80;800;320;1;160;320
5155;z2261;SEI;1700;P_VARIABLE;36;60.71;800;320;1;160;320
5156;z2265;SEI;2300;P_VARIABLE;22;80;800;320;1;160;320
5157;z2269;SEI;1700;P_VARIABLE;29;61.03;800;320;1;160;320
5158;z2273;SEI;2300;P_VARIABLE;23;80.72;800;320;1;160;320
5159;z2303A;SEI;1700;P_VARIABLE;5;66.75;800;320;1;160;320
5160;z2303B;SEI;2300;P_VARIABLE;4;82.33;800;320;1;160;320
5161;z2303C;SEI;1700;P_VARIABLE;6;64.4;800;320;1;160;320
5162;z2303D;SEI;2300;P_VARIABLE;5;75.5;800;320;1;160;320
5163;z2303E;SEI;1700;P_VARIABLE;6;63.2;800;320;1;160;320
5164;z2333;SEI;2300;P_VARIABLE;24;80.86;800;320;1;160;320
5165;z2341;SEI;1700;P_VARIABLE;32;60;800;320;1;160;320
5166;z2345A;SEI;2300;P_VARIABLE;6;82.2;800;320;1;160;320
5167;z2345B;SEI;1700;P_VARIABLE;25;61.16;800;320;1;160;320
5168;z2349;SEI;2300;P_VARIABLE;23;81.5;800;320;1;160;320
5169;z2353;SEI;1700;P_VARIABLE;36;59.53;800;320;1;160;320
5170;z2361;SEI;2300;P_VARIABLE;24;78.26;800;320;1;160;320
5171;z2365;SEI;1700;P_VARIABLE;31;60.66;800;320;1;160;320
5172;z2369;SEI;2300;P_VARIABLE;24;78.47;800;320;1;160;320
5173;z2373;SEI;1700;P_VARIABLE;31;60;800;320;1;160;320
5174;z2377;SEI;2300;P_VARIABLE;22;81.47;800;320;1;160;320
5175;z2381;SEI;1700;P_VARIABLE;25;58.87;800;320;1;160;320
5176;z2385;SEI;2300;P_VARIABLE;19;80.88;800;320;1;160;320
5177;z2389;SEI;1700;P_VARIABLE;27;59;800;320;1;160;320
5178;z2393;SEI;2300;P_VARIABLE;16;77.93;800;320;1;160;320
5179;z2397;SEI;1700;P_VARIABLE;24;59.26;800;320;1;160;320
5180;z2403A;SEI;2300;P_VARIABLE;5;86.5;800;320;1;160;320
5181;z2403B;SEI;1700;P_VARIABLE;11;61.9;800;320;1;160;320
5182;z2403C;SEI;2300;P_VARIABLE;4;69.33;800;320;1;160;320
5183;z2433;SEI;1700;P_VARIABLE;27;59.3;800;320;1;160;320
5184;z2641;SEI;1700;P_VARIABLE;25;61.12;800;320;1;160;320
5185;z2645;SEI;2300;P_VARIABLE;17;78.75;800;320;1;160;320
5186;z2649;SEI;1700;P_VARIABLE;29;60.67;800;320;1;160;320
5187;z2653;SEI;2300;P_VARIABLE;17;80;800;320;1;160;320
5188;z2657;SEI;1700;P_VARIABLE;24;58.95;800;320;1;160;320
5189;z2661;SEI;2300;P_VARIABLE;20;80;800;320;1;160;320
5190;z2665;SEI;1700;P_VARIABLE;28;60.74;800;320;1;160;320
5191;z7523;SEI;1700;P_VARIABLE;33;60.75;800;320;1;160;320
5192;z7527;SEI;2300;P_VARIABLE;16;81.2;800;320;1;160;320
5193;z7535A;SEI;1700;P_VARIABLE;14;60.92;800;320;1;160;320
5194;z7535B;SEI;2300;P_VARIABLE;3;87;800;320;1;160;320
5195;z7535C;SEI;1700;P_VARIABLE;0;0;800;320;1;160;320
5196;z7535D;SEI;2300;P_VARIABLE;3;72;800;320;1;160;320
5197;z7551A;SEI;1700;P_VARIABLE;5;58.25;800;320;1;160;320
5198;z7551B;SEI;2300;P_VARIABLE;5;77;800;320;1;160;320
5199;z7551C;SEI;1700;P_VARIABLE;11;61.7;800;320;1;160;320
5200;z7559;SEI;2300;P_VARIABLE;23;78.36;800;320;1;160;320
5201;z7539A;SEI;2000;P_VARIABLE;17;58.37;800;320;1;160;320
5202;z7539B;SEI;2600;P_VARIABLE;3;76;800;320;1;160;320
5203;z7531;SEI;2300;P_VARIABLE;17;80.81;800;320;1;160;320
5204;z7541A;SEI;1700;P_VARIABLE;15;61.78;800;320;1;160;320
5205;z7541B;SEI;2300;P_VARIABLE;9;76.87;800;320;1;160;320
5206;z7549;SEI;1700;P_VARIABLE;5;54;800;320;1;160;320
5207;z1481A;SEI;1700;P_VARIABLE;5;53.5;800;320;1;160;320
5208;z1481B;SEI;2300;P_VARIABLE;19;78.88;800;320;1;160;320
5209;z1481C;SEI;1700;P_VARIABLE;5;59;800;320;1;160;320
5210;z1485A;SEI;2300;P_VARIABLE;13;81.33;800;320;1;160;320
5211;z1485B;SEI;1700;P_VARIABLE;12;61.63;800;320;1;160;320
5212;z1503A;SEI;2300;P_VARIABLE;11;77.4;800;320;1;160;320
5213;z1503B;SEI;1700;P_VARIABLE;8;56.28;800;320;1;160;320
5214;z1503C;SEI;2300;P_VARIABLE;0;0;800;320;1;160;320
5215;z1503D;SEI;1700;P_VARIABLE;4;64;800;320;1;160;320
5216;z1525A;SEI;2300;P_VARIABLE;0;0;800;320;1;160;320
5217;z1525B;SEI;1700;P_VARIABLE;9;62.5;800;320;1;160;320
5218;z1525C;SEI;2300;P_VARIABLE;6;79;800;320;1;160;320
5219;z1525D;SEI;1700;P_VARIABLE;6;60;800;320;1;160;320
5220;z1533;SEI;2300;P_VARIABLE;19;80;800;320;1;160;320
5221;z1503E;SEI;2300;P_VARIABLE;2;88;800;320;1;160;320
5222;z1503F;SEI;1700;P_VARIABLE;9;56.5;800;320;1;160;320
5223;z1527;SEI;2300;P_VARIABLE;2;70;800;320;1;160;320
5224;z1681;SEI;2300;P_VARIABLE;19;78.22;800;320;1;160;320
5225;z1685;SEI;1700;P_VARIABLE;27;60;800;320;1;160;320
5226;z1703A;SEI;2300;P_VARIABLE;7;81.66;800;320;1;160;320
5227;z1703B;SEI;1700;P_VARIABLE;5;61.25;800;320;1;160;320
5228;z1703C;SEI;2300;P_VARIABLE;0;0;800;320;1;160;320
5229;z1703D;SEI;1700;P_VARIABLE;6;55.6;800;320;1;160;320
5230;z1709A;SEI;2300;P_VARIABLE;8;80;800;320;1;160;320
5231;z1709B;SEI;1700;P_VARIABLE;5;61.75;800;320;1;160;320
5232;z1709C;SEI;2300;P_VARIABLE;0;0;800;320;1;160;320
5233;z1709D;SEI;1700;P_VARIABLE;6;56.4;800;320;1;160;320
5234;z1725A;SEI;2300;P_VARIABLE;0;0;800;320;1;160;320
5235;z1725B;SEI;1700;P_VARIABLE;14;60;800;320;1;160;320
5236;z1725C;SEI;2300;P_VARIABLE;6;80;800;320;1;160;320
5237;z1733;SEI;1700;P_VARIABLE;26;60;800;320;1;160;320
5238;z1713A;SEI;2300;P_VARIABLE;2;77;800;320;1;160;320
5239;z1713B;SEI;1700;P_VARIABLE;9;57.5;800;320;1;160;320
5240;z1727;SEI;2300;P_VARIABLE;2;76;800;320;1;160;320
5241;z1725D;SEI;2300;P_VARIABLE;3;83;800;320;1;160;320
5242;z1977;SEI;2300;P_VARIABLE;21;80;800;320;1;160;320
5243;z1981;SEI;1700;P_VARIABLE;28;60;800;320;1;160;320
5244;z2003A;SEI;2300;P_VARIABLE;11;78.7;800;320;1;160;320
5245;z2003B;SEI;1700;P_VARIABLE;8;56.42;800;320;1;160;320
5246;z2003C;SEI;2300;P_VARIABLE;0;0;800;320;1;160;320
5247;z2003D;SEI;1700;P_VARIABLE;4;64;800;320;1;160;320
5248;z2025A;SEI;2300;P_VARIABLE;0;0;800;320;1;160;320
5249;z2025B;SEI;1700;P_VARIABLE;9;62.37;800;320;1;160;320
5250;z2025C;SEI;2300;P_VARIABLE;3;73;800;320;1;160;320
5251;z2025D;SEI;1700;P_VARIABLE;10;59;800;320;1;160;320
5252;z2033;SEI;2300;P_VARIABLE;21;80;800;320;1;160;320
5253;z2041;SEI;1700;P_VARIABLE;28;60.74;800;320;1;160;320
5254;z2045;SEI;2300;P_VARIABLE;21;79;800;320;1;160;320
5255;z2003E;SEI;2300;P_VARIABLE;2;87;800;320;1;160;320
5256;z2003F;SEI;1700;P_VARIABLE;9;56.5;800;320;1;160;320
5257;z2027;SEI;2300;P_VARIABLE;2;69;800;320;1;160;320
5258;z2181;SEI;2300;P_VARIABLE;15;78.78;800;320;1;160;320
5259;z2185;SEI;1700;P_VARIABLE;29;59.07;800;320;1;160;320
5260;z2189;SEI;2300;P_VARIABLE;19;78.94;800;320;1;160;320
5261;z2203A;SEI;1700;P_VARIABLE;5;60.75;800;320;1;160;320
5262;z2203B;SEI;2300;P_VARIABLE;7;84;800;320;1;160;320
5263;z2203C;SEI;1700;P_VARIABLE;0;0;800;320;1;160;320
5264;z2203D;SEI;2300;P_VARIABLE;4;87.33;800;320;1;160;320
5265;z2225A;SEI;1700;P_VARIABLE;0;0;800;320;1;160;320
5266;z2225B;SEI;2300;P_VARIABLE;9;75.5;800;320;1;160;320
5267;z2225C;SEI;1700;P_VARIABLE;0;0;800;320;1;160;320
5268;z2225D;SEI;2300;P_VARIABLE;3;91;800;320;1;160;320
5269;z2233;SEI;1700;P_VARIABLE;27;60.69;800;320;1;160;320
5270;z2237A;SEI;2300;P_VARIABLE;4;68;800;320;1;160;320
5271;z2237B;SEI;1700;P_VARIABLE;25;60;800;320;1;160;320
5272;z2215A;SEI;1700;P_VARIABLE;2;74;800;320;1;160;320
5273;z2215B;SEI;2300;P_VARIABLE;6;84.6;800;320;1;160;320
5274;z2227;SEI;1700;P_VARIABLE;3;50;800;320;1;160;320
5275;z2503A;SEI;2300;P_VARIABLE;6;81.4;800;320;1;160;320
5276;z2503B;SEI;1700;P_VARIABLE;14;60;800;320;1;160;320
5277;z2503C;SEI;2300;P_VARIABLE;10;83.88;800;320;1;160;320
5278;z2503D;SEI;1700;P_VARIABLE;5;59.25;800;320;1;160;320
5279;z2503E;SEI;2300;P_VARIABLE;6;76.4;800;320;1;160;320
5280;z2523A;SEI;1700;P_VARIABLE;32;60;800;320;1;160;320
5281;z2523B;SEI;2300;P_VARIABLE;4;66.66;800;320;1;160;320
5282;z2555A;SEI;1700;P_VARIABLE;6;62.8;800;320;1;160;320
5283;z2555B;SEI;2300;P_VARIABLE;0;0;800;320;1;160;320
5284;z2555C;SEI;1700;P_VARIABLE;12;60;800;320;1;160;320
5285;z2563;SEI;2300;P_VARIABLE;20;81.84;800;320;1;160;320
5286;z2571;SEI;1700;P_VARIABLE;31;60;800;320;1;160;320
5287;z2503F;SEI;2300;P_VARIABLE;6;75;800;320;1;160;320
5288;z2525A;SEI;1700;P_VARIABLE;6;61.8;800;320;1;160;320
5289;z2525B;SEI;2300;P_VARIABLE;3;70;800;320;1;160;320
5290;z2525C;SEI;1700;P_VARIABLE;4;60;800;320;1;160;320
5291;z2525D;SEI;2300;P_VARIABLE;2;93;800;320;1;160;320
5292;z2525E;SEI;1700;P_VARIABLE;2;55;800;320;1;160;320
5293;z2525F;SEI;2300;P_VARIABLE;2;68;800;320;1;160;320
5294;z2535A;SEI;1700;P_VARIABLE;9;62.93;800;320;1;160;320
5295;z2535B;SEI;2300;P_VARIABLE;7;86;800;320;1;160;320
5296;z2525G;SEI;1700;P_VARIABLE;5;54;800;320;1;160;320
5297;z2525H;SEI;2300;P_VARIABLE;1;55;800;320;1;160;320
5298;z2525J;SEI;1700;P_VARIABLE;7;56.83;800;320;1;160;320
5299;z2525K;SEI;2300;P_VARIABLE;4;69;800;320;1;160;320
5300;z2575;SEI;2300;P_VARIABLE;28;80;800;320;1;160;320
5301;z2579;SEI;1700;P_VARIABLE;27;60;800;320;1;160;320
5302;z2603A;SEI;2300;P_VARIABLE;4;73.66;800;320;1;160;320
5303;z2603B;SEI;1700;P_VARIABLE;10;58.11;800;320;1;160;320
5304;z2603C;SEI;2300;P_VARIABLE;0;0;800;320;1;160;320
5305;z2603D;SEI;1700;P_VARIABLE;6;56.4;800;320;1;160;320
5306;z2625A;SEI;2300;P_VARIABLE;3;69;800;320;1;160;320
5307;z2625B;SEI;1700;P_VARIABLE;11;62.9;800;320;1;160;320
5308;z2625C;SEI;2300;P_VARIABLE;0;0;800;320;1;160;320
5309;z2625D;SEI;1700;P_VARIABLE;5;60.75;800;320;1;160;320
5310;z2633;SEI;2300;P_VARIABLE;17;78.68;800;320;1;160;320
5311;z2615A;SEI;2300;P_VARIABLE;3;53;800;320;1;160;320
5312;z2615B;SEI;1700;P_CONSTANT;9;57;800;320;1;160;320
5313;z2627;SEI;2300;P_VARIABLE;2;77;800;320;1;160;320
5314;z2669;SEI;2300;P_VARIABLE;21;78;800;320;1;160;320
5325;z2713G;SEI;1700;P_VARIABLE;3;57;800;320;1;160;320
5326;z2713H;SEI;2300;P_VARIABLE;14;80;800;320;1;160;320
5327;z2741A;SEI;1700;P_VARIABLE;24;60;800;320;1;160;320
5328;z2741B;SEI;2300;P_VARIABLE;11;79;800;320;1;160;320
5329;z7526;SEI;2600;P_VARIABLE;19;79;800;320;1;160;320
5330;z7534;SEI;2000;P_VARIABLE;28;60.66;800;320;1;160;320
5331;z7548C;SEI;2600;P_VARIABLE;16;80;800;320;1;160;320
5332;z7548B;SEI;2000;P_VARIABLE;4;67.33333333;800;320;1;160;320
5333;z7548A;SEI;2600;P_VARIABLE;2;94;800;320;1;160;320
5334;z7558C;SEI;2000;P_VARIABLE;5;58;800;320;1;160;320
5335;z7558B;SEI;2600;P_VARIABLE;5;77;800;320;1;160;320
5336;z7558A;SEI;2000;P_VARIABLE;15;58.64;800;320;1;160;320
5337;z7562;SEI;2600;P_VARIABLE;23;79.27;800;320;1;160;320
5338;z7548E;SEI;1700;P_VARIABLE;14;59.92;800;320;1;160;320
5340;z7548D;SEI;2300;P_VARIABLE;3;76;800;320;1;160;320
5341;z7542;SEI;2600;P_VARIABLE;23;80;800;320;1;160;320
5342;z7558D;SEI;2000;P_VARIABLE;5;65;800;320;1;160;320
5343;z1202;SEI;2000;P_VARIABLE;27;59.61538;800;320;1;160;320
5344;z1214E;SEI;2600;P_VARIABLE;4;78;800;320;1;160;320
5345;z1214D;SEI;2000;P_VARIABLE;4;58.33;800;320;1;160;320
5346;z1214C;SEI;2600;P_VARIABLE;0;0;800;320;1;160;320
5347;z1214B;SEI;2000;P_VARIABLE;8;56.42;800;320;1;160;320
5348;z1214A;SEI;2600;P_VARIABLE;0;0;800;320;1;160;320
5349;z1232D;SEI;2000;P_VARIABLE;4;65.66;800;320;1;160;320
5350;z1232C;SEI;2600;P_VARIABLE;3;70.5;800;320;1;160;320
5351;z1232B;SEI;2000;P_VARIABLE;8;57.71;800;320;1;160;320
5352;z1232A;SEI;2600;P_VARIABLE;13;78;800;320;1;160;320
5353;z1240B;SEI;2000;P_VARIABLE;4;69.66;800;320;1;160;320
5354;z1240A;SEI;2600;P_VARIABLE;17;81.31;800;320;1;160;320
5355;z1244B;SEI;2000;P_VARIABLE;7;60.66;800;320;1;160;320
5356;z1244A;SEI;2600;P_VARIABLE;16;81.4;800;320;1;160;320
5357;z1212;SEI;2600;P_VARIABLE;2;72;800;320;1;160;320
5358;z1232F;SEI;2000;P_VARIABLE;9;58;800;320;1;160;320
5359;z1232E;SEI;2600;P_VARIABLE;2;90;800;320;1;160;320
5360;z1268B;SEI;2600;P_VARIABLE;6;81.4;800;320;1;160;320
5361;z1268A;SEI;2000;P_VARIABLE;20;60;800;320;1;160;320
5362;z1302B;SEI;2600;P_VARIABLE;9;80.87;800;320;1;160;320
5363;z1302A;SEI;2000;P_VARIABLE;17;58.62;800;320;1;160;320
5364;z1332D;SEI;2600;P_VARIABLE;0;0;800;320;1;160;320
5365;z1332C;SEI;2000;P_VARIABLE;19;60;800;320;1;160;320
5366;z1332B;SEI;2600;P_VARIABLE;3;71;800;320;1;160;320
5367;z1332A;SEI;2000;P_VARIABLE;6;55.6;800;320;1;160;320
5368;z1340C;SEI;2600;P_VARIABLE;6;82.6;800;320;1;160;320
5369;z1340B;SEI;2000;P_VARIABLE;8;63.71;800;320;1;160;320
5370;z1340A;SEI;2600;P_VARIABLE;13;83.25;800;320;1;160;320
5371;z1344;SEI;2000;P_VARIABLE;28;60.74;800;320;1;160;320
5372;z1332G;SEI;2000;P_VARIABLE;9;58;800;320;1;160;320
5373;z1332F;SEI;2600;P_VARIABLE;1;64;800;320;1;160;320
5374;z1332E;SEI;2000;P_VARIABLE;3;52;800;320;1;160;320
5375;z1684B;SEI;2000;P_VARIABLE;18;58.35;800;320;1;160;320
5376;z1684A;SEI;2600;P_VARIABLE;7;75.66;800;320;1;160;320
5377;z1702B;SEI;2000;P_VARIABLE;20;60;800;320;1;160;320
5378;z1702A;SEI;2600;P_VARIABLE;0;0;800;320;1;160;320
5379;z1706C;SEI;2000;P_VARIABLE;10;62.66;800;320;1;160;320
5380;z1706B;SEI;2600;P_VARIABLE;4;74.66;800;320;1;160;320
5381;z1706A;SEI;2000;P_VARIABLE;8;62.14;800;320;1;160;320
5382;z1714C;SEI;2600;P_VARIABLE;11;80.5;800;320;1;160;320
5383;z1714B;SEI;2000;P_VARIABLE;5;61.75;800;320;1;160;320
5384;z1714A;SEI;2600;P_VARIABLE;0;0;800;320;1;160;320
5385;z1732F;SEI;2000;P_VARIABLE;6;56.4;800;320;1;160;320
5386;z1732E;SEI;2600;P_VARIABLE;0;0;800;320;1;160;320
5387;z1732D;SEI;2000;P_VARIABLE;6;58.4;800;320;1;160;320
5388;z1732C;SEI;2600;P_VARIABLE;4;72.66;800;320;1;160;320
5389;z1732B;SEI;2000;P_VARIABLE;5;53.5;800;320;1;160;320
5390;z1732A;SEI;2600;P_VARIABLE;4;83.33;800;320;1;160;320
5391;z1744;SEI;2000;P_VARIABLE;32;60;800;320;1;160;320
5392;z1712;SEI;2600;P_VARIABLE;2;77;800;320;1;160;320
5393;z1722B;SEI;2000;P_VARIABLE;9;57.5;800;320;1;160;320
5394;z1722A;SEI;2600;P_VARIABLE;2;76;800;320;1;160;320
5395;z1730;SEI;2600;P_VARIABLE;3;102;800;320;1;160;320
5396;z1740C;SEI;2000;P_VARIABLE;2;49;800;320;1;160;320
5397;z1740B;SEI;2600;P_VARIABLE;7;85.03;800;320;1;160;320
5398;z2184;SEI;2600;P_VARIABLE;28;80;800;320;1;160;320
5399;z2202;SEI;2000;P_VARIABLE;28;60;800;320;1;160;320
5400;z2214D;SEI;2600;P_VARIABLE;13;77.33;800;320;1;160;320
5401;z2214C;SEI;2000;P_VARIABLE;6;59;800;320;1;160;320
5402;z2214B;SEI;2600;P_VARIABLE;4;72;800;320;1;160;320
5403;z2214A;SEI;2000;P_VARIABLE;0;0;800;320;1;160;320
5404;z2232E;SEI;2600;P_VARIABLE;4;87.33;800;320;1;160;320
5405;z2232D;SEI;2000;P_VARIABLE;0;0;800;320;1;160;320
5406;z2232C;SEI;2600;P_VARIABLE;4;90.33;800;320;1;160;320
5407;z2232B;SEI;2000;P_VARIABLE;5;61;800;320;1;160;320
5408;z2232A;SEI;2600;P_VARIABLE;9;78.12;800;320;1;160;320
5409;z2236B;SEI;2000;P_VARIABLE;24;60;800;320;1;160;320
5410;z2236A;SEI;2600;P_VARIABLE;5;73.75;800;320;1;160;320
5411;z2240;SEI;2000;P_VARIABLE;24;58.91;800;320;1;160;320
5412;z2212;SEI;2000;P_VARIABLE;3;51;800;320;1;160;320
5413;z2222B;SEI;2600;P_VARIABLE;6;84.6;800;320;1;160;320
5414;z2222A;SEI;2000;P_VARIABLE;2;74;800;320;1;160;320
5415;z2506B;SEI;2600;P_VARIABLE;6;84.2;800;320;1;160;320
5416;z2506A;SEI;2000;P_VARIABLE;11;59.4;800;320;1;160;320
5417;z2514;SEI;2600;P_VARIABLE;15;79;800;320;1;160;320
5418;z2522B;SEI;2000;P_VARIABLE;5;59.25;800;320;1;160;320
5419;z2522A;SEI;2600;P_VARIABLE;11;77.7;800;320;1;160;320
5420;z2544;SEI;2000;P_VARIABLE;24;61.04;800;320;1;160;320
5421;z2562D;SEI;2600;P_VARIABLE;4;66.66;800;320;1;160;320
5422;z2562C;SEI;2000;P_VARIABLE;6;62.8;800;320;1;160;320
5423;z2562B;SEI;2600;P_VARIABLE;3;89;800;320;1;160;320
5424;z2562A;SEI;2000;P_VARIABLE;13;59.33;800;320;1;160;320
5425;z2570;SEI;2600;P_VARIABLE;26;80;800;320;1;160;320
5426;z2574;SEI;2000;P_VARIABLE;25;58.95;800;320;1;160;320
5427;z2520;SEI;2600;P_VARIABLE;3;82;800;320;1;160;320
5428;z2542E;SEI;2000;P_VARIABLE;2;55;800;320;1;160;320
5429;z2542D;SEI;2600;P_VARIABLE;2;77;800;320;1;160;320
5430;z2542C;SEI;2000;P_VARIABLE;7;55;800;320;1;160;320
5431;z2542B;SEI;2600;P_VARIABLE;4;83;800;320;1;160;320
5432;z2540;SEI;2000;P_VARIABLE;3;52;800;320;1;160;320
5433;z2546;SEI;2600;P_VARIABLE;4;92;800;320;1;160;320
5434;z2518C;SEI;2600;P_VARIABLE;4;92;800;320;1;160;320
5435;z2518B;SEI;2000;P_VARIABLE;4;54.33;800;320;1;160;320
5436;z2518A;SEI;2600;P_VARIABLE;7;77.33;800;320;1;160;320
5437;z2524C;SEI;2000;NON;0;0;800;320;1;160;320
5438;z2524B;SEI;2600;P_VARIABLE;9;75.12;800;320;1;160;320
5439;z2524A;SEI;2000;P_VARIABLE;11;60;800;320;1;160;320
5440;z2578;SEI;2600;P_VARIABLE;17;81.12;800;320;1;160;320
5441;z2602;SEI;2000;P_VARIABLE;27;60.76;800;320;1;160;320
5442;z2614D;SEI;2600;P_VARIABLE;12;76.54;800;320;1;160;320
5443;z2614C;SEI;2000;P_VARIABLE;6;59;800;320;1;160;320
5444;z2614B;SEI;2600;P_VARIABLE;4;72.33;800;320;1;160;320
5445;z2614A;SEI;2000;P_VARIABLE;0;0;800;320;1;160;320
5446;z2632E;SEI;2600;P_VARIABLE;4;87.33;800;320;1;160;320
5447;z2632D;SEI;2000;P_VARIABLE;0;0;800;320;1;160;320
5448;z2632C;SEI;2600;P_VARIABLE;4;90.33;800;320;1;160;320
5449;z2632B;SEI;2000;P_VARIABLE;5;61;800;320;1;160;320
5450;z2632A;SEI;2600;P_VARIABLE;7;77.16;800;320;1;160;320
5451;z2644;SEI;2000;P_VARIABLE;33;60.56;800;320;1;160;320
5452;z2612;SEI;2000;P_VARIABLE;3;54;800;320;1;160;320
5453;z2622B;SEI;2600;P_VARIABLE;6;87;800;320;1;160;320
5454;z2622A;SEI;2000;P_VARIABLE;3;55;800;320;1;160;320
5455;z7508B;SEI;2600;P_VARIABLE;10;83;800;320;1;160;320
5456;z7508A;SEI;2000;P_VARIABLE;12;62.18;800;320;1;160;320
5457;z7518B;SEI;2600;P_VARIABLE;17;82.25;800;320;1;160;320
5458;z7518A;SEI;2000;P_VARIABLE;16;60.86;800;320;1;160;320
5459;z7522B;SEI;2600;P_VARIABLE;10;79;800;320;1;160;320
5460;z7522A;SEI;2000;P_VARIABLE;11;61.5;800;320;1;160;320
5461;z1248B;SEI;2000;P_VARIABLE;9;59.12;800;320;1;160;320
5462;z1248A;SEI;2600;P_VARIABLE;16;78.6;800;320;1;160;320
5463;z1252;SEI;2000;P_VARIABLE;31;59;800;320;1;160;320
5464;z1256;SEI;2600;P_VARIABLE;21;80;800;320;1;160;320
5465;z1260;SEI;2000;P_VARIABLE;35;60;800;320;1;160;320
5466;z1264B;SEI;2600;P_VARIABLE;6;79.4;800;320;1;160;320
5467;z1264A;SEI;2000;P_VARIABLE;27;60.53;800;320;1;160;320
5468;z1402B;SEI;2600;P_VARIABLE;10;80.66;800;320;1;160;320
5469;z1402A;SEI;2000;P_VARIABLE;13;59.08;800;320;1;160;320
5470;z1432C;SEI;2600;P_VARIABLE;6;83.4;800;320;1;160;320
5471;z1432B;SEI;2000;P_VARIABLE;6;64.6;800;320;1;160;320
5472;z1432A;SEI;2600;P_VARIABLE;10;79.33;800;320;1;160;320
5473;z1440;SEI;2000;P_VARIABLE;34;60;800;320;1;160;320
5474;z1444;SEI;2600;P_VARIABLE;23;79.4;800;320;1;160;320
5475;z1448;SEI;2000;P_VARIABLE;29;60;800;320;1;160;320
5476;z1452;SEI;2600;P_VARIABLE;22;80.95;800;320;1;160;320
5477;z1456;SEI;2000;P_VARIABLE;30;60;800;320;1;160;320
5478;z1460;SEI;2600;P_VARIABLE;22;81.19;800;320;1;160;320
5479;z1464;SEI;2000;P_VARIABLE;28;60;800;320;1;160;320
5480;z1468;SEI;2600;P_VARIABLE;25;80;800;320;1;160;320
5481;z1472;SEI;2000;P_VARIABLE;28;59.07;800;320;1;160;320
5482;z1476;SEI;2600;P_VARIABLE;18;80.52;800;320;1;160;320
5483;z1480B;SEI;2000;P_VARIABLE;6;58.4;800;320;1;160;320
5484;z1480A;SEI;2600;P_VARIABLE;19;80;800;320;1;160;320
5485;z1484;SEI;2000;P_VARIABLE;25;59.25;800;320;1;160;320
5486;z1502B;SEI;2600;P_VARIABLE;8;75.28;800;320;1;160;320
5487;z1502A;SEI;2000;P_VARIABLE;25;60;800;320;1;160;320
5488;z1514C;SEI;2600;P_VARIABLE;10;75.66;800;320;1;160;320
5489;z1514B;SEI;2000;P_VARIABLE;5;61.25;800;320;1;160;320
5490;z1514A;SEI;2600;P_VARIABLE;6;75.2;800;320;1;160;320
5491;z1532D;SEI;2000;P_VARIABLE;4;64;800;320;1;160;320
5492;z1532C;SEI;2600;P_VARIABLE;6;75.2;800;320;1;160;320
5493;z1532B;SEI;2000;P_VARIABLE;5;61.25;800;320;1;160;320
5494;z1532A;SEI;2600;P_VARIABLE;9;79.12;800;320;1;160;320
5495;z1540;SEI;2000;P_VARIABLE;28;60.77;800;320;1;160;320
5496;z1544;SEI;2600;P_VARIABLE;21;81.65;800;320;1;160;320
5497;z1548;SEI;2000;P_VARIABLE;29;59;800;320;1;160;320
5498;z1552;SEI;2600;P_VARIABLE;21;81.65;800;320;1;160;320
5499;z1556;SEI;2000;P_VARIABLE;28;61.03;800;320;1;160;320
5500;z1560;SEI;2600;P_VARIABLE;22;78.28;800;320;1;160;320
5501;z1564;SEI;2000;P_VARIABLE;30;60;800;320;1;160;320
5502;z1572B;SEI;2600;P_VARIABLE;11;79.1;800;320;1;160;320
5503;z1572A;SEI;2000;P_VARIABLE;13;61.66;800;320;1;160;320
5504;z1602B;SEI;2600;P_VARIABLE;3;89;800;320;1;160;320
5505;z1602A;SEI;2000;P_VARIABLE;26;60;800;320;1;160;320
5506;z1632D;SEI;2600;P_VARIABLE;4;85.33;800;320;1;160;320
5507;z1632C;SEI;2000;P_VARIABLE;6;64.4;800;320;1;160;320
5508;z1632B;SEI;2600;P_VARIABLE;6;86.8;800;320;1;160;320
5509;z1632A;SEI;2000;P_VARIABLE;15;58.64;800;320;1;160;320
5510;z1640B;SEI;2600;P_VARIABLE;5;78;800;320;1;160;320
5511;z1640A;SEI;2000;P_VARIABLE;22;60;800;320;1;160;320
5512;z1644;SEI;2600;P_VARIABLE;16;78.4;800;320;1;160;320
5513;z1648;SEI;2000;P_VARIABLE;26;58.8;800;320;1;160;320
5514;z1652;SEI;2600;P_VARIABLE;18;78.23;800;320;1;160;320
5515;z1656;SEI;2000;P_VARIABLE;21;58.9;800;320;1;160;320
5516;z1664;SEI;2600;P_VARIABLE;30;79.13;800;320;1;160;320
5517;z1668;SEI;2000;P_VARIABLE;34;59.53;800;320;1;160;320
5518;z1672;SEI;2600;P_VARIABLE;17;79.37;800;320;1;160;320
5519;z1676;SEI;2000;P_VARIABLE;20;61.15;800;320;1;160;320
5520;z1680;SEI;2600;P_VARIABLE;16;82.2;800;320;1;160;320
5521;z1748;SEI;2600;P_VARIABLE;20;81;800;320;1;160;320
5522;z1752;SEI;2000;P_VARIABLE;23;61.09;800;320;1;160;320
5523;z1756B;SEI;2600;P_VARIABLE;11;76.8;800;320;1;160;320
5524;z1756A;SEI;2000;P_VARIABLE;8;63.42;800;320;1;160;320
5525;z1760;SEI;2600;P_VARIABLE;19;80;800;320;1;160;320
5526;z1764;SEI;2000;P_VARIABLE;26;60;800;320;1;160;320
5527;z1768;SEI;2600;P_VARIABLE;19;80;800;320;1;160;320
5528;z1772;SEI;2000;P_VARIABLE;26;60;800;320;1;160;320
5529;z1776;SEI;2600;P_VARIABLE;19;77.77;800;320;1;160;320
5530;z1780;SEI;2000;P_VARIABLE;28;60;800;320;1;160;320
5531;z1784;SEI;2600;P_VARIABLE;21;80;800;320;1;160;320
5532;z1788;SEI;2000;P_VARIABLE;30;60;800;320;1;160;320
5533;z1792;SEI;2600;P_VARIABLE;22;80;800;320;1;160;320
5534;z1796;SEI;2000;P_VARIABLE;26;60;800;320;1;160;320
5535;z1802B;SEI;2600;P_VARIABLE;14;80;800;320;1;160;320
5536;z1802A;SEI;2000;P_VARIABLE;8;63.71;800;320;1;160;320
5537;z1832D;SEI;2600;P_VARIABLE;4;71.33;800;320;1;160;320
5538;z1832C;SEI;2000;P_VARIABLE;6;64.4;800;320;1;160;320
5539;z1832B;SEI;2600;P_VARIABLE;5;75.25;800;320;1;160;320
5540;z1832A;SEI;2000;P_VARIABLE;11;60;800;320;1;160;320
5541;z1840;SEI;2600;P_VARIABLE;21;81.65;800;320;1;160;320
5542;z1902;SEI;2000;P_VARIABLE;26;60;800;320;1;160;320
5543;z1932C;SEI;2600;P_VARIABLE;13;83.25;800;320;1;160;320
5544;z1932B;SEI;2000;P_VARIABLE;5;59;800;320;1;160;320
5545;z1932A;SEI;2600;P_VARIABLE;4;89.66;800;320;1;160;320
5546;z1944;SEI;2000;P_VARIABLE;27;60;800;320;1;160;320
5547;z1948;SEI;2600;P_VARIABLE;20;78.15;800;320;1;160;320
5548;z1956;SEI;2000;P_VARIABLE;30;59.31;800;320;1;160;320
5549;z1930;SEI;2600;P_VARIABLE;2;94;800;320;1;160;320
5550;z1940C;SEI;2000;P_VARIABLE;2;74;800;320;1;160;320
5551;z1940B;SEI;2600;P_VARIABLE;2;79;800;320;1;160;320
5552;z1960;SEI;2600;P_VARIABLE;22;80.95;800;320;1;160;320
5553;z1964;SEI;2000;P_VARIABLE;30;59.31;800;320;1;160;320
5554;z1968;SEI;2600;P_VARIABLE;22;80.95;800;320;1;160;320
5555;z1972;SEI;2000;P_VARIABLE;30;59.31;800;320;1;160;320
5556;z1976;SEI;2600;P_VARIABLE;22;80.95;800;320;1;160;320
5557;z1980;SEI;2000;P_VARIABLE;30;59.31;800;320;1;160;320
5558;z2002;SEI;2600;P_VARIABLE;22;80.95;800;320;1;160;320
5559;z2014C;SEI;2000;P_VARIABLE;14;60;800;320;1;160;320
5560;z2014B;SEI;2600;P_VARIABLE;4;74.66;800;320;1;160;320
5561;z2014A;SEI;2000;P_VARIABLE;8;56.57;800;320;1;160;320
5562;z2032D;SEI;2600;P_VARIABLE;3;84;800;320;1;160;320
5563;z2032C;SEI;2000;P_VARIABLE;8;56.57;800;320;1;160;320
5564;z2032B;SEI;2600;P_VARIABLE;4;75;800;320;1;160;320
5565;z2032A;SEI;2000;P_VARIABLE;11;59.2;800;320;1;160;320
5566;z2040;SEI;2600;P_VARIABLE;22;79.09;800;320;1;160;320
5567;z2044;SEI;2000;P_VARIABLE;28;60;800;320;1;160;320
5568;z2048;SEI;2600;P_VARIABLE;22;80.85;800;320;1;160;320
5569;z2052;SEI;2000;P_VARIABLE;30;60;800;320;1;160;320
5570;z2056;SEI;2600;P_VARIABLE;21;80;800;320;1;160;320
5571;z2060;SEI;2000;P_VARIABLE;29;60;800;320;1;160;320
5572;z2064;SEI;2600;P_VARIABLE;22;80.71;800;320;1;160;320
5573;z2068;SEI;2000;P_VARIABLE;28;60;800;320;1;160;320
5574;z2072;SEI;2600;P_VARIABLE;22;80;800;320;1;160;320
5575;z2076;SEI;2000;P_VARIABLE;29;60;800;320;1;160;320
5576;z2102;SEI;2600;P_VARIABLE;22;78.8;800;320;1;160;320
5577;z2132C;SEI;2000;P_VARIABLE;13;58.33;800;320;1;160;320
5578;z2132B;SEI;2600;P_VARIABLE;9;76.37;800;320;1;160;320
5579;z2132A;SEI;2000;P_VARIABLE;4;58;800;320;1;160;320
5580;z2140;SEI;2600;P_VARIABLE;23;78.45;800;320;1;160;320
5581;z2144;SEI;2000;P_VARIABLE;30;60.68;800;320;1;160;320
5582;z2148;SEI;2600;P_VARIABLE;23;80;800;320;1;160;320
5583;z2152;SEI;2000;P_VARIABLE;31;60;800;320;1;160;320
5584;z2156;SEI;2600;P_VARIABLE;22;81.19;800;320;1;160;320
5585;z2160;SEI;2000;P_VARIABLE;31;59;800;320;1;160;320
5586;z2164;SEI;2600;P_VARIABLE;23;80;800;320;1;160;320
5587;z2168;SEI;2000;P_VARIABLE;31;59;800;320;1;160;320
5588;z2176;SEI;2600;P_VARIABLE;23;80;800;320;1;160;320
5589;z2180;SEI;2000;P_VARIABLE;30;60;800;320;1;160;320
5590;z2244;SEI;2600;P_VARIABLE;27;80;800;320;1;160;320
5591;z2248;SEI;2000;P_VARIABLE;24;60.95;800;320;1;160;320
5592;z2252B;SEI;2600;P_VARIABLE;5;86.75;800;320;1;160;320
5593;z2252A;SEI;2000;P_VARIABLE;18;61.05;800;320;1;160;320
5594;z2256;SEI;2600;P_VARIABLE;19;78.88;800;320;1;160;320
5595;z2260;SEI;2000;P_VARIABLE;21;60.5;800;320;1;160;320
5596;z2264;SEI;2600;P_VARIABLE;17;80.93;800;320;1;160;320
5597;z2268;SEI;2000;P_VARIABLE;31;59;800;320;1;160;320
5598;z2272;SEI;2600;P_VARIABLE;23;80;800;320;1;160;320
5599;z2302;SEI;2000;P_VARIABLE;35;59.26;800;320;1;160;320
5600;z2332D;SEI;2600;P_VARIABLE;8;80.85;800;320;1;160;320
5601;z2332C;SEI;2000;P_VARIABLE;12;61;800;320;1;160;320
5602;z2332B;SEI;2600;P_VARIABLE;0;0;800;320;1;160;320
5603;z2332A;SEI;2000;P_VARIABLE;5;64.25;800;320;1;160;320
5604;z2340;SEI;2600;P_VARIABLE;22;81.85;800;320;1;160;320
5605;z2344;SEI;2000;P_VARIABLE;40;59.3;800;320;1;160;320
5606;z2332E;SEI;2600;P_VARIABLE;2;74;800;320;1;160;320
5607;z2348;SEI;2600;P_VARIABLE;18;79.35;800;320;1;160;320
5608;z2352;SEI;2000;P_VARIABLE;30;60;800;320;1;160;320
5609;z2356;SEI;2600;P_VARIABLE;18;82;800;320;1;160;320
5610;z2360;SEI;2000;P_VARIABLE;26;60.64;800;320;1;160;320
5611;z2364;SEI;2600;P_VARIABLE;20;78.89;800;320;1;160;320
5612;z2368;SEI;2000;P_VARIABLE;28;60;800;320;1;160;320
5613;z2372;SEI;2600;P_VARIABLE;21;80;800;320;1;160;320
5614;z2376;SEI;2000;P_VARIABLE;28;60;800;320;1;160;320
5615;z2380;SEI;2600;P_VARIABLE;21;80;800;320;1;160;320
5616;z2384;SEI;2000;P_VARIABLE;30;59.17;800;320;1;160;320
5617;z2388;SEI;2600;P_VARIABLE;19;81.05;800;320;1;160;320
5618;z2392;SEI;2000;P_VARIABLE;34;59.12;800;320;1;160;320
5619;z2402;SEI;2600;P_VARIABLE;24;80;800;320;1;160;320
5620;z2432D;SEI;2000;P_VARIABLE;11;57.1;800;320;1;160;320
5621;z2432C;SEI;2600;P_VARIABLE;5;75.5;800;320;1;160;320
5622;z2432B;SEI;2000;P_VARIABLE;6;62;800;320;1;160;320
5623;z2432A;SEI;2600;P_VARIABLE;0;0;800;320;1;160;320
5624;z2440;SEI;2000;P_VARIABLE;25;60.91;800;320;1;160;320
5625;z2648;SEI;2600;P_VARIABLE;19;80.5;800;320;1;160;320
5626;z2652;SEI;2000;P_VARIABLE;28;60.7;800;320;1;160;320
5627;z2656;SEI;2600;P_VARIABLE;20;81.68;800;320;1;160;320
5628;z2660;SEI;2000;P_VARIABLE;29;60;800;320;1;160;320
5629;z2664;SEI;2600;P_VARIABLE;18;80.58;800;320;1;160;320
5630;z2668;SEI;2000;P_VARIABLE;22;60;800;320;1;160;320
5631;z2672;SEI;2600;P_VARIABLE;21;81.3;800;320;1;160;320
5633;z2762C;SEI;2600;P_VARIABLE;7;80;800;320;1;160;320
5641;z3393;ITE;3;NON;0;0;0;0;1;0;0
5643;z3391;ITE;3;NON;0;0;0;0;1;0;0
5644;z3347;ITE;3;NON;0;0;0;0;1;0;0
5645;z3341;ITE;3;NON;0;0;0;0;1;0;0
5646;z3358;ITE;3;NON;0;0;0;0;1;0;0
5648;z3362;ITE;3;NON;0;0;0;0;1;0;0
5649;z3364;ITE;3;NON;0;0;0;0;1;0;0
5653;z5350;NC;0;NON;0;0;0;0;1;0;0
5654;z1735B;ITE;3;NON;0;0;0;0;1;0;0
5655;z1735C;ITE;3;NON;0;0;0;0;1;0;0
5656;z5104;ITE;3;NON;0;0;0;0;1;0;0
5657;z7617A;SEI;1700;P_VARIABLE;7;63.5;800;320;1;160;320
5658;z7617B;SEI;2300;P_VARIABLE;5;78.25;800;320;1;160;320
5659;z7632F;TVM430;2600;P_VARIABLE;4;77;800;320;1;160;320
5660;z7632E;TVM430;2000;P_VARIABLE;7;57.5;800;320;1;160;320
5661;z7632D;TVM430;2600;P_VARIABLE;2;66.7;800;320;1;160;320
5662;z7548F;SEI;2300;P_VARIABLE;2;91;800;320;1;160;320
5663;zA169/1;SEI;2600;P_VARIABLE;7;74.37;800;320;1;160;320
5664;zA169/2;SEI;2000;P_VARIABLE;23;59.34;800;320;1;160;320
5665;zA188;SEI;2600;P_VARIABLE;24;80.41;800;320;1;160;320
5666;zA208;SEI;2000;P_VARIABLE;29;60.01;800;320;1;160;320
5667;zA225;SEI;2600;P_VARIABLE;20;79.07;800;320;1;160;320
5668;zA241;SEI;2000;P_VARIABLE;26;59.46;800;320;1;160;320
5669;zA257;SEI;2600;P_VARIABLE;21;79.82;800;320;1;160;320
5670;zA274;SEI;2000;P_VARIABLE;28;59.3;800;320;1;160;320
5671;zA291;SEI;2600;P_VARIABLE;22;81.02;800;320;1;160;320
5672;zA309;SEI;2000;P_VARIABLE;29;60.76;800;320;1;160;320
5673;zA327;SEI;2600;P_VARIABLE;22;78.6;800;320;1;160;320
5674;zA344;SEI;2000;P_VARIABLE;29;59.12;800;320;1;160;320
5675;zA361;SEI;2600;P_VARIABLE;20;80.6;800;320;1;160;320
5676;zA378;SEI;2000;P_VARIABLE;26;58.9;800;320;1;160;320
5677;zA393;SEI;2600;P_VARIABLE;19;77.91;800;320;1;160;320
5678;zA444;SEI;2000;P_VARIABLE;26;61.06;800;320;1;160;320
5679;zA460;SEI;2600;P_VARIABLE;21;78.07;800;320;1;160;320
5680;zA476;SEI;2000;P_VARIABLE;28;60.38;800;320;1;160;320
5681;zA493;SEI;2600;P_VARIABLE;22;78.59;800;320;1;160;320
5682;zA511;SEI;2000;P_VARIABLE;27;60.02;800;320;1;160;320
5683;zA527;SEI;2600;P_VARIABLE;21;78.52;800;320;1;160;320
5684;zA544;SEI;2000;P_VARIABLE;27;60.4;800;320;1;160;320
5685;zA560;SEI;2600;P_VARIABLE;21;81.52;800;320;1;160;320
5686;zA578;SEI;2000;P_VARIABLE;28;58.9;800;320;1;160;320
5687;zA594;SEI;2600;P_VARIABLE;20;80.6;800;320;1;160;320
5688;zA630-1;SEI;2000;P_VARIABLE;10;62.91;800;320;1;160;320
5689;zA630-2;SEI;2600;P_VARIABLE;18;80.2;800;320;1;160;320
5690;zA652;SEI;2000;P_VARIABLE;28;60.72;800;320;1;160;320
5691;zA669;SEI;2600;P_VARIABLE;20;79.6;800;320;1;160;320
5692;zA685;SEI;2000;P_VARIABLE;29;59.05;800;320;1;160;320
5693;zA702;SEI;2600;P_VARIABLE;22;80.49;800;320;1;160;320
5694;zA720;SEI;2000;P_VARIABLE;32;59.27;800;320;1;160;320
5695;zA778;SEI;2000;P_VARIABLE;29;60.76;800;320;1;160;320
5696;zA796;SEI;2600;P_VARIABLE;22;79.97;800;320;1;160;320
5697;zA814;SEI;2000;P_VARIABLE;29;60.4;800;320;1;160;320
5698;zA832;SEI;2600;P_VARIABLE;23;80.06;800;320;1;160;320
5699;zA850;SEI;2000;P_VARIABLE;38;59.57;800;320;1;160;320
5700;zB189/1;SEI;1700;P_VARIABLE;23;60.15;800;320;1;160;320
5701;zB189/2;SEI;2300;P_VARIABLE;7;74.37;800;320;1;160;320
5702;zB208;SEI;2300;P_VARIABLE;24;79.63;800;320;1;160;320
5703;zB227;SEI;1700;P_VARIABLE;31;59.75;800;320;1;160;320
5704;zB243;SEI;2300;P_VARIABLE;20;79.02;800;320;1;160;320
5705;zB259;SEI;1700;P_VARIABLE;27;59.44;800;320;1;160;320
5706;zB275;SEI;2300;P_VARIABLE;20;78.07;800;320;1;160;320
5707;zB290;SEI;1700;P_VARIABLE;25;61.22;800;320;1;160;320
5708;zB306;SEI;2300;P_VARIABLE;19;80.63;800;320;1;160;320
5709;zB321;SEI;1700;P_VARIABLE;25;59.35;800;320;1;160;320
5710;zB337;SEI;2300;P_VARIABLE;21;78.02;800;320;1;160;320
5711;zB353;SEI;1700;P_VARIABLE;26;61.1;800;320;1;160;320
5712;zB368;SEI;2300;P_VARIABLE;18;79.38;800;320;1;160;320
5713;zB385;SEI;1700;P_VARIABLE;29;59.3;800;320;1;160;320
5714;zB404;SEI;2300;P_VARIABLE;22;81.73;800;320;1;160;320
5715;zB466;SEI;2300;P_VARIABLE;20;79.5;800;320;1;160;320
5716;zB481;SEI;1700;P_VARIABLE;26;59.58;800;320;1;160;320
5717;zB498;SEI;2300;P_VARIABLE;20;80.86;800;320;1;160;320
5718;zB515;SEI;1700;P_VARIABLE;29;60.3;800;320;1;160;320
5719;zB531;SEI;2300;P_VARIABLE;19;81.3;800;320;1;160;320
5720;zB549;SEI;1700;P_VARIABLE;30;58.98;800;320;1;160;320
5721;zB565;SEI;2300;P_VARIABLE;19;80.58;800;320;1;160;320
5722;zB581;SEI;1700;P_VARIABLE;26;61.18;800;320;1;160;320
5723;zB597;SEI;2300;P_VARIABLE;20;79.23;800;320;1;160;320
5724;zB648;SEI;1700;P_VARIABLE;25;60.31;800;320;1;160;320
5725;zB662;SEI;2300;P_VARIABLE;18;80.73;800;320;1;160;320
5726;zB679;SEI;1700;P_VARIABLE;27;59.25;800;320;1;160;320
5727;zB695;SEI;2300;P_VARIABLE;20;80.18;800;320;1;160;320
5728;zB711;SEI;1700;P_VARIABLE;27;60.32;800;320;1;160;320
5729;zB727;SEI;2300;P_VARIABLE;19;79.07;800;320;1;160;320
5730;zB742;SEI;1700;P_VARIABLE;26;59.25;800;320;1;160;320
5731;zB779;SEI;1700;P_VARIABLE;31;60;800;320;1;160;320
5732;zB796;SEI;2300;P_VARIABLE;22;80.05;800;320;1;160;320
5733;zB814;SEI;1700;P_VARIABLE;29;60.69;800;320;1;160;320
5734;zB832;SEI;2300;P_VARIABLE;22;79.59;800;320;1;160;320
5735;zB851;SEI;1700;P_VARIABLE;31;59.38;800;320;1;160;320
5736;zCD1;SEI;2600;P_VARIABLE;6;79;800;320;1;160;320
5737;zCD2;SEI;2000;P_VARIABLE;12;59.45;800;320;1;160;320
5738;zCD3;SEI;2600;P_VARIABLE;4;71.33;800;320;1;160;320
5739;zCD4;SEI;2000;P_VARIABLE;8;61.74;800;320;1;160;320
5740;zCE1;SEI;2000;P_VARIABLE;11;61.62;800;320;1;160;320
5741;zCE2;SEI;2600;P_VARIABLE;4;75.67;800;320;1;160;320
5742;zCE3;SEI;2000;P_VARIABLE;9;60.38;800;320;1;160;320
5743;zCE4;SEI;2600;P_VARIABLE;4;79;800;320;1;160;320
5744;zCF1;SEI;2000;P_VARIABLE;4;64.07;800;320;1;160;320
5745;zCF2;SEI;2600;P_VARIABLE;4;80.33;800;320;1;160;320
5746;zCF3;SEI;2000;P_VARIABLE;19;58.52;800;320;1;160;320
5747;zDD;SEI;2300;P_VARIABLE;28;80.89;800;320;1;160;320
5748;zDF1;SEI;2600;P_VARIABLE;14;79.1;800;320;1;160;320
5749;zDF2;SEI;2000;P_VARIABLE;5;65.25;800;320;1;160;320
5750;zDF3;SEI;2600;P_VARIABLE;3;83.07;800;320;1;160;320
5751;zEF;SEI;2300;P_VARIABLE;19;79.8;800;320;1;160;320
5752;zFF1;SEI;1700;P_VARIABLE;9;57.77;800;320;1;160;320
5753;zFF2;SEI;2300;P_VARIABLE;7;84.5;800;320;1;160;320
5754;zFF3;SEI;1700;P_VARIABLE;6;60.44;800;320;1;160;320
5755;zKD1;SEI;2300;P_VARIABLE;8;78.31;800;320;1;160;320
5756;zKD2;SEI;1700;P_VARIABLE;5;65.75;800;320;1;160;320
5757;zKD3;SEI;2300;P_VARIABLE;9;81.65;800;320;1;160;320
5758;zKE1;SEI;2300;P_VARIABLE;3;88.07;800;320;1;160;320
5759;zKE2;SEI;1700;P_VARIABLE;9;59.63;800;320;1;160;320
5760;zKE3;SEI;2300;P_VARIABLE;5;88;800;320;1;160;320
5761;zKE4;SEI;1700;P_VARIABLE;0;0;800;320;1;160;320
5762;zKE5;SEI;2300;P_VARIABLE;4;78.73;800;320;1;160;320
5763;zKF1;SEI;1700;P_VARIABLE;6;58.64;800;320;1;160;320
5764;zKF2;SEI;2300;P_VARIABLE;8;85;800;320;1;160;320
5765;zKF3;SEI;1700;P_VARIABLE;7;58.53;800;320;1;160;320
5766;zRE;SEI;1700;P_VARIABLE;27;61.02;800;320;1;160;320
5767;zSD;SEI;2600;P_VARIABLE;22;81.68;800;320;1;160;320
5768;z4503E;TVM300;1700;P_CONSTANT;0;80;500;200;1;100;200
5769;z120B;UM71;2600;P_CONSTANT;9;100;500;0;1;100;200
5770;z120A;ITE;3;NON;0;0;0;0;1;0;0
5771;z142;ITE;3;NON;0;0;0;0;1;0;0
5772;z144B;TVM300;2000;P_CONSTANT;0;0;500;200;1;100;200
5773;z144A;SEI;1700;P_VARIABLE;3;33;800;320;1;160;320
5774;z1132A;ITE;3;NON;0;0;0;0;1;0;0
5775;z1132B;ITE;3;NON;0;0;0;0;1;0;0
5776;z1132C;ITE;3;NON;0;0;0;0;1;0;0
5777;z1132D;ITE;3;NON;0;0;0;0;1;0;0
5778;z1132E;ITE;3;NON;0;0;0;0;1;0;0
5779;z1104A;ITE;3;NON;0;0;0;0;1;0;0
5780;z1104B;ITE;3;NON;0;0;0;0;1;0;0
5781;z1104C;ITE;3;NON;0;0;0;0;1;0;0
5782;z1104D;ITE;3;NON;0;0;0;0;1;0;0
5783;z458;UM71;2600;P_CONSTANT;10;100;500;0;1;100;200
5784;z456;UM71;2000;P_CONSTANT;10;100;500;0;1;100;200
5785;z454;UM71;2600;P_CONSTANT;8;100;500;0;1;100;200
5786;z452A;UM71;2000;P_CONSTANT;7;100;500;0;1;100;200
5787;z452B;UM71;2600;P_CONSTANT;6;100;500;0;1;100;200
5788;z432;UM71;2000;P_CONSTANT;7;100;500;0;1;100;200
5789;z430;ITE;3;NON;0;0;0;0;1;0;0
5790;z428;ITE;3;NON;0;0;0;0;1;0;0
5791;z424;ITE;3;NON;0;0;0;0;1;0;0
5792;z422;ITE;3;NON;0;0;0;0;1;0;0
5793;z368A;ITE;3;NON;0;0;0;0;1;0;0
5794;z368B;ITE;3;NON;0;0;0;0;1;0;0
5795;z1113C;ITE;3;NON;0;0;0;0;1;0;0
5796;z1113B;ITE;3;NON;0;0;0;0;1;0;0
5797;z1113A;ITE;3;NON;0;0;0;0;1;0;0
5798;z1103E;ITE;3;NON;0;0;0;0;1;0;0
5799;z1103D;ITE;3;NON;0;0;0;0;1;0;0
5800;z1103C;ITE;3;NON;0;0;0;0;1;0;0
5801;z1103B;ITE;3;NON;0;0;0;0;1;0;0
5802;z1127;ITE;3;NON;0;0;0;0;1;0;0
5803;z1115C;ITE;3;NON;0;0;0;0;1;0;0
5804;z1115B;ITE;3;NON;0;0;0;0;1;0;0
5805;z1110A;ITE;3;NON;0;0;0;0;1;0;0
5806;z1132G;ITE;3;NON;0;0;0;0;1;0;0
5807;z1132F;ITE;3;NON;0;0;0;0;1;0;0
5808;z1103A;ITE;3;NON;0;0;0;0;1;0;0
5809;z457;UM71;2300;P_CONSTANT;10;100;500;0;1;100;200
5810;z455;UM71;1700;P_CONSTANT;10;100;0;0;1;0;0
5811;z453;UM71;2300;P_CONSTANT;8;98.6;0;0;1;0;0
5812;z451B;UM71;1700;P_CONSTANT;7;100;0;0;1;0;0
5813;z451A;UM71;2300;P_CONSTANT;6;100;500;0;1;100;200
5814;z427;UM71;1700;P_CONSTANT;7;100;500;0;1;100;200
5815;z425;ITE;3;NON;0;0;0;0;1;0;0
5816;z7423D;SEI;1700;P_VARIABLE;15;61.23;800;320;1;160;320
5817;z423;ITE;3;NON;0;0;0;0;1;0;0
5818;z367B;ITE;3;NON;0;0;0;0;1;0;0
5819;z367A;ITE;3;NON;0;0;0;0;1;0;0
5822;z2936;TVM430;1700;P_VARIABLE;26;59.64;800;320;1;160;320
5823;z2937A;TVM430;2000;P_VARIABLE;11;61.5;800;320;1;160;320
5824;z6022A;TVM430;2000;P_VARIABLE;3;59.5;800;320;1;160;320
5825;z5976;TVM430;2600;P_VARIABLE;7;64.6;800;320;1;160;320
5826;z5930;TVM430;2000;P_VARIABLE;7;63.9;800;320;1;160;320
5827;z5884B;TVM430;2600;P_VARIABLE;4;52.9;800;320;1;160;320
5828;z5884A;TVM430;2000;P_VARIABLE;3;67.9;800;320;1;160;320
5829;z5836;TVM430;2600;P_VARIABLE;7;63.8;800;320;1;160;320
5830;z5790;TVM430;2000;P_VARIABLE;7;63.8;800;320;1;160;320
5831;z5744B;TVM430;2600;P_VARIABLE;4;65.2;800;320;1;160;320
5832;z5744A;TVM430;2000;P_VARIABLE;3;56.9;800;320;1;160;320
5833;z5696;TVM430;2600;P_VARIABLE;8;58.4;800;320;1;160;320
5834;z5648;TVM430;2000;P_VARIABLE;7;63.7;800;320;1;160;320
5835;z5602B;TVM430;2600;P_VARIABLE;4;60.9;800;320;1;160;320
5836;z5602A;TVM430;2000;P_VARIABLE;3;59.9;800;320;1;160;320
5837;z5554;TVM430;2600;P_VARIABLE;8;57.4;800;320;1;160;320
5838;z5506;TVM430;2000;P_VARIABLE;8;56.3;800;320;1;160;320
5839;z5460B;TVM430;2600;P_VARIABLE;3;66.9;800;320;1;160;320
5840;z5460A;TVM430;2000;P_VARIABLE;4;53.9;800;320;1;160;320
5841;z5414;TVM430;2600;P_VARIABLE;7;63.6;800;320;1;160;320
5842;z5366;TVM430;2000;P_VARIABLE;7;63.6;800;320;1;160;320
5843;z5318B;TVM430;2600;P_VARIABLE;5;53.8;800;320;1;160;320
5844;z5318A;TVM430;2000;P_VARIABLE;3;56.9;800;320;1;160;320
5845;z5270;TVM430;2600;P_VARIABLE;8;59.3;800;320;1;160;320
5846;z5220;TVM430;2000;P_VARIABLE;8;59.4;800;320;1;160;320
5847;z5170B;TVM430;2600;P_VARIABLE;3;63.9;800;320;1;160;320
5848;z5170A;TVM430;2000;P_VARIABLE;4;65.2;800;320;1;160;320
5849;z5124;TVM430;2600;P_VARIABLE;7;63.83333;800;320;1;160;320
5850;z5078;TVM430;2000;P_VARIABLE;7;63.6;800;320;1;160;320
5851;z5032B;TVM430;2600;P_VARIABLE;4;53.2;800;320;1;160;320
5852;z5032A;TVM430;2000;P_VARIABLE;3;67.5;800;320;1;160;320
5853;z4984;TVM430;2600;P_VARIABLE;7;63.9;800;320;1;160;320
5854;z4936;TVM430;2000;P_VARIABLE;8;56.85714;800;320;1;160;320
5855;z4888B;TVM430;2600;P_VARIABLE;4;58.9;800;320;1;160;320
5856;z4888A;TVM430;2000;P_VARIABLE;3;68.1;800;320;1;160;320
5857;z4840;TVM430;2600;P_VARIABLE;8;55.29;800;320;1;160;320
5858;z4788;TVM430;2000;P_VARIABLE;8;62.57143;800;320;1;160;320
5859;z4736;TVM430;2600;P_VARIABLE;8;62.42857;800;320;1;160;320
5860;z4684;TVM430;2000;P_VARIABLE;8;62.3;800;320;1;160;320
5861;z4632;TVM430;2600;P_VARIABLE;8;62.3;800;320;1;160;320
5862;z4580;TVM430;2000;P_VARIABLE;8;62.28571;800;320;1;160;320
5863;z4532B;TVM430;2600;P_VARIABLE;3;53.5;800;320;1;160;320
5864;z4532A;TVM430;2000;P_VARIABLE;5;58.5;800;320;1;160;320
5865;z4482B;TVM430;2600;P_VARIABLE;3;58.5;800;320;1;160;320
5866;z4482A;TVM430;2000;P_VARIABLE;5;63.25;800;320;1;160;320
5867;z4428B;TVM430;2600;P_VARIABLE;3;61.9;800;320;1;160;320
5868;z4428A;TVM430;2000;P_VARIABLE;5;60;800;320;1;160;320
5869;z4376B;TVM430;2600;P_VARIABLE;4;52.33333;800;320;1;160;320
5870;z4376A;TVM430;2000;P_VARIABLE;4;58.33333;800;320;1;160;320
5871;z4326B;TVM430;2600;P_VARIABLE;4;61;800;320;1;160;320
5872;z4326A;TVM430;2000;P_VARIABLE;4;51.33333;800;320;1;160;320
5873;z4276B;TVM430;2600;P_VARIABLE;4;68.66666;800;320;1;160;320
5874;z4276A;TVM430;2000;P_VARIABLE;3;65.5;800;320;1;160;320
5875;z4226;TVM430;2600;P_VARIABLE;8;59.42857;800;320;1;160;320
5876;z4176;TVM430;2000;P_VARIABLE;8;61.85714;800;320;1;160;320
5877;z4124;TVM430;2600;P_VARIABLE;8;61.71429;800;320;1;160;320
5878;z4074;TVM430;2000;P_VARIABLE;8;59.2;800;320;1;160;320
5879;z4024B;TVM430;2600;P_VARIABLE;4;57.2;800;320;1;160;320
5880;z4024A;TVM430;2000;P_VARIABLE;4;57;800;320;1;160;320
5881;z3974;TVM430;2600;P_VARIABLE;8;58.2;800;320;1;160;320
5882;z3926;TVM430;2000;P_VARIABLE;8;57;800;320;1;160;320
5883;z3878B;TVM430;2600;P_VARIABLE;4;56.5;800;320;1;160;320
5884;z3878A;TVM430;2000;P_VARIABLE;4;50.5;800;320;1;160;320
5885;z3830;TVM430;2600;P_VARIABLE;8;57;800;320;1;160;320
5886;z3782;TVM430;2000;P_VARIABLE;8;58.14286;800;320;1;160;320
5887;z3734B;TVM430;2600;P_VARIABLE;4;60.5;800;320;1;160;320
5888;z3734A;TVM430;2000;P_VARIABLE;3;68.2;800;320;1;160;320
5889;z3684;TVM430;2600;P_VARIABLE;8;57.85714;800;320;1;160;320
5890;z3636;TVM430;2000;P_VARIABLE;8;58;800;320;1;160;320
5891;z3588B;TVM430;2600;P_VARIABLE;4;56.2;800;320;1;160;320
5892;z3588A;TVM430;2000;P_VARIABLE;4;52.2;800;320;1;160;320
5893;z3538;TVM430;2600;P_VARIABLE;8;57.8;800;320;1;160;320
5894;z3482;TVM430;2000;P_VARIABLE;9;59.75;800;320;1;160;320
5895;z3430;TVM430;2600;P_VARIABLE;8;63.5;800;320;1;160;320
5896;z3378;TVM430;2000;P_VARIABLE;8;63.28571;800;320;1;160;320
5897;z3326;TVM430;2600;P_VARIABLE;8;63.5;800;320;1;160;320
5898;z3274;TVM430;2000;P_VARIABLE;8;63.51;800;320;1;160;320
5899;z3220;TVM430;2600;P_VARIABLE;8;63.23;800;320;1;160;320
5900;z3168;TVM430;2000;P_VARIABLE;8;63.51;800;320;1;160;320
5901;z3114;TVM430;2600;P_VARIABLE;9;58.08;800;320;1;160;320
5902;z3056;TVM430;2000;P_VARIABLE;9;61.45;800;320;1;160;320
5903;z2998;TVM430;2600;P_VARIABLE;9;61.83;800;320;1;160;320
5904;z2942;TVM430;2000;P_VARIABLE;9;61.75;800;320;1;160;320
5905;z2886;TVM430;2600;P_VARIABLE;9;61.75;800;320;1;160;320
5906;z2828;TVM430;2000;P_VARIABLE;9;61.75;800;320;1;160;320
5907;z2772;TVM430;2600;P_VARIABLE;9;60.25;800;320;1;160;320
5908;z2720B;TVM430;2000;P_VARIABLE;4;54.87;800;320;1;160;320
5909;z2720A;TVM430;2600;P_VARIABLE;5;59.25;800;320;1;160;320
5910;z2664B;TVM430;2000;P_VARIABLE;3;63.9;800;320;1;160;320
5911;z2664A;TVM430;2600;P_VARIABLE;5;64;800;320;1;160;320
5912;z2612B;TVM430;2000;P_VARIABLE;3;62.53;800;320;1;160;320
5913;z2612A;TVM430;2600;P_VARIABLE;5;53.65;800;320;1;160;320
5914;z2560B;TVM430;2000;P_VARIABLE;6;54.12;800;320;1;160;320
5915;z2560A;TVM430;2600;P_VARIABLE;2;66.8;800;320;1;160;320
5916;z2510;TVM430;2000;P_VARIABLE;8;60.23;800;320;1;160;320
5917;z2458;TVM430;2600;P_VARIABLE;8;64.09;800;320;1;160;320
5918;z2404;TVM430;2000;P_VARIABLE;9;56.75;800;320;1;160;320
5919;z2352;TVM430;2600;P_VARIABLE;9;56.83;800;320;1;160;320
5920;z2298;TVM430;2000;P_VARIABLE;9;57.25;800;320;1;160;320
5921;z2240;TVM430;2600;P_VARIABLE;9;62;800;320;1;160;320
5922;z2182;TVM430;2000;P_VARIABLE;9;61.83;800;320;1;160;320
5923;z2128;TVM430;2600;P_VARIABLE;9;59.33;800;320;1;160;320
5924;z2072;TVM430;2000;P_VARIABLE;9;58.58;800;320;1;160;320
5925;z2018;TVM430;2600;P_VARIABLE;9;58.75;800;320;1;160;320
5926;z1962;TVM430;2000;P_VARIABLE;9;58.75;800;320;1;160;320
5927;z1908;TVM430;2600;P_VARIABLE;9;58.5;800;320;1;160;320
5928;z1850;TVM430;2000;P_VARIABLE;9;61.5;800;320;1;160;320
5929;z1794;TVM430;2600;P_VARIABLE;9;62.25;800;320;1;160;320
5930;z1736;TVM430;2000;P_VARIABLE;9;62;800;320;1;160;320
5931;z1678;TVM430;2600;P_VARIABLE;9;61.83;800;320;1;160;320
5932;z1620;TVM430;2000;P_VARIABLE;9;62.08;800;320;1;160;320
5933;z1564;TVM430;2600;P_VARIABLE;9;62.08;800;320;1;160;320
5934;z1506;TVM430;2000;P_VARIABLE;9;61.83;800;320;1;160;320
5935;z1448;TVM430;2600;P_VARIABLE;9;62.25;800;320;1;160;320
5936;z1390;TVM430;2000;P_VARIABLE;9;61.5;800;320;1;160;320
5937;z1334;TVM430;2600;P_VARIABLE;9;61.83;800;320;1;160;320
5938;z1276;TVM430;2000;P_VARIABLE;9;62;800;320;1;160;320
5939;z1218;TVM430;2600;P_VARIABLE;9;61.75;800;320;1;160;320
5940;z1162;TVM430;2000;P_VARIABLE;9;62.58;800;320;1;160;320
5941;z6051A;TVM430;2300;P_VARIABLE;4;54;800;320;1;160;320
5942;z6051B;TVM430;1700;P_VARIABLE;5;60.25;800;320;1;160;320
5943;z5995A;TVM430;2300;P_VARIABLE;2;60.8;800;320;1;160;320
5944;z5995B;TVM430;1700;P_VARIABLE;7;65;800;320;1;160;320
5945;z5933;TVM430;2300;P_VARIABLE;9;60.3;800;320;1;160;320
5946;z5877;TVM430;1700;P_VARIABLE;9;60.625;800;320;1;160;320
5947;z5819;TVM430;2300;P_VARIABLE;9;60.8;800;320;1;160;320
5948;z5763;TVM430;1700;P_VARIABLE;9;56.75;800;320;1;160;320
5949;z5709;TVM430;2300;P_VARIABLE;9;61.8;800;320;1;160;320
5950;z5651;TVM430;1700;P_VARIABLE;9;62.1;800;320;1;160;320
5951;z5595;TVM430;2300;P_VARIABLE;9;57.125;800;320;1;160;320
5952;z5541;TVM430;1700;P_VARIABLE;9;60.8;800;320;1;160;320
5953;z5483;TVM430;2300;P_VARIABLE;9;62.1;800;320;1;160;320
5954;z5425;TVM430;1700;P_VARIABLE;9;62.1;800;320;1;160;320
5955;z5367;TVM430;2300;P_VARIABLE;9;57;800;320;1;160;320
5956;z5313;TVM430;1700;P_VARIABLE;8;63.7;800;320;1;160;320
5957;z5261;TVM430;2300;P_VARIABLE;8;63.4;800;320;1;160;320
5958;z5209;TVM430;1700;P_VARIABLE;9;58.2;800;320;1;160;320
5959;z5155;TVM430;2300;P_VARIABLE;9;62;800;320;1;160;320
5960;z5097;TVM430;1700;P_VARIABLE;9;61.75;800;320;1;160;320
5961;z5039;TVM430;2300;P_VARIABLE;9;61.75;800;320;1;160;320
5962;z4981;TVM430;1700;P_VARIABLE;9;58.3;800;320;1;160;320
5963;z4927;TVM430;2300;P_VARIABLE;9;57.8;800;320;1;160;320
5964;z4873;TVM430;1700;P_VARIABLE;8;63.4;800;320;1;160;320
5965;z4819;TVM430;2300;P_VARIABLE;8;60.5;800;320;1;160;320
5966;z4769A;TVM430;1700;P_VARIABLE;4;54.2;800;320;1;160;320
5967;z4769B;TVM430;2300;P_VARIABLE;4;59.5;800;320;1;160;320
5968;z4719;TVM430;1700;P_VARIABLE;8;60.4;800;320;1;160;320
5969;z4669;TVM430;2300;P_VARIABLE;8;60.5;800;320;1;160;320
5970;z4619A;TVM430;1700;P_VARIABLE;2;70.8;800;320;1;160;320
5971;z4619B;TVM430;2300;P_VARIABLE;5;65.75;800;320;1;160;320
5972;z4567A;TVM430;1700;P_VARIABLE;5;56.75;800;320;1;160;320
5973;z4567B;TVM430;2300;P_VARIABLE;3;60.9;800;320;1;160;320
5974;z4513A;TVM430;1700;P_VARIABLE;5;63.25;800;320;1;160;320
5975;z4513B;TVM430;2300;P_VARIABLE;3;61.9;800;320;1;160;320
5976;z4459A;TVM430;1700;P_VARIABLE;5;60;800;320;1;160;320
5977;z4459B;TVM430;2300;P_VARIABLE;4;50.5;800;320;1;160;320
5978;z4407;TVM430;1700;P_VARIABLE;8;62;800;320;1;160;320
5979;z4355;TVM430;2300;P_VARIABLE;8;62;800;320;1;160;320
5980;z4305;TVM430;1700;P_VARIABLE;8;62;800;320;1;160;320
5981;z4253;TVM430;2300;P_VARIABLE;8;61.9;800;320;1;160;320
5982;z4201;TVM430;1700;P_VARIABLE;8;62;800;320;1;160;320
5983;z4151;TVM430;2300;P_VARIABLE;8;62;800;320;1;160;320
5984;z4099;TVM430;1700;P_VARIABLE;8;62;800;320;1;160;320
5985;z4047;TVM430;2300;P_VARIABLE;8;62.4;800;320;1;160;320
5986;z3997;TVM430;1700;P_VARIABLE;9;58.3;800;320;1;160;320
5987;z3941;TVM430;2300;P_VARIABLE;9;58.25;800;320;1;160;320
5988;z3887;TVM430;1700;P_VARIABLE;9;58.25;800;320;1;160;320
5989;z3831;TVM430;2300;P_VARIABLE;9;57.125;800;320;1;160;320
5990;z3779;TVM430;1700;P_VARIABLE;8;63.3;800;320;1;160;320
5991;z3725;TVM430;2300;P_VARIABLE;8;63.5;800;320;1;160;320
5992;z3673;TVM430;1700;P_VARIABLE;8;63.4;800;320;1;160;320
5993;z3621;TVM430;2300;P_VARIABLE;8;63.7;800;320;1;160;320
5994;z3569;TVM430;1700;P_VARIABLE;8;62.6;800;320;1;160;320
5995;z3517;TVM430;2300;P_VARIABLE;8;59.2;800;320;1;160;320
5996;z3467A;TVM430;1700;P_VARIABLE;2;67.8;800;320;1;160;320
5997;z3467B;TVM430;2300;P_VARIABLE;5;64.2;800;320;1;160;320
5998;z3417A;TVM430;1700;P_VARIABLE;5;60.15;800;320;1;160;320
5999;z3417B;TVM430;2300;P_VARIABLE;3;50.9;800;320;1;160;320
6000;z3369;TVM430;1700;P_VARIABLE;8;59.1;800;320;1;160;320
6001;z3319;TVM430;2300;P_VARIABLE;8;59.09;800;320;1;160;320
6002;z3269A;TVM430;1700;P_VARIABLE;4;52.87;800;320;1;160;320
6003;z3269B;TVM430;2300;P_VARIABLE;4;59.2;800;320;1;160;320
6004;z3221;TVM430;1700;P_VARIABLE;8;59.09;800;320;1;160;320
6005;z3171;TVM430;2300;P_VARIABLE;8;57.8;800;320;1;160;320
6006;z3123A;TVM430;1700;P_VARIABLE;3;59.2;800;320;1;160;320
6007;z3123B;TVM430;2300;P_VARIABLE;4;61.53;800;320;1;160;320
6008;z3075;TVM430;1700;P_VARIABLE;7;63.6;800;320;1;160;320
6009;z3029;TVM430;2300;P_VARIABLE;7;63.33333;800;320;1;160;320
6010;z2983A;TVM430;1700;P_VARIABLE;3;73.3;800;320;1;160;320
6011;z2983B;TVM430;2300;P_VARIABLE;4;50.53;800;320;1;160;320
6012;z2937;TVM430;1700;P_VARIABLE;7;63.27;800;320;1;160;320
6013;z2891;TVM430;2300;P_VARIABLE;7;63.27;800;320;1;160;320
6014;z2845A;TVM430;1700;P_VARIABLE;2;72.6;800;320;1;160;320
6015;z2845B;TVM430;2300;P_VARIABLE;5;57.12;800;320;1;160;320
6016;z2799A;TVM430;1700;P_VARIABLE;4;55.2;800;320;1;160;320
6017;z2799B;TVM430;2300;P_VARIABLE;4;50.53;800;320;1;160;320
6018;z2751A;TVM430;1700;P_VARIABLE;5;59.4;800;320;1;160;320
6019;z2751B;TVM430;2300;P_VARIABLE;3;61.87;800;320;1;160;320
6020;z2697A;TVM430;1700;P_VARIABLE;5;64;800;320;1;160;320
6021;z2697B;TVM430;2300;P_VARIABLE;3;60.53;800;320;1;160;320
6022;z2645;TVM430;1700;P_VARIABLE;8;62.51;800;320;1;160;320
6023;z2595;TVM430;2300;P_VARIABLE;8;63.66;800;320;1;160;320
6024;z2541;TVM430;1700;P_VARIABLE;8;63.1;800;320;1;160;320
6025;z2489;TVM430;2300;P_VARIABLE;8;59.51;800;320;1;160;320
6026;z2439A;TVM430;1700;P_VARIABLE;4;53.53;800;320;1;160;320
6027;z2439B;TVM430;2300;P_VARIABLE;4;58.53;800;320;1;160;320
6028;z2389;TVM430;1700;P_VARIABLE;8;59.51;800;320;1;160;320
6029;z2341;TVM430;2300;P_VARIABLE;8;58.94;800;320;1;160;320
6030;z2291A;TVM430;1700;P_VARIABLE;3;59.87;800;320;1;160;320
6031;z2291B;TVM430;2300;P_VARIABLE;4;63.53;800;320;1;160;320
6032;z2243;TVM430;1700;P_VARIABLE;8;55.8;800;320;1;160;320
6033;z2197;TVM430;2300;P_VARIABLE;8;56.94;800;320;1;160;320
6034;z2149A;TVM430;1700;P_VARIABLE;4;54.2;800;320;1;160;320
6035;z2149B;TVM430;2300;P_VARIABLE;4;53.87;800;320;1;160;320
6036;z2101;TVM430;1700;P_VARIABLE;8;58.09;800;320;1;160;320
6037;z2051;TVM430;2300;P_VARIABLE;8;58.09;800;320;1;160;320
6038;z2003A;TVM430;1700;P_VARIABLE;4;52.53;800;320;1;160;320
6039;z2003B;TVM430;2300;P_VARIABLE;4;57.2;800;320;1;160;320
6040;z1953;TVM430;1700;P_VARIABLE;8;57.51;800;320;1;160;320
6041;z1905;TVM430;2300;P_VARIABLE;8;55.94;800;320;1;160;320
6042;z1859A;TVM430;1700;P_VARIABLE;3;69.2;800;320;1;160;320
6043;z1859B;TVM430;2300;P_VARIABLE;4;54.87;800;320;1;160;320
6044;z1811;TVM430;1700;P_VARIABLE;8;55.71429;800;320;1;160;320
6045;z1765;TVM430;2300;P_VARIABLE;7;64.77;800;320;1;160;320
6046;z1717A;TVM430;1700;P_VARIABLE;3;69.53;800;320;1;160;320
6047;z1717B;TVM430;2300;P_VARIABLE;4;54.53;800;320;1;160;320
6048;z1669;TVM430;1700;P_VARIABLE;8;55.57143;800;320;1;160;320
6049;z1623;TVM430;2300;P_VARIABLE;7;65.16666;800;320;1;160;320
6050;z1575A;TVM430;1700;P_VARIABLE;3;69.53;800;320;1;160;320
6051;z1575B;TVM430;2300;P_VARIABLE;4;53.87;800;320;1;160;320
6052;z1529;TVM430;1700;P_VARIABLE;8;55.8;800;320;1;160;320
6053;z1481;TVM430;2300;P_VARIABLE;7;65.16666;800;320;1;160;320
6054;z1435A;TVM430;1700;P_VARIABLE;3;69.2;800;320;1;160;320
6055;z1435B;TVM430;2300;P_VARIABLE;4;54.2;800;320;1;160;320
6056;z1387;TVM430;1700;P_VARIABLE;8;55.94;800;320;1;160;320
6057;z1341;TVM430;2300;P_VARIABLE;8;55.71429;800;320;1;160;320
6058;z1293A;TVM430;1700;P_VARIABLE;2;64.8;800;320;1;160;320
6059;z1293B;TVM430;2300;P_VARIABLE;5;60.15;800;320;1;160;320
6060;z1247A;TVM430;1700;P_VARIABLE;5;56.4;800;320;1;160;320
6061;z1247B;TVM430;2300;P_VARIABLE;2;72.3;800;320;1;160;320
6062;z1197;TVM430;1700;P_VARIABLE;7;63.77;800;320;1;160;320
6063;z1151;TVM430;2300;P_VARIABLE;9;60;800;320;1;160;320
6064;z1095A;TVM430;1700;P_VARIABLE;3;54.2;800;320;1;160;320
6065;z1095B;TVM430;2300;P_VARIABLE;4;65.5;800;320;1;160;320
6066;z1049A;TVM430;1700;P_VARIABLE;5;54.6;800;320;1;160;320
6067;z1049B;TVM430;2300;P_VARIABLE;2;122;800;320;1;160;320
6068;z2751C;TVM430;1700;P_VARIABLE;0;0;800;320;1;160;320
6069;z4513C;TVM430;1700;P_VARIABLE;0;0;800;320;1;160;320
6070;z4513C;TVM430;1700;P_VARIABLE;0;0;800;320;1;160;320
6071;z2751C;TVM430;1700;P_VARIABLE;0;0;800;320;1;160;320
6072;z3011A;UM71;1700;NON;0;0;0;0;1;0;0
6073;z3011B;UM71;2300;NON;0;0;0;0;1;0;0
6074;z3011C;UM71;1700;NON;0;0;0;0;1;0;0
6075;z3011D;UM71;2300;NON;0;0;0;0;1;0;0
6076;z3015;UM71;1700;P_CONSTANT;5;100;0;0;1;0;0
6077;z3019A;UM71;2300;P_CONSTANT;14;100;0;0;1;0;0
6078;z3019B;UM71;1700;NON;0;0;0;0;1;0;0
6079;z3019C;UM71;2300;NON;0;0;0;0;1;0;0
6080;z3021;UM71;1700;P_CONSTANT;5;100;0;0;1;0;0
6081;z3025A;UM71;2300;NON;0;0;0;0;1;0;0
6082;z3025B;UM71;1700;P_CONSTANT;7;113.5;0;0;1;0;0
6083;z3025C;UM71;2300;P_CONSTANT;10;100;0;0;1;0;0
6084;z3029;UM71;1700;NON;0;0;0;0;1;0;0
6085;z3031A;UM71;2300;P_CONSTANT;6;100;0;0;1;0;0
6086;z3031B;UM71;1700;NON;0;0;0;0;1;0;0
6087;z3111;ITE;3;NON;0;0;0;0;1;0;0
6088;z3113;ITE;3;NON;0;0;0;0;1;0;0
6089;z3115;ITE;3;NON;0;0;0;0;1;0;0
6090;z3117;ITE;3;NON;0;0;0;0;1;0;0
6091;z3119;ITE;3;NON;0;0;0;0;1;0;0
6092;z3121;ITE;3;NON;0;0;0;0;1;0;0
6093;z3122;ITE;3;NON;0;0;0;0;1;0;0
6094;z3124;ITE;3;NON;0;0;0;0;1;0;0
6095;z3126;ITE;3;NON;0;0;0;0;1;0;0
6096;z3114;ITE;3;NON;0;0;0;0;1;0;0
6097;z3116;ITE;3;NON;0;0;0;0;1;0;0
6098;z3118;ITE;3;NON;0;0;0;0;1;0;0
6099;z3120;ITE;3;NON;0;0;0;0;1;0;0
6100;z3131A;UM71;2300;NON;0;0;0;0;1;0;0
6101;z3131B;UM71;1700;NON;0;0;0;0;1;0;0
6102;z3131C;UM71;2300;P_CONSTANT;7;108.5;0;0;1;0;0
6103;z3135;UM71;1700;P_CONSTANT;7;104.1667;0;0;1;0;0
6104;z3139A;UM71;2300;P_CONSTANT;5;100;0;0;1;0;0
6105;z3139B;UM71;1700;P_CONSTANT;9;100;0;0;1;0;0
6106;z3041A;UM71;2300;NON;0;0;0;0;1;0;0
6107;z3041B;UM71;1700;NON;0;0;0;0;1;0;0
6108;z3145;UM71;2300;P_CONSTANT;15;100;0;0;1;0;0
6109;z3149;UM71;1700;P_CONSTANT;7;100;0;0;1;0;0
6110;z3051A;UM71;2300;P_CONSTANT;7;100;0;0;1;0;0
6111;z3051B;UM71;1700;NON;0;0;0;0;1;0;0
6112;z3211;ITE;3;NON;0;0;0;0;1;0;0
6113;z3213A;ITE;3;NON;0;0;0;0;1;0;0
6114;z3215;ITE;3;NON;0;0;0;0;1;0;0
6115;z3220;ITE;3;NON;0;0;0;0;1;0;0
6116;z3213B;ITE;3;NON;0;0;0;0;1;0;0
6117;z3214;ITE;3;NON;0;0;0;0;1;0;0
6118;z3216;ITE;3;NON;0;0;0;0;1;0;0
6119;z3231A;UM71;1700;NON;0;0;0;0;1;0;0
6120;z3231B;UM71;2300;P_CONSTANT;9;100;0;0;1;0;0
6121;z3231C;UM71;1700;NON;0;0;0;0;1;0;0
6122;z3235;UM71;2300;NON;0;0;0;0;1;0;0
6123;z3239A;UM71;1700;P_CONSTANT;8;100;0;0;1;0;0
6124;z3239B;UM71;2300;P_CONSTANT;6;111.2;0;0;1;0;0
6125;z3241;UM71;1700;P_CONSTANT;6;100;0;0;1;0;0
6126;z3245;UM71;2300;P_CONSTANT;15;100;0;0;1;0;0
6127;z3249;UM71;1700;NON;0;0;0;0;1;0;0
6128;z3311;ITE;3;NON;0;0;0;0;1;0;0
6129;z3313;ITE;3;NON;0;0;0;0;1;0;0
6130;z3315;ITE;3;NON;0;0;0;0;1;0;0
6131;z3321;ITE;3;NON;0;0;0;0;1;0;0
6132;z3322;ITE;3;NON;0;0;0;0;1;0;0
6133;z3312;ITE;3;NON;0;0;0;0;1;0;0
6134;z3314;ITE;3;NON;0;0;0;0;1;0;0
6135;z3320;ITE;3;NON;0;0;0;0;1;0;0
6136;z3331;UM71;1700;P_CONSTANT;13;100;0;0;1;0;0
6137;z3335;UM71;2300;NON;0;0;0;0;1;0;0
6138;z3339;UM71;1700;P_CONSTANT;18;100;0;0;1;0;0
6139;z3341;UM71;2300;NON;0;0;0;0;1;0;0
6140;z3345;UM71;1700;P_CONSTANT;5;98.25;0;0;1;0;0
6141;z3347;ITE;3;NON;0;0;0;0;1;0;0
6142;z3349;UM71;2300;P_CONSTANT;11;100;0;0;1;0;0
6143;z3351;UM71;1700;NON;0;0;0;0;1;0;0
6144;z3411;ITE;3;NON;0;0;0;0;1;0;0
6145;z3412;ITE;3;NON;0;0;0;0;1;0;0
6146;z3414;ITE;3;NON;0;0;0;0;1;0;0
6147;z3422;ITE;3;NON;0;0;0;0;1;0;0
6148;z3413;ITE;3;NON;0;0;0;0;1;0;0
6149;z3415;ITE;3;NON;0;0;0;0;1;0;0
6150;z3417;ITE;3;NON;0;0;0;0;1;0;0
6151;z3419;ITE;3;NON;0;0;0;0;1;0;0
6152;z3421;ITE;3;NON;0;0;0;0;1;0;0
6153;z3416;ITE;3;NON;0;0;0;0;1;0;0
6154;z3418;ITE;3;NON;0;0;0;0;1;0;0
6155;z3420;ITE;3;NON;0;0;0;0;1;0;0
6156;z3424;ITE;3;NON;0;0;0;0;1;0;0
6157;z3431A;ITE;3;NON;0;0;0;0;1;0;0
6158;z3441;UM71;2300;P_CONSTANT;10;100;0;0;1;0;0
6159;z3445;UM71;1700;NON;0;0;0;0;1;0;0
6160;z3449A;UM71;2300;NON;0;0;0;0;1;0;0
6161;z3449B;UM71;1700;NON;0;0;0;0;1;0;0
6162;z3449C;UM71;2300;P_CONSTANT;5;100;0;0;1;0;0
6163;z3451;UM71;1700;P_CONSTANT;5;100;0;0;1;0;0
6164;z3455A;UM71;2300;P_CONSTANT;8;100;0;0;1;0;0
6165;z3455B;UM71;1700;NON;0;0;0;0;1;0;0
6166;z3459A;UM71;2300;NON;0;0;0;0;1;0;0
6167;z3459B;UM71;1700;P_CONSTANT;7;100;0;0;1;0;0
6168;z3461;UM71;2300;P_CONSTANT;12;100;0;0;1;0;0
6169;z3465A;UM71;1700;NON;0;0;0;0;1;0;0
6170;z3465B;UM71;2300;P_CONSTANT;7;100;0;0;1;0;0
6171;z3469A;UM71;1700;NON;0;0;0;0;1;0;0
6172;z3469B;UM71;2300;NON;0;0;0;0;1;0;0
6173;z3469C;UM71;1700;P_CONSTANT;7;100;0;0;1;0;0
6174;z3471;UM71;2300;P_CONSTANT;8;100;0;0;1;0;0
6175;z3475;UM71;1700;P_CONSTANT;15;100;0;0;1;0;0
6176;z3479;UM71;2300;P_CONSTANT;6;100;0;0;1;0;0
6177;z3481;UM71;1700;P_CONSTANT;13;100;0;0;1;0;0
6178;z3611;ITE;3;NON;0;0;0;0;1;0;0
6179;z3612;ITE;3;NON;0;0;0;0;1;0;0
6180;z3614;ITE;3;NON;0;0;0;0;1;0;0
6181;z3620;ITE;3;NON;0;0;0;0;1;0;0
6182;z3622;ITE;3;NON;0;0;0;0;1;0;0
6183;z3613;ITE;3;NON;0;0;0;0;1;0;0
6184;z3615;ITE;3;NON;0;0;0;0;1;0;0
6185;z3617;ITE;3;NON;0;0;0;0;1;0;0
6186;z3621;ITE;3;NON;0;0;0;0;1;0;0
6187;z3626;ITE;3;NON;0;0;0;0;1;0;0
6188;z3628;ITE;3;NON;0;0;0;0;1;0;0
6189;z3631A;UM71;1700;NON;0;0;0;0;1;0;0
6190;z3631B;UM71;2300;NON;0;0;0;0;1;0;0
6191;z3631C;UM71;1700;NON;0;0;0;0;1;0;0
6192;z3635;UM71;2300;NON;0;0;0;0;1;0;0
6193;z3639A;UM71;1700;P_CONSTANT;8;100;0;0;1;0;0
6194;z3639B;UM71;2300;P_CONSTANT;6;100;0;0;1;0;0
6195;z3641A;UM71;1700;NON;0;0;0;0;1;0;0
6196;z3641B;UM71;2300;NON;0;0;0;0;1;0;0
6197;z3645;UM71;1700;P_CONSTANT;14;100;0;0;1;0;0
6198;z3649A;UM71;2300;NON;0;0;0;0;1;0;0
6199;z3649B;UM71;1700;NON;0;0;0;0;1;0;0
6200;z3649C;UM71;2300;NON;0;0;0;0;1;0;0
6201;z3651A;UM71;1700;NON;0;0;0;0;1;0;0
6202;z3651B;UM71;2300;P_CONSTANT;8;100;0;0;1;0;0
6203;z3655;UM71;1700;P_CONSTANT;7;100;0;0;1;0;0
6204;z3659;UM71;2300;P_CONSTANT;9;100;0;0;1;0;0
6205;z3711;ITE;3;NON;0;0;0;0;1;0;0
6206;z3712;ITE;3;NON;0;0;0;0;1;0;0
6207;z3714;ITE;3;NON;0;0;0;0;1;0;0
6208;z3720;ITE;3;NON;0;0;0;0;1;0;0
6209;z3722;ITE;3;NON;0;0;0;0;1;0;0
6210;z3713;ITE;3;NON;0;0;0;0;1;0;0
6211;z3715;ITE;3;NON;0;0;0;0;1;0;0
6212;z3721;ITE;3;NON;0;0;0;0;1;0;0
6213;z3731A;UM71;1700;NON;0;0;0;0;1;0;0
6214;z3731B;UM71;2300;P_CONSTANT;8;100;0;0;1;0;0
6215;z3735;UM71;1700;NON;0;0;0;0;1;0;0
6216;z3739A;UM71;2300;NON;0;0;0;0;1;0;0
6217;z3739B;UM71;1700;P_CONSTANT;11;100;0;0;1;0;0
6218;z3741;UM71;2300;NON;0;0;0;0;1;0;0
6219;z3745;UM71;1700;P_CONSTANT;13;100;0;0;1;0;0
6220;z7462;TVM430;2000;P_VARIABLE;14;58.4;800;320;1;160;320
6221;z2;TVM300;2600;P_CONSTANT;7;100;450;200;1;100;200
6222;z3025D;TVM430;1700;P_VARIABLE;13;59.67;800;320;1;160;320
6226;zPRB;SEI;1700;P_VARIABLE;0;0;800;320;1;160;320
6227;zPRA;SEI;2300;P_VARIABLE;0;0;800;320;1;160;320
6228;zPNY;SEI;1700;P_VARIABLE;0;0;800;320;1;160;320
6229;zPNN;SEI;2300;P_VARIABLE;0;0;800;320;1;160;320
6230;zPNM;SEI;1700;P_VARIABLE;0;0;800;320;1;160;320
6231;zPNL;SEI;2300;P_VARIABLE;0;0;800;320;1;160;320
6232;zPNK;SEI;1700;P_VARIABLE;0;0;800;320;1;160;320
6233;zPNJ;SEI;2300;P_VARIABLE;0;0;800;320;1;160;320
6234;zPNH;SEI;1700;P_VARIABLE;0;0;800;320;1;160;320
6235;zPNG;SEI;2300;P_VARIABLE;0;0;800;320;1;160;320
6236;zPNF;SEI;1700;P_VARIABLE;0;0;800;320;1;160;320
6237;zPNE;SEI;2300;P_VARIABLE;0;0;800;320;1;160;320
6238;zPND;SEI;1700;P_VARIABLE;0;0;800;320;1;160;320
6239;zPNC;SEI;2300;P_VARIABLE;0;0;800;320;1;160;320
6240;zPNB;SEI;1700;P_VARIABLE;0;0;800;320;1;160;320
6241;zPNA;SEI;2300;P_VARIABLE;0;0;800;320;1;160;320
6242;zSRG;SEI;1700;P_VARIABLE;0;0;800;320;1;160;320
6243;zSRF;SEI;2300;P_VARIABLE;0;0;800;320;1;160;320
6244;zSRE;SEI;1700;P_VARIABLE;0;0;800;320;1;160;320
6245;zSRD;SEI;2300;P_VARIABLE;0;0;800;320;1;160;320
6246;zSRC;SEI;1700;P_VARIABLE;0;0;800;320;1;160;320
6247;zSRB;SEI;2300;P_VARIABLE;0;0;800;320;1;160;320
6248;zSVE;SEI;1700;P_VARIABLE;0;0;800;320;1;160;320
6249;zSVD;SEI;2300;P_VARIABLE;0;0;800;320;1;160;320
6250;zSVC;SEI;1700;P_VARIABLE;0;0;800;320;1;160;320
6251;zSVB;SEI;2300;P_VARIABLE;0;0;800;320;1;160;320
6252;zSVA;SEI;1700;P_VARIABLE;0;0;800;320;1;160;320
6253;zSGA;SEI;2300;P_VARIABLE;0;0;800;320;1;160;320
6254;zSGB;SEI;1700;P_VARIABLE;0;0;800;320;1;160;320
6255;zSSC;SEI;1700;P_VARIABLE;0;0;800;320;1;160;320
6256;zSSB;SEI;2300;P_VARIABLE;0;0;800;320;1;160;320
6257;zSSA;SEI;1700;P_VARIABLE;0;0;800;320;1;160;320
6258;zSTA;SEI;1700;P_VARIABLE;0;0;800;320;1;160;320
6259;zSCA;SEI;1700;P_VARIABLE;0;0;800;320;1;160;320
6260;zSRA;SEI;1700;P_VARIABLE;0;0;800;320;1;160;320
6261;zSNY;SEI;2300;P_VARIABLE;0;0;800;320;1;160;320
6262;zSNN;SEI;1700;P_VARIABLE;0;0;800;320;1;160;320
6263;zSNM;SEI;2300;P_VARIABLE;0;0;800;320;1;160;320
6264;zSNL;SEI;1700;P_VARIABLE;0;0;800;320;1;160;320
6265;zSNK;SEI;2300;P_VARIABLE;0;0;800;320;1;160;320
6266;zSNJ;SEI;1700;P_VARIABLE;0;0;800;320;1;160;320
6267;zSNH;SEI;2300;P_VARIABLE;0;0;800;320;1;160;320
6268;zSNG;SEI;1700;P_VARIABLE;0;0;800;320;1;160;320
6269;zSNF;SEI;2300;P_VARIABLE;0;0;800;320;1;160;320
6270;zSNE;SEI;1700;P_VARIABLE;0;0;800;320;1;160;320
6271;zSND;SEI;2300;P_VARIABLE;0;0;800;320;1;160;320
6272;zSNC;SEI;1700;P_VARIABLE;0;0;800;320;1;160;320
6273;zSNB;SEI;2300;P_VARIABLE;0;0;800;320;1;160;320
6274;zSNA;SEI;1700;P_VARIABLE;0;0;800;320;1;160;320
6275;zRRD;SEI;2300;P_VARIABLE;0;0;800;320;1;160;320
6276;zRRC;SEI;1700;P_VARIABLE;0;0;800;320;1;160;320
6277;zRRB;SEI;2300;P_VARIABLE;0;0;800;320;1;160;320
6278;zRRA;SEI;1700;P_VARIABLE;0;0;800;320;1;160;320
6279;zRNY;SEI;2300;P_VARIABLE;0;0;800;320;1;160;320
6280;zRNB;SEI;1700;P_VARIABLE;0;0;800;320;1;160;320
6281;zRNA;SEI;2300;P_VARIABLE;0;0;800;320;1;160;320
6282;zGRD;SEI;1700;P_VARIABLE;0;0;800;320;1;160;320
6283;zGRC;SEI;2300;P_VARIABLE;0;0;800;320;1;160;320
6284;zGRB;SEI;1700;P_VARIABLE;0;0;800;320;1;160;320
6285;zGRA;SEI;2300;P_VARIABLE;0;0;800;320;1;160;320
6286;zGNY;SEI;1700;P_VARIABLE;0;0;800;320;1;160;320
6287;zGNJ;SEI;2300;P_VARIABLE;0;0;800;320;1;160;320
6288;zGNH;SEI;1700;P_VARIABLE;0;0;800;320;1;160;320
6289;zGNG;SEI;2300;P_VARIABLE;0;0;800;320;1;160;320
6290;zGNF;SEI;1700;P_VARIABLE;0;0;800;320;1;160;320
6291;zGNE;SEI;2300;P_VARIABLE;0;0;800;320;1;160;320
6292;zGND;SEI;1700;P_VARIABLE;0;0;800;320;1;160;320
6293;zGNC;SEI;2300;P_VARIABLE;0;0;800;320;1;160;320
6294;zGNB;SEI;1700;P_VARIABLE;0;0;800;320;1;160;320
6295;zGNA;SEI;2300;P_VARIABLE;0;0;800;320;1;160;320
6296;zERJ;SEI;1700;P_VARIABLE;0;0;800;320;1;160;320
6297;zERH;SEI;2300;P_VARIABLE;0;0;800;320;1;160;320
6298;zERG;SEI;1700;P_VARIABLE;0;0;800;320;1;160;320
6299;zERF;SEI;2300;P_VARIABLE;0;0;800;320;1;160;320
6300;zERE;SEI;1700;P_VARIABLE;0;0;800;320;1;160;320
6301;zERD;SEI;2300;P_VARIABLE;0;0;800;320;1;160;320
6302;zERC;SEI;1700;P_VARIABLE;0;0;800;320;1;160;320
6303;zERB;SEI;2300;P_VARIABLE;0;0;800;320;1;160;320
6304;zERA;SEI;1700;P_VARIABLE;0;0;800;320;1;160;320
6305;zENY;SEI;2300;P_VARIABLE;0;0;800;320;1;160;320
6306;zENA;SEI;1700;P_VARIABLE;0;0;800;320;1;160;320
6307;zYRL;SEI;2300;P_VARIABLE;0;0;800;320;1;160;320
6308;zYRK;SEI;1700;P_VARIABLE;0;0;800;320;1;160;320
6309;zYRJ;SEI;2300;P_VARIABLE;0;0;800;320;1;160;320
6310;zYRH;SEI;1700;P_VARIABLE;0;0;800;320;1;160;320
6311;zYRG;SEI;2300;P_VARIABLE;0;0;800;320;1;160;320
6312;zYRF;SEI;1700;P_VARIABLE;0;0;800;320;1;160;320
6313;zYRE;SEI;2300;P_VARIABLE;0;0;800;320;1;160;320
6314;zYRD;SEI;1700;P_VARIABLE;0;0;800;320;1;160;320
6315;zYRC;SEI;2300;P_VARIABLE;0;0;800;320;1;160;320
6316;zYRB;SEI;1700;P_VARIABLE;0;0;800;320;1;160;320
6317;zYRA;SEI;2300;P_VARIABLE;0;0;800;320;1;160;320
6318;zYNY;SEI;1700;P_VARIABLE;0;0;800;320;1;160;320
6319;zYNG;SEI;2300;P_VARIABLE;0;0;800;320;1;160;320
6320;zYNF;SEI;1700;P_VARIABLE;0;0;800;320;1;160;320
6321;zYNE;SEI;2300;P_VARIABLE;0;0;800;320;1;160;320
6322;zYND;SEI;1700;P_VARIABLE;0;0;800;320;1;160;320
6323;zYNC;SEI;2300;P_VARIABLE;0;0;800;320;1;160;320
6324;zYNB;SEI;1700;P_VARIABLE;0;0;800;320;1;160;320
6325;zYNA;SEI;2300;P_VARIABLE;0;0;800;320;1;160;320
6326;zNRD;SEI;1700;P_VARIABLE;0;0;800;320;1;160;320
6327;zNRC;SEI;2300;P_VARIABLE;0;0;800;320;1;160;320
6328;zNRB;SEI;1700;P_VARIABLE;0;0;800;320;1;160;320
6329;zNRA;SEI;2300;P_VARIABLE;0;0;800;320;1;160;320
6330;zNNY;SEI;1700;P_VARIABLE;0;0;800;320;1;160;320
6331;zNNJ;SEI;2300;P_VARIABLE;0;0;800;320;1;160;320
6332;zNNH;SEI;1700;P_VARIABLE;0;0;800;320;1;160;320
6333;zNNG;SEI;2300;P_VARIABLE;0;0;800;320;1;160;320
6334;zNNF;SEI;1700;P_VARIABLE;0;0;800;320;1;160;320
6335;zNNE;SEI;2300;P_VARIABLE;0;0;800;320;1;160;320
6336;zNND;SEI;1700;P_VARIABLE;0;0;800;320;1;160;320
6337;zNNC;SEI;2300;P_VARIABLE;0;0;800;320;1;160;320
6338;zNNB;SEI;1700;P_VARIABLE;0;0;800;320;1;160;320
6339;zNNA;SEI;2300;P_VARIABLE;0;0;800;320;1;160;320
6340;zCRF;SEI;1700;P_VARIABLE;0;0;800;320;1;160;320
6341;zCRE;SEI;2300;P_VARIABLE;0;0;800;320;1;160;320
6342;zCRD;SEI;1700;P_VARIABLE;0;0;800;320;1;160;320
6343;zCRC;SEI;2300;P_VARIABLE;0;0;800;320;1;160;320
6344;zCRB;SEI;1700;P_VARIABLE;0;0;800;320;1;160;320
6345;zCRA;SEI;2300;P_VARIABLE;0;0;800;320;1;160;320
6346;zCNY;SEI;1700;P_VARIABLE;0;0;800;320;1;160;320
6347;zCND;SEI;2300;P_VARIABLE;0;0;800;320;1;160;320
6348;zCNC;SEI;1700;P_VARIABLE;0;0;800;320;1;160;320
6349;zCNB;SEI;2300;P_VARIABLE;0;0;800;320;1;160;320
6350;zCNA;SEI;1700;P_VARIABLE;0;0;800;320;1;160;320
6351;zLRL;SEI;2300;P_VARIABLE;0;0;800;320;1;160;320
6352;zLRK;SEI;1700;P_VARIABLE;0;0;800;320;1;160;320
6353;zLRJ;SEI;2300;P_VARIABLE;0;0;800;320;1;160;320
6354;zLRH;SEI;1700;P_VARIABLE;0;0;800;320;1;160;320
6355;zLRG;SEI;2300;P_VARIABLE;0;0;800;320;1;160;320
6356;zLRF;TVM430;1700;P_VARIABLE;0;0;800;320;1;160;320
6357;zLRE;SEI;2300;P_VARIABLE;0;0;800;320;1;160;320
6358;zLRD;SEI;1700;P_VARIABLE;0;0;800;320;1;160;320
6359;zLRC;SEI;2300;P_VARIABLE;0;0;800;320;1;160;320
6360;zLRB;SEI;1700;P_VARIABLE;0;0;800;320;1;160;320
6361;zLRA;SEI;2300;P_VARIABLE;0;0;800;320;1;160;320
6362;zLNY;SEI;1700;P_VARIABLE;0;0;800;320;1;160;320
6363;zLND;SEI;2300;P_VARIABLE;0;0;800;320;1;160;320
6364;zLNC;SEI;1700;P_VARIABLE;0;0;800;320;1;160;320
6365;zLNB;SEI;2300;P_VARIABLE;0;0;800;320;1;160;320
6366;zLNA;SEI;1700;P_VARIABLE;0;0;800;320;1;160;320
6367;zFRL;SEI;2300;P_VARIABLE;0;0;800;320;1;160;320
6368;zFRK;SEI;1700;P_VARIABLE;0;0;800;320;1;160;320
6369;zFRJ;SEI;2300;P_VARIABLE;0;0;800;320;1;160;320
6370;zFRH;SEI;1700;P_VARIABLE;0;0;800;320;1;160;320
6371;zFRG;SEI;2300;P_VARIABLE;0;0;800;320;1;160;320
6372;zFPY;SEI;1700;P_VARIABLE;0;0;800;320;1;160;320
6373;zFPC;SEI;2300;P_VARIABLE;0;0;800;320;1;160;320
6374;zFPB;SEI;1700;P_VARIABLE;0;0;800;320;1;160;320
6375;zFPA;SEI;2300;P_VARIABLE;0;0;800;320;1;160;320
6376;zFRD;SEI;1700;P_VARIABLE;0;0;800;320;1;160;320
6377;zFRC;SEI;2300;P_VARIABLE;0;0;800;320;1;160;320
6378;zFRB;SEI;1700;P_VARIABLE;0;0;800;320;1;160;320
6379;zFRA;SEI;2300;P_VARIABLE;0;0;800;320;1;160;320
6380;zFNY;SEI;1700;P_VARIABLE;0;0;800;320;1;160;320
6381;zFNG;SEI;2300;P_VARIABLE;0;0;800;320;1;160;320
6382;zFNF;SEI;1700;P_VARIABLE;0;0;800;320;1;160;320
6383;zFNE;SEI;2300;P_VARIABLE;0;0;800;320;1;160;320
6384;zFND;SEI;1700;P_VARIABLE;0;0;800;320;1;160;320
6385;zFNC;SEI;2300;P_VARIABLE;0;0;800;320;1;160;320
6386;zFNB;SEI;1700;P_VARIABLE;0;0;800;320;1;160;320
6387;zFNA;SEI;2300;P_VARIABLE;0;0;800;320;1;160;320
6388;zWRH;SEI;1700;P_VARIABLE;0;0;800;320;1;160;320
6389;zWRG;SEI;2300;P_VARIABLE;0;0;800;320;1;160;320
6390;zWRF;SEI;1700;P_VARIABLE;0;0;800;320;1;160;320
6391;zWRE;SEI;2300;P_VARIABLE;0;0;800;320;1;160;320
6392;zWRD;SEI;1700;P_VARIABLE;0;0;800;320;1;160;320
6393;zWRC;SEI;2300;P_VARIABLE;0;0;800;320;1;160;320
6394;zWRB;SEI;1700;P_VARIABLE;0;0;800;320;1;160;320
6395;zWRA;SEI;2300;P_VARIABLE;0;0;800;320;1;160;320
6396;zWNY;SEI;1700;P_VARIABLE;0;0;800;320;1;160;320
6397;zWNA;SEI;2300;P_VARIABLE;0;0;800;320;1;160;320
6398;zPAM;SEI;2000;P_VARIABLE;0;0;800;320;1;160;320
6399;zPAP;SEI;2600;P_VARIABLE;0;0;800;320;1;160;320
6400;zSLA;SEI;2000;P_VARIABLE;0;0;800;320;1;160;320
6401;zSLB;SEI;2600;P_VARIABLE;0;0;800;320;1;160;320
6402;zSLC;SEI;2000;P_VARIABLE;0;0;800;320;1;160;320
6403;zSLD;SEI;2600;P_VARIABLE;0;0;800;320;1;160;320
6404;zSLE;SEI;2000;P_VARIABLE;0;0;800;320;1;160;320
6405;zSLF;SEI;2600;P_VARIABLE;0;0;800;320;1;160;320
6406;zSLG;SEI;2000;P_VARIABLE;0;0;800;320;1;160;320
6407;zSLH;SEI;2600;P_VARIABLE;0;0;800;320;1;160;320
6408;zSLY;SEI;2000;P_VARIABLE;0;0;800;320;1;160;320
6409;zSAA;SEI;2600;P_VARIABLE;0;0;800;320;1;160;320
6410;zSAB;SEI;2000;P_VARIABLE;0;0;800;320;1;160;320
6411;zSAC;SEI;2600;P_VARIABLE;0;0;800;320;1;160;320
6412;zSAD;SEI;2000;P_VARIABLE;0;0;800;320;1;160;320
6413;zSAE;SEI;2600;P_VARIABLE;0;0;800;320;1;160;320
6414;zSAF;SEI;2000;P_VARIABLE;0;0;800;320;1;160;320
6415;zSAG;SEI;2600;P_VARIABLE;0;0;800;320;1;160;320
6416;zRLA;SEI;2000;P_VARIABLE;0;0;800;320;1;160;320
6417;zRLB;SEI;2600;P_VARIABLE;0;0;800;320;1;160;320
6418;zRLC;SEI;2000;P_VARIABLE;0;0;800;320;1;160;320
6419;zRLD;SEI;2600;P_VARIABLE;0;0;800;320;1;160;320
6420;zRLE;SEI;2000;P_VARIABLE;0;0;800;320;1;160;320
6421;zRLF;SEI;2600;P_VARIABLE;0;0;800;320;1;160;320
6422;zRLG;SEI;2000;P_VARIABLE;0;0;800;320;1;160;320
6423;zRLH;SEI;2600;P_VARIABLE;0;0;800;320;1;160;320
6424;zSDA;SEI;2600;P_VARIABLE;0;0;800;320;1;160;320
6425;zSDB;SEI;2000;P_VARIABLE;0;0;800;320;1;160;320
6426;zSDC;SEI;2600;P_VARIABLE;0;0;800;320;1;160;320
6428;zSDD;SEI;2000;P_VARIABLE;0;0;800;320;1;160;320
6429;zSDE;SEI;2600;P_VARIABLE;0;0;800;320;1;160;320
6430;zSBA;SEI;2600;P_VARIABLE;0;0;800;320;1;160;320
6431;zSBB;SEI;2000;P_VARIABLE;0;0;800;320;1;160;320
6432;zSBC;SEI;2600;P_VARIABLE;0;0;800;320;1;160;320
6433;zRLJ;SEI;2000;P_VARIABLE;0;0;800;320;1;160;320
6434;zRLK;SEI;2600;P_VARIABLE;0;0;800;320;1;160;320
6435;zRLL;SEI;2000;P_VARIABLE;0;0;800;320;1;160;320
6436;zRLM;SEI;2600;P_VARIABLE;0;0;800;320;1;160;320
6437;zRLN;SEI;2000;P_VARIABLE;0;0;800;320;1;160;320
6438;zRLP;SEI;2600;P_VARIABLE;0;0;800;320;1;160;320
6439;zRLY;SEI;2000;P_VARIABLE;0;0;800;320;1;160;320
6440;zRAA;SEI;2600;P_VARIABLE;0;0;800;320;1;160;320
6441;zRAB;SEI;2000;P_VARIABLE;0;0;800;320;1;160;320
6442;zRAC;SEI;2600;P_VARIABLE;0;0;800;320;1;160;320
6443;zGLA;SEI;2000;P_VARIABLE;0;0;800;320;1;160;320
6444;zGLB;SEI;2600;P_VARIABLE;0;0;800;320;1;160;320
6445;zGLC;SEI;2000;P_VARIABLE;0;0;800;320;1;160;320
6446;zGLD;SEI;2600;P_VARIABLE;0;0;800;320;1;160;320
6447;zGLE;SEI;2000;P_VARIABLE;0;0;800;320;1;160;320
6448;zGLF;SEI;2600;P_VARIABLE;0;0;800;320;1;160;320
6449;zGLY;SEI;2000;P_VARIABLE;0;0;800;320;1;160;320
6450;zGAA;SEI;2600;P_VARIABLE;0;0;800;320;1;160;320
6451;zGAB;SEI;2000;P_VARIABLE;0;0;800;320;1;160;320
6452;zGAC;SEI;2600;P_VARIABLE;0;0;800;320;1;160;320
6453;zELA;SEI;2000;P_VARIABLE;0;0;800;320;1;160;320
6454;zELB;SEI;2600;P_VARIABLE;0;0;800;320;1;160;320
6455;zELC;SEI;2000;P_VARIABLE;0;0;800;320;1;160;320
6456;zELD;SEI;2600;P_VARIABLE;0;0;800;320;1;160;320
6457;zELE;SEI;2000;P_VARIABLE;0;0;800;320;1;160;320
6458;zELF;SEI;2600;P_VARIABLE;0;0;800;320;1;160;320
6459;zELG;SEI;2000;P_VARIABLE;0;0;800;320;1;160;320
6460;zELH;SEI;2600;P_VARIABLE;0;0;800;320;1;160;320
6461;zELJ;SEI;2000;P_VARIABLE;0;0;800;320;1;160;320
6462;zELK;SEI;2600;P_VARIABLE;0;0;800;320;1;160;320
6463;zELY;SEI;2000;P_VARIABLE;0;0;800;320;1;160;320
6464;zEAA;SEI;2600;P_VARIABLE;0;0;800;320;1;160;320
6465;zEAB;SEI;2000;P_VARIABLE;0;0;800;320;1;160;320
6466;zEAC;SEI;2600;P_VARIABLE;0;0;800;320;1;160;320
6467;zEAD;SEI;2000;P_VARIABLE;0;0;800;320;1;160;320
6468;zEAE;SEI;2600;P_VARIABLE;0;0;800;320;1;160;320
6469;zEAF;SEI;2000;P_VARIABLE;0;0;800;320;1;160;320
6470;zEAG;SEI;2600;P_VARIABLE;0;0;800;320;1;160;320
6471;zEAH;SEI;2000;P_VARIABLE;0;0;800;320;1;160;320
6472;zYLA;SEI;2600;P_VARIABLE;0;0;800;320;1;160;320
6473;zYLY;SEI;2000;P_VARIABLE;0;0;800;320;1;160;320
6474;zYAA;SEI;2600;P_VARIABLE;0;0;800;320;1;160;320
6475;zYAB;SEI;2000;P_VARIABLE;0;0;800;320;1;160;320
6476;zYAC;SEI;2600;P_VARIABLE;0;0;800;320;1;160;320
6477;zYAD;SEI;2000;P_VARIABLE;0;0;800;320;1;160;320
6478;zYAE;SEI;2600;P_VARIABLE;0;0;800;320;1;160;320
6479;zYAF;SEI;2000;P_VARIABLE;0;0;800;320;1;160;320
6480;zYAG;SEI;2600;P_VARIABLE;0;0;800;320;1;160;320
6481;zYAH;SEI;2000;P_VARIABLE;0;0;800;320;1;160;320
6482;zYAJ;SEI;2600;P_VARIABLE;0;0;800;320;1;160;320
6483;zYAK;SEI;2000;P_VARIABLE;0;0;800;320;1;160;320
6484;zYAL;SEI;2600;P_VARIABLE;0;0;800;320;1;160;320
6485;zYAM;SEI;2000;P_VARIABLE;0;0;800;320;1;160;320
6486;zNLA;SEI;2600;P_VARIABLE;0;0;800;320;1;160;320
6487;zNLB;SEI;2000;P_VARIABLE;0;0;800;320;1;160;320
6488;zNLC;SEI;2600;P_VARIABLE;0;0;800;320;1;160;320
6489;zNLD;SEI;2000;P_VARIABLE;0;0;800;320;1;160;320
6490;zNLE;SEI;2600;P_VARIABLE;0;0;800;320;1;160;320
6491;zNLF;SEI;2000;P_VARIABLE;0;0;800;320;1;160;320
6492;zNLY;SEI;2600;P_VARIABLE;0;0;800;320;1;160;320
6493;zNAA;SEI;2000;P_VARIABLE;0;0;800;320;1;160;320
6494;zNAB;SEI;2600;P_VARIABLE;0;0;800;320;1;160;320
6495;zNAC;SEI;2000;P_VARIABLE;0;0;800;320;1;160;320
6496;zNAD;SEI;2600;P_VARIABLE;0;0;800;320;1;160;320
6497;zCLA;SEI;2000;P_VARIABLE;0;0;800;320;1;160;320
6498;zCLB;SEI;2600;P_VARIABLE;0;0;800;320;1;160;320
6499;zCLC;SEI;2000;P_VARIABLE;0;0;800;320;1;160;320
6500;zCLD;SEI;2600;P_VARIABLE;0;0;800;320;1;160;320
6501;zCLE;SEI;2000;P_VARIABLE;0;0;800;320;1;160;320
6502;zCLF;SEI;2600;P_VARIABLE;0;0;800;320;1;160;320
6503;zCLG;SEI;2000;P_VARIABLE;0;0;800;320;1;160;320
6504;zCLH;SEI;2600;P_VARIABLE;0;0;800;320;1;160;320
6505;zCLY;SEI;2000;P_VARIABLE;0;0;800;320;1;160;320
6506;zCAA;SEI;2600;P_VARIABLE;0;0;800;320;1;160;320
6507;zCAB;SEI;2000;P_VARIABLE;0;0;800;320;1;160;320
6508;zCAC;SEI;2600;P_VARIABLE;0;0;800;320;1;160;320
6509;zCAD;SEI;2000;P_VARIABLE;0;0;800;320;1;160;320
6510;zCAE;SEI;2600;P_VARIABLE;0;0;800;320;1;160;320
6511;zLLA;SEI;2000;P_VARIABLE;0;0;800;320;1;160;320
6512;zLLB;SEI;2600;P_VARIABLE;0;0;800;320;1;160;320
6513;zLLC;SEI;2000;P_VARIABLE;0;0;800;320;1;160;320
6514;zLLD;SEI;2600;P_VARIABLE;0;0;800;320;1;160;320
6515;zLLE;SEI;2000;P_VARIABLE;0;0;800;320;1;160;320
6516;zLLF;SEI;2600;P_VARIABLE;0;0;800;320;1;160;320
6517;zLLY;SEI;2000;P_VARIABLE;0;0;800;320;1;160;320
6518;zLAA;SEI;2600;P_VARIABLE;0;0;800;320;1;160;320
6519;zLAB;SEI;2000;P_VARIABLE;0;0;800;320;1;160;320
6520;zLAC;SEI;2600;P_VARIABLE;0;0;800;320;1;160;320
6521;zLAD;SEI;2000;P_VARIABLE;0;0;800;320;1;160;320
6522;zLAE;SEI;2600;P_VARIABLE;0;0;800;320;1;160;320
6523;zLAF;SEI;2000;P_VARIABLE;0;0;800;320;1;160;320
6524;zLAG;SEI;2600;P_VARIABLE;0;0;800;320;1;160;320
6525;zLAH;SEI;2000;P_VARIABLE;0;0;800;320;1;160;320
6526;zLAJ;SEI;2600;P_VARIABLE;0;0;800;320;1;160;320
6527;zLAK;SEI;2000;P_VARIABLE;0;0;800;320;1;160;320
6528;zLAL;SEI;2600;P_VARIABLE;0;0;800;320;1;160;320
6529;zFLA;SEI;2000;P_VARIABLE;0;0;800;320;1;160;320
6530;zFLB;SEI;2600;P_VARIABLE;0;0;800;320;1;160;320
6531;zFLC;SEI;2000;P_VARIABLE;0;0;800;320;1;160;320
6532;zFLY;SEI;2600;P_VARIABLE;0;0;800;320;1;160;320
6533;zFAA;SEI;2000;P_VARIABLE;0;0;800;320;1;160;320
6534;zFAB;SEI;2600;P_VARIABLE;0;0;800;320;1;160;320
6535;zFAC;SEI;2000;P_VARIABLE;0;0;800;320;1;160;320
6536;zFMA;SEI;2600;P_VARIABLE;0;0;800;320;1;160;320
6537;zFMY;SEI;2000;P_VARIABLE;0;0;800;320;1;160;320
6538;zFAG;SEI;2600;P_VARIABLE;0;0;800;320;1;160;320
6539;zFAH;SEI;2000;P_VARIABLE;0;0;800;320;1;160;320
6540;zFAJ;SEI;2600;P_VARIABLE;0;0;800;320;1;160;320
6541;zWLA;SEI;2000;P_VARIABLE;0;0;800;320;1;160;320
6542;zWLB;SEI;2600;P_VARIABLE;0;0;800;320;1;160;320
6543;zWLC;SEI;2000;P_VARIABLE;0;0;800;320;1;160;320
6544;zWLD;SEI;2600;P_VARIABLE;0;0;800;320;1;160;320
6545;zWLE;SEI;2000;P_VARIABLE;0;0;800;320;1;160;320
6546;zWLF;SEI;2600;P_VARIABLE;0;0;800;320;1;160;320
6547;zWLG;SEI;2000;P_VARIABLE;0;0;800;320;1;160;320
6548;zWLY;SEI;2600;P_VARIABLE;0;0;800;320;1;160;320
6549;zWAA;SEI;2000;P_VARIABLE;0;0;800;320;1;160;320
6550;zWAB;SEI;2600;P_VARIABLE;0;0;800;320;1;160;320
6551;zWAC;SEI;2000;P_VARIABLE;0;0;800;320;1;160;320
6552;zWAD;SEI;2600;P_VARIABLE;0;0;800;320;1;160;320
6553;zWAE;SEI;2000;P_VARIABLE;0;0;800;320;1;160;320
6554;zWAF;SEI;2600;P_VARIABLE;0;0;800;320;1;160;320
6555;zWAG;SEI;2000;P_VARIABLE;0;0;800;320;1;160;320
6556;zTLA;SEI;2600;P_VARIABLE;0;0;800;320;1;160;320
6557;zTLB;SEI;2000;P_VARIABLE;0;0;800;320;1;160;320
6558;zTLC;SEI;2600;P_VARIABLE;0;0;800;320;1;160;320
6559;zETK;SEI;1700;P_VARIABLE;0;0;800;320;1;160;320
6560;zETJ;SEI;2300;P_VARIABLE;0;0;800;320;1;160;320
6561;zETH;SEI;1700;P_VARIABLE;0;0;800;320;1;160;320
6562;zESG;SEI;1700;P_VARIABLE;0;0;800;320;1;160;320
6563;zESF;SEI;2300;P_VARIABLE;0;0;800;320;1;160;320
6564;zESE;SEI;1700;P_VARIABLE;0;0;800;320;1;160;320
6565;zESD;SEI;2300;P_VARIABLE;0;0;800;320;1;160;320
6566;zESC;SEI;1700;P_VARIABLE;0;0;800;320;1;160;320
6567;zESB;SEI;2300;P_VARIABLE;0;0;800;320;1;160;320
6568;zESA;SEI;1700;P_VARIABLE;0;0;800;320;1;160;320
6569;zEVF;SEI;1700;P_VARIABLE;0;0;800;320;1;160;320
6570;zEVE;SEI;2300;P_VARIABLE;0;0;800;320;1;160;320
6571;zEDA;SEI;1700;P_VARIABLE;0;0;800;320;1;160;320
6572;zEVD;SEI;1700;P_VARIABLE;0;0;800;320;1;160;320
6573;zEVC;SEI;2300;P_VARIABLE;0;0;800;320;1;160;320
6574;zEVB;SEI;1700;P_VARIABLE;0;0;800;320;1;160;320
6575;zEVA;SEI;2300;P_VARIABLE;0;0;800;320;1;160;320
6576;zEBA;SEI;2600;P_VARIABLE;0;0;800;320;1;160;320
6577;zEBB;SEI;2000;P_VARIABLE;0;0;800;320;1;160;320
6578;zEBC;SEI;2600;P_VARIABLE;0;0;800;320;1;160;320
6579;zEBD;SEI;2000;P_VARIABLE;0;0;800;320;1;160;320
6580;zEBE;SEI;2600;P_VARIABLE;0;0;800;320;1;160;320
6581;zEBF;SEI;2000;P_VARIABLE;0;0;800;320;1;160;320
6582;zEBG;SEI;2600;P_VARIABLE;0;0;800;320;1;160;320
6583;zEBH;SEI;2000;P_VARIABLE;0;0;800;320;1;160;320
6584;zEBJ;SEI;2600;P_VARIABLE;0;0;800;320;1;160;320
6585;zECA;SEI;2000;P_VARIABLE;0;0;800;320;1;160;320
6586;zEDB;SEI;2000;P_VARIABLE;0;0;800;320;1;160;320
6587;zEDC;SEI;2600;P_VARIABLE;0;0;800;320;1;160;320
6588;zEDD;SEI;2000;P_VARIABLE;0;0;800;320;1;160;320
6589;zEDE;SEI;2600;P_VARIABLE;0;0;800;320;1;160;320
6590;zEDF;SEI;2000;P_VARIABLE;0;0;800;320;1;160;320
6591;zLBA;SEI;2000;P_VARIABLE;0;0;800;320;1;160;320
6592;zLBB;SEI;2600;P_VARIABLE;0;0;800;320;1;160;320
6593;zLBC;SEI;2000;P_VARIABLE;0;0;800;320;1;160;320
6594;zLBD;SEI;2600;P_VARIABLE;0;0;800;320;1;160;320
6595;zLBE;SEI;2000;P_VARIABLE;0;0;800;320;1;160;320
6596;zLBF;SEI;2600;P_VARIABLE;0;0;800;320;1;160;320
6597;zLSG;SEI;1700;P_VARIABLE;0;0;800;320;1;160;320
6598;zLSF;SEI;2300;P_VARIABLE;0;0;800;320;1;160;320
6599;zLSE;SEI;1700;P_VARIABLE;0;0;800;320;1;160;320
6600;zLSD;SEI;2300;P_VARIABLE;0;0;800;320;1;160;320
6601;zLSC;SEI;1700;P_VARIABLE;0;0;800;320;1;160;320
6602;zLSB;SEI;2300;P_VARIABLE;0;0;800;320;1;160;320
6603;zLSA;SEI;1700;P_VARIABLE;0;0;800;320;1;160;320
6604;zFBA;SEI;2000;P_VARIABLE;0;0;800;320;1;160;320
6605;zFBB;SEI;2600;P_VARIABLE;0;0;800;320;1;160;320
6606;zFBC;SEI;2000;P_VARIABLE;0;0;800;320;1;160;320
6607;zFBD;SEI;2600;P_VARIABLE;0;0;800;320;1;160;320
6608;zFBE;SEI;2000;P_VARIABLE;0;0;800;320;1;160;320
6609;zFBF;SEI;2600;P_VARIABLE;0;0;800;320;1;160;320
6610;zFVF;SEI;2300;P_VARIABLE;0;0;800;320;1;160;320
6611;zFVE;SEI;1700;P_VARIABLE;0;0;800;320;1;160;320
6612;zFVD;SEI;2300;P_VARIABLE;0;0;800;320;1;160;320
6613;zFVC;SEI;1700;P_VARIABLE;0;0;800;320;1;160;320
6614;zFVB;SEI;2300;P_VARIABLE;0;0;800;320;1;160;320
6615;zFVA;SEI;1700;P_VARIABLE;0;0;800;320;1;160;320
6616;zFSA;SEI;2300;P_VARIABLE;0;0;800;320;1;160;320
6617;zFSC;SEI;1700;P_VARIABLE;0;0;800;320;1;160;320
6618;zYBH;SEI;2600;P_VARIABLE;0;0;800;320;1;160;320
6619;zYBG;SEI;2000;P_VARIABLE;0;0;800;320;1;160;320
6620;zYBF;SEI;2600;P_VARIABLE;0;0;800;320;1;160;320
6621;zYBE;SEI;2000;P_VARIABLE;0;0;800;320;1;160;320
6622;zYBD;SEI;2600;P_VARIABLE;0;0;800;320;1;160;320
6623;zYBC;SEI;2000;P_VARIABLE;0;0;800;320;1;160;320
6624;zYBB;SEI;2600;P_VARIABLE;0;0;800;320;1;160;320
6625;zYBA;SEI;2000;P_VARIABLE;0;0;800;320;1;160;320
6626;zWDB2;SEI;2600;P_VARIABLE;0;0;800;320;1;160;320
6627;zYTA;SEI;2300;P_VARIABLE;0;0;800;320;1;160;320
6628;zYTB;SEI;1700;P_VARIABLE;0;0;800;320;1;160;320
6629;zYTC;SEI;2300;P_VARIABLE;0;0;800;320;1;160;320
6630;zYTD;SEI;1700;P_VARIABLE;0;0;800;320;1;160;320
6631;zYTE;SEI;2300;P_VARIABLE;0;0;800;320;1;160;320
6632;zYTF;SEI;1700;P_VARIABLE;0;0;800;320;1;160;320
6633;zYCA;SEI;2600;P_VARIABLE;0;0;800;320;1;160;320
6634;zYCB;SEI;2000;P_VARIABLE;0;0;800;320;1;160;320
6635;zYCC;SEI;2600;P_VARIABLE;0;0;800;320;1;160;320
6636;zYCD;SEI;2000;P_VARIABLE;0;0;800;320;1;160;320
6637;zYCE;SEI;2600;P_VARIABLE;0;0;800;320;1;160;320
6638;zYSF;SEI;2300;P_VARIABLE;0;0;800;320;1;160;320
6639;zYSE;SEI;1700;P_VARIABLE;0;0;800;320;1;160;320
6640;zYSD;SEI;2300;P_VARIABLE;0;0;800;320;1;160;320
6641;zYSC;SEI;1700;P_VARIABLE;0;0;800;320;1;160;320
6642;zYSB;SEI;2300;P_VARIABLE;0;0;800;320;1;160;320
6643;zYSA;SEI;1700;P_VARIABLE;0;0;800;320;1;160;320
6644;zFSD;SEI;1700;P_VARIABLE;0;0;800;320;1;160;320
6645;zFSE;SEI;2300;P_VARIABLE;0;0;800;320;1;160;320
6646;zFDE;SEI;2600;P_VARIABLE;0;0;800;320;1;160;320
6647;zFDD;SEI;2000;P_VARIABLE;0;0;800;320;1;160;320
6648;zFDC;SEI;2600;P_VARIABLE;0;0;800;320;1;160;320
6649;zFDB;SEI;2000;P_VARIABLE;0;0;800;320;1;160;320
6650;zFDA;SEI;2600;P_VARIABLE;0;0;800;320;1;160;320
6651;zTRC;SEI;2300;P_VARIABLE;0;0;800;320;1;160;320
6652;zTRD;SEI;1700;P_VARIABLE;0;0;800;320;1;160;320
6653;zTAA;SEI;2600;P_VARIABLE;0;0;800;320;1;160;320
6654;zTLY;SEI;2000;P_VARIABLE;0;0;800;320;1;160;320
6655;zTRB;SEI;1700;P_VARIABLE;0;0;800;320;1;160;320
6656;z0899B;SEI;1700;P_VARIABLE;0;0;800;320;1;160;320
6657;zTRA;SEI;2300;P_VARIABLE;0;0;800;320;1;160;320
6658;z0899A;SEI;2300;P_VARIABLE;0;0;800;320;1;160;320
6659;z0977D;SEI;1700;P_VARIABLE;0;0;800;320;1;160;320
6660;z0977C;SEI;2300;P_VARIABLE;0;0;800;320;1;160;320
6661;z0977B;SEI;1700;P_VARIABLE;0;0;800;320;1;160;320
6662;z0977A;SEI;2300;P_VARIABLE;0;0;800;320;1;160;320
6663;z1049C;SEI;1700;P_VARIABLE;2;70;800;320;1;160;320
6664;z1104;TVM430;2600;P_VARIABLE;9;58.375;800;320;1;160;320
6665;zTAB;SEI;2000;P_VARIABLE;0;0;800;320;1;160;320
6666;zTAC;SEI;2600;P_VARIABLE;0;0;800;320;1;160;320
6667;z0834A;SEI;2000;P_VARIABLE;0;0;800;320;1;160;320
6668;z0834B;SEI;2600;P_VARIABLE;0;0;800;320;1;160;320
6669;z0834C;SEI;2000;P_VARIABLE;0;0;800;320;1;160;320
6670;z0834D;SEI;2600;P_VARIABLE;0;0;800;320;1;160;320
6671;z0922A;SEI;2000;P_VARIABLE;0;0;800;320;1;160;320
6672;z0922B;SEI;2600;P_VARIABLE;0;0;800;320;1;160;320
6673;z0968A;SEI;2000;P_VARIABLE;0;0;800;320;1;160;320
6674;z0968C;SEI;2600;P_VARIABLE;0;0;800;320;1;160;320
6675;z0968D;SEI;2000;P_VARIABLE;5;56;800;320;1;160;320
6676;z1046A;SEI;2600;P_VARIABLE;7;57;800;320;1;160;320
6677;z1046B;TVM430;2000;P_VARIABLE;0;0;800;320;1;160;320
6678;z1046C;SEI;2600;P_VARIABLE;2;67;800;320;1;160;320
6679;z0968B;SEI;2600;P_VARIABLE;1;0;800;320;1;160;320
6680;z0972B;SEI;1700;P_VARIABLE;1;80.5;800;320;1;160;320
6681;z0972A;SEI;2300;P_VARIABLE;1;43;800;320;1;160;320
6682;z952;SEI;1700;P_VARIABLE;1;98.5;800;320;1;160;320
6683;z978;SEI;2600;P_VARIABLE;1;35.5;800;320;1;160;320
6684;z962;SEI;2000;P_VARIABLE;0;0;800;320;1;160;320
6685;z0926B;SEI;2300;P_VARIABLE;1;75.5;800;320;1;160;320
6686;z0926A;SEI;2600;P_VARIABLE;2;55;800;320;1;160;320
6687;z906;SEI;2000;P_VARIABLE;0;0;800;320;1;160;320
6688;z908;NC;0;NON;0;0;0;0;1;0;0
6689;z0912B;SEI;2600;P_VARIABLE;2;61;800;320;1;160;320
6690;z910;SEI;2000;P_VARIABLE;0;0;800;320;1;160;320
6691;z0912A;SEI;2000;P_VARIABLE;0;0;800;320;1;160;320
6692;z0940B;SEI;2600;P_VARIABLE;0;84;800;320;1;160;320
6693;z0940A;SEI;2000;P_VARIABLE;0;72.5;800;320;1;160;320
6694;z932;SEI;2600;P_VARIABLE;1;53;800;320;1;160;320
6695;z916;SEI;2000;P_VARIABLE;2;86;800;320;1;160;320
6696;z930;SEI;2600;P_VARIABLE;1;51;800;320;1;160;320
6697;z914;SEI;2000;P_VARIABLE;2;93;800;320;1;160;320
6698;z934;SEI;2000;P_VARIABLE;0;0;800;320;1;160;320
6699;z918;NC;0;NON;0;0;0;0;1;0;0
6700;z920;SEI;2600;P_VARIABLE;1;60;800;320;1;160;320
6701;z956;SEI;2600;P_VARIABLE;0;0;800;320;1;160;320
6702;z924;NC;0;NON;0;0;0;0;1;0;0
6703;z949;SEI;2000;P_VARIABLE;0;0;800;320;1;160;320
6704;z921;SEI;2600;P_VARIABLE;1;66;800;320;1;160;320
6705;z577;SEI;2600;P_VARIABLE;6;76.6;800;320;1;160;320
6706;z557;NC;0;NON;0;0;0;0;1;0;0
6707;z555;NC;0;NON;0;0;0;0;1;0;0
6708;z591;NC;0;NON;0;0;0;0;1;0;0
6709;z561;SEI;2000;P_VARIABLE;0;0;800;320;1;160;320
6710;z593;SEI;2600;P_VARIABLE;5;83;800;320;1;160;320
6711;z563;SEI;2000;P_VARIABLE;8;55.86;800;320;1;160;320
6712;z595;SEI;2600;P_VARIABLE;4;87.67;800;320;1;160;320
6713;z565;NC;0;NON;0;0;0;0;1;0;0
6714;z597;NC;0;NON;0;0;0;0;1;0;0
6715;z567;SEI;2600;P_VARIABLE;6;75.6;800;320;1;160;320
6716;z569;NC;0;NON;0;0;0;0;1;0;0
6717;z571;SEI;2600;P_VARIABLE;6;74;800;320;1;160;320
6718;z573;SEI;2600;P_VARIABLE;6;74.2;800;320;1;160;320
6719;z575;NC;0;NON;0;0;0;0;1;0;0
6720;z609;SEI;2000;P_VARIABLE;6;56.2;800;320;1;160;320
6721;z0651D;NC;0;NON;0;0;0;0;1;0;0
6722;z607;NC;0;NON;0;0;0;0;1;0;0
6723;z0651E;NC;0;NON;0;0;0;0;1;0;0
6724;z0651C;NC;0;NON;0;0;0;0;1;0;0
6725;z0651B;SEI;2600;P_VARIABLE;1;51;800;320;1;160;320
6726;z0651A;SEI;2000;P_VARIABLE;0;0;800;320;1;160;320
6727;z605;SEI;2000;P_VARIABLE;6;56.2;800;320;1;160;320
6728;z0647F;SEI;2600;P_VARIABLE;1;53;800;320;1;160;320
6729;z601;SEI;2000;P_VARIABLE;6;56;800;320;1;160;320
6730;z0647G;NC;0;NON;0;0;0;0;1;0;0
6731;z0647D;SEI;2000;P_VARIABLE;0;0;800;320;1;160;320
6732;z603;SEI;2000;P_VARIABLE;6;56;800;320;1;160;320
6733;z0647H;TVM430;2600;P_VARIABLE;2;67;800;320;1;160;320
6734;z599;SEI;2000;P_VARIABLE;6;58;800;320;1;160;320
6735;z0647J;SEI;2600;P_VARIABLE;2;112;800;320;1;160;320
6736;z0647E;SEI;2000;P_VARIABLE;2;49;800;320;1;160;320
6737;z0647C;SEI;2300;P_VARIABLE;0;0;800;320;1;160;320
6738;z0647B;SEI;1700;P_VARIABLE;0;0;800;320;1;160;320
6739;z0647A;SEI;2300;P_VARIABLE;0;0;800;320;1;160;320
6740;z0643D;NC;0;NON;0;0;0;0;1;0;0
6741;z0643E;NC;0;NON;0;0;0;0;1;0;0
6742;z0643C;NC;0;NON;0;0;0;0;1;0;0
6743;z0643G;SEI;2000;P_VARIABLE;0;0;800;320;1;160;320
6744;z0643F;SEI;2600;P_VARIABLE;1;31.5;800;320;1;160;320
6745;z0643J;NC;0;NON;0;0;0;0;1;0;0
6746;z0643H;NC;0;NON;0;0;0;0;1;0;0
6747;z587;NC;0;NON;0;0;0;0;1;0;0
6748;z0643K;NC;0;NON;0;0;0;0;1;0;0
6749;z0643B;SEI;2000;P_VARIABLE;0;0;800;320;1;160;320
6750;z0643A;SEI;2300;P_VARIABLE;2;76;800;320;1;160;320
6751;z665;SEI;1700;P_VARIABLE;0;0;800;320;1;160;320
6752;z0691B;NC;0;NON;0;0;0;0;1;0;0
6753;z0691A;NC;0;NON;0;0;0;0;1;0;0
6754;z0711B;NC;0;NON;0;0;0;0;1;0;0
6755;z0711A;NC;0;NON;0;0;0;0;1;0;0
6756;z316;NC;0;NON;0;0;0;0;1;0;0
6757;z0675C;SEI;1700;P_VARIABLE;0;0;800;320;1;160;320
6758;z0675B;SEI;2300;P_VARIABLE;0;0;800;320;1;160;320
6759;z0675A;SEI;1700;P_VARIABLE;0;0;800;320;1;160;320
6760;z697;SEI;2300;P_VARIABLE;0;0;800;320;1;160;320
6761;z0727B;SEI;1700;P_VARIABLE;0;0;800;320;1;160;320
6762;z0727A;SEI;2300;P_VARIABLE;0;0;800;320;1;160;320
6763;z0753B;SEI;1700;P_VARIABLE;0;0;800;320;1;160;320
6764;z0753A;SEI;2300;P_VARIABLE;0;0;800;320;1;160;320
6765;z781;SEI;1700;P_VARIABLE;0;0;800;320;1;160;320
6766;z0815B;SEI;2300;P_VARIABLE;0;0;800;320;1;160;320
6767;z667;SEI;2600;P_VARIABLE;2;89;800;320;1;160;320
6768;z687;SEI;2000;P_VARIABLE;3;61;800;320;1;160;320
6769;z705;SEI;2600;P_VARIABLE;2;101;800;320;1;160;320
6770;z725;SEI;2000;P_VARIABLE;3;56;800;320;1;160;320
6771;z745;SEI;2600;P_VARIABLE;2;110;800;320;1;160;320
6772;z765;SEI;2000;P_VARIABLE;3;69.5;800;320;1;160;320
6773;z791;SEI;2600;P_VARIABLE;3;68;800;320;1;160;320
6774;z0831B;SEI;2000;P_VARIABLE;4;54.67;800;320;1;160;320
6775;z0831A;SEI;2600;P_VARIABLE;2;56;800;320;1;160;320
6776;z869;SEI;2000;P_VARIABLE;6;63.6;800;320;1;160;320
6777;z0913B;SEI;2600;P_VARIABLE;3;64;800;320;1;160;320
6778;z0913A;SEI;2000;P_VARIABLE;3;65.5;800;320;1;160;320
6779;z953;SEI;2600;P_VARIABLE;5;75.25;800;320;1;160;320
6780;z993;SEI;2000;P_VARIABLE;6;65;800;320;1;160;320
6781;z0815A;SEI;1700;P_VARIABLE;0;0;800;320;1;160;320
6782;z849;SEI;2300;P_VARIABLE;0;0;800;320;1;160;320
6783;z0891C;SEI;1700;P_VARIABLE;0;0;800;320;1;160;320
6784;z0891B;SEI;2300;P_VARIABLE;0;0;800;320;1;160;320
6785;z0891A;SEI;1700;P_VARIABLE;0;0;800;320;1;160;320
6786;z0933C;SEI;2300;P_VARIABLE;0;0;800;320;1;160;320
6787;z0933B;SEI;1700;P_VARIABLE;0;0;800;320;1;160;320
6788;z0933A;SEI;2300;P_VARIABLE;2;75;800;320;1;160;320
6789;z0981B;SEI;1700;P_VARIABLE;2;67;800;320;1;160;320
6790;z0981A;SEI;2300;P_VARIABLE;4;84;800;320;1;160;320
6791;z4763A;SEI;1700;P_VARIABLE;11;58.52;800;320;1;160;320
6792;z4763B;SEI;2300;P_VARIABLE;1;0;800;320;1;160;320
6793;z8303A;SEI;1700;P_VARIABLE;17;58.7625;800;320;1;160;320
6794;z8303B;SEI;2300;P_VARIABLE;4;86.33333;800;320;1;160;320
6795;z8303C;SEI;1700;P_VARIABLE;7;63.33333;800;320;1;160;320
6796;z8313A;SEI;2300;P_VARIABLE;10;78.22222;800;320;1;160;320
6797;z8313B;SEI;1700;P_VARIABLE;18;60.36471;800;320;1;160;320
6798;z8333;SEI;2300;P_VARIABLE;22;80.35238;800;320;1;160;320
6799;z8341;SEI;1700;P_VARIABLE;31;60.01333;800;320;1;160;320
6800;z8345;SEI;2300;P_VARIABLE;21;80.02;800;320;1;160;320
6801;z8349;SEI;1700;P_VARIABLE;28;59.9037;800;320;1;160;320
6802;z8353;SEI;2300;P_VARIABLE;21;80.17;800;320;1;160;320
6803;z8357;SEI;1700;P_VARIABLE;28;60.01481;800;320;1;160;320
6804;z8361;SEI;2300;P_VARIABLE;21;81.67;800;320;1;160;320
6805;z8365;SEI;1700;P_VARIABLE;31;59.91333;800;320;1;160;320
6806;z8369A;SEI;2300;P_VARIABLE;17;82.325;800;320;1;160;320
6807;z8369B;SEI;1700;P_VARIABLE;6;54.2;800;320;1;160;320
6808;z8373;SEI;2300;P_VARIABLE;17;81.7;800;320;1;160;320
6809;z8377;SEI;1700;P_VARIABLE;28;59.42222;800;320;1;160;320
6810;z8603A;SEI;2300;P_VARIABLE;7;81.2;800;320;1;160;320
6811;z8603B;SEI;1700;P_VARIABLE;0;0;800;320;1;160;320
6812;z8603C;SEI;2300;P_VARIABLE;7;80.67;800;320;1;160;320
6813;z8603D;SEI;1700;P_VARIABLE;4;53.06667;800;320;1;160;320
6814;z8603E;SEI;2300;P_VARIABLE;3;82.73333;800;320;1;160;320
6815;z8625A;SEI;1700;P_VARIABLE;0;0;800;320;1;160;320
6816;z8625B;SEI;2300;P_VARIABLE;6;75;800;320;1;160;320
6817;z8625C;SEI;1700;P_VARIABLE;19;59.9;800;320;1;160;320
6818;z8633;SEI;2300;P_VARIABLE;24;78.27826;800;320;1;160;320
6819;z8641;SEI;1700;P_VARIABLE;30;60.53103;800;320;1;160;320
6820;z8645;SEI;2300;P_VARIABLE;23;80.24545;800;320;1;160;320
6821;z8649;SEI;1700;P_VARIABLE;31;59.01333;800;320;1;160;320
6822;z8653;SEI;2300;P_VARIABLE;23;79.56364;800;320;1;160;320
6823;z8657;SEI;1700;P_VARIABLE;31;59.01333;800;320;1;160;320
6824;z8661;SEI;2300;P_VARIABLE;23;79.56364;800;320;1;160;320
6825;z8665;SEI;1700;P_VARIABLE;31;59.01333;800;320;1;160;320
6826;z8669;SEI;2300;P_VARIABLE;21;81.22;800;320;1;160;320
6827;z8673;SEI;1700;P_VARIABLE;27;60.70769;800;320;1;160;320
6828;z8703A;SEI;2300;P_VARIABLE;8;77.74286;800;320;1;160;320
6829;z8703B;SEI;1700;P_VARIABLE;0;0;800;320;1;160;320
6830;z8703C;SEI;2300;P_VARIABLE;7;84.33333;800;320;1;160;320
6831;z8719A;SEI;1700;P_VARIABLE;22;59.57143;800;320;1;160;320
6832;z8719B;SEI;2300;P_VARIABLE;3;87.33333;800;320;1;160;320
6833;z8903A;SEI;1700;P_VARIABLE;11;58.5;800;320;1;160;320
6834;z8903B;SEI;2300;P_VARIABLE;4;73.33333;800;320;1;160;320
6835;z8903C;SEI;1700;P_VARIABLE;0;0;800;320;1;160;320
6836;z8903D;SEI;2300;P_VARIABLE;4;76.33333;800;320;1;160;320
6837;z8903E;SEI;1700;P_VARIABLE;5;63.3;800;320;1;160;320
6838;z8925A;SEI;2300;P_VARIABLE;3;73.4;800;320;1;160;320
6839;z8925B;SEI;1700;P_VARIABLE;5;59.5;800;320;1;160;320
6840;z8925C;SEI;2300;P_VARIABLE;8;75.14286;800;320;1;160;320
6841;z8925D;SEI;1700;P_VARIABLE;10;57.02222;800;320;1;160;320
6842;z8939;SEI;2300;P_VARIABLE;21;80.02;800;320;1;160;320
6843;z8949;SEI;1700;P_VARIABLE;31;60.08;800;320;1;160;320
6844;z8963;SEI;2300;P_VARIABLE;21;79.02;800;320;1;160;320
6845;z8971A;SEI;1700;P_VARIABLE;12;62.2;800;320;1;160;320
6846;z8971B;SEI;2300;P_VARIABLE;9;82.775;800;320;1;160;320
6847;z8975;SEI;1700;P_VARIABLE;25;59.88333;800;320;1;160;320
6848;z9203A;SEI;2300;P_VARIABLE;5;85.5;800;320;1;160;320
6849;z9203B;SEI;1700;P_VARIABLE;10;58.77778;800;320;1;160;320
6850;z9203C;SEI;2300;P_VARIABLE;4;79.33333;800;320;1;160;320
6851;z9203D;SEI;1700;P_VARIABLE;6;56.6;800;320;1;160;320
6852;z9223;SEI;2300;P_VARIABLE;20;78.64211;800;320;1;160;320
6853;z9227A;SEI;1700;P_VARIABLE;14;58.24615;800;320;1;160;320
6854;z9227B;SEI;2300;P_VARIABLE;10;80.91111;800;320;1;160;320
6855;z9231;SEI;1700;P_VARIABLE;27;59.70769;800;320;1;160;320
6856;z9237;SEI;2300;P_VARIABLE;21;81.32;800;320;1;160;320
6857;z9241;SEI;1700;P_VARIABLE;28;60.34815;800;320;1;160;320
6858;z9245;SEI;2300;P_VARIABLE;23;81.06364;800;320;1;160;320
6859;z9249;SEI;1700;P_VARIABLE;32;60.14194;800;320;1;160;320
6860;z9253;SEI;2300;P_VARIABLE;23;79.83636;800;320;1;160;320
6861;z9257;SEI;1700;P_VARIABLE;31;60.81333;800;320;1;160;320
6862;z9261;SEI;2300;P_VARIABLE;22;80.78095;800;320;1;160;320
6863;z9265;SEI;1700;P_VARIABLE;29;59.65714;800;320;1;160;320
6864;z9269;SEI;2300;P_VARIABLE;24;78.27826;800;320;1;160;320
6865;z9273;SEI;1700;P_VARIABLE;27;60.4;800;320;1;160;320
6866;z9277;SEI;2300;P_VARIABLE;22;80.49524;800;320;1;160;320
6867;z9281;SEI;1700;P_VARIABLE;31;60.41333;800;320;1;160;320
6868;z9285;SEI;2300;P_VARIABLE;20;80.75789;800;320;1;160;320
6869;z9289;SEI;1700;P_VARIABLE;26;60.776;800;320;1;160;320
6870;z9293;SEI;2300;P_VARIABLE;23;78.88182;800;320;1;160;320
6871;z9297;SEI;1700;P_VARIABLE;30;60.11724;800;320;1;160;320
6872;z9303A;SEI;2300;P_VARIABLE;7;74.03333;800;320;1;160;320
6873;z9303B;SEI;1700;P_VARIABLE;13;59.66667;800;320;1;160;320
6874;z9303C;SEI;2300;P_VARIABLE;0;0;800;320;1;160;320
6875;z9303D;SEI;1700;P_VARIABLE;6;59.24;800;320;1;160;320
6876;z9323;SEI;2300;P_VARIABLE;24;80.66957;800;320;1;160;320
6877;z9327;SEI;1700;P_VARIABLE;28;60.16296;800;320;1;160;320
6878;z9331;SEI;2300;P_VARIABLE;17;79.7125;800;320;1;160;320
6879;z9335A;SEI;1700;P_VARIABLE;17;58.7;800;320;1;160;320
6880;z9335B;SEI;2300;P_VARIABLE;4;87.66667;800;320;1;160;320
6881;z9339A;SEI;1700;P_VARIABLE;19;61.06667;800;320;1;160;320
6882;z9339B;SEI;2300;P_VARIABLE;16;81.62667;800;320;1;160;320
6883;z9343;SEI;1700;P_VARIABLE;23;61.29091;800;320;1;160;320
6884;z9347A;SEI;2300;P_VARIABLE;10;82.46667;800;320;1;160;320
6885;z9347B;SEI;1700;P_VARIABLE;8;61.57;800;320;1;160;320
6886;z9349;SEI;2300;P_VARIABLE;18;79.94;800;320;1;160;320
6887;z9353;SEI;1700;P_VARIABLE;27;60.24615;800;320;1;160;320
6888;z9357;SEI;2300;P_VARIABLE;18;79.24706;800;320;1;160;320
6889;z9361A;SEI;1700;P_VARIABLE;9;57.525;800;320;1;160;320
6890;z9361B;SEI;2300;P_VARIABLE;18;81.78824;800;320;1;160;320
6891;z9365;SEI;1700;P_VARIABLE;26;60.176;800;320;1;160;320
6892;z9369;SEI;2300;P_VARIABLE;22;79.82857;800;320;1;160;320
6893;z9373A;SEI;1700;P_VARIABLE;26;60.488;800;320;1;160;320
6894;z9373B;SEI;2300;P_VARIABLE;4;92.33333;800;320;1;160;320
6895;z9381;SEI;1700;P_VARIABLE;24;57.87826;800;320;1;160;320
6896;z9385;SEI;2300;P_VARIABLE;21;79.72;800;320;1;160;320
6897;z9389;SEI;1700;P_VARIABLE;29;59.65714;800;320;1;160;320
6898;z9393;SEI;2300;P_VARIABLE;21;79.82;800;320;1;160;320
6899;z9397;SEI;1700;P_VARIABLE;30;60.97931;800;320;1;160;320
6900;z9403A;SEI;2300;P_VARIABLE;8;82.02857;800;320;1;160;320
6901;z9403B;SEI;1700;P_VARIABLE;5;59.5;800;320;1;160;320
6902;z9403C;SEI;2300;P_VARIABLE;7;74.66667;800;320;1;160;320
6903;z9403D;SEI;1700;P_VARIABLE;4;50;800;320;1;160;320
6904;z9417A;SEI;2300;P_VARIABLE;11;77.2;800;320;1;160;320
6905;z9417B;SEI;1700;P_VARIABLE;5;59.25;800;320;1;160;320
6906;z9417C;SEI;2300;P_VARIABLE;8;80.17143;800;320;1;160;320
6907;z9433;SEI;1700;P_VARIABLE;29;59.8;800;320;1;160;320
6908;z9503A;SEI;2300;P_VARIABLE;23;78.74545;800;320;1;160;320
6909;z9503B;SEI;1700;P_VARIABLE;2;52.7;800;320;1;160;320
6910;z9503C;SEI;2300;P_VARIABLE;9;76.775;800;320;1;160;320
6911;z8302C;SEI;2600;P_VARIABLE;7;74.53333;800;320;1;160;320
6912;z8302B;SEI;2000;P_VARIABLE;19;58.52222;800;320;1;160;320
6913;z8302A;SEI;2600;P_VARIABLE;2;79.7;800;320;1;160;320
6914;z8312B;SEI;2000;P_VARIABLE;15;62.07;800;320;1;160;320
6915;z8312A;SEI;2600;P_VARIABLE;12;76.81818;800;320;1;160;320
6916;z8332B;SEI;2000;P_VARIABLE;11;61;800;320;1;160;320
6917;z8332A;SEI;2600;P_VARIABLE;14;80.16923;800;320;1;160;320
6918;z8340;SEI;2000;P_VARIABLE;29;59.69286;800;320;1;160;320
6919;z8344;SEI;2600;P_VARIABLE;23;80.92727;800;320;1;160;320
6920;z8348;SEI;2000;P_VARIABLE;28;60.01481;800;320;1;160;320
6921;z8352;SEI;2600;P_VARIABLE;21;79.87;800;320;1;160;320
6922;z8356;SEI;2000;P_VARIABLE;28;60.12593;800;320;1;160;320
6923;z8360;SEI;2600;P_VARIABLE;21;80.02;800;320;1;160;320
6924;z8364;SEI;2000;P_VARIABLE;29;59.05;800;320;1;160;320
6925;z8368;SEI;2600;P_VARIABLE;20;78.96842;800;320;1;160;320
6926;z8372B;SEI;2000;P_VARIABLE;15;60.58571;800;320;1;160;320
6927;z8372A;SEI;2600;P_VARIABLE;8;80.31429;800;320;1;160;320
6928;z8376;SEI;2000;P_VARIABLE;31;59.31333;800;320;1;160;320
6929;z8602;SEI;2600;P_VARIABLE;21;79.97;800;320;1;160;320
6930;z8614C;SEI;2000;P_VARIABLE;14;58.16923;800;320;1;160;320
6931;z8614B;SEI;2600;P_VARIABLE;4;75.33333;800;320;1;160;320
6932;z8614A;SEI;2000;P_VARIABLE;8;57.85714;800;320;1;160;320
6933;z8632D;SEI;2600;P_VARIABLE;3;81.33333;800;320;1;160;320
6934;z8632C;SEI;2000;P_VARIABLE;8;58.28571;800;320;1;160;320
6935;z8632B;SEI;2600;P_VARIABLE;4;75.33333;800;320;1;160;320
6936;z8632A;SEI;2000;P_VARIABLE;11;60.52;800;320;1;160;320
6937;z8640;SEI;2600;P_VARIABLE;21;80.62;800;320;1;160;320
6938;z8644;SEI;2000;P_VARIABLE;29;59.58571;800;320;1;160;320
6939;z8648B;SEI;2600;P_VARIABLE;8;78.88571;800;320;1;160;320
6940;z8648A;SEI;2000;P_VARIABLE;18;60.83529;800;320;1;160;320
6941;z8652;SEI;2600;P_VARIABLE;22;78.68571;800;320;1;160;320
6942;z8656;SEI;2000;P_VARIABLE;26;58.816;800;320;1;160;320
6943;z8660;SEI;2600;P_VARIABLE;22;78.59048;800;320;1;160;320
6944;z8664;SEI;2000;P_VARIABLE;29;59.65714;800;320;1;160;320
6945;z8668;SEI;2600;P_VARIABLE;21;80.12;800;320;1;160;320
6946;z8672;SEI;2000;P_VARIABLE;28;60.38519;800;320;1;160;320
6947;z8676;SEI;2600;P_VARIABLE;20;77.91579;800;320;1;160;320
6948;z8702B;SEI;2000;P_VARIABLE;27;58.93077;800;320;1;160;320
6949;z8702A;SEI;2600;P_VARIABLE;4;83.66667;800;320;1;160;320
6950;z8732D;SEI;2000;P_VARIABLE;6;55.4;800;320;1;160;320
6951;z8732C;SEI;2600;P_VARIABLE;5;75.75;800;320;1;160;320
6952;z8732B;SEI;2000;P_VARIABLE;6;64.8;800;320;1;160;320
6953;z8732A;SEI;2600;P_VARIABLE;15;80.35714;800;320;1;160;320
6954;z8914D;SEI;2000;P_VARIABLE;7;59.66667;800;320;1;160;320
6955;z8914C;SEI;2600;P_VARIABLE;6;81.8;800;320;1;160;320
6956;z8914B;SEI;2000;P_VARIABLE;5;59.25;800;320;1;160;320
6957;z8914A;SEI;2600;P_VARIABLE;0;0;800;320;1;160;320
6958;z8932E;SEI;2000;P_VARIABLE;5;62.25;800;320;1;160;320
6959;z8932D;SEI;2600;P_VARIABLE;4;77.73333;800;320;1;160;320
6960;z8932C;SEI;2000;P_VARIABLE;4;53.4;800;320;1;160;320
6961;z8932B;SEI;2600;P_VARIABLE;4;72.66667;800;320;1;160;320
6962;z8932A;SEI;2000;P_VARIABLE;10;60.66667;800;320;1;160;320
6963;z8938B;SEI;2600;P_VARIABLE;7;81.16667;800;320;1;160;320
6964;z8938A;SEI;2000;P_VARIABLE;15;60.72857;800;320;1;160;320
6965;z8948B;SEI;2600;P_VARIABLE;14;82.01538;800;320;1;160;320
6966;z8948A;SEI;2000;P_VARIABLE;8;59.42857;800;320;1;160;320
6967;z8962B;SEI;2600;P_VARIABLE;5;84.75;800;320;1;160;320
6968;z8962A;SEI;2000;P_VARIABLE;20;60.8;800;320;1;160;320
6969;z8970;SEI;2600;P_VARIABLE;24;79.58261;800;320;1;160;320
6970;z9202;SEI;2000;P_VARIABLE;33;60.8875;800;320;1;160;320
6971;z9222D;SEI;2600;P_VARIABLE;5;75.05;800;320;1;160;320
6972;z9222C;SEI;2000;P_VARIABLE;6;64.6;800;320;1;160;320
6973;z9222B;SEI;2600;P_VARIABLE;5;75.75;800;320;1;160;320
6974;z9222A;SEI;2000;P_VARIABLE;10;59.57778;800;320;1;160;320
6975;z9226;SEI;2600;P_VARIABLE;21;80.17;800;320;1;160;320
6976;z9230;SEI;2000;P_VARIABLE;24;60.48696;800;320;1;160;320
6977;z9236B;SEI;2600;P_VARIABLE;4;74;800;320;1;160;320
6978;z9236A;SEI;2000;P_VARIABLE;23;59.46364;800;320;1;160;320
6979;z9240;SEI;2600;P_VARIABLE;21;81.32;800;320;1;160;320
6980;z9244;SEI;2000;P_VARIABLE;28;60.34815;800;320;1;160;320
6981;z9248;SEI;2600;P_VARIABLE;23;81.06364;800;320;1;160;320
6982;z9252;SEI;2000;P_VARIABLE;32;60.14194;800;320;1;160;320
6983;z9256;SEI;2600;P_VARIABLE;23;79.83636;800;320;1;160;320
6984;z9260;SEI;2000;P_VARIABLE;31;60.81333;800;320;1;160;320
6985;z9264;SEI;2600;P_VARIABLE;22;80.78095;800;320;1;160;320
6986;z9268;SEI;2000;P_VARIABLE;29;59.65714;800;320;1;160;320
6987;z9272;SEI;2600;P_VARIABLE;24;78.27826;800;320;1;160;320
6988;z9276;SEI;2000;P_VARIABLE;27;60.4;800;320;1;160;320
6989;z9280;SEI;2600;P_VARIABLE;22;80.49524;800;320;1;160;320
6990;z9284;SEI;2000;P_VARIABLE;31;60.41333;800;320;1;160;320
6991;z9288;SEI;2600;P_VARIABLE;20;80.75789;800;320;1;160;320
6992;z9292;SEI;2000;P_VARIABLE;26;60.776;800;320;1;160;320
6993;z9296;SEI;2600;P_VARIABLE;23;78.88182;800;320;1;160;320
6994;z9302;SEI;2000;P_VARIABLE;30;60.11724;800;320;1;160;320
6995;z9322D;SEI;2600;P_VARIABLE;7;74.03333;800;320;1;160;320
6996;z9322C;SEI;2000;P_VARIABLE;8;57.71429;800;320;1;160;320
6997;z9322B;SEI;2600;P_VARIABLE;5;77;800;320;1;160;320
6998;z9322A;SEI;2000;P_VARIABLE;12;59.47273;800;320;1;160;320
6999;z9326;SEI;2600;P_VARIABLE;21;81.67;800;320;1;160;320
7000;z9330;SEI;2000;P_VARIABLE;28;60.16296;800;320;1;160;320
7001;z9334;SEI;2600;P_VARIABLE;30;79.18621;800;320;1;160;320
7002;z9338;SEI;2000;P_VARIABLE;26;59.376;800;320;1;160;320
7003;z9342;SEI;2600;P_VARIABLE;16;81.62667;800;320;1;160;320
7004;z9346;SEI;2000;P_VARIABLE;38;59.36216;800;320;1;160;320
7005;z9352;SEI;2600;P_VARIABLE;24;81.53913;800;320;1;160;320
7006;z9356;SEI;2000;P_VARIABLE;27;60.24615;800;320;1;160;320
7007;z9360B;SEI;2600;P_VARIABLE;18;79.24706;800;320;1;160;320
7008;z9360A;SEI;2000;P_VARIABLE;9;57.525;800;320;1;160;320
7009;z9364;SEI;2600;P_VARIABLE;18;81.78824;800;320;1;160;320
7010;z9368;SEI;2000;P_VARIABLE;26;60.176;800;320;1;160;320
7011;z9372;SEI;2600;P_VARIABLE;22;79.82857;800;320;1;160;320
7012;z9376;SEI;2000;P_VARIABLE;26;60.488;800;320;1;160;320
7013;z9384B;SEI;2600;P_VARIABLE;4;92.33333;800;320;1;160;320
7014;z9384A;SEI;2000;P_VARIABLE;24;57.87826;800;320;1;160;320
7015;z9388;SEI;2600;P_VARIABLE;21;79.72;800;320;1;160;320
7016;z9392;SEI;2000;P_VARIABLE;29;59.65714;800;320;1;160;320
7017;z9396;SEI;2600;P_VARIABLE;21;79.82;800;320;1;160;320
7018;z9402;SEI;2000;P_VARIABLE;30;60.97931;800;320;1;160;320
7019;z9416D;SEI;2600;P_VARIABLE;8;82.02857;800;320;1;160;320
7020;z9416C;SEI;2000;P_VARIABLE;5;59.5;800;320;1;160;320
7021;z9416B;SEI;2600;P_VARIABLE;7;74.66667;800;320;1;160;320
7022;z9416A;SEI;2000;P_VARIABLE;4;50;800;320;1;160;320
7023;z9432C;SEI;2600;P_VARIABLE;11;77.2;800;320;1;160;320
7024;z9432B;SEI;2000;P_VARIABLE;5;58.75;800;320;1;160;320
7025;z9432A;SEI;2600;P_VARIABLE;8;80.17143;800;320;1;160;320
7026;z9502;SEI;2000;P_VARIABLE;29;59.8;800;320;1;160;320
7027;z9532;SEI;2600;P_VARIABLE;23;78.74545;800;320;1;160;320
7028;z9542B;SEI;2000;P_VARIABLE;2;52.7;800;320;1;160;320
7029;z9542A;SEI;2600;P_VARIABLE;9;76.775;800;320;1;160;320
7030;z6022B;TVM430;2600;P_VARIABLE;2;42;800;320;1;160;320
7031;z6022C;TVM430;2000;P_VARIABLE;4;69.66666;800;320;1;160;320
7032;z6092A;SEI;2600;P_VARIABLE;2;92;800;320;1;160;320
7033;z6092B;SEI;2000;P_VARIABLE;4;51.33;800;320;1;160;320
7034;z6134;SEI;2600;P_VARIABLE;5;71;800;320;1;160;320
7035;z6172A;SEI;2000;P_VARIABLE;1;67.5;800;320;1;160;320
7036;z6172B;SEI;2600;P_VARIABLE;3;70;800;320;1;160;320
7037;z6212;SEI;2000;P_VARIABLE;7;56.83;800;320;1;160;320
7038;z6254A;SEI;2600;P_VARIABLE;2;89;800;320;1;160;320
7039;z6254B;SEI;2000;P_VARIABLE;0;0;800;320;1;160;320
7040;z6254C;SEI;2600;P_VARIABLE;1;54.5;800;320;1;160;320
7041;z6298;SEI;2000;P_VARIABLE;7;60;800;320;1;160;320
7042;z6342A;SEI;2600;P_VARIABLE;2;91;800;320;1;160;320
7043;z6342B;SEI;2000;P_VARIABLE;0;0;800;320;1;160;320
7044;z6342C;SEI;2600;P_VARIABLE;2;138;800;320;1;160;320
7045;z6394A;SEI;2000;P_VARIABLE;1;76;800;320;1;160;320
7046;z6394B;SEI;2600;P_VARIABLE;2;68;800;320;1;160;320
7047;z6428A;SEI;2000;P_VARIABLE;3;66;800;320;1;160;320
7048;z6428B;SEI;2600;P_VARIABLE;1;59;800;320;1;160;320
7049;z6464A;SEI;2000;P_VARIABLE;2;112;800;320;1;160;320
7050;z6464B;SEI;2600;P_VARIABLE;2;55;800;320;1;160;320
7051;z6496A;SEI;2000;P_VARIABLE;1;36;800;320;1;160;320
7052;z6496B;SEI;2600;P_VARIABLE;3;71.5;800;320;1;160;320
7053;z6532A;SEI;2000;P_VARIABLE;2;52;800;320;1;160;320
7054;z6532B;SEI;2600;P_VARIABLE;1;54;800;320;1;160;320
7055;z6558;SEI;2000;P_VARIABLE;4;58.33;800;320;1;160;320
7056;z6584;SEI;2600;P_VARIABLE;3;77.5;800;320;1;160;320
7057;z6608A;SEI;2000;P_VARIABLE;2;58;800;320;1;160;320
7058;z6608B;SEI;2600;P_VARIABLE;2;45;800;320;1;160;320
7059;z6638A;SEI;2000;P_VARIABLE;0;65.5;800;320;1;160;320
7060;z6638B;SEI;2600;P_VARIABLE;1;39.5;800;320;1;160;320
7061;z6638C;SEI;2000;P_VARIABLE;0;59.5;800;320;1;160;320
7062;z6022D;TVM430;2600;P_VARIABLE;2;119;800;320;1;160;320
7063;z6098A;TVM430;2000;P_VARIABLE;9;60.125;800;320;1;160;320
7065;z6180A;SEI;1700;P_VARIABLE;4;51;800;320;1;160;320
7066;z6180B;SEI;2300;P_VARIABLE;2;0;800;320;1;160;320
7067;z6220A;SEI;1700;P_VARIABLE;3;60.5;800;320;1;160;320
7068;z6220B;SEI;2300;P_VARIABLE;2;49;800;320;1;160;320
7069;z6256A;SEI;1700;P_VARIABLE;3;44.5;800;320;1;160;320
7070;z6256B;SEI;2300;P_VARIABLE;2;91;800;320;1;160;320
7071;z6292;SEI;1700;P_VARIABLE;6;56;800;320;1;160;320
7072;z6328A;SEI;2300;P_VARIABLE;2;82;800;320;1;160;320
7073;z6328B;SEI;1700;P_VARIABLE;1;67.5;800;320;1;160;320
7074;z6362A;SEI;2300;P_VARIABLE;2;38;800;320;1;160;320
7075;z6362B;SEI;1700;P_VARIABLE;1;112.5;800;320;1;160;320
7076;z6402A;SEI;2300;P_VARIABLE;1;48.5;800;320;1;160;320
7077;z6402B;SEI;1700;P_VARIABLE;0;0;800;320;1;160;320
7078;z6402C;SEI;2300;P_VARIABLE;1;45.5;800;320;1;160;320
7079;z6434A;SEI;1700;P_VARIABLE;1;48.5;800;320;1;160;320
7080;z6434B;SEI;2300;P_VARIABLE;2;113;800;320;1;160;320
7081;z6466;SEI;1700;P_VARIABLE;5;57.25;800;320;1;160;320
7082;z6498A;SEI;2300;P_VARIABLE;1;55;800;320;1;160;320
7083;z6498B;SEI;1700;P_VARIABLE;1;86;800;320;1;160;320
7084;z6534A;SEI;2300;P_VARIABLE;2;77;800;320;1;160;320
7085;z6534B;SEI;1700;P_VARIABLE;1;45;800;320;1;160;320
7086;z6556;SEI;2300;P_VARIABLE;3;71;800;320;1;160;320
7087;z6582;SEI;1700;P_VARIABLE;4;47.33333;800;320;1;160;320
7088;z6606;SEI;2300;P_VARIABLE;3;71;800;320;1;160;320
7089;z6630A;SEI;1700;P_VARIABLE;1;65;800;320;1;160;320
7090;z6630C;SEI;2600;P_VARIABLE;2;48;800;320;1;160;320
7091;z6652;SEI;2000;P_VARIABLE;3;71;800;320;1;160;320
7092;z6688A;SEI;2600;P_VARIABLE;2;53;800;320;1;160;320
7093;z6688B;SEI;2000;P_VARIABLE;1;51.5;800;320;1;160;320
7094;z6682J;NC;0;NON;0;0;0;0;1;0;0
7095;z6630B;SEI;2300;P_VARIABLE;2;38;800;320;1;160;320
7096;z6658A;SEI;1700;P_VARIABLE;0;0;800;320;1;160;320
7097;z6658B;SEI;2300;P_VARIABLE;1;40.5;800;320;1;160;320
7098;z6688C;SEI;2600;P_VARIABLE;3;52;800;320;1;160;320
7099;z6688D;SEI;2000;P_VARIABLE;0;0;800;320;1;160;320
7100;z6734;SEI;2600;P_VARIABLE;5;85;800;320;1;160;320
7101;z6688E;NC;0;NON;0;0;0;0;1;0;0
7102;z6733;NC;0;NON;0;0;0;0;1;0;0
7103;z6682A;SEI;2000;P_VARIABLE;0;0;800;320;1;160;320
7104;z6682E;SEI;2600;P_VARIABLE;0;0;800;320;1;160;320
7105;z6682G;SEI;2000;P_VARIABLE;1;60;800;320;1;160;320
7106;z6682H;SEI;2600;P_VARIABLE;2;72;800;320;1;160;320
7107;z6735;SEI;2000;P_VARIABLE;6;847.4;800;320;1;160;320
7108;z6682F;SEI;2000;P_VARIABLE;5;63.75;800;320;1;160;320
7109;z6736;SEI;2300;P_VARIABLE;4;91.33;800;320;1;160;320
7110;z6682B;SEI;2600;P_VARIABLE;0;0;800;320;1;160;320
7111;z6682D;NC;0;NON;0;0;0;0;1;0;0
7112;z6737;NC;0;NON;0;0;0;0;1;0;0
7113;z6682C;SEI;2000;P_VARIABLE;4;68.33;800;320;1;160;320
7114;z6738;SEI;2600;P_VARIABLE;4;88.67;800;320;1;160;320
7115;z6676A;SEI;2600;P_VARIABLE;2;65;800;320;1;160;320
7116;z6676B;SEI;2000;P_VARIABLE;1;54.5;800;320;1;160;320
7117;z6676F;SEI;2600;P_VARIABLE;3;20.5;800;320;1;160;320
7118;z6676H;SEI;2000;P_VARIABLE;5;59.5;800;320;1;160;320
7119;z6739;SEI;2600;P_VARIABLE;4;91;800;320;1;160;320
7120;z6676G;SEI;2000;P_VARIABLE;5;53;800;320;1;160;320
7121;z6740;SEI;2600;P_VARIABLE;4;92;800;320;1;160;320
7122;z6694B;SEI;1700;P_VARIABLE;0;52.5;800;320;1;160;320
7123;z6694C;SEI;2300;P_VARIABLE;1;50.5;800;320;1;160;320
7124;z6694E;SEI;1700;P_VARIABLE;3;59.5;800;320;1;160;320
7125;z6741;SEI;2300;P_VARIABLE;5;70.5;800;320;1;160;320
7126;z6994D;NC;0;NON;0;0;0;0;1;0;0
7127;z6742;NC;0;NON;0;0;0;0;1;0;0
7128;z980;ITE;3;NON;0;0;0;0;1;0;0
7129;z6590A;SEI;2000;P_VARIABLE;3;129.5;800;320;1;160;320
7130;z6590B;SEI;2300;P_VARIABLE;2;57;800;320;1;160;320
7131;z6640;SEI;1700;P_VARIABLE;7;66.83334;800;320;1;160;320
7132;z6694A;SEI;2300;P_VARIABLE;0;0;800;320;1;160;320
7133;z6103C;TVM430;1700;P_VARIABLE;0;0;800;320;1;160;320
7134;z6103B;TVM430;2300;P_VARIABLE;0;0;800;320;1;160;320
7135;z6103A;TVM430;1700;P_VARIABLE;0;0;800;320;1;160;320
7136;z6167C;TVM430;2300;P_VARIABLE;0;0;800;320;1;160;320
7137;z6143;SEI;1700;P_VARIABLE;0;0;800;320;1;160;320
7138;z6183B;SEI;2300;P_VARIABLE;4;51.33;800;320;1;160;320
7139;z6183A;SEI;1700;P_VARIABLE;0;0;800;320;1;160;320
7140;z6205B;SEI;2300;P_VARIABLE;1;29;800;320;1;160;320
7141;z6205A;SEI;1700;P_VARIABLE;2;58;800;320;1;160;320
7142;z6235B;SEI;2300;P_VARIABLE;2;83;800;320;1;160;320
7143;z6235A;SEI;1700;P_VARIABLE;1;54;800;320;1;160;320
7144;z6251;SEI;2300;P_VARIABLE;2;87;800;320;1;160;320
7145;z6115;SEI;2600;P_VARIABLE;2;50;800;320;1;160;320
7146;z6165C;SEI;2000;P_VARIABLE;2;81;800;320;1;160;320
7147;z6165B;SEI;2600;P_VARIABLE;2;92;800;320;1;160;320
7148;z6165A;SEI;2000;P_VARIABLE;1;58.5;800;320;1;160;320
7149;z6187;SEI;2600;P_VARIABLE;3;68;800;320;1;160;320
7150;z6211B;SEI;2000;P_VARIABLE;1;26;800;320;1;160;320
7151;z6211A;SEI;2600;P_VARIABLE;2;68;800;320;1;160;320
7152;z6249C;SEI;2000;P_VARIABLE;1;76;800;320;1;160;320
7153;z6249B;SEI;2600;P_VARIABLE;1;50;800;320;1;160;320
7154;z6249A;SEI;2000;P_VARIABLE;1;56;800;320;1;160;320
7155;z6255;SEI;2300;P_VARIABLE;2;55;800;320;1;160;320
7156;z6271;SEI;2000;P_VARIABLE;3;62.5;800;320;1;160;320
7157;z6289B;SEI;2600;P_VARIABLE;3;27.5;800;320;1;160;320
7158;z6289A;NC;0;NON;0;0;0;0;1;0;0
7159;z6318;NC;0;NON;0;0;0;0;1;0;0
7160;z6291;SEI;2000;P_VARIABLE;0;0;800;320;1;160;320
7161;z6317;SEI;2600;P_VARIABLE;2;69;800;320;1;160;320
7162;z6269;SEI;2000;P_VARIABLE;0;0;800;320;1;160;320
7163;z6293;SEI;2600;P_VARIABLE;0;0;800;320;1;160;320
7164;z6306;SEI;2000;P_VARIABLE;3;52.5;800;320;1;160;320
7165;z6295;SEI;2000;P_VARIABLE;1;38;800;320;1;160;320
7166;z6307;SEI;2600;P_VARIABLE;2;93;800;320;1;160;320
7167;z6279;NC;0;NON;0;0;0;0;1;0;0
7168;z6297;NC;0;NON;0;0;0;0;1;0;0
7169;z6308;NC;0;NON;0;0;0;0;1;0;0
7170;z6299;NC;0;NON;0;0;0;0;1;0;0
7171;z6309;NC;0;NON;0;0;0;0;1;0;0
7172;z6275B;SEI;2600;P_VARIABLE;1;53.5;800;320;1;160;320
7173;z6275A;SEI;2000;P_VARIABLE;1;61.5;800;320;1;160;320
7174;z6301B;SEI;2600;P_VARIABLE;0;0;800;320;1;160;320
7175;z6300;NC;0;NON;0;0;0;0;1;0;0
7176;z6313;NC;0;NON;0;0;0;0;1;0;0
7177;z6301A;SEI;2000;P_VARIABLE;1;30.5;800;320;1;160;320
7178;z6314;SEI;2600;P_VARIABLE;2;69;800;320;1;160;320
7179;z6305B;SEI;2600;P_VARIABLE;1;38.5;800;320;1;160;320
7180;z6305A;SEI;2000;P_VARIABLE;3;54;800;320;1;160;320
7181;z6315;SEI;2600;P_VARIABLE;3;38.5;800;320;1;160;320
7182;z6316;NC;0;NON;0;0;0;0;1;0;0
7183;z6022E;SEI;2600;P_VARIABLE;0;0;800;320;1;160;320
7184;z6022F;SEI;2000;P_VARIABLE;0;0;800;320;1;160;320
7185;z6343;NC;0;NON;0;0;0;0;1;0;0
7186;z6344;SEI;2000;P_VARIABLE;6;89.6;800;320;1;160;320
7187;z6345;NC;0;NON;0;0;0;0;1;0;0
7188;z6346;SEI;2000;P_VARIABLE;7;61.83;800;320;1;160;320
7189;z6347;NC;0;NON;0;0;0;0;1;0;0
7190;z6348;NC;0;NON;0;0;0;0;1;0;0
7191;z6349;NC;0;NON;0;0;0;0;1;0;0
7192;z6350;SEI;2000;P_VARIABLE;7;70.33334;800;320;1;160;320
7193;z6351;SEI;2000;P_VARIABLE;7;71.83334;800;320;1;160;320
7194;z6352;NC;0;NON;0;0;0;0;1;0;0
7195;z6259B;SEI;2000;P_VARIABLE;0;0;800;320;1;160;320
7196;z6180C;SEI;1700;P_VARIABLE;3;58;800;320;1;160;320
7197;z6180D;SEI;2300;P_VARIABLE;4;81.33334;800;320;1;160;320
7198;z6266;SEI;1700;P_VARIABLE;9;66.88;800;320;1;160;320
7199;z6322;SEI;2300;P_VARIABLE;2;122;800;320;1;160;320
7200;z8913A;SEI;1700;P_VARIABLE;3;69;800;320;1;160;320
7201;z8913B;SEI;2300;P_VARIABLE;4;67.33;800;320;1;160;320
7202;z8913C;SEI;1700;P_VARIABLE;4;66.67;800;320;1;160;320
7203;z8927;SEI;2300;P_VARIABLE;5;84.25;800;320;1;160;320
7204;z8912;SEI;2600;NON;3;70;800;320;1;160;320
7205;z8924C;SEI;2000;P_VARIABLE;5;55.5;800;320;1;160;320
7206;z8924B;SEI;2600;NON;3;86;800;320;1;160;320
7207;z8924A;SEI;2000;P_VARIABLE;7;59.5;800;320;1;160;320
7208;z8930B;SEI;2600;P_VARIABLE;4;93;800;320;1;160;320
7209;z8930A;ITE;3;NON;0;0;0;0;1;0;0
7210;z8936C;SEI;2000;NON;2;54;800;320;1;160;320
7211;z8936B;SEI;2600;P_VARIABLE;15;78.42857;800;320;1;160;320
7212;z8936A;SEI;2000;P_VARIABLE;9;63;800;320;1;160;320
7213;z9403E;SEI;2300;P_VARIABLE;4;73;800;320;1;160;320
7214;z9403F;SEI;1700;P_VARIABLE;6;54;800;320;1;160;320
7215;z9413A;SEI;2300;P_VARIABLE;3;93;800;320;1;160;320
7216;z9413B;SEI;1700;P_VARIABLE;4;53.67;800;320;1;160;320
7217;z9423A;SEI;2300;P_VARIABLE;3;80;800;320;1;160;320
7218;z9423B;SEI;1700;P_VARIABLE;1;0;800;320;1;160;320
7219;z9423C;SEI;2300;P_VARIABLE;3;87;800;320;1;160;320
7220;z9412C;SEI;2600;P_VARIABLE;3;90;800;320;1;160;320
7221;z9412D;TVM430;2000;P_VARIABLE;1;78.5;800;320;1;160;320
7222;z9412B;SEI;2000;P_VARIABLE;1;77.5;800;320;1;160;320
7223;z9412A;SEI;2600;P_VARIABLE;3;77;800;320;1;160;320
7225;z9422B;SEI;2000;P_VARIABLE;5;54.5;800;320;1;160;320
7226;z9422A;SEI;2600;P_VARIABLE;3;75.5;800;320;1;160;320
7227;z9432E;SEI;2000;P_VARIABLE;6;55.4;800;320;1;160;320
7228;z9423D;SEI;1700;P_VARIABLE;1;78.5;800;320;1;160;320
7229;z9432D;SEI;2600;P_VARIABLE;4;73;800;320;1;160;320
7231;z6472;NC;0;NON;0;0;0;0;1;0;0
7232;z2762B;SEI;2000;P_VARIABLE;5;63.5;800;320;1;160;320
7234;z8962C;SEI;2000;P_VARIABLE;3;52.7333;800;320;1;160;320
7235;z8962D;SEI;2600;P_VARIABLE;1;1;800;320;1;160;320
7236;z8962E;SEI;2000;P_VARIABLE;4;61.466;800;320;1;160;320
7237;z8962F;SEI;2600;P_VARIABLE;1;0;800;320;1;160;320
7238;z8603F;UM71;1700;NON;0;0;0;0;1;0;0
7239;z9303E;UM71;2300;NON;0;0;0;0;1;0;0
7240;z2673A;SEI;1700;P_VARIABLE;7;56.7;800;320;1;160;320
7241;z2673B;SEI;2300;P_VARIABLE;5;78.75;800;320;1;160;320
7242;z2673C;SEI;1700;P_VARIABLE;14;60.15384;800;320;1;160;320
7243;z2703A;SEI;2300;P_VARIABLE;7;84.83333;800;320;1;160;320
7244;z2703B;SEI;1700;P_VARIABLE;5;64;800;320;1;160;320
7245;z2703D;SEI;2300;P_VARIABLE;6;72;800;320;1;160;320
7246;z2703E;SEI;1700;P_VARIABLE;1;0;800;320;1;160;320
7247;z2703F;SEI;2300;P_VARIABLE;4;67.33;800;320;1;160;320
7248;z2713A;SEI;1700;P_VARIABLE;6;58;800;320;1;160;320
7249;z2713B;SEI;2300;P_VARIABLE;4;63.67;800;320;1;160;320
7250;z2713C;SEI;1700;P_VARIABLE;5;53.5;800;320;1;160;320
7251;z2713D;SEI;2300;P_VARIABLE;3;73.5;800;320;1;160;320
7252;z2713E;SEI;1700;P_VARIABLE;2;75;800;320;1;160;320
7253;z2713F;SEI;2300;P_VARIABLE;6;86;800;320;1;160;320
7254;z2712;TVM430;2600;P_VARIABLE;6;83.4;800;320;1;160;320
7255;z2732E;TVM430;2000;P_VARIABLE;1;0;800;320;1;160;320
7256;z2732D;TVM430;2600;P_VARIABLE;11;78.6;800;320;1;160;320
7257;z2732C;TVM430;2000;P_VARIABLE;4;52.67;800;320;1;160;320
7258;z2732B;TVM430;2600;P_VARIABLE;7;76.17;800;320;1;160;320
7259;z2732A;TVM430;2000;P_VARIABLE;3;0;800;320;1;160;320
7260;z2705B;TVM430;2600;P_VARIABLE;9;82.25;800;320;1;160;320
7261;z2705A;TVM430;2000;P_VARIABLE;13;62;800;320;1;160;320
7262;z2676B;SEI;2000;P_VARIABLE;12;60.38;800;320;1;160;320
7263;z2676A;SEI;2600;P_VARIABLE;9;79.62;800;320;1;160;320
7264;z2762D;SEI;2000;P_VARIABLE;6;63.04;800;320;1;160;320
7265;z508;ITE;3;NON;0;0;0;0;1;0;0
7266;z501;ITE;3;NON;0;0;0;0;1;0;0
7267;z4605;TVM300;1700;P_CONSTANT;7;100;500;200;1;100;200
7268;z139;TVM300;2300;P_CONSTANT;7;100;500;200;1;100;200
7269;z2775A;SEI;1700;P_VARIABLE;14;59.92;800;320;1;160;320
7270;z2771;SEI;2300;P_VARIABLE;19;79.94;800;320;1;160;320
7271;z2775B;SEI;2300;P_VARIABLE;7;79.83;800;320;1;160;320
7272;z2903A;SEI;1700;P_VARIABLE;11;58.3;800;320;1;160;320
7273;z2903B;SEI;2300;P_VARIABLE;4;74.67;800;320;1;160;320
7274;z2903C;SEI;1700;P_VARIABLE;10;58;800;320;1;160;320
7275;z2903D;SEI;2300;P_VARIABLE;3;64.5;800;320;1;160;320
7276;z2925A;SEI;1700;P_VARIABLE;5;53.25;800;320;1;160;320
7277;z2925B;SEI;2300;P_VARIABLE;7;84.33333;800;320;1;160;320
7278;z2925C;SEI;1700;P_VARIABLE;0;0;800;320;1;160;320
7279;z2925D;SEI;2300;P_VARIABLE;5;85;800;320;1;160;320
7280;z2933A;SEI;1700;P_VARIABLE;8;58.14;800;320;1;160;320
7281;z2933B;SEI;2300;P_VARIABLE;13;81;800;320;1;160;320
7282;z2941;SEI;1700;P_VARIABLE;29;59.93;800;320;1;160;320
7283;z2945;SEI;2300;P_VARIABLE;18;78.35;800;320;1;160;320
7284;z2949A;SEI;1700;P_VARIABLE;18;61.47058;800;320;1;160;320
7285;z2949B;SEI;2300;P_VARIABLE;14;78.85;800;320;1;160;320
7286;z2957;SEI;1700;P_VARIABLE;24;58.78;800;320;1;160;320
7287;z2961;SEI;2300;P_VARIABLE;22;81.85714;800;320;1;160;320
7288;z2965;SEI;1700;P_VARIABLE;23;59.41;800;320;1;160;320
7289;z2969;SEI;2300;P_VARIABLE;18;81.52941;800;320;1;160;320
7290;z2973;SEI;1700;P_VARIABLE;23;60.5;800;320;1;160;320
7291;z2977;SEI;2300;P_VARIABLE;19;79.44;800;320;1;160;320
7292;z2981;SEI;1700;P_VARIABLE;26;58;800;320;1;160;320
7293;z2985;SEI;2300;P_VARIABLE;23;78.36;800;320;1;160;320
7294;z2993;SEI;1700;P_VARIABLE;29;60.85714;800;320;1;160;320
7295;z3003A;SEI;2300;P_VARIABLE;9;82.125;800;320;1;160;320
7297;z3003C;SEI;2300;P_VARIABLE;5;76.75;800;320;1;160;320
7298;z3003D;SEI;1700;P_VARIABLE;10;58.33;800;320;1;160;320
7299;z3033;SEI;2300;P_VARIABLE;18;81;800;320;1;160;320
7300;z3041;SEI;1700;P_VARIABLE;24;59.04;800;320;1;160;320
7301;z3045;SEI;2300;P_VARIABLE;19;79.72;800;320;1;160;320
7302;z3049;SEI;1700;P_VARIABLE;25;60.625;800;320;1;160;320
7303;z3053;SEI;2300;P_VARIABLE;19;80.5;800;320;1;160;320
7304;z2932E;SEI;2000;P_VARIABLE;9;60.25;800;320;1;160;320
7305;z2932D;SEI;2600;P_VARIABLE;5;76.5;800;320;1;160;320
7306;z2932C;SEI;2000;P_VARIABLE;6;65.2;800;320;1;160;320
7307;z2932B;SEI;2600;P_VARIABLE;4;80;800;320;1;160;320
7308;z2932A;SEI;2000;P_VARIABLE;9;58.5;800;320;1;160;320
7309;z2940;SEI;2600;P_VARIABLE;19;81.61111;800;320;1;160;320
7310;z2944;SEI;2000;P_VARIABLE;23;58.82;800;320;1;160;320
7311;z2948;SEI;2600;P_VARIABLE;21;79.75;800;320;1;160;320
7312;z2952;SEI;2000;P_VARIABLE;20;61.36842;800;320;1;160;320
7313;z2960;SEI;2600;P_VARIABLE;19;81.83333;800;320;1;160;320
7314;z2964;SEI;2000;P_VARIABLE;23;59.45;800;320;1;160;320
7315;z2968;SEI;2600;P_VARIABLE;21;78.45;800;320;1;160;320
7316;z2972;SEI;2000;P_VARIABLE;29;60.35714;800;320;1;160;320
7317;z2976;SEI;2600;P_VARIABLE;20;81.42105;800;320;1;160;320
7318;z2980;SEI;2000;P_VARIABLE;27;59.81;800;320;1;160;320
7319;z2984;SEI;2600;P_VARIABLE;19;80.83333;800;320;1;160;320
7320;z2988;SEI;2000;P_VARIABLE;22;61.04761;800;320;1;160;320
7321;z2992B;SEI;2600;P_VARIABLE;8;77.14;800;320;1;160;320
7322;z2992A;SEI;2000;P_VARIABLE;12;61.54545;800;320;1;160;320
7323;z3002;SEI;2600;P_VARIABLE;18;77.94;800;320;1;160;320
7324;z3032D;SEI;2000;P_VARIABLE;10;57.22;800;320;1;160;320
7326;z3032B;SEI;2000;P_VARIABLE;0;0;800;320;1;160;320
7327;z3032A;SEI;2600;P_VARIABLE;4;74;800;320;1;160;320
7328;z3040;SEI;2000;P_VARIABLE;26;60;800;320;1;160;320
7329;z3048;SEI;2600;P_VARIABLE;21;80.25;800;320;1;160;320
7330;z3052;SEI;2000;P_VARIABLE;27;60.42307;800;320;1;160;320
7331;z3056;SEI;2600;P_VARIABLE;20;79.84;800;320;1;160;320
7332;z3057;SEI;1700;P_VARIABLE;27;58.85;800;320;1;160;320
7333;z3060;SEI;2000;P_VARIABLE;26;60.64;800;320;1;160;320
7334;z3064;SEI;2600;P_VARIABLE;20;81.73684;800;320;1;160;320
7335;z3061;SEI;2300;P_VARIABLE;19;80.16666;800;320;1;160;320
7336;z3065A;SEI;1700;P_VARIABLE;7;62.33333;800;320;1;160;320
7337;z3068;SEI;2000;P_VARIABLE;27;58.92;800;320;1;160;320
7338;z3065B;SEI;2300;P_VARIABLE;13;80.08333;800;320;1;160;320
7339;z3072;SEI;2600;P_VARIABLE;19;81.66666;800;320;1;160;320
7340;z3069A;SEI;1700;P_VARIABLE;15;61.14285;800;320;1;160;320
7341;z3069B;SEI;2300;P_VARIABLE;7;85.33333;800;320;1;160;320
7342;z3076;SEI;2000;P_VARIABLE;28;60;800;320;1;160;320
7343;z3073;SEI;1700;P_VARIABLE;25;59.88;800;320;1;160;320
7344;z3080;SEI;2600;P_VARIABLE;21;80;800;320;1;160;320
7345;z3077;SEI;2300;P_VARIABLE;20;79.74;800;320;1;160;320
7346;z3084;SEI;2000;P_VARIABLE;26;59;800;320;1;160;320
7347;z3081;SEI;1700;P_VARIABLE;28;59.07407;800;320;1;160;320
7348;z3085;SEI;2300;P_VARIABLE;19;80.55555;800;320;1;160;320
7349;z3088B;SEI;2600;P_VARIABLE;12;81.27272;800;320;1;160;320
7350;z3088A;SEI;2000;P_VARIABLE;14;61.92307;800;320;1;160;320
7351;z3089A;SEI;1700;P_VARIABLE;11;63.1;800;320;1;160;320
7352;z3092;SEI;2600;P_VARIABLE;19;77.89;800;320;1;160;320
7353;z3102B;SEI;2000;P_VARIABLE;8;62.85714;800;320;1;160;320
7354;z3089B;SEI;2300;P_VARIABLE;15;82.42857;800;320;1;160;320
7355;z3102A;SEI;2600;P_VARIABLE;19;78.94444;800;320;1;160;320
7356;z3097;SEI;1700;P_VARIABLE;24;59.7;800;320;1;160;320
7357;z3114C;SEI;2000;P_VARIABLE;22;59;800;320;1;160;320
7358;z3103A;SEI;2300;P_VARIABLE;16;79;800;320;1;160;320
7359;z3114B;SEI;2600;P_VARIABLE;4;75.33;800;320;1;160;320
7360;z3103B;SEI;1700;P_VARIABLE;8;59.86;800;320;1;160;320
7361;z3103C;SEI;2300;P_VARIABLE;0;0;800;320;1;160;320
7362;z3114A;SEI;2000;P_VARIABLE;8;62.71428;800;320;1;160;320
7363;z3103D;SEI;1700;P_VARIABLE;4;58;800;320;1;160;320
7364;z3132D;SEI;2600;P_VARIABLE;3;77;800;320;1;160;320
7365;z3125A;SEI;2300;P_VARIABLE;0;0;800;320;1;160;320
7366;z3132C;SEI;2000;P_VARIABLE;8;62.71428;800;320;1;160;320
7367;z3125B;SEI;1700;P_VARIABLE;10;60.88888;800;320;1;160;320
7368;z3132B;SEI;2600;P_VARIABLE;4;83;800;320;1;160;320
7369;z3132A;SEI;2000;P_VARIABLE;5;57.25;800;320;1;160;320
7370;z3125C;SEI;2300;P_VARIABLE;10;82.33333;800;320;1;160;320
7371;z3136;SEI;2600;P_VARIABLE;19;80.77777;800;320;1;160;320
7372;z3152C;SEI;2000;P_VARIABLE;0;0;800;320;1;160;320
7373;z3133;SEI;1700;P_VARIABLE;24;60.13043;800;320;1;160;320
7374;z3137A;SEI;2300;P_VARIABLE;0;0;800;320;1;160;320
7375;z3152B;SEI;2600;P_VARIABLE;4;74.33;800;320;1;160;320
7376;z3137B;SEI;1700;P_VARIABLE;5;60.5;800;320;1;160;320
7377;z3152A;SEI;2000;P_VARIABLE;16;61.93333;800;320;1;160;320
7378;z3137C;SEI;2300;P_VARIABLE;12;81.54545;800;320;1;160;320
7379;z3160;SEI;2600;P_VARIABLE;19;81.66666;800;320;1;160;320
7380;z3153;SEI;1700;P_VARIABLE;25;59.96;800;320;1;160;320
7381;z3161;SEI;2300;P_VARIABLE;20;81.42105;800;320;1;160;320
7382;z3164;SEI;2000;P_VARIABLE;23;61.04545;800;320;1;160;320
7383;z3172B;SEI;2600;P_VARIABLE;0;0;800;320;1;160;320
7384;z3169;SEI;1700;P_VARIABLE;23;59.95;800;320;1;160;320
7385;z3172A;SEI;2000;P_VARIABLE;24;59.17;800;320;1;160;320
7386;z3173A;TVM430;2300;P_VARIABLE;10;83.11111;800;320;1;160;320
7387;z3173B;SEI;1700;P_VARIABLE;11;57.9;800;320;1;160;320
7388;z3176;SEI;2600;P_VARIABLE;20;78.95;800;320;1;160;320
7389;z3177;SEI;2300;P_VARIABLE;19;78.5;800;320;1;160;320
7390;z3180B;SEI;2000;P_VARIABLE;28;60.62962;800;320;1;160;320
7391;z3180A;SEI;2600;P_VARIABLE;5;74.75;800;320;1;160;320
7392;z3181;SEI;1700;P_VARIABLE;25;60;800;320;1;160;320
7393;z3184;SEI;2000;P_VARIABLE;25;59.58;800;320;1;160;320
7394;z3185A;SEI;2300;P_VARIABLE;5;71.5;800;320;1;160;320
7395;z3188;SEI;2600;P_VARIABLE;19;78.61;800;320;1;160;320
7396;z3185B;SEI;1700;P_VARIABLE;26;60.36;800;320;1;160;320
7397;z3189A;SEI;2300;P_VARIABLE;10;78.11;800;320;1;160;320
7398;z3189B;SEI;1700;P_VARIABLE;22;60.09523;800;320;1;160;320
7399;z3192B;SEI;2000;P_VARIABLE;13;60.91666;800;320;1;160;320
7400;z3192A;SEI;2600;P_VARIABLE;9;76.12;800;320;1;160;320
7401;z3196;SEI;2000;P_VARIABLE;25;60.66666;800;320;1;160;320
7402;z3193A;SEI;2300;P_VARIABLE;9;78.5;800;320;1;160;320
7403;z3202B;SEI;2600;P_VARIABLE;9;83.125;800;320;1;160;320
7404;z3193B;SEI;1700;P_VARIABLE;26;60.2;800;320;1;160;320
7405;z3202A;SEI;2000;P_VARIABLE;12;60.36363;800;320;1;160;320
7406;z3222D;SEI;2600;P_VARIABLE;6;78.6;800;320;1;160;320
7407;z3203A;SEI;2300;P_VARIABLE;9;82.375;800;320;1;160;320
7408;z3222C;SEI;2000;P_VARIABLE;0;0;800;320;1;160;320
7409;z3203B;SEI;1700;P_VARIABLE;6;65.8;800;320;1;160;320
7410;z3222B;SEI;2600;P_VARIABLE;8;78.29;800;320;1;160;320
7411;z3203C;SEI;2300;P_VARIABLE;5;77;800;320;1;160;320
7412;z3203D;SEI;1700;P_VARIABLE;0;0;800;320;1;160;320
7413;z3222A;SEI;2000;P_VARIABLE;6;57;800;320;1;160;320
7414;z3223;SEI;2300;P_VARIABLE;20;78.53;800;320;1;160;320
7415;z3226;SEI;2600;P_VARIABLE;21;81.55;800;320;1;160;320
7416;z3227A;SEI;1700;P_VARIABLE;7;56.33;800;320;1;160;320
7417;z3227B;SEI;2300;P_VARIABLE;13;80.75;800;320;1;160;320
7418;z3231A;SEI;1700;P_VARIABLE;8;61.57142;800;320;1;160;320
7419;z3230;SEI;2000;P_VARIABLE;26;59.6;800;320;1;160;320
7420;z3234;SEI;2600;P_VARIABLE;20;81.31578947;800;320;1;160;320
7421;z3231B;SEI;2300;P_VARIABLE;12;79.18;800;320;1;160;320
7422;z3235A;SEI;1700;P_VARIABLE;10;61.55555;800;320;1;160;320
7423;z3235B;SEI;2300;P_VARIABLE;17;79.88;800;320;1;160;320
7424;z3238;SEI;2000;P_VARIABLE;24;63.91304348;800;320;1;160;320
7425;z3246B;SEI;2600;P_VARIABLE;7;79.83333333;800;320;1;160;320
7426;z3239A;SEI;1700;P_VARIABLE;5;64.25;800;320;1;160;320
7427;z3239B;SEI;2300;P_VARIABLE;14;80.6923;800;320;1;160;320
7428;z3246A;SEI;2000;P_VARIABLE;16;62.4;800;320;1;160;320
7429;z3247A;SEI;1700;P_VARIABLE;8;62.28571;800;320;1;160;320
7430;z3250B;SEI;2600;P_VARIABLE;6;72.8;800;320;1;160;320
7431;z3247B;SEI;2300;P_VARIABLE;12;79.82;800;320;1;160;320
7432;z3250A;SEI;2000;P_VARIABLE;22;60;800;320;1;160;320
7433;z3251A;SEI;1700;P_VARIABLE;18;61.52941;800;320;1;160;320
7434;z3254B;SEI;2600;P_VARIABLE;8;84.85714286;800;320;1;160;320
7435;z3251B;SEI;2300;P_VARIABLE;5;81.25;800;320;1;160;320
7436;z3255A;SEI;1700;P_VARIABLE;22;58.62;800;320;1;160;320
7437;z3254A;SEI;2000;P_VARIABLE;15;60.78571429;800;320;1;160;320
7438;z3258B;SEI;2600;P_VARIABLE;9;75.5;800;320;1;160;320
7439;z3255B;SEI;2300;P_VARIABLE;12;76.73;800;320;1;160;320
7440;z3258A;SEI;2000;P_VARIABLE;13;62.16666667;800;320;1;160;320
7441;z3259;SEI;1700;P_VARIABLE;25;58.75;800;320;1;160;320
7442;z3266B;SEI;2600;P_VARIABLE;8;84.14285714;800;320;1;160;320
7443;z3266A;SEI;2000;P_VARIABLE;23;58.91;800;320;1;160;320
7444;z3267;SEI;2300;P_VARIABLE;24;78.26;800;320;1;160;320
7445;z3270;SEI;2600;P_VARIABLE;19;78.89;800;320;1;160;320
7446;z3271;SEI;1700;P_VARIABLE;31;59;800;320;1;160;320
7447;z3274B;SEI;2000;P_VARIABLE;8;58.86;800;320;1;160;320
7448;z3274A;SEI;2600;P_VARIABLE;12;83;800;320;1;160;320
7449;z3278B;SEI;2000;P_VARIABLE;12;57.64;800;320;1;160;320
7450;z3275;SEI;2300;P_VARIABLE;24;78.26;800;320;1;160;320
7451;z3278A;SEI;2600;P_VARIABLE;10;76.56;800;320;1;160;320
7452;z3283;SEI;1700;P_VARIABLE;37;59.81;800;320;1;160;320
7453;z3282B;SEI;2000;P_VARIABLE;13;62.58333333;800;320;1;160;320
7454;z3282A;SEI;2600;P_VARIABLE;8;84.42857143;800;320;1;160;320
7455;z3286;SEI;2000;P_VARIABLE;23;60;800;320;1;160;320
7456;z3287A;SEI;2300;P_VARIABLE;9;76.88;800;320;1;160;320
7457;z3292B;SEI;2600;P_VARIABLE;7;82;800;320;1;160;320
7458;z3287B;SEI;1700;P_VARIABLE;14;60.53846;800;320;1;160;320
7459;z3292A;SEI;2000;P_VARIABLE;14;60;800;320;1;160;320
7460;z703;ITE;3;NON;0;0;0;0;1;0;0
7461;z704;ITE;3;NON;0;0;0;0;1;0;0
7462;z2914A;SEI;2000;P_VARIABLE;15;59.28571;800;320;1;160;320
7463;z2914B;SEI;2600;P_VARIABLE;8;85.14285;800;320;1;160;320
7464;z2778A;SEI;2000;P_VARIABLE;15;59.07;800;320;1;160;320
7465;z2778B;SEI;2600;P_VARIABLE;12;83.27272;800;320;1;160;320
7466;z2932F;SEI;2600;P_VARIABLE;4;92.33333;800;320;1;160;320
7470;z2762A;SEI;2600;P_VARIABLE;6;73.4;800;320;1;160;320
7471;z2909;TVM430;1700;P_VARIABLE;8;57.14;800;320;1;160;320
7472;z2905F;SEI;2300;P_VARIABLE;1;54;800;320;1;160;320
7473;z2905E;SEI;1700;P_VARIABLE;16;61.2;800;320;1;160;320
7474;z2905D;SEI;2300;P_VARIABLE;1;0;800;320;1;160;320
7475;z2905C;ITE;3;NON;0;0;0;0;1;0;0
7476;z2905B;ITE;3;NON;0;0;0;0;1;0;0
7477;z2912A;SEI;2000;P_VARIABLE;4;69;800;320;1;160;320
7478;z2912B;SEI;2600;P_VARIABLE;1;100;800;320;1;160;320
7479;z2912C;SEI;2000;P_VARIABLE;29;59.65;800;320;1;160;320
7480;z2912D;SEI;2600;P_CONSTANT;1;0;800;320;1;160;320
7481;z3139;SEI;2300;P_VARIABLE;5;77;800;320;1;160;320
7482;z3129C;SEI;1700;P_VARIABLE;2;36.66666667;800;320;1;160;320
7483;z3129B;SEI;2300;P_VARIABLE;5;81.5;800;320;0;160;320
7484;z3129A;ITE;3;NON;0;0;0;5000;1;0;0
7485;z3152D;SEI;2000;P_VARIABLE;4;67;800;320;1;160;320
7486;z3152E;SEI;2600;P_VARIABLE;2;36;800;320;1;160;320
7487;z2763;SEI;1700;P_VARIABLE;28;60.62962;800;320;1;160;320
7488;z2703C;SEI;2300;P_VARIABLE;10;79.11;800;320;1;160;320
7489;z2770B;SEI;2000;P_VARIABLE;12;59.09;800;320;1;160;320
7490;z2770A;SEI;2600;P_VARIABLE;10;76.33;800;320;1;160;320
7491;z2774;SEI;2000;P_VARIABLE;25;59.79;800;320;1;160;320
7492;z4542A;TVM300;2000;P_CONSTANT;14;100;500;200;1;100;200
7493;z4584C;TVM300;2600;P_CONSTANT;15;100;450;200;1;100;200
7494;z4584A;TVM300;2600;P_CONSTANT;4;100;450;200;1;100;200
7495;z4588B;TVM300;2000;P_CONSTANT;12;100;500;200;1;100;200
7496;z5134D;TVM430;2600;P_VARIABLE;0;0;800;320;1;160;320
7497;z5112;TVM430;2600;P_VARIABLE;18;80.24705;800;320;1;160;320
7498;z5134H;TVM430;2000;P_VARIABLE;1;0;800;320;1;160;320
7499;z5134J;TVM430;2600;P_VARIABLE;0;0;800;320;1;160;320
7500;z5134K;TVM430;2000;P_VARIABLE;0;0;800;320;1;160;320
7501;z112;ITE;3;NON;0;0;0;0;1;0;0
7507;z706;ITE;3;NON;0;0;0;0;1;0;0
7510;z724;NC;0;NON;0;0;0;0;1;0;0
7511;z730;NC;0;NON;0;0;0;0;1;0;0
7512;z740;NC;0;NON;0;0;0;0;1;0;0
7513;z3303A;TVM300;2300;P_CONSTANT;11;100;500;200;0;100;200
7514;z3332D;TVM300;2600;P_CONSTANT;11;100;450;200;0;100;200
7515;z3303B;TVM300;1700;P_CONSTANT;3;100;500;200;0;100;200
7518;z4592C;TVM300;2000;P_CONSTANT;13;100;500;200;1;100;200
7519;z4592B;TVM300;2600;P_CONSTANT;2;100;450;200;1;100;200
7520;z4592A;TVM300;2000;P_CONSTANT;5;100;500;200;1;100;200
7521;z5052;TVM300;2000;P_CONSTANT;6;100;500;200;1;100;200
7522;z5062B;TVM300;2600;P_CONSTANT;11;100;450;200;1;100;200
7523;z5062A;TVM300;2000;P_CONSTANT;9;100;500;200;1;100;200
7524;z2140;ITE;3;NON;0;0;0;0;0;0;0
7525;z2142A;ITE;3;NON;0;0;0;0;0;0;0
7526;z2144B;ITE;3;NON;0;0;0;0;0;0;0
7527;z2144A;ITE;3;NON;0;0;0;0;0;0;0
7528;z2100B;ITE;3;NON;0;0;0;0;0;0;0
7530;z3303D;TVM300;1700;P_CONSTANT;9;100;450;200;1;100;200
7531;z3303E;TVM300;2300;P_CONSTANT;0;100;500;200;1;100;200
7533;z3332B;TVM300;2600;P_CONSTANT;4;100;450;200;1;100;200
7534;z3332A;TVM300;2000;P_CONSTANT;9;100;500;200;1;100;200
7535;z4583A;TVM300;1700;P_CONSTANT;15;100;500;200;1;100;200
7536;z4583B;TVM300;2300;P_CONSTANT;6;100;500;200;1;100;200
7537;z4587A;TVM300;1700;P_CONSTANT;4;100;500;200;1;100;200
7538;z4587B;TVM300;2300;P_CONSTANT;12;100;500;200;1;100;200
7539;z4587C;TVM300;1700;P_CONSTANT;10;100;500;200;1;100;200
7540;z4591A;TVM300;2300;P_CONSTANT;13;100;500;200;1;100;200
7541;z4591B;TVM300;1700;P_CONSTANT;7;100;500;200;1;100;200
7542;z5103A;TVM300;2300;P_VARIABLE;11;80.3;500;200;1;100;200
7543;z5103B;TVM300;1700;P_VARIABLE;21;58.7;500;200;1;100;200
7544;z5106A;TVM300;2000;P_VARIABLE;21;58.7;500;200;1;100;200
7545;z5106B;TVM300;2600;P_CONSTANT;11;80;450;200;1;100;200
7546;z5113A;TVM300;2300;P_VARIABLE;13;77.83333333;500;200;1;100;200
7547;z5113B;TVM300;1700;P_VARIABLE;17;59.75;500;200;1;100;200
7548;z5117A;TVM300;2300;P_VARIABLE;14;79.23076;500;200;1;100;200
7549;z5117B;TVM300;1700;P_VARIABLE;19;58.83333333;500;200;1;100;200
7550;z5123;TVM300;2300;P_VARIABLE;22;80.66666;500;200;1;100;200
7551;z5127A;TVM300;1700;P_VARIABLE;25;59.16666;500;200;1;100;200
7552;z5127B;TVM300;2300;P_VARIABLE;7;79.16666;500;200;1;100;200
7553;z5132A;TVM300;2600;P_VARIABLE;14;78.88;450;200;1;100;200
7554;z5132B;TVM300;2000;P_VARIABLE;18;61.2;500;200;1;100;200
7555;z5162A;TVM300;2600;P_VARIABLE;13;82.91666;450;200;1;100;200
7556;z5162B;TVM300;2000;P_VARIABLE;18;58.66;500;200;1;100;200
7557;z5162C;TVM300;2600;P_VARIABLE;4;73;450;200;1;100;200
7558;z5120A;TVM300;2000;P_VARIABLE;15;61.64;500;200;1;100;200
7559;z5120B;TVM300;2600;P_VARIABLE;12;79.38;450;200;1;100;200
7560;z5116A;TVM300;2000;P_VARIABLE;20;61.02;500;200;1;100;200
7561;z5116B;TVM300;2600;P_VARIABLE;16;78.27;450;200;1;100;200
7562;z5129;TVM300;1700;P_VARIABLE;32;60.32258;500;200;1;100;200
7563;z36116;ITE;3;NON;0;0;0;0;0;0;0
7564;z36112;ITE;3;NON;0;0;0;0;0;0;0
7566;z7232D;SEI;2000;P_CONSTANT;3;100;800;320;1;160;320
7568;z7215C;SEI;1700;P_VARIABLE;12;62.63636364;800;320;1;160;320
7569;z7233A;SEI;2300;P_VARIABLE;0;0;500;200;1;100;200
7570;z7233B;SEI;1700;P_VARIABLE;20;60.78947368;800;320;1;160;320
7571;z7233C;UM71;2300;P_CONSTANT;6;100;0;0;1;0;0
7572;z7233D;ITE;3;NON;0;0;0;0;1;0;0
7574;z7232B;SEI;2000;P_CONSTANT;3;100;800;320;1;160;320
7575;z7232A;SEI;2600;NON;2;100;800;320;1;160;320
7576;z7240B;SEI;2000;P_CONSTANT;0;100;800;320;1;160;320
7577;z7240A;SEI;2600;P_CONSTANT;16;100;800;320;1;160;320
7578;z7244;SEI;2000;P_CONSTANT;5;100;800;320;1;160;320
7581;z7215D;TVM430;1700;P_VARIABLE;3;73;800;320;1;160;320
7582;z7215E;SEI;2300;NON;3;71;800;320;1;160;320
7584;z7215G;SEI;2300;P_VARIABLE;0;0;800;320;1;160;320
7585;z7215H;SEI;1700;P_VARIABLE;20;59.26315789;800;320;1;160;320
7586;z36105A;ITE;3;NON;0;0;0;0;0;0;0
7587;z36105B;ITE;3;NON;0;0;0;0;0;0;0
7589;z7215B;SEI;2300;P_VARIABLE;4;72.33333333;800;320;1;160;320
7590;z5133A;TVM300;2300;P_VARIABLE;16;78.73333;500;200;1;100;200
7591;z5133B;TVM300;1700;P_VARIABLE;11;59.2;500;200;1;100;200
7592;z5145A;TVM300;2300;P_VARIABLE;5;85;500;200;1;100;200
7593;z5145B;TVM300;1700;P_VARIABLE;5;58.25;500;200;1;100;200
7594;z5145C;TVM300;2300;P_VARIABLE;5;80.25;500;200;1;100;200
7595;z5145D;TVM300;1700;P_VARIABLE;23;60.36363;500;200;0;100;200
7596;z5157A;TVM300;2300;P_VARIABLE;15;78.78571;500;200;1;100;200
7597;z5157B;TVM300;1700;P_VARIABLE;19;60.22222;500;200;0;100;200
7598;z5202A;TVM300;2000;P_VARIABLE;25;60.58333;500;200;1;100;200
7599;z5202B;TVM300;2600;P_VARIABLE;19;80.33333;450;200;0;100;200
7600;z5152A;TVM300;2000;P_VARIABLE;18;58.94117;500;200;1;100;200
7601;z5152B;TVM300;2600;P_VARIABLE;6;76.2;450;200;1;100;200
7602;z5152C;TVM300;2000;P_VARIABLE;11;58.8;500;200;1;100;200
7603;z5140A;TVM300;2600;P_VARIABLE;13;82.75;450;200;0;100;200
7604;z5140B;TVM300;2000;P_VARIABLE;19;60.83333;500;200;1;100;200
7605;z5135A;TVM430;2300;P_VARIABLE;12;82.18181;800;320;1;160;320
7606;z5135B;TVM430;1700;P_VARIABLE;18;58.47058;800;320;1;160;320
7607;z5143A;TVM430;2300;P_VARIABLE;5;73.25;800;320;1;160;320
7608;z5143B;TVM430;1700;P_VARIABLE;16;60.46666;800;320;1;160;320
7609;z5152D;TVM430;2000;P_VARIABLE;12;58.45454;800;320;1;160;320
7610;z5142A;TVM430;2600;P_VARIABLE;18;78.11764;800;320;1;160;320
7611;z5142B;TVM430;2000;P_VARIABLE;16;60.8;800;320;1;160;320
7612;z5203A;TVM300;2300;P_VARIABLE;8;75.42857;500;200;1;100;200
7613;z5203B;TVM300;1700;P_VARIABLE;14;59.38461;500;200;1;100;200
7614;z5203C;TVM300;2300;P_VARIABLE;8;83;500;200;1;100;200
7615;z5233A;TVM300;1700;P_VARIABLE;20;60.78947;500;200;1;100;200
7616;z5233B;TVM300;2300;P_VARIABLE;14;79.61538;500;200;1;100;200
7617;z5240A;TVM300;2000;P_VARIABLE;18;58.7647;500;200;1;100;200
7618;z5240B;TVM300;2600;P_VARIABLE;13;81.25;450;200;1;100;200
7619;z5232A;TVM300;2000;P_VARIABLE;10;59;500;200;1;100;200
7620;z5232B;TVM300;2600;P_VARIABLE;6;81;450;200;1;100;200
7621;z5232C;TVM300;2000;P_VARIABLE;8;63.85714;500;200;1;100;200
7622;z5232D;TVM300;2600;P_VARIABLE;11;76.2;450;200;1;100;200
7623;z5293A;TVM300;1700;P_VARIABLE;19;59.83333;500;200;1;100;200
7624;z5293B;TVM300;2300;P_VARIABLE;12;77.36363;500;200;1;100;200
7625;z5303A;TVM300;1700;P_VARIABLE;19;58.72222;500;200;1;100;200
7626;z5303B;TVM300;2300;P_VARIABLE;5;77.5;500;200;1;100;200
7627;z5303C;TVM300;1700;P_VARIABLE;17;61.625;500;200;1;100;200
7628;z5317A;TVM300;2300;P_VARIABLE;15;79;500;200;1;100;200
7629;z5317B;TVM300;1700;P_VARIABLE;16;59.73333;500;200;1;100;200
7630;z5321A;TVM300;2300;P_VARIABLE;7;84.5;500;200;1;100;200
7631;z5321B;TVM300;1700;P_VARIABLE;12;59.36363;500;200;1;100;200
7632;z5321C;TVM300;2300;P_VARIABLE;3;72.5;500;200;1;100;200
7633;z5321D;TVM300;1700;P_VARIABLE;10;60.44444;500;200;1;100;200
7634;z5333A;TVM300;2300;P_VARIABLE;11;81.9;500;200;1;100;200
7635;z5333B;TVM300;1700;P_VARIABLE;17;60.8125;500;200;1;100;200
7636;z5341A;TVM300;2300;P_VARIABLE;4;87;500;200;1;100;200
7637;z5341B;TVM300;1700;P_VARIABLE;7;61.16666;500;200;1;100;200
7638;z5348C;TVM300;2600;P_VARIABLE;4;83.33333;450;200;1;100;200
7639;z5340A;TVM300;2000;P_VARIABLE;20;60.78947;500;200;1;100;200
7640;z5340B;TVM300;2600;P_VARIABLE;15;79.64285;450;200;1;100;200
7641;z5332A;TVM300;2000;P_VARIABLE;11;60.2;500;200;1;100;200
7642;z5332B;TVM300;2600;P_VARIABLE;6;73.6;450;200;1;100;200
7643;z5332C;TVM300;2000;P_VARIABLE;7;62;500;200;1;100;200
7644;z5332D;TVM300;2600;P_VARIABLE;8;85;450;200;1;100;200
7645;z5320A;TVM300;2000;P_VARIABLE;10;57.77777;500;200;1;100;200
7646;z5320B;TVM300;2600;P_VARIABLE;21;80.8;450;200;1;100;200
7647;z5314A;TVM300;2000;P_VARIABLE;13;58.58333;500;200;1;100;200
7648;z5314B;TVM300;2600;P_VARIABLE;4;75.33333;450;200;1;100;200
7649;z5314C;TVM300;2000;P_VARIABLE;16;61.33333;500;200;1;100;200
7650;z5302;TVM300;2600;P_VARIABLE;25;80.625;450;200;1;100;200
7651;z5241A;TVM300;1700;P_VARIABLE;19;60.27777;500;200;1;100;200
7652;z5241B;TVM300;2300;P_VARIABLE;16;78.53333;500;200;1;100;200
7653;z5247A;TVM300;1700;P_VARIABLE;23;60.36363;500;200;1;100;200
7654;z5247B;TVM300;2300;P_VARIABLE;16;81.13333;500;200;1;100;200
7655;z5255A;TVM300;1700;P_VARIABLE;22;58.95238;500;200;1;100;200
7656;z5255B;TVM300;2300;P_VARIABLE;15;80.14285;500;200;1;100;200
7657;z5244B;TVM300;2600;P_VARIABLE;13;80.58333;450;200;1;100;200
7658;z5244A;TVM300;2000;P_VARIABLE;19;61;500;200;1;100;200
7659;z5248B;TVM300;2600;P_VARIABLE;5;71.25;450;200;1;100;200
7660;z5248A;TVM300;2000;P_VARIABLE;26;59.36;500;200;1;100;200
7661;z5256B;TVM300;2600;P_VARIABLE;17;79.375;450;200;1;100;200
7662;z5256A;TVM300;2000;P_VARIABLE;11;58.6;500;200;1;100;200
7663;z5292B;TVM300;2600;P_VARIABLE;21;81.85;450;200;1;100;200
7664;z5341C;TVM300;2300;P_VARIABLE;13;80.58333;500;200;1;100;200
7665;z5345A;TVM300;1700;P_VARIABLE;14;59.6923;500;200;1;100;200
7666;z5345B;TVM300;2300;P_VARIABLE;14;78.76923;500;200;1;100;200
7667;z5349A;TVM300;1700;P_VARIABLE;22;61.23809;500;200;1;100;200
7668;z5349B;TVM300;2300;P_VARIABLE;7;79.16666;500;200;1;100;200
7669;z5353;TVM300;1700;P_VARIABLE;32;59.64516;500;200;1;100;200
7670;z5357A;TVM300;2300;P_VARIABLE;15;79.14285;500;200;1;100;200
7671;z5357B;TVM300;1700;P_VARIABLE;18;59.52941;500;200;1;100;200
7672;z5361A;TVM300;2300;P_VARIABLE;14;81.61538;500;200;1;100;200
7673;z5361B;TVM300;1700;P_VARIABLE;19;60.22222;500;200;1;100;200
7674;z5366A;TVM300;2600;P_VARIABLE;14;81.84615;450;200;1;100;200
7675;z5366B;TVM300;2000;P_VARIABLE;19;60.05555;500;200;1;100;200
7676;z5360A;TVM300;2600;P_VARIABLE;15;78;450;200;1;100;200
7677;z5360B;TVM300;2000;P_VARIABLE;18;60.47058;500;200;1;100;200
7678;z5356A;TVM300;2600;P_VARIABLE;15;78;450;200;1;100;200
7679;z5356B;TVM300;2000;P_VARIABLE;20;59.10526;500;200;1;100;200
7680;z5352A;TVM300;2600;P_VARIABLE;14;82.61538;450;200;1;100;200
7681;z5352B;TVM300;2000;P_VARIABLE;19;60.83333;500;200;1;100;200
7682;z5348A;TVM300;2600;P_VARIABLE;14;79.38461;450;200;1;100;200
7683;z5348B;TVM300;2000;P_VARIABLE;18;58.29411;500;200;1;100;200
7684;z5363A;TVM300;2300;P_VARIABLE;16;78.86666;500;200;0;100;200
7685;z5363B;TVM300;1700;P_VARIABLE;21;59.05;500;200;1;100;200
7686;z5403A;TVM300;2300;P_VARIABLE;18;77.70588;500;200;1;100;200
7687;z5403B;TVM300;1700;P_VARIABLE;8;59.85714;500;200;1;100;200
7688;z5403C;TVM300;2300;P_VARIABLE;4;75.66666;500;200;1;100;200
7689;z5403D;TVM300;1700;P_VARIABLE;4;56.66666;500;200;1;100;200
7690;z5425A;TVM300;2300;P_VARIABLE;4;77.66666;500;200;1;100;200
7691;z5425B;TVM300;1700;P_VARIABLE;10;58.88888;500;200;1;100;200
7692;z5425C;TVM300;2300;P_VARIABLE;17;81.9375;500;200;1;100;200
7693;z5433;TVM300;1700;P_VARIABLE;34;59.84848;500;200;1;100;200
7694;z5440A;TVM300;2000;P_VARIABLE;19;60.38888;500;200;1;100;200
7695;z5440B;TVM300;2600;P_VARIABLE;13;78.16666;450;200;1;100;200
7696;z5432A;TVM300;2000;P_VARIABLE;23;60.27272;500;200;1;100;200
7697;z5432B;TVM300;2600;P_VARIABLE;4;75.33333;450;200;1;100;200
7698;z5432C;TVM300;2000;P_VARIABLE;10;59.11111;500;200;1;100;200
7699;z5432D;TVM300;2600;P_VARIABLE;3;75;450;200;1;100;200
7700;z5414A;TVM300;2000;P_VARIABLE;10;58.44444;500;200;1;100;200
7702;z5414C;TVM300;2000;P_VARIABLE;23;59.90909;500;200;1;100;200
7703;z5402A;TVM300;2600;P_VARIABLE;14;82.92307;450;200;1;100;200
7704;z5402B;TVM300;2000;P_VARIABLE;21;60.15;500;200;1;100;200
7705;z5441A;TVM300;2300;P_VARIABLE;7;77.66666;500;200;1;100;200
7706;z5441B;TVM300;1700;P_VARIABLE;31;60.1;500;200;1;100;200
7707;z5445A;TVM300;2300;P_VARIABLE;5;78;500;200;1;100;200
7708;z5445B;TVM300;1700;P_VARIABLE;20;59.57894;500;200;1;100;200
7709;z5445C;TVM300;2300;P_VARIABLE;14;81.76923;500;200;1;100;200
7710;z5453A;TVM300;1700;P_VARIABLE;19;58.72222;500;200;1;100;200
7711;z5453B;TVM300;2300;P_VARIABLE;14;78.23076;500;200;1;100;200
7712;z5460A;TVM300;2600;P_VARIABLE;7;84.16666;450;200;1;100;200
7713;z5460B;TVM300;2000;P_VARIABLE;27;59.11538;500;200;1;100;200
7714;z5452A;TVM300;2600;P_VARIABLE;6;88;450;200;1;100;200
7715;z5452B;TVM300;2000;P_VARIABLE;22;61.38095;500;200;1;100;200
7716;z5448A;TVM300;2600;P_VARIABLE;16;78.06666;450;200;1;100;200
7717;z5448B;TVM300;2000;P_VARIABLE;7;63.83333;500;200;1;100;200
7718;z5444;TVM300;2600;P_VARIABLE;25;78.41666;450;200;1;100;200
7719;z5457;TVM300;1700;P_VARIABLE;32;60.06451;500;200;1;100;200
7720;z5465A;TVM300;2300;P_VARIABLE;9;81.125;500;200;1;100;200
7721;z5465B;TVM300;1700;P_VARIABLE;32;60.25806;500;200;1;100;200
7722;z5503A;TVM300;2300;P_VARIABLE;9;81.375;500;200;1;100;200
7723;z5503B;TVM300;1700;P_VARIABLE;10;58.44444;500;200;1;100;200
7724;z5503C;TVM300;2300;P_VARIABLE;9;80.625;500;200;1;100;200
7725;z5503D;TVM300;1700;P_VARIABLE;6;58.4;500;200;1;100;200
7726;z5533;TVM300;2300;P_VARIABLE;24;79.86956;500;200;1;100;200
7727;z7002A;TVM300;2000;P_VARIABLE;23;58.68181;500;200;1;100;200
7728;z7002B;TVM300;2600;P_VARIABLE;21;81.85;450;200;1;100;200
7729;z5532A;TVM300;2000;P_VARIABLE;4;66.66666;500;200;1;100;200
7730;z5532B;TVM300;2600;P_VARIABLE;10;77.22222;450;200;1;100;200
7731;z5532C;TVM300;2000;P_VARIABLE;7;55.33333;500;200;1;100;200
7732;z5532D;TVM300;2600;P_VARIABLE;5;77;450;200;1;100;200
7733;z5532E;TVM300;2000;P_VARIABLE;8;56.85714;500;200;1;100;200
7734;z5502A;TVM300;2600;P_VARIABLE;3;71;450;200;1;100;200
7735;z5502B;TVM300;2000;P_VARIABLE;25;58.91666;500;200;1;100;200
7736;z5470A;TVM300;2600;P_VARIABLE;14;81.23076;450;200;1;100;200
7737;z5470B;TVM300;2000;P_VARIABLE;22;61.09523;500;200;1;100;200
7738;z5541A;TVM300;1700;P_VARIABLE;4;68.66666;500;200;1;100;200
7739;z5541B;TVM300;2300;P_VARIABLE;25;79.91666;500;200;1;100;200
7740;z7003A;TVM300;1700;P_VARIABLE;17;61.1875;500;200;1;100;200
7741;z7003B;TVM300;2300;P_VARIABLE;5;78;500;200;1;100;200
7742;z7003C;TVM300;1700;P_VARIABLE;7;63;500;200;1;100;200
7743;z7033A;TVM300;2300;P_VARIABLE;5;72;500;200;1;100;200
7744;z7033B;TVM300;1700;P_VARIABLE;19;58.44444;500;200;1;100;200
7745;z7033C;TVM300;2300;P_VARIABLE;8;82.85714;500;200;1;100;200
7746;z7044B;TVM300;2000;P_VARIABLE;11;59.2;500;200;1;100;200
7747;z7040A;TVM300;2600;P_VARIABLE;15;81.07142;450;200;1;100;200
7748;z7040B;TVM300;2000;P_VARIABLE;5;58.75;500;200;1;100;200
7749;z7040C;TVM300;2600;P_VARIABLE;6;74.2;450;200;1;100;200
7750;z7032A;TVM300;2000;P_VARIABLE;11;58.7;500;200;1;100;200
7751;z7032B;TVM300;2600;P_VARIABLE;5;78;450;200;1;100;200
7752;z7032C;TVM300;2000;P_VARIABLE;9;63.125;500;200;1;100;200
7753;z7032D;TVM300;2600;P_VARIABLE;11;80.8;450;200;1;100;200
7754;z7011E;TVM430;1700;P_VARIABLE;6;64.6;800;320;1;160;320
7755;z7011D;TVM430;2300;P_VARIABLE;1;54;800;320;1;160;320
7756;z7011C;TVM430;1700;P_VARIABLE;6;63.6;800;320;1;160;320
7757;z7011B;TVM430;2300;P_VARIABLE;7;78.83333;800;320;1;160;320
7758;z7011A;TVM430;1700;P_VARIABLE;9;60.375;800;320;1;160;320
7759;z7009;TVM430;2300;P_VARIABLE;24;79.65217;800;320;1;160;320
7760;z7003D;TVM430;1700;P_VARIABLE;13;62.33333;800;320;1;160;320
7761;z4310A;TVM430;2000;P_VARIABLE;4;63.66666;800;320;1;160;320
7762;z4310B;TVM430;2600;P_VARIABLE;2;36.3;800;320;1;160;320
7763;z7012A;TVM430;2000;P_VARIABLE;6;54.4;800;320;1;160;320
7764;z7012B;TVM430;2600;P_VARIABLE;6;84.6;800;320;1;160;320
7765;z7012C;TVM430;2000;P_VARIABLE;8;61.85714;800;320;1;160;320
7766;z7012D;TVM430;2600;P_VARIABLE;8;79.42857;800;320;1;160;320
7767;z7010A;TVM430;2000;P_VARIABLE;19;58.33333;800;320;1;160;320
7768;z7010B;TVM430;2600;P_VARIABLE;12;79.27272;800;320;1;160;320
7769;z7006;TVM430;2000;P_VARIABLE;12;58;800;320;1;160;320
7770;z5733A;TVM300;1700;P_VARIABLE;33;59.21875;500;200;1;100;200
7771;z5733B;TVM300;2300;P_VARIABLE;8;81.85714;500;200;1;100;200
7772;z5745A;TVM300;1700;P_VARIABLE;28;61;500;200;1;100;200
7773;z5745B;TVM300;2300;P_VARIABLE;6;87.6;500;200;1;100;200
7774;z5756A;TVM300;2600;P_VARIABLE;21;79.9;450;200;1;100;200
7775;z5756B;TVM300;2000;P_VARIABLE;7;61.5;500;200;1;100;200
7776;z5748A;TVM300;2600;P_VARIABLE;18;81.94117;450;200;1;100;200
7777;z5748B;TVM300;2000;P_VARIABLE;14;58.6923;500;200;1;100;200
7778;z5740A;TVM300;2600;P_VARIABLE;17;82.1875;450;200;1;100;200
7779;z5740B;TVM300;2000;P_VARIABLE;8;59.71428;500;200;1;100;200
7780;z5753;TVM300;1700;P_VARIABLE;33;60.03125;500;200;1;100;200
7781;z5803A;TVM300;2300;P_VARIABLE;15;77.85714;500;200;1;100;200
7782;z5803C;TVM300;2300;P_VARIABLE;12;80.0909;500;200;1;100;200
7783;z5809A;TVM300;1700;P_VARIABLE;19;60.27777;500;200;1;100;200
7784;z5809B;TVM300;2300;P_VARIABLE;15;79;500;200;1;100;200
7785;z5825A;TVM300;1700;P_VARIABLE;10;59.77777;500;200;1;100;200
7786;z5825C;TVM300;1700;P_VARIABLE;20;59.57894;500;200;1;100;200
7787;z5852A;TVM300;2000;P_VARIABLE;13;60.08333;500;200;1;100;200
7788;z5852B;TVM300;2600;P_VARIABLE;9;84;450;200;1;100;200
7789;z5852C;TVM300;2000;P_VARIABLE;8;61.57142;500;200;1;100;200
7790;z5826A;TVM300;2600;P_VARIABLE;11;77.2;450;200;1;100;200
7791;z5826B;TVM300;2000;P_VARIABLE;11;59.3;500;200;1;100;200
7792;z5826C;TVM300;2600;P_VARIABLE;4;70.33333;450;200;1;100;200
7793;z5818A;TVM300;2000;P_VARIABLE;11;58.6;500;200;1;100;200
7794;z5818C;TVM300;2000;P_VARIABLE;25;59.66666;500;200;1;100;200
7795;z5802A;TVM300;2600;P_VARIABLE;24;79.43478;450;200;1;100;200
7796;z5802B;TVM300;2000;P_VARIABLE;6;54.08;500;200;1;100;200
7797;z5853A;TVM300;2300;P_VARIABLE;15;80.35714;500;200;1;100;200
7798;z5853B;TVM300;1700;P_VARIABLE;20;60.15789;500;200;1;100;200
7799;z5903A;TVM300;2300;P_VARIABLE;9;84.75;500;200;1;100;200
7800;z5903B;TVM300;1700;P_VARIABLE;6;65.4;500;200;1;100;200
7801;z5903C;TVM300;2300;P_VARIABLE;5;76.75;500;200;1;100;200
7802;z5903D;TVM300;1700;P_VARIABLE;10;59;500;200;1;100;200
7803;z5933A;TVM300;2300;P_VARIABLE;14;78.76923;500;200;1;100;200
7804;z5933B;TVM300;1700;P_VARIABLE;18;61.52941;500;200;1;100;200
7805;z5941A;TVM300;2300;P_VARIABLE;5;83.5;500;200;1;100;200
7806;z5941B;TVM300;1700;P_VARIABLE;29;60.17857;500;200;1;100;200
7807;z5944A;TVM300;2600;P_VARIABLE;13;79.25;450;200;1;100;200
7808;z5944B;TVM300;2000;P_VARIABLE;17;60.625;500;200;1;100;200
7809;z5940A;TVM300;2600;P_VARIABLE;14;78.53846;450;200;1;100;200
7810;z5940B;TVM300;2000;P_VARIABLE;17;60.5;500;200;1;100;200
7811;z5932A;TVM300;2600;P_VARIABLE;10;78.66666;450;200;1;100;200
7812;z5932B;TVM300;2000;P_VARIABLE;10;58.44444;500;200;1;100;200
7813;z5932C;TVM300;2600;P_VARIABLE;7;80.5;450;200;1;100;200
7814;z5902A;TVM300;2000;P_VARIABLE;4;80;500;200;1;100;200
7815;z5902B;TVM300;2600;P_VARIABLE;20;80.31578;450;200;1;100;200
7816;z5945A;TVM300;2300;P_VARIABLE;8;80.42857;500;200;1;100;200
7817;z5945B;TVM300;1700;P_VARIABLE;23;60.5;500;200;1;100;200
7818;z5949A;TVM300;2300;P_VARIABLE;14;79.30769;500;200;1;100;200
7819;z5949B;TVM300;1700;P_VARIABLE;17;58.9375;500;200;1;100;200
7820;z5953A;TVM300;2300;P_VARIABLE;20;78.42105;500;200;1;100;200
7821;z5953B;TVM300;1700;P_VARIABLE;7;60.66666;500;200;1;100;200
7822;z5959A;TVM300;2300;P_VARIABLE;22;79.71428;500;200;1;100;200
7823;z5959B;TVM300;1700;P_VARIABLE;7;61.16666;500;200;1;100;200
7824;z5965A;TVM300;2300;P_VARIABLE;23;81.31818;500;200;1;100;200
7825;z5965B;TVM300;1700;P_VARIABLE;7;55.83333;500;200;1;100;200
7826;z5970A;TVM300;2000;P_VARIABLE;19;59;500;200;1;100;200
7827;z5970B;TVM300;2600;P_VARIABLE;14;80;450;200;1;100;200
7828;z5966A;TVM300;2000;P_VARIABLE;18;58.52941;500;200;1;100;200
7829;z5966B;TVM300;2600;P_VARIABLE;13;78.33333;450;200;1;100;200
7830;z5960A;TVM300;2000;P_VARIABLE;18;60.29411;500;200;1;100;200
7831;z5960B;TVM300;2600;P_VARIABLE;14;79;450;200;1;100;200
7832;z5956;TVM300;2000;P_VARIABLE;34;60.51515;500;200;1;100;200
7833;z5948A;TVM300;2600;P_VARIABLE;13;79.41666;450;200;1;100;200
7834;z5948B;TVM300;2000;P_VARIABLE;19;58.38888;500;200;1;100;200
7835;z5969A;TVM300;2300;P_VARIABLE;23;81.31818;500;200;1;100;200
7836;z5969B;TVM300;1700;P_VARIABLE;7;59.33333;500;200;1;100;200
7837;z5975;TVM300;2300;P_VARIABLE;26;78.96;500;200;1;100;200
7838;z5979A;TVM300;1700;P_VARIABLE;27;60.53846;500;200;1;100;200
7839;z5979B;TVM300;2300;P_VARIABLE;6;87.8;500;200;1;100;200
7840;z5983A;TVM300;1700;P_VARIABLE;16;60.4;500;200;1;100;200
7841;z5983B;TVM300;2300;P_VARIABLE;14;80.53846;500;200;1;100;200
7842;z5987A;TVM300;1700;P_VARIABLE;18;58.41176;500;200;1;100;200
7843;z5987B;TVM300;2300;P_VARIABLE;13;81.75;500;200;1;100;200
7844;z5991A;TVM300;1700;P_VARIABLE;19;59.38888;500;200;1;100;200
7845;z5992B;TVM300;2000;P_VARIABLE;19;59.38888;500;200;1;100;200
7846;z5988A;TVM300;2600;P_VARIABLE;13;81.75;450;200;1;100;200
7847;z5988B;TVM300;2000;P_VARIABLE;18;58.41176;500;200;1;100;200
7848;z5984A;TVM300;2600;P_VARIABLE;14;80.53846;450;200;1;100;200
7849;z5984B;TVM300;2000;P_VARIABLE;16;60.4;500;200;1;100;200
7850;z5980A;TVM300;2600;P_VARIABLE;6;87.8;450;200;1;100;200
7851;z5980B;TVM300;2000;P_VARIABLE;27;60.53846;500;200;1;100;200
7852;z5976A;TVM300;2600;P_VARIABLE;26;78.96;450;200;1;100;200
7853;z5976B;TVM300;2000;P_VARIABLE;5;53.75;500;200;1;100;200
7854;z5972;TVM300;2600;P_VARIABLE;25;80.41666;450;200;1;100;200
7855;z5991B;TVM300;2300;P_VARIABLE;13;76.91666;500;200;1;100;200
7856;z5995A;TVM300;1700;P_VARIABLE;17;60.4375;500;200;1;100;200
7857;z5995B;TVM300;2300;P_VARIABLE;13;79.08333;500;200;1;100;200
7858;z6003A;TVM300;1700;P_VARIABLE;23;60.18181;500;200;1;100;200
7860;z6003C;TVM300;1700;P_VARIABLE;5;64;500;200;1;100;200
7861;z6003D;TVM300;2300;P_VARIABLE;6;74.6;500;200;1;100;200
7862;z6025A;TVM300;1700;P_VARIABLE;5;62;500;200;1;100;200
7863;z6025B;TVM300;2300;P_VARIABLE;6;79.6;500;200;1;100;200
7864;z6025C;TVM300;1700;P_VARIABLE;24;79.28;500;200;1;100;200
7865;z6033A;TVM300;2300;P_VARIABLE;13;77.58333333;500;200;1;100;200
7866;z6033B;TVM300;1700;P_VARIABLE;17;61.0625;500;200;1;100;200
7867;z6044A;TVM300;2000;P_VARIABLE;26;59.36;500;200;1;100;200
7868;z6044B;TVM300;2600;P_VARIABLE;7;83.33333;450;200;1;100;200
7869;z6032A;TVM300;2000;P_VARIABLE;22;59.85714;500;200;1;100;200
7870;z6032B;TVM300;2600;P_VARIABLE;4;75.33333;450;200;1;100;200
7871;z6032C;TVM300;2000;P_VARIABLE;10;58.44444;500;200;1;100;200
7872;z6032D;TVM300;2600;P_VARIABLE;6;74.6;450;200;1;100;200
7873;z6014A;TVM300;2000;P_VARIABLE;10;59.33333;500;200;1;100;200
7874;z6014B;TVM300;2600;P_VARIABLE;4;75.33333;450;200;1;100;200
7875;z6014C;TVM300;2000;P_VARIABLE;21;60.9;500;200;1;100;200
7876;z6002A;TVM300;2600;P_VARIABLE;13;79.08333;450;200;1;100;200
7877;z6002B;TVM300;2000;P_VARIABLE;17;60.4375;500;200;1;100;200
7878;z5992A;TVM300;2600;P_VARIABLE;13;76.91666;450;200;1;100;200
7880;z6019;TVM300;2300;P_VARIABLE;11;76.6;500;200;1;100;200
7881;z6027B;TVM300;2300;P_VARIABLE;1;0;500;200;1;100;200
7882;z6041A;TVM300;2300;P_VARIABLE;15;78.42857;500;200;1;100;200
7883;z6041B;TVM300;1700;P_VARIABLE;20;58.78947;500;200;1;100;200
7884;z6049;TVM300;2300;P_VARIABLE;24;79.95652;500;200;1;100;200
7885;z6053A;TVM300;1700;P_VARIABLE;22;59.85714;500;200;1;100;200
7886;z6053B;TVM300;2300;P_VARIABLE;9;80.25;500;200;1;100;200
7887;z6057A;TVM300;1700;P_VARIABLE;17;59.5;500;200;1;100;200
7888;z6057B;TVM300;2300;P_VARIABLE;14;79.84615;500;200;1;100;200
7889;z6061A;TVM300;1700;P_VARIABLE;17;60.75;500;200;1;100;200
7890;z6061B;TVM300;2300;P_VARIABLE;13;79.5;500;200;1;100;200
7891;z6065A;TVM300;1700;P_VARIABLE;21;61.45;500;200;1;100;200
7892;z6068B;TVM300;2000;P_VARIABLE;21;61.45;500;200;1;100;200
7893;z6064A;TVM300;2600;P_VARIABLE;14;81.46153;450;200;1;100;200
7894;z6064B;TVM300;2000;P_VARIABLE;19;59.61111;500;200;1;100;200
7895;z6060A;TVM300;2600;P_VARIABLE;24;81.26086;450;200;1;100;200
7896;z6060B;TVM300;2000;P_VARIABLE;5;54.25;500;200;1;100;200
7897;z6056;TVM300;2600;P_VARIABLE;25;80.41666;450;200;1;100;200
7898;z6052A;TVM300;2000;P_VARIABLE;5;54;500;200;1;100;200
7899;z6052B;TVM300;2600;P_VARIABLE;23;78.81818;450;200;1;100;200
7900;z6048A;TVM300;2000;P_VARIABLE;4;64.33333;500;200;1;100;200
7901;z6048B;TVM300;2600;P_VARIABLE;20;79.8421;450;200;1;100;200
7902;z6065B;TVM300;2300;P_VARIABLE;12;80.72727;500;200;1;100;200
7903;z6071A;TVM300;1700;P_VARIABLE;21;60.9;500;200;1;100;200
7904;z6068A;TVM300;2600;P_VARIABLE;9;84;450;200;1;100;200
7905;z6074B;TVM300;2000;P_VARIABLE;11;58.5;500;200;1;100;200
7906;z6103A;TVM300;1700;P_VARIABLE;6;58.2;500;200;1;100;200
7907;z6103B;TVM300;2300;P_VARIABLE;17;82.125;500;200;1;100;200
7908;z6103C;TVM300;1700;P_VARIABLE;5;66;500;200;1;100;200
7909;z6133A;TVM300;2300;P_VARIABLE;10;83.77777;500;200;1;100;200
7910;z6133B;TVM300;1700;P_VARIABLE;21;59.25;500;200;1;100;200
7911;z6141A;TVM300;2300;P_VARIABLE;14;81.46153;500;200;1;100;200
7912;z6141B;TVM300;1700;P_VARIABLE;15;59.42857;500;200;1;100;200
7913;z6132D;TVM300;2600;P_VARIABLE;11;81.8;450;200;1;100;200
7914;z6132C;TVM300;2000;P_VARIABLE;4;57.66666;500;200;1;100;200
7915;z6132B;TVM300;2600;P_VARIABLE;8;85.57142;450;200;1;100;200
7916;z6132A;TVM300;2000;P_VARIABLE;12;58;500;200;1;100;200
7917;z6202B;TVM300;2600;P_VARIABLE;13;83;450;200;1;100;200
7918;z6202A;TVM300;2000;P_VARIABLE;19;60.11111;500;200;1;100;200
7919;z1850A;TVM430;2000;P_VARIABLE;11;60.8;800;320;1;160;320
7920;z1850B;TVM430;2600;P_VARIABLE;2;46;800;320;1;160;320
7921;z6136;TVM430;2000;P_VARIABLE;5;60.25;800;320;1;160;320
7922;z6151;TVM300;2300;P_VARIABLE;24;80.69565;500;200;1;100;200
7923;z6203A;TVM300;1700;P_VARIABLE;11;62.1;500;200;1;100;200
7924;z6203B;TVM300;2300;P_VARIABLE;4;75.33333;500;200;1;100;200
7925;z6203C;TVM300;1700;P_VARIABLE;9;56.875;500;200;1;100;200
7926;z6203D;TVM300;2300;P_VARIABLE;10;79.22222;500;200;1;100;200
7927;z6233;TVM300;1700;P_VARIABLE;33;60.40625;500;200;1;100;200
7928;z6240A;TVM300;2600;P_VARIABLE;17;79.1875;450;200;1;100;200
7929;z6240B;TVM300;2000;P_VARIABLE;22;61.23809;500;200;1;100;200
7930;z6232A;TVM300;2600;P_VARIABLE;17;80.0625;450;200;1;100;200
7931;z6232B;TVM300;2000;P_VARIABLE;4;56.66666;500;200;1;100;200
7932;z6232C;TVM300;2600;P_VARIABLE;6;80.4;450;200;1;100;200
7933;z6232D;TVM300;2000;P_VARIABLE;6;59.2;500;200;1;100;200
7934;z6214A;TVM300;2600;P_VARIABLE;6;88;450;200;1;100;200
7935;z6214B;TVM300;2000;P_VARIABLE;5;58.25;500;200;1;100;200
7936;z6214C;TVM300;2600;P_VARIABLE;23;79.5;450;200;1;100;200
7937;z6237E;TVM430;1700;P_VARIABLE;7;56.83333;800;320;1;160;320
7938;z6237D;TVM430;2300;P_VARIABLE;2;36.3;800;320;1;160;320
7939;z6237C;TVM430;1700;P_VARIABLE;15;61.57142;800;320;1;160;320
7940;z6237B;TVM430;2300;P_VARIABLE;8;75.42857;800;320;1;160;320
7941;z6237A;TVM430;1700;P_VARIABLE;10;59.88888;800;320;1;160;320
7942;z6203E;TVM430;2300;P_VARIABLE;11;79.9;800;320;1;160;320
7943;z6241A;TVM300;2300;P_VARIABLE;8;82.42857;500;200;1;100;200
7944;z6241B;TVM300;1700;P_VARIABLE;20;60.68421;500;200;1;100;200
7945;z6243A;TVM300;2300;P_VARIABLE;14;79.92307;500;200;1;100;200
7946;z6243B;TVM300;1700;P_VARIABLE;21;60.25;500;200;1;100;200
7947;z6243C;TVM300;2300;P_VARIABLE;8;81.14285;500;200;1;100;200
7948;z6249A;TVM300;1700;P_VARIABLE;17;58.5625;500;200;1;100;200
7949;z6249B;TVM300;2300;P_VARIABLE;14;80.15384;500;200;1;100;200
7950;z6255;TVM300;1700;P_VARIABLE;31;59;500;200;1;100;200
7951;z6261A;TVM300;2300;P_VARIABLE;22;80.61904;500;200;1;100;200
7952;z6261B;TVM300;1700;P_VARIABLE;4;62.66666;500;200;1;100;200
7953;z6264A;TVM300;2600;P_VARIABLE;13;82;450;200;1;100;200
7954;z6264B;TVM300;2000;P_VARIABLE;18;61.52941;500;200;1;100;200
7955;z6264C;TVM300;2600;P_VARIABLE;12;81.45454;450;200;1;100;200
7956;z6258A;TVM300;2000;P_VARIABLE;22;58.90476;500;200;1;100;200
7957;z6258B;TVM300;2600;P_VARIABLE;17;80.1875;450;200;1;100;200
7958;z6252;TVM300;2000;P_VARIABLE;29;60.96428;500;200;1;100;200
7959;z6248A;TVM300;2600;P_VARIABLE;15;77.92857;450;200;1;100;200
7960;z6248B;TVM300;2000;P_VARIABLE;19;59.55555;500;200;1;100;200
7961;z6265A;TVM300;2300;P_VARIABLE;23;80;500;200;1;100;200
7962;z6265B;TVM300;1700;P_VARIABLE;6;55;500;200;1;100;200
7963;z6303A;TVM300;2300;P_VARIABLE;14;80.15384;500;200;1;100;200
7964;z6303B;TVM300;1700;P_VARIABLE;5;61.5;500;200;1;100;200
7965;z6303C;TVM300;2300;P_VARIABLE;8;80.71428;500;200;1;100;200
7966;z6303D;TVM300;1700;P_VARIABLE;7;64.66666;500;200;1;100;200
7967;z6325A;TVM300;2300;P_VARIABLE;8;84.85714;500;200;1;100;200
7968;z6325B;TVM300;1700;P_VARIABLE;5;61.5;500;200;1;100;200
7969;z6325C;TVM300;2300;P_VARIABLE;12;79.0909;500;200;1;100;200
7970;z6325D;TVM300;1700;P_VARIABLE;8;58.57142;500;200;1;100;200
7971;z6341A;TVM300;2300;P_VARIABLE;18;80.52941;500;200;1;100;200
7972;z6341B;TVM300;1700;P_VARIABLE;19;59.55555;500;200;1;100;200
7973;z6344A;TVM300;2600;P_VARIABLE;3;43;450;200;1;100;200
7974;z6344B;TVM300;2000;P_VARIABLE;13;61.5;500;200;1;100;200
7975;z6344C;TVM300;2600;P_VARIABLE;10;81.66666;450;200;1;100;200
7976;z6340A;TVM300;2000;P_VARIABLE;16;59.73333;500;200;1;100;200
7977;z6340B;TVM300;2600;P_VARIABLE;9;85;450;200;1;100;200
7978;z6332A;TVM300;2000;P_VARIABLE;18;61.23529;500;200;1;100;200
7979;z6332B;TVM300;2600;P_VARIABLE;7;83.16666;450;200;1;100;200
7980;z6332C;TVM300;2000;P_VARIABLE;5;66.25;500;200;1;100;200
7981;z6332D;TVM300;2600;P_VARIABLE;5;80;450;200;1;100;200
7982;z6314A;TVM300;2000;P_VARIABLE;5;56;500;200;1;100;200
7983;z6314B;TVM300;2600;P_VARIABLE;7;84;450;200;1;100;200
7984;z6314C;TVM300;2000;P_VARIABLE;25;60.16666;500;200;1;100;200
7985;z6302A;TVM300;2600;P_VARIABLE;11;80.7;450;200;1;100;200
7986;z6302B;TVM300;2000;P_VARIABLE;20;59.78947;500;200;1;100;200
7987;z6322;TVM300;2600;P_VARIABLE;8;84.14285;450;200;1;100;200
7988;z6312;TVM300;2000;P_VARIABLE;5;54.25;500;200;1;100;200
7989;z6326;TVM300;2600;P_VARIABLE;3;42.5;450;200;1;100;200
7990;z6345A;TVM300;2300;P_VARIABLE;16;78.2;500;200;1;100;200
7991;z6345B;TVM300;1700;P_VARIABLE;14;57.84615;500;200;1;100;200
7992;z6351A;TVM300;2300;P_VARIABLE;12;78.63636;500;200;1;100;200
7993;z6351B;TVM300;1700;P_VARIABLE;16;59.46666;500;200;1;100;200
7994;z6353A;TVM300;2300;P_VARIABLE;16;78.2;500;200;1;100;200
7995;z6353B;TVM300;1700;P_VARIABLE;11;62.2;500;200;1;100;200
7996;z6359A;TVM300;2300;P_VARIABLE;7;78.83333;500;200;1;100;200
7997;z6359B;TVM300;1700;P_VARIABLE;23;60.0909;500;200;1;100;200
7998;z6362A;TVM300;2600;P_VARIABLE;13;79.83333;450;200;1;100;200
7999;z6362B;TVM300;2000;P_VARIABLE;18;61.23529;500;200;1;100;200
8000;z6356A;TVM300;2600;P_VARIABLE;16;78.6;450;200;1;100;200
8001;z6356B;TVM300;2000;P_VARIABLE;13;60.58333;500;200;1;100;200
8002;z6350A;TVM300;2600;P_VARIABLE;18;80.05882;450;200;1;100;200
8003;z6350B;TVM300;2000;P_VARIABLE;13;60.75;500;200;1;100;200
8004;z6365A;TVM300;2300;P_VARIABLE;7;73.83333;500;200;1;100;200
8005;z6365B;TVM300;1700;P_VARIABLE;19;60.44444;500;200;1;100;200
8006;z6403A;TVM300;2300;P_VARIABLE;6;81.8;500;200;1;100;200
8007;z6403B;TVM300;1700;P_VARIABLE;6;63;500;200;1;100;200
8008;z6403C;TVM300;2300;P_VARIABLE;16;82.6;500;200;1;100;200
8009;z6433;TVM300;1700;P_VARIABLE;32;59.2258;500;200;1;100;200
8010;z6440A;TVM300;2600;P_VARIABLE;15;81.42857;450;200;1;100;200
8011;z6440B;TVM300;2000;P_VARIABLE;21;58.65;500;200;1;100;200
8012;z6432A;TVM300;2600;P_VARIABLE;22;81.23809;450;200;1;100;200
8013;z6432B;TVM300;2000;P_VARIABLE;7;58.83333;500;200;1;100;200
8014;z6432C;TVM300;2600;P_VARIABLE;4;87;450;200;1;100;200
8015;z6402A;TVM300;2000;P_VARIABLE;4;54.66666;500;200;1;100;200
8016;z6402B;TVM300;2600;P_VARIABLE;13;77.83333;450;200;1;100;200
8017;z6402C;TVM300;2000;P_VARIABLE;23;60.0909;500;200;1;100;200
8018;z6407A;TVM430;2300;P_VARIABLE;6;85.8;800;320;1;160;320
8019;z6407B;TVM430;1700;P_VARIABLE;11;59.3;800;320;1;160;320
8020;z6407C;TVM430;2300;P_VARIABLE;6;87.8;800;320;1;160;320
8021;z6407D;TVM430;1700;P_VARIABLE;5;67.25;800;320;1;160;320
8022;z6407E;TVM430;2300;P_VARIABLE;5;86.5;800;320;1;160;320
8023;z6411;TVM430;1700;P_VARIABLE;28;60.62962;800;320;1;160;320
8024;z6415;TVM430;2300;P_VARIABLE;7;84.16666;800;320;1;160;320
8025;z6432D;TVM430;2600;P_VARIABLE;7;81.83333;800;320;1;160;320
8026;z6410A;TVM430;2000;P_VARIABLE;29;59.28571;800;320;1;160;320
8027;z6410B;TVM430;2600;P_VARIABLE;6;84.4;800;320;1;160;320
8028;z6406A;TVM430;2000;P_VARIABLE;5;54.75;800;320;1;160;320
8029;z6406B;TVM430;2600;P_VARIABLE;6;87.8;800;320;1;160;320
8030;z6406C;TVM430;2000;P_VARIABLE;14;58.71;800;320;1;160;320
8031;z6441A;TVM300;2300;P_VARIABLE;13;78.25;500;200;1;100;200
8032;z6441B;TVM300;1700;P_VARIABLE;25;59.375;500;200;1;100;200
8033;z6445A;TVM300;2300;P_VARIABLE;9;81.125;500;200;1;100;200
8034;z6445B;TVM300;1700;P_VARIABLE;32;59.90322;500;200;1;100;200
8035;z6453A;TVM300;2300;P_VARIABLE;14;80.61538;500;200;1;100;200
8036;z6453B;TVM300;1700;P_VARIABLE;16;58.13333;500;200;1;100;200
8037;z6492A;TVM300;2000;P_VARIABLE;18;60.41176;500;200;1;100;200
8038;z6492B;TVM300;2600;P_VARIABLE;19;81.94444;450;200;1;100;200
8039;z6452;TVM300;2000;P_VARIABLE;32;59.45161;500;200;1;100;200
8040;z6448A;TVM300;2600;P_VARIABLE;14;79.23076;450;200;1;100;200
8041;z6448B;TVM300;2000;P_VARIABLE;19;58.77777;500;200;1;100;200
8042;z6493A;TVM300;2300;P_VARIABLE;7;74.33333;500;200;1;100;200
8043;z6493B;TVM300;1700;P_VARIABLE;29;59.14285;500;200;1;100;200
8044;z6503A;TVM300;2300;P_VARIABLE;6;82;500;200;1;100;200
8045;z6503B;TVM300;1700;P_VARIABLE;12;59.18181;500;200;1;100;200
8046;z6503C;TVM300;2300;P_VARIABLE;3;75;500;200;1;100;200
8047;z6503D;TVM300;1700;P_VARIABLE;10;58.66666;500;200;1;100;200
8048;z6503E;TVM300;2300;P_VARIABLE;6;80.8;500;200;1;100;200
8049;z6533;TVM300;1700;P_VARIABLE;34;60;500;200;1;100;200
8050;z6541A;TVM300;2300;P_VARIABLE;10;82.88888;500;200;1;100;200
8051;z6541B;TVM300;1700;P_VARIABLE;23;61;500;200;1;100;200
8052;z6548A;TVM300;2600;P_VARIABLE;9;76.625;450;200;1;100;200
8053;z6548B;TVM300;2000;P_VARIABLE;26;60.96;500;200;1;100;200
8054;z6540A;TVM300;2600;P_VARIABLE;7;76.66666;450;200;1;100;200
8055;z6540B;TVM300;2000;P_VARIABLE;33;60.5;500;200;1;100;200
8056;z6532A;TVM300;2600;P_VARIABLE;5;70.75;450;200;1;100;200
8057;z6532B;TVM300;2000;P_VARIABLE;6;65;500;200;1;100;200
8058;z6532C;TVM300;2600;P_VARIABLE;5;76.25;450;200;1;100;200
8059;z6532D;TVM300;2000;P_VARIABLE;13;59.5;500;200;1;100;200
8060;z6502A;TVM300;2600;P_VARIABLE;5;74.25;450;200;1;100;200
8061;z6502B;TVM300;2000;P_VARIABLE;15;61.78571;500;200;1;100;200
8062;z6502C;TVM300;2600;P_VARIABLE;12;77.18181;450;200;1;100;200
8063;z6545A;TVM300;2300;P_VARIABLE;18;80.17647;500;200;1;100;200
8064;z6545B;TVM300;1700;P_VARIABLE;7;56.33333;500;200;1;100;200
8065;z6551A;TVM300;2300;P_VARIABLE;12;80.36363;500;200;1;100;200
8066;z6551B;TVM300;1700;P_VARIABLE;20;59.52631;500;200;1;100;200
8067;z6555A;TVM300;2300;P_VARIABLE;14;79.46153;500;200;1;100;200
8068;z6555B;TVM300;1700;P_VARIABLE;21;61.15;500;200;1;100;200
8069;z6554C;TVM300;2000;P_VARIABLE;18;60;500;200;1;100;200
8070;z6554B;TVM300;2600;P_VARIABLE;15;80;450;200;1;100;200
8071;z6554A;TVM300;2000;P_VARIABLE;4;70.33333;500;200;1;100;200
8072;z6558B;TVM300;2600;P_VARIABLE;7;76.66666;450;200;1;100;200
8073;z6558A;TVM300;2000;P_VARIABLE;28;60.14814;500;200;1;100;200
8074;z6562B;TVM300;2600;P_VARIABLE;5;77.5;450;200;1;100;200
8075;z6562A;TVM300;2000;P_VARIABLE;24;60.56521;500;200;1;100;200
8076;z6559A;TVM300;2300;P_VARIABLE;14;81.07692;500;200;1;100;200
8077;z6559B;TVM300;1700;P_VARIABLE;19;58.88888;500;200;1;100;200
8078;z6565A;TVM300;2300;P_VARIABLE;14;81.46153;500;200;1;100;200
8079;z6565B;TVM300;1700;P_VARIABLE;18;61.17647;500;200;1;100;200
8080;z6565C;TVM300;2300;P_VARIABLE;5;83;500;200;1;100;200
8081;z6573A;TVM300;1700;P_VARIABLE;17;59.25;500;200;1;100;200
8082;z6573B;TVM300;2300;P_VARIABLE;14;80.53846;500;200;1;100;200
8083;z6579A;TVM300;1700;P_VARIABLE;17;60;500;200;1;100;200
8084;z6579B;TVM300;2300;P_VARIABLE;13;78.16666;500;200;1;100;200
8085;z6579C;TVM300;1700;P_VARIABLE;6;62.6;500;200;1;100;200
8086;z6568B;TVM300;2600;P_VARIABLE;13;79.5;450;200;1;100;200
8087;z6568A;TVM300;2000;P_VARIABLE;24;60.26086;500;200;1;100;200
8088;z6576B;TVM300;2600;P_VARIABLE;13;82.16666;450;200;1;100;200
8089;z6576A;TVM300;2000;P_VARIABLE;14;58.46153;500;200;1;100;200
8090;z6582B;TVM300;2600;P_VARIABLE;19;79.77777;450;200;1;100;200
8091;z6582A;TVM300;2000;P_VARIABLE;12;62.0909;500;200;1;100;200
8092;z6586;TVM300;2600;P_VARIABLE;24;80.47826;450;200;1;100;200
8093;z6589A;TVM300;2300;P_VARIABLE;21;79.85;500;200;1;100;200
8094;z6589B;TVM300;1700;P_VARIABLE;5;57;500;200;1;100;200
8095;z6603A;TVM300;2300;P_VARIABLE;18;80.11764;500;200;1;100;200
8097;z6603C;TVM300;2300;P_VARIABLE;4;67.66666;500;200;1;100;200
8098;z6603D;TVM300;1700;P_VARIABLE;4;55.33333;500;200;1;100;200
8099;z6625A;TVM300;2300;P_VARIABLE;4;89;500;200;1;100;200
8100;z6625B;TVM300;1700;P_VARIABLE;6;63;500;200;1;100;200
8101;z6625C;TVM300;2300;P_VARIABLE;10;79.77777;500;200;1;100;200
8102;z6625D;TVM300;1700;P_VARIABLE;16;59.86666;500;200;1;100;200
8103;z6633A;TVM300;2300;P_VARIABLE;15;80.78571;500;200;1;100;200
8104;z6633B;TVM300;1700;P_VARIABLE;20;60.36842;500;200;1;100;200
8105;z6641A;TVM300;2300;P_VARIABLE;9;75.75;500;200;1;100;200
8106;z6644B;TVM300;2600;P_VARIABLE;4;90;450;200;1;100;200
8107;z6644C;TVM300;2000;P_VARIABLE;23;60.22727;500;200;1;100;200
8108;z6640A;TVM300;2600;P_VARIABLE;15;79.21428;450;200;1;100;200
8109;z6640B;TVM300;2000;P_VARIABLE;15;59.64285;500;200;1;100;200
8110;z6632A;TVM300;2600;P_VARIABLE;13;80.08333;450;200;1;100;200
8111;z6632B;TVM300;2000;P_VARIABLE;12;58;500;200;1;100;200
8112;z6632C;TVM300;2600;P_VARIABLE;4;70;450;200;1;100;200
8113;z6614A;TVM300;2000;P_VARIABLE;9;61.5;500;200;1;100;200
8114;z6614B;TVM300;2600;P_VARIABLE;4;75.33333;450;200;1;100;200
8115;z6614C;TVM300;2000;P_VARIABLE;22;61;500;200;1;100;200
8116;z6602A;TVM300;2600;P_VARIABLE;11;82.8;450;200;1;100;200
8117;z6602B;TVM300;2000;P_VARIABLE;20;60.57894;500;200;1;100;200
8119;z6619;TVM300;1700;P_VARIABLE;11;57.8;500;200;1;100;200
8121;z6641B;TVM300;1700;P_VARIABLE;16;58.53333;500;200;1;100;200
8122;z6641C;TVM300;2300;P_VARIABLE;11;84;500;200;1;100;200
8123;z6703A;TVM300;1700;P_VARIABLE;25;60.79166;500;200;1;100;200
8124;z6703B;TVM300;2300;P_VARIABLE;4;76.33333;500;200;1;100;200
8125;z6703C;TVM300;1700;P_VARIABLE;5;63.5;500;200;1;100;200
8126;z67333A;TVM300;2300;P_VARIABLE;5;83.75;500;200;1;100;200
8127;z6733B;TVM300;1700;P_VARIABLE;18;60.82352;500;200;1;100;200
8128;z6733C;TVM300;2300;P_VARIABLE;14;77.84615;500;200;1;100;200
8129;z6741A;TVM300;1700;P_VARIABLE;19;60.38888;500;200;1;100;200
8130;z6741B;TVM300;2300;P_VARIABLE;14;81.92307;500;200;1;100;200
8131;z6745A;TVM300;1700;P_VARIABLE;20;60.73684;500;200;1;100;200
8132;z6745B;TVM300;2300;P_VARIABLE;15;80.71428;500;200;1;100;200
8133;z6751A;TVM300;1700;P_VARIABLE;9;62.875;500;200;1;100;200
8134;z6754B;TVM300;2000;P_VARIABLE;19;60.94444;500;200;1;100;200
8135;z6750A;TVM300;2600;P_VARIABLE;13;81.08333;450;200;1;100;200
8136;z6750B;TVM300;2000;P_VARIABLE;14;58.07692;500;200;1;100;200
8137;z6744A;TVM300;2600;P_VARIABLE;20;79.78947;450;200;1;100;200
8138;z6744B;TVM300;2000;P_VARIABLE;7;58.5;500;200;1;100;200
8139;z6740;TVM300;2600;P_VARIABLE;25;79.33333;450;200;1;100;200
8140;z6732A;TVM300;2000;P_VARIABLE;11;60.8;500;200;1;100;200
8141;z6732B;TVM300;2600;P_VARIABLE;5;87.25;450;200;1;100;200
8142;z6732C;TVM300;2000;P_VARIABLE;5;61.5;500;200;1;100;200
8143;z6732D;TVM300;2600;P_VARIABLE;4;76;450;200;1;100;200
8144;z6732E;TVM300;2000;P_VARIABLE;12;62.18181;500;200;1;100;200
8145;z6702;TVM300;2600;P_VARIABLE;25;79.25;450;200;1;100;200
8146;z6644A;TVM300;2000;P_VARIABLE;7;62;500;200;1;100;200
8147;z6751B;TVM300;2300;P_VARIABLE;22;79.71428;500;200;1;100;200
8148;z6793A;TVM300;1700;P_VARIABLE;21;59.55;500;200;1;100;200
8149;z6793B;TVM300;2300;P_VARIABLE;16;79.73333;500;200;1;100;200
8150;z6803A;TVM300;1700;P_VARIABLE;18;58.58823;500;200;1;100;200
8151;z6803B;TVM300;2300;P_VARIABLE;5;81.75;500;200;1;100;200
8152;z6803C;TVM300;1700;P_VARIABLE;7;56.66666;500;200;1;100;200
8153;z6803D;TVM300;2300;P_VARIABLE;6;80.6;500;200;1;100;200
8154;z6833;TVM300;1700;P_VARIABLE;31;60.43333;500;200;1;100;200
8155;z6841A;TVM300;2300;P_VARIABLE;13;80.16666;500;200;1;100;200
8156;z6841B;TVM300;1700;P_VARIABLE;18;58.52941;500;200;1;100;200
8157;z6848A;TVM300;2600;P_VARIABLE;13;80.91666;450;200;1;100;200
8158;z6848B;TVM300;2000;P_VARIABLE;18;58.35294;500;200;1;100;200
8159;z6840A;TVM300;2600;P_VARIABLE;15;77.57142;450;200;1;100;200
8160;z6840B;TVM300;2000;P_VARIABLE;19;61.5;500;200;1;100;200
8161;z6832A;TVM300;2600;P_VARIABLE;9;76.875;450;200;1;100;200
8162;z6832B;TVM300;2000;P_VARIABLE;12;61;500;200;1;100;200
8163;z6832C;TVM300;2600;P_VARIABLE;10;82.88888;450;200;1;100;200
8164;z6802;TVM300;2000;P_VARIABLE;32;60.29032;500;200;1;100;200
8165;z6792A;TVM300;2600;P_VARIABLE;3;80.5;450;200;1;100;200
8166;z6792B;TVM300;2000;P_VARIABLE;28;60.81481;500;200;1;100;200
8167;z6754A;TVM300;2600;P_VARIABLE;9;78.75;450;200;1;100;200
8168;z6845A;TVM300;2300;P_VARIABLE;18;81.23529;500;200;1;100;200
8169;z6845B;TVM300;1700;P_VARIABLE;14;59.53846;500;200;1;100;200
8170;z6849A;TVM300;2300;P_VARIABLE;15;77.78571;500;200;1;100;200
8171;z6849B;TVM300;1700;P_VARIABLE;20;58.42105;500;200;1;100;200
8172;z6853A;TVM300;2300;P_VARIABLE;15;78.14285;500;200;1;100;200
8173;z6853B;TVM300;1700;P_VARIABLE;15;60.5;500;200;1;100;200
8174;z6857A;TVM300;2300;P_VARIABLE;17;81.375;500;200;1;100;200
8175;z6857B;TVM300;1700;P_VARIABLE;23;60.40909;500;200;1;100;200
8176;z6868B;TVM300;2000;P_VARIABLE;10;59.22222;500;200;1;100;200
8177;z6868A;TVM300;2600;P_VARIABLE;18;80;450;200;1;100;200
8178;z6864A;TVM300;2600;P_VARIABLE;22;81.14285;450;200;1;100;200
8179;z6864B;TVM300;2000;P_VARIABLE;4;62.33333;500;200;1;100;200
8180;z6860A;TVM300;2600;P_VARIABLE;23;80.13636;450;200;1;100;200
8181;z6860B;TVM300;2000;P_VARIABLE;5;61.75;500;200;1;100;200
8182;z6856A;TVM300;2600;P_VARIABLE;23;78.77272;450;200;1;100;200
8183;z6856B;TVM300;2000;P_VARIABLE;5;64.75;500;200;1;100;200
8184;z6852A;TVM300;2600;P_VARIABLE;13;83;450;200;1;100;200
8185;z6852B;TVM300;2000;P_VARIABLE;18;60.11764;500;200;1;100;200
8186;z6865A;TVM300;2300;P_VARIABLE;11;79.9;500;200;1;100;200
8187;z6865B;TVM300;1700;P_VARIABLE;16;60.53333;500;200;1;100;200
8188;z6865C;TVM300;2300;P_VARIABLE;4;71.66666;500;200;1;100;200
8189;z6873;TVM300;1700;P_VARIABLE;31;60.06666;500;200;1;100;200
8190;z6875A;TVM300;2300;P_VARIABLE;2;33.85;500;200;1;100;200
8191;z6875B;TVM300;1700;P_VARIABLE;23;59;500;200;1;100;200
8192;z6881A;TVM300;2300;P_VARIABLE;3;93;500;200;1;100;200
8193;z6881B;TVM300;1700;P_VARIABLE;9;58.5;500;200;1;100;200
8195;z4718;TVM300;2000;P_VARIABLE;11;59.6;500;200;1;100;200
8196;z4720;TVM300;2600;P_VARIABLE;7;74.66666;450;200;1;100;200
8197;z4722;TVM300;2000;P_VARIABLE;6;63.2;500;200;1;100;200
8198;z4724;TVM300;2600;P_VARIABLE;14;81;450;200;1;100;200
8199;z4728;TVM300;2000;P_VARIABLE;2;47.66666;500;200;1;100;200
8200;z6876A;TVM300;2600;P_VARIABLE;19;80.38888;450;200;1;100;200
8201;z6876B;TVM300;2000;P_VARIABLE;15;58.64285;500;200;1;100;200
8202;z6071B;TVM300;2300;P_VARIABLE;16;78.06666;500;200;1;100;200
8203;z6093A;TVM300;1700;P_VARIABLE;19;58.94444;500;200;1;100;200
8204;z6093B;TVM300;2300;P_VARIABLE;18;81.7647;500;200;1;100;200
8205;z6074A;TVM300;2600;P_VARIABLE;15;81.92857;450;200;1;100;200
8206;z6092B;TVM300;2000;P_VARIABLE;22;59.71428;500;200;1;100;200
8207;z6092A;TVM300;2600;P_VARIABLE;11;82.6;450;200;1;100;200
8208;z6102;TVM300;2000;P_VARIABLE;33;59.1875;500;200;1;100;200
8209;z5414B;TVM300;2600;P_VARIABLE;4;75.33333;450;200;1;100;200
8210;z5803D;TVM430;2300;P_VARIABLE;4;75;800;320;1;160;320
8211;z5807A;TVM430;1700;P_VARIABLE;5;55.75;800;320;1;160;320
8212;z5807B;TVM430;2300;P_VARIABLE;14;79.07692;800;320;1;160;320
8213;z5807C;TVM430;1700;P_VARIABLE;15;60.85714;800;320;1;160;320
8214;z5807D;TVM430;2300;P_VARIABLE;1;49.2;800;320;1;160;320
8215;z5807E;TVM430;1700;P_VARIABLE;6;50.2;800;320;1;160;320
8216;z8210A;TVM430;2000;P_VARIABLE;5;54;800;320;1;160;320
8217;z8210B;TVM430;2600;P_VARIABLE;2;33.35;800;320;1;160;320
8218;z5814;TVM430;2000;P_VARIABLE;16;60.46666;800;320;1;160;320
8219;z8121A;TVM430;1700;P_VARIABLE;15;58.85714;800;320;1;160;320
8220;z8121B;TVM430;2300;P_VARIABLE;11;79.4;800;320;1;160;320
8221;z8123A;TVM430;1700;P_VARIABLE;5;55;800;320;1;160;320
8222;z8123B;TVM430;2300;P_VARIABLE;1;51;800;320;1;160;320
8223;z5837;TVM430;1700;P_VARIABLE;8;63;800;320;1;160;320
8224;z5852E;TVM430;2600;P_VARIABLE;7;74.83333;800;320;1;160;320
8225;z5824A;TVM430;2000;P_VARIABLE;7;58.83333;800;320;1;160;320
8226;z5824B;TVM430;2600;P_VARIABLE;12;78.81818;800;320;1;160;320
8227;z5824C;TVM430;2000;P_VARIABLE;2;33;800;320;1;160;320
8228;z5824D;TVM430;2600;P_VARIABLE;5;79;800;320;1;160;320
8229;z7041A;TVM300;1700;P_VARIABLE;8;63.14285;500;200;1;100;200
8230;z7041B;TVM300;2300;P_VARIABLE;18;81.88235;500;200;1;100;200
8231;z5703A;TVM300;1700;P_VARIABLE;29;60.85714;500;200;1;100;200
8232;z5703B;TVM300;2300;P_VARIABLE;4;93;500;200;1;100;200
8233;z5725A;TVM300;1700;P_VARIABLE;5;57.5;500;200;1;100;200
8234;z5725B;TVM300;2300;P_VARIABLE;7;83.16666;500;200;1;100;200
8235;z5725C;TVM300;1700;P_VARIABLE;10;59;500;200;1;100;200
8236;z5725D;TVM300;2300;P_VARIABLE;6;76.2;500;200;1;100;200
8237;z5732A;TVM300;2600;P_VARIABLE;8;79.28571;450;200;1;100;200
8238;z5732B;TVM300;2000;P_VARIABLE;5;61.5;500;200;1;100;200
8239;z5732C;TVM300;2600;P_VARIABLE;8;80;450;200;1;100;200
8240;z5732D;TVM300;2000;P_VARIABLE;6;64.6;500;200;1;100;200
8241;z5714A;TVM300;2600;P_VARIABLE;19;81.44444;450;200;1;100;200
8242;z5714B;TVM300;2000;P_VARIABLE;9;57.75;500;200;1;100;200
8243;z7044A;TVM300;2600;P_VARIABLE;20;78.94736;450;200;1;100;200
8244;z6627;TVM300;2300;P_VARIABLE;2;52.33333;500;200;1;100;200
8245;z6881C;TVM300;2300;P_VARIABLE;13;77.08333;500;200;1;100;200
8246;z5803B;TVM300;1700;P_CONSTANT;6;56;500;200;0;100;200
8247;z5825B;TVM300;2300;P_VARIABLE;4;72;500;200;0;100;200
8248;z;TVM300;2000;P_CONSTANT;4;66;500;200;0;100;200
8249;z6003B;TVM300;2300;P_VARIABLE;6;79;500;200;1;100;200
8250;z6603B;TVM300;1700;P_CONSTANT;4;67;500;200;1;100;200
8251;z5818B;TVM300;2600;P_VARIABLE;4;73;450;200;1;100;200
8252;z7103A;TVM300;1700;P_CONSTANT;20;60.21052632;500;200;1;100;200
8253;z7103B;TVM300;2300;P_CONSTANT;3;70.5;500;200;1;100;200
8254;z7103C;TVM300;1700;P_CONSTANT;10;61;500;200;1;100;200
8255;z7133;TVM300;2300;P_CONSTANT;28;78.88888889;500;200;1;100;200
8256;z7141;TVM300;1700;P_CONSTANT;33;61.12121212;500;200;1;100;200
8257;z7145;TVM300;2300;P_CONSTANT;25;81.25;500;200;1;100;200
8258;z7132D;TVM300;2600;P_CONSTANT;3;72;450;200;1;100;200
8259;z7132C;TVM300;2000;P_CONSTANT;16;60;500;200;1;100;200
8261;z7132A;TVM300;2000;P_CONSTANT;12;60;500;200;1;100;200
8262;z7140B;TVM300;2600;P_CONSTANT;12;83.45454545;450;200;1;100;200
8263;z7140A;TVM300;2000;P_CONSTANT;17;59.0625;500;200;1;100;200
8264;z7144B;TVM300;2600;P_CONSTANT;13;82.08333333;450;200;1;100;200
8265;z7144A;TVM300;2000;P_CONSTANT;17;60.625;500;200;1;100;200
8266;z7148B;TVM300;2600;P_CONSTANT;13;76.66666667;450;200;1;100;200
8267;z7148A;TVM300;2000;P_CONSTANT;17;58.375;500;200;1;100;200
8268;z7152B;TVM300;2600;P_CONSTANT;5;80.25;450;200;1;100;200
8269;z7149;TVM300;1700;P_VARIABLE;34;60;500;200;1;100;200
8270;z7153;TVM300;2300;P_VARIABLE;26;79.04;500;200;1;100;200
8271;z7157;TVM300;1700;P_VARIABLE;34;60;500;200;1;100;200
8272;z7161A;TVM300;2300;P_CONSTANT;13;77.58333333;500;200;1;100;200
8273;z7161B;TVM300;1700;P_VARIABLE;18;60.52941176;500;200;1;100;200
8274;z7165A;TVM300;2300;P_VARIABLE;13;79.5;500;200;1;100;200
8275;z7165B;TVM300;1700;P_VARIABLE;18;58.58823529;500;200;1;100;200
8276;z7169A;TVM300;2300;P_VARIABLE;13;78.08333333;500;200;1;100;200
8277;z7169B;TVM300;1700;P_CONSTANT;17;58.3125;500;200;1;100;200
8278;z7152A;TVM300;2000;P_VARIABLE;27;60.26923077;500;200;1;100;200
8279;z7156B;TVM300;2600;P_VARIABLE;13;78.66666667;450;200;1;100;200
8280;z7156A;TVM300;2000;P_VARIABLE;17;61;500;200;1;100;200
8281;z7160B;TVM300;2600;P_VARIABLE;12;81.63636364;450;200;1;100;200
8282;z7160A;TVM300;2000;P_VARIABLE;18;61;500;200;1;100;200
8283;z7164B;TVM300;2600;P_VARIABLE;13;77.25;450;200;1;100;200
8284;z7164A;TVM300;2000;P_VARIABLE;17;59.1875;500;200;1;100;200
8285;z7168B;TVM300;2600;P_VARIABLE;13;77.25;500;200;1;100;200
8286;z7168A;TVM300;2000;P_VARIABLE;17;59.1875;500;200;1;100;200
8287;z7172B;TVM300;2600;P_VARIABLE;13;77.41666667;450;200;1;100;200
8288;z7172A;TVM300;2000;P_VARIABLE;16;61.4;500;200;1;100;200
8289;z7173;TVM300;2300;P_VARIABLE;24;79.30434783;500;200;1;100;200
8290;z7203A;TVM300;1700;P_VARIABLE;18;62;500;200;1;100;200
8291;z7203B;TVM300;2300;P_VARIABLE;2;99;500;200;1;100;200
8292;z7203C;TVM300;1700;P_VARIABLE;12;62.72727273;500;200;1;100;200
8293;z7211A;TVM300;2300;P_VARIABLE;10;80.44444444;500;200;1;100;200
8295;z7211C;TVM300;2300;P_VARIABLE;6;84.8;500;200;1;100;200
8296;z7211D;TVM300;1700;P_VARIABLE;13;59.25;500;200;1;100;200
8297;z7233A;TVM300;2300;P_VARIABLE;9;80.125;500;200;1;100;200
8298;z7233B;TVM300;1700;P_VARIABLE;21;58.7;500;200;1;100;200
8299;z7241A;TVM300;2300;P_VARIABLE;15;78.64285714;500;200;1;100;200
8300;z7241B;TVM300;1700;P_VARIABLE;15;60.64285714;500;200;1;100;200
8301;z7221B;TVM300;2300;P_VARIABLE;2;83;500;200;1;100;200
8302;z7221A;TVM300;1700;P_VARIABLE;4;51.33333333;500;200;1;100;200
8303;z7219B;TVM300;2300;P_VARIABLE;11;81.4;500;200;1;100;200
8304;z7219A;TVM300;1700;P_VARIABLE;16;55.53333333;500;200;1;100;200
8305;z7202B;TVM300;2600;P_VARIABLE;15;82.21428571;450;200;1;100;200
8306;z7202A;TVM300;2000;P_VARIABLE;16;59.66666667;500;200;1;100;200
8307;z7210C;TVM300;2600;P_VARIABLE;13;82.25;450;200;1;100;200
8309;z7210A;TVM300;2600;P_VARIABLE;7;74.33333333;450;200;1;100;200
8310;z7232F;TVM300;2000;P_VARIABLE;9;59;500;200;1;100;200
8311;z7232E;TVM300;2600;P_VARIABLE;7;79.5;450;200;1;100;200
8313;z7232C;TVM300;2600;P_VARIABLE;7;79.33333333;450;200;1;100;200
8314;z7232B;TVM300;2000;P_VARIABLE;5;62.5;500;200;1;100;200
8315;z7232A;TVM300;2600;P_VARIABLE;8;78.57142857;450;200;1;100;200
8316;z7240B;TVM300;2000;P_VARIABLE;23;59.36363636;500;200;1;100;200
8317;z7240A;TVM300;2600;P_VARIABLE;12;83;450;200;1;100;200
8318;z7244B;TVM300;2000;P_VARIABLE;21;61;500;200;1;100;200
8319;z7244A;TVM300;2600;P_VARIABLE;15;81.28571429;450;200;1;100;200
8320;z7206;TVM300;2600;P_VARIABLE;3;75;450;200;1;100;200
8321;z7204B;TVM300;2000;P_VARIABLE;10;57.44444444;500;200;1;100;200
8322;z7204A;TVM300;2600;P_VARIABLE;7;77;450;200;1;100;200
8323;z7230A;TVM300;2600;P_VARIABLE;3;79;450;200;1;100;200
8324;z7230B;TVM300;2000;P_VARIABLE;8;57.42857143;500;200;1;100;200
8325;z7230C;TVM300;2600;P_VARIABLE;8;76.71428571;450;200;1;100;200
8326;z7230D;TVM300;2000;P_VARIABLE;18;54.11764706;500;200;1;100;200
8327;z7236;TVM300;2000;P_VARIABLE;2;53;500;200;1;100;200
8328;z7245;TVM300;2300;P_VARIABLE;25;78.33333333;500;200;1;100;200
8329;z7249A;TVM300;1700;P_VARIABLE;19;59;500;200;1;100;200
8330;z7249B;TVM300;2300;P_VARIABLE;14;79.07692308;500;200;1;100;200
8331;z7253A;TVM300;1700;P_VARIABLE;15;61.78571429;500;200;1;100;200
8332;z7253B;TVM300;2300;P_VARIABLE;12;76.63636364;500;200;1;100;200
8333;z7257A;TVM300;1700;P_VARIABLE;20;60.47368421;500;200;1;100;200
8334;z7257B;TVM300;2300;P_VARIABLE;16;79.6;500;200;1;100;200
8335;z7261A;TVM300;1700;P_VARIABLE;21;59.9;500;200;1;100;200
8336;z7261B;TVM300;2300;P_VARIABLE;14;78;500;200;1;100;200
8337;z7265A;TVM300;1700;P_VARIABLE;21;61.15;500;200;1;100;200
8338;z7248;TVM300;2000;P_VARIABLE;33;60.21875;500;200;1;100;200
8339;z7252B;TVM300;2600;P_VARIABLE;13;83.16666667;450;200;1;100;200
8340;z7252A;TVM300;2000;P_VARIABLE;18;59.88235294;500;200;1;100;200
8341;z7256B;TVM300;2600;P_VARIABLE;12;80.54545455;450;200;1;100;200
8342;z7256A;TVM300;2000;P_VARIABLE;16;59.66666667;500;200;1;100;200
8343;z7260B;TVM300;2600;P_VARIABLE;11;80.2;450;200;1;100;200
8344;z7260A;TVM300;2000;P_VARIABLE;15;58.35714286;500;200;1;100;200
8345;z7264B;TVM300;2600;P_VARIABLE;12;80.54545455;450;200;1;100;200
8346;z7264A;TVM300;2000;P_VARIABLE;17;58.6875;500;200;1;100;200
8347;z7268B;TVM300;2600;P_VARIABLE;12;83.18181818;450;200;1;100;200
8348;z7265B;TVM300;2300;P_VARIABLE;10;82.77777778;500;200;1;100;200
8349;z7269A;TVM300;1700;P_VARIABLE;16;61.4;500;200;1;100;200
8350;z7269B;TVM300;2300;P_VARIABLE;13;78;500;200;1;100;200
8351;z7273A;TVM300;1700;P_VARIABLE;19;60.94444444;500;200;1;100;200
8352;z7273B;TVM300;2300;P_VARIABLE;14;82.61538462;500;200;1;100;200
8353;z7277A;TVM300;1700;P_VARIABLE;16;61.73333333;500;200;1;100;200
8354;z7277B;TVM300;2300;P_VARIABLE;15;77.64285714;500;200;1;100;200
8355;z7281A;TVM300;1700;P_VARIABLE;16;59.06666667;500;200;1;100;200
8356;z7281B;TVM300;2300;P_VARIABLE;14;80.69230769;500;200;1;100;200
8357;z7285A;TVM300;1700;P_VARIABLE;19;61.27777778;500;200;1;100;200
8358;z7285B;TVM300;2300;P_VARIABLE;13;80.5;500;200;1;100;200
8359;z7268A;TVM300;2000;P_VARIABLE;16;58.33333333;500;200;1;100;200
8360;z7272B;TVM300;2600;P_VARIABLE;18;79.41176471;450;200;1;100;200
8361;z7272A;TVM300;2000;P_VARIABLE;22;60.47619048;500;200;1;100;200
8362;z7276B;TVM300;2600;P_VARIABLE;12;80.90909091;450;200;1;100;200
8363;z7276A;TVM300;2000;P_VARIABLE;16;60.66666667;500;200;1;100;200
8364;z7280B;TVM300;2600;P_VARIABLE;14;82.38461538;450;200;1;100;200
8365;z7280A;TVM300;2000;P_VARIABLE;17;59.3125;500;200;1;100;200
8366;z7284B;TVM300;2600;P_VARIABLE;12;82.72727273;450;200;1;100;200
8367;z7284A;TVM300;2000;P_VARIABLE;17;58.125;500;200;1;100;200
8368;z7288B;TVM300;2600;P_VARIABLE;13;77.08333333;450;200;1;100;200
8369;z7288A;TVM300;2000;P_VARIABLE;17;59.0625;500;200;1;100;200
8370;z7289A;TVM300;1700;P_VARIABLE;17;58.4375;500;200;1;100;200
8371;z7289B;TVM300;2300;P_VARIABLE;12;83.18181818;500;200;1;100;200
8372;z7293A;TVM300;1700;P_VARIABLE;18;58.23529412;500;200;1;100;200
8373;z7293B;TVM300;2300;P_VARIABLE;15;78.57142857;500;200;1;100;200
8374;z7303A;TVM300;1700;P_VARIABLE;13;62.41666667;500;200;1;100;200
8375;z7303B;TVM300;2300;P_VARIABLE;5;76.25;500;200;1;100;200
8376;z7303C;TVM300;1700;P_VARIABLE;6;65;500;200;1;100;200
8377;z7303D;TVM300;2300;P_VARIABLE;6;83;500;200;1;100;200
8378;z7327A;TVM300;1700;P_VARIABLE;9;57.625;500;200;1;100;200
8380;z7327C;TVM300;1700;P_VARIABLE;15;59.92857143;500;200;1;100;200
8381;z7327D;TVM300;1700;P_VARIABLE;3;57.73;500;200;1;100;200
8382;z7327E;TVM300;2300;P_VARIABLE;7;78;500;200;1;100;200
8383;z7327F;TVM300;1700;P_VARIABLE;19;58.88888889;500;200;1;100;200
8384;z7292B;TVM300;2600;P_VARIABLE;14;78.76923077;450;200;1;100;200
8385;z7292A;TVM300;2000;P_VARIABLE;17;61.625;500;200;1;100;200
8386;z7302B;TVM300;2600;P_VARIABLE;11;84;450;200;1;100;200
8387;z7302A;TVM300;2000;P_VARIABLE;15;61.42857143;500;200;1;100;200
8388;z7332E;TVM300;2600;P_VARIABLE;9;76.125;450;200;1;100;200
8389;z7332D;TVM300;2000;P_VARIABLE;0;0;500;200;1;100;200
8390;z7332C;TVM300;2600;P_VARIABLE;7;84.66666667;450;200;1;100;200
8392;z7332A;TVM300;2600;P_VARIABLE;6;82.4;450;200;1;100;200
8393;z7344C;TVM300;2000;P_VARIABLE;11;60.2;500;200;1;100;200
8394;z7344B;TVM300;2600;P_VARIABLE;6;88.2;450;200;1;100;200
8395;z7344A;TVM300;2000;P_VARIABLE;16;61.06666667;500;200;1;100;200
8396;z7336B;TVM300;2600;P_VARIABLE;3;75.4;450;200;1;100;200
8397;z7336A;TVM300;2000;P_VARIABLE;8;62.14285714;500;200;1;100;200
8398;z7402B;TVM300;2600;P_VARIABLE;18;77.88235294;450;200;1;100;200
8399;z7402A;TVM300;2000;P_VARIABLE;19;59.22222222;500;200;1;100;200
8400;z7403A;TVM300;2300;P_VARIABLE;12;82.09090909;500;200;1;100;200
8401;z7403B;TVM300;1700;P_VARIABLE;18;60.47058824;500;200;1;100;200
8402;z7403C;TVM300;2300;P_VARIABLE;7;76.33333333;500;200;1;100;200
8403;z7403D;TVM300;1700;P_VARIABLE;3;51.73;500;200;1;100;200
8404;z7403E;TVM300;2300;P_VARIABLE;4;86;500;200;1;100;200
8405;z7437A;TVM300;1700;P_VARIABLE;14;56.7;500;200;1;100;200
8406;z7437B;TVM300;2300;P_VARIABLE;12;81.45454545;500;200;1;100;200
8407;z7327B;TVM300;2300;P_VARIABLE;5;71.5;500;200;1;100;200
8408;z7332B;TVM300;2000;P_VARIABLE;8;59.71428571;500;200;1;100;200
8409;z7210B;TVM300;2000;P_VARIABLE;8;61.42857143;500;200;1;100;200
8410;z7211B;TVM300;1700;P_VARIABLE;7;60.16666667;500;200;1;100;200
8411;z7232D;TVM300;2000;P_VARIABLE;6;66.2;500;200;1;100;200
8412;z7432E;TVM300;2600;P_VARIABLE;15;79.28571429;450;200;1;100;200
8413;z7432D;TVM300;2000;P_VARIABLE;4;58.33333333;500;200;1;100;200
8415;z7432B;TVM300;2000;P_VARIABLE;7;59.5;500;200;1;100;200
8416;z7432A;TVM300;2600;P_VARIABLE;3;75;450;200;1;100;200
8417;z7436D;TVM300;2000;P_VARIABLE;3;51.73;500;200;1;100;200
8418;z7436C;TVM300;2600;P_VARIABLE;4;86;450;200;1;100;200
8419;z7436B;TVM300;2000;P_VARIABLE;10;56.88888889;500;200;1;100;200
8420;z7436A;TVM300;2600;P_VARIABLE;6;78.4;450;200;1;100;200
8421;z7432F;TVM300;1700;P_VARIABLE;11;61.1;500;200;1;100;200
8422;z7432G;TVM300;2300;P_VARIABLE;13;79.16666667;500;200;1;100;200
8423;z7432C;TVM300;2600;P_VARIABLE;3;89.5;450;200;1;100;200
8424;z7333A;TVM300;2300;P_VARIABLE;14;82.84615385;500;200;1;100;200
8425;z7333B;TVM300;1700;P_VARIABLE;19;60.94444444;500;200;1;100;200
8426;z7503A;TVM300;2300;P_VARIABLE;8;74.71428571;500;200;1;100;200
8428;z7503C;TVM300;2300;P_VARIABLE;12;83.09090909;500;200;1;100;200
8429;z7533A;TVM300;1700;P_VARIABLE;20;61.10526316;500;200;1;100;200
8430;z7533B;TVM300;2300;P_VARIABLE;12;77.81818182;500;200;1;100;200
8431;z7541A;TVM300;1700;P_VARIABLE;16;61.4;500;200;1;100;200
8432;z7541B;TVM300;2300;P_VARIABLE;14;80.30769231;500;200;1;100;200
8433;z7505B;TVM300;2300;P_VARIABLE;4;84.33;500;200;1;100;200
8434;z7505A;TVM300;1700;P_VARIABLE;17;60.3125;500;200;1;100;200
8435;z7502B;TVM300;2600;P_VARIABLE;18;81.70588235;450;200;1;100;200
8436;z7502A;TVM300;2000;P_VARIABLE;7;56.66666667;500;200;1;100;200
8437;z7532C;TVM300;2600;P_VARIABLE;8;79;450;200;1;100;200
8438;z7532B;TVM300;2000;P_VARIABLE;5;61.5;500;200;1;100;200
8439;z7532A;TVM300;2600;P_VARIABLE;11;80.8;450;200;1;100;200
8440;z7540B;TVM300;2000;P_VARIABLE;17;59.5;500;200;1;100;200
8441;z7540A;TVM300;2600;P_VARIABLE;15;78.21428571;450;200;1;100;200
8442;z7544B;TVM300;2000;P_VARIABLE;19;59.44444444;500;200;1;100;200
8443;z7544A;TVM300;2600;P_VARIABLE;12;81.27272727;450;200;1;100;200
8444;z7545A;TVM300;1700;P_VARIABLE;18;60.88235294;500;200;1;100;200
8445;z7545B;TVM300;2300;P_VARIABLE;14;77.30769231;500;200;1;100;200
8446;z7549A;TVM300;1700;P_VARIABLE;16;61.33333333;500;200;1;100;200
8447;z7549B;TVM300;2300;P_VARIABLE;12;81.81818182;500;200;1;100;200
8448;z7553A;TVM300;1700;P_CONSTANT;14;100;500;200;1;100;200
8449;z7553B;TVM300;2300;P_VARIABLE;14;77;500;200;1;100;200
8450;z7557A;TVM300;1700;P_VARIABLE;17;60.875;500;200;1;100;200
8451;z7557B;TVM300;2300;P_VARIABLE;13;80.91666667;500;200;1;100;200
8452;z7561A;TVM300;1700;P_VARIABLE;17;58.4375;500;200;1;100;200
8453;z7561B;TVM300;2300;P_VARIABLE;12;83.18181818;500;200;1;100;200
8454;z7548B;TVM300;2000;P_VARIABLE;16;61;500;200;1;100;200
8455;z7548A;TVM300;2600;P_VARIABLE;12;81.81818182;450;200;1;100;200
8456;z7552B;TVM300;2000;P_VARIABLE;19;61.44444444;500;200;1;100;200
8457;z7552A;TVM300;2600;P_VARIABLE;12;83.45454545;450;200;1;100;200
8458;z7556B;TVM300;2000;P_VARIABLE;16;61.46666667;500;200;1;100;200
8459;z7556A;TVM300;2600;P_VARIABLE;13;82.33333333;450;200;1;100;200
8460;z7560B;TVM300;2000;P_VARIABLE;16;60.33333333;500;200;1;100;200
8461;z7560A;TVM300;2600;P_VARIABLE;12;80.45454545;450;200;1;100;200
8462;z7564B;TVM300;2000;P_VARIABLE;17;61.8125;500;200;1;100;200
8463;z7564A;TVM300;2600;P_VARIABLE;13;79.75;450;200;1;100;200
8464;z7565A;TVM300;1700;P_VARIABLE;15;61.57142857;500;200;1;100;200
8465;z7565B;TVM300;2300;P_VARIABLE;12;76.63636364;500;200;1;100;200
8466;z7569A;TVM300;1700;P_VARIABLE;17;60.8125;500;200;1;100;200
8467;z7569B;TVM300;2300;P_VARIABLE;13;80.58333333;500;200;1;100;200
8468;z7573;TVM300;1700;P_VARIABLE;34;61.21212121;500;200;1;100;200
8469;z7577;TVM300;2300;P_VARIABLE;26;81.2;500;200;1;100;200
8470;z7581;TVM300;1700;P_VARIABLE;34;60.87878788;500;200;1;100;200
8471;z7568B;TVM300;2000;P_VARIABLE;18;61.47058824;500;200;1;100;200
8472;z7568A;TVM300;2600;P_VARIABLE;14;77.61538462;450;200;1;100;200
8473;z7572;TVM300;2000;P_VARIABLE;34;61.3030303;500;200;1;100;200
8474;z7576B;TVM300;2600;P_VARIABLE;12;80.36363636;450;200;1;100;200
8475;z7576A;TVM300;2000;P_VARIABLE;17;59.75;500;200;1;100;200
8476;z7580B;TVM300;2600;P_VARIABLE;12;78.09090909;450;200;1;100;200
8477;z7580A;TVM300;2000;P_VARIABLE;16;61.2;500;200;1;100;200
8478;z7602B;TVM300;2600;P_VARIABLE;13;77.16666667;450;200;1;100;200
8479;z7602A;TVM300;2000;P_VARIABLE;17;60.3125;500;200;1;100;200
8480;z7603A;TVM300;2300;P_VARIABLE;8;81;500;200;1;100;200
8481;z7603B;TVM300;1700;P_VARIABLE;6;65;500;200;1;100;200
8482;z7603C;TVM300;2300;P_VARIABLE;5;76.25;500;200;1;100;200
8483;z7603D;TVM300;1700;P_VARIABLE;12;58.18181818;500;200;1;100;200
8484;z7619A;TVM300;2300;P_VARIABLE;13;81.91666667;500;200;1;100;200
8485;z7619B;TVM300;1700;P_VARIABLE;17;59.4375;500;200;1;100;200
8486;z7623A;TVM300;2300;P_VARIABLE;13;76.75;500;200;1;100;200
8487;z7623B;TVM300;1700;P_VARIABLE;17;59.3125;500;200;1;100;200
8488;z7627A;TVM300;2300;P_VARIABLE;16;80.73333333;500;200;1;100;200
8490;z7627C;TVM300;2300;P_VARIABLE;6;86.8;500;200;1;100;200
8491;z7627D;TVM300;1700;P_VARIABLE;9;57.125;500;200;1;100;200
8492;z7627B;TVM300;1700;P_VARIABLE;6;66.2;500;200;1;100;200
8493;z7627E;TVM300;2300;P_VARIABLE;4;88;500;200;1;100;200
8494;z7637A;TVM300;1700;P_VARIABLE;8;56.14285714;500;200;1;100;200
8495;z7637B;TVM300;2300;P_VARIABLE;12;77.36363636;500;200;1;100;200
8496;z7637C;TVM300;1700;P_VARIABLE;18;54.11764706;500;200;1;100;200
8497;z7618D;TVM300;2600;P_VARIABLE;9;79;450;200;1;100;200
8498;z7618C;TVM300;2000;P_VARIABLE;10;63.11111111;500;200;1;100;200
8499;z7618B;TVM300;2600;P_VARIABLE;0;0;450;200;1;100;200
8500;z7618A;TVM300;2000;P_VARIABLE;10;57.88888889;500;200;1;100;200
8501;z7622B;TVM300;2600;P_VARIABLE;16;77.66666667;450;200;1;100;200
8502;z7622A;TVM300;2000;P_VARIABLE;23;59.5;500;200;1;100;200
8503;z7632C;TVM300;2600;P_VARIABLE;15;82.5;450;200;1;100;200
8505;z7632A;TVM300;2600;P_VARIABLE;8;85.28571429;450;200;1;100;200
8506;z7640C;TVM300;2000;P_VARIABLE;6;59.8;500;200;1;100;200
8507;z7640B;TVM300;2600;P_VARIABLE;12;81.18181818;450;200;1;100;200
8508;z7640A;TVM300;2000;P_VARIABLE;9;63.75;500;200;1;100;200
8509;z7618E;TVM300;2600;P_VARIABLE;3;71.5;450;200;1;100;200
8510;z7636B;TVM300;2600;P_VARIABLE;6;79.44;450;200;1;100;200
8511;z7632B;TVM300;2000;P_VARIABLE;9;57.625;500;200;1;100;200
8512;z7636A;TVM300;2000;P_VARIABLE;8;58.14285714;500;200;1;100;200
8513;z7642C;TVM300;2600;P_VARIABLE;9;79;450;200;1;100;200
8514;z7642B;TVM300;2000;P_VARIABLE;17;59.25;500;200;1;100;200
8515;z7642A;TVM300;2600;P_VARIABLE;12;76.81818182;450;200;1;100;200
8516;z7633A;TVM300;2300;P_VARIABLE;7;74.83333333;500;200;1;100;200
8517;z7633B;TVM300;1700;P_VARIABLE;8;62.85714286;500;200;1;100;200
8518;z7633C;TVM300;2300;P_VARIABLE;14;77;500;200;1;100;200
8519;z7647A;TVM300;1700;P_VARIABLE;18;60.35294118;500;200;1;100;200
8520;z7647B;TVM300;2300;P_VARIABLE;16;79.2;500;200;1;100;200
8521;z7651A;TVM300;1700;P_VARIABLE;18;61.70588235;500;200;1;100;200
8522;z7651B;TVM300;2300;P_VARIABLE;12;79.27272727;500;200;1;100;200
8523;z7655A;TVM300;1700;P_VARIABLE;16;61.46666667;500;200;1;100;200
8524;z7655B;TVM300;2300;P_VARIABLE;15;78.07142857;500;200;1;100;200
8525;z7659A;TVM300;1700;P_VARIABLE;17;58.3125;500;200;1;100;200
8526;z7659B;TVM300;2300;P_VARIABLE;15;77.64285714;500;200;1;100;200
8527;z7663A;TVM300;1700;P_VARIABLE;24;61.17391304;500;200;1;100;200
8528;z7646B;TVM300;2600;P_CONSTANT;11;90;450;200;1;100;200
8529;z7646A;TVM300;2000;P_VARIABLE;17;58.6875;500;200;1;100;200
8530;z7650B;TVM300;2600;P_VARIABLE;15;77.71428571;450;200;1;100;200
8531;z7650A;TVM300;2000;P_VARIABLE;13;59.41666667;500;200;1;100;200
8532;z7654C;TVM300;2600;P_VARIABLE;11;79;450;200;1;100;200
8533;z7654B;TVM300;2000;P_VARIABLE;14;61.53846154;500;200;1;100;200
8534;z7654A;TVM300;2600;P_VARIABLE;11;78.5;450;200;1;100;200
8535;z7658B;TVM300;2000;P_VARIABLE;23;58.81818182;500;200;1;100;200
8536;z7658A;TVM300;2600;P_VARIABLE;13;79.66666667;450;200;1;100;200
8537;z7662B;TVM300;2000;P_VARIABLE;19;59.44444444;500;200;1;100;200
8538;z7662A;TVM300;2600;P_VARIABLE;13;77.5;450;200;1;100;200
8539;z7666B;TVM300;2000;P_VARIABLE;18;60;500;200;1;100;200
8540;z7663B;TVM300;2300;P_VARIABLE;12;83;500;200;1;100;200
8541;z7667A;TVM300;1700;P_VARIABLE;17;59.5;500;200;1;100;200
8542;z7667B;TVM300;2300;P_VARIABLE;14;82.76923077;500;200;1;100;200
8543;z7703A;TVM300;1700;P_VARIABLE;16;61;500;200;1;100;200
8545;z7703C;TVM300;1700;P_VARIABLE;14;59.07692308;500;200;1;100;200
8546;z7733A;TVM300;2300;P_VARIABLE;14;77.07692308;500;200;1;100;200
8547;z7733B;TVM300;1700;P_VARIABLE;19;60;500;200;1;100;200
8548;z7741A;TVM300;2300;P_VARIABLE;14;79.92307692;500;200;1;100;200
8549;z7741B;TVM300;1700;P_VARIABLE;19;58.94444444;500;200;1;100;200
8550;z7705A;TVM300;1700;P_VARIABLE;16;54.72;500;200;1;100;200
8551;z7705B;TVM300;2300;P_VARIABLE;13;78.33333333;500;200;1;100;200
8552;z7707;TVM300;1700;P_VARIABLE;33;59.21875;500;200;1;100;200
8553;z7709A;TVM300;2300;P_VARIABLE;4;66.66666667;500;200;1;100;200
8554;z7709B;TVM300;1700;P_VARIABLE;11;56.3;500;200;1;100;200
8555;z7703B;TVM300;2300;P_VARIABLE;5;79;500;200;1;100;200
8556;z7666A;TVM300;2600;P_CONSTANT;15;72.85714286;450;200;1;100;200
8557;z7670B;TVM300;2000;P_VARIABLE;18;58.82352941;500;200;1;100;200
8558;z7670A;TVM300;2600;P_VARIABLE;19;80.33333333;450;200;1;100;200
8559;z7702B;TVM300;2000;P_VARIABLE;21;58.7;500;200;1;100;200
8560;z7702A;TVM300;2600;P_VARIABLE;8;81.57142857;450;200;1;100;200
8562;z7732B;TVM300;2600;P_VARIABLE;5;89;450;200;1;100;200
8563;z7732A;TVM300;2000;P_VARIABLE;17;59.25;500;200;1;100;200
8564;z7802B;TVM300;2600;P_VARIABLE;14;81;450;200;1;100;200
8565;z7802A;TVM300;2000;P_VARIABLE;18;61.58823529;500;200;1;100;200
8566;z7716B;TVM300;2600;P_VARIABLE;11;90;450;200;1;100;200
8567;z7716A;TVM300;2000;P_VARIABLE;30;60.10344828;500;200;1;100;200
8568;z7718B;TVM300;2600;P_VARIABLE;23;79.86363636;450;200;1;100;200
8569;z7718A;TVM300;2000;P_VARIABLE;9;58.625;500;200;1;100;200
8570;z7732D;TVM300;2600;P_VARIABLE;8;81.42857143;450;200;1;100;200
8571;z7732C;TVM300;2000;P_VARIABLE;9;62.125;500;200;1;100;200
8572;z7803A;TVM300;2300;P_VARIABLE;9;78.125;500;200;1;100;200
8573;z7803B;TVM300;1700;P_VARIABLE;10;58.55555556;500;200;1;100;200
8574;z7803C;TVM300;2300;P_VARIABLE;14;79.53846154;500;200;1;100;200
8575;z7833A;TVM300;1700;P_VARIABLE;21;59.2;500;200;1;100;200
8576;z7833B;TVM300;2300;P_VARIABLE;14;77;500;200;1;100;200
8577;z7841A;TVM300;1700;P_VARIABLE;19;61.16666667;500;200;1;100;200
8578;z7841B;TVM300;2300;P_VARIABLE;16;79.33333333;500;200;1;100;200
8579;z7845A;TVM300;1700;P_VARIABLE;20;60.05263158;500;200;1;100;200
8580;z7845B;TVM300;2300;P_VARIABLE;15;78.21428571;500;200;1;100;200
8581;z7849A;TVM300;1700;P_VARIABLE;26;60.8;500;200;1;100;200
8582;z7832D;TVM300;2600;P_VARIABLE;7;86.5;450;200;1;100;200
8583;z7832C;TVM300;2000;P_VARIABLE;6;65;500;200;1;100;200
8584;z7832B;TVM300;2600;P_VARIABLE;5;76;450;200;1;100;200
8585;z7832A;TVM300;2000;P_VARIABLE;17;59.25;500;200;1;100;200
8586;z7840B;TVM300;2600;P_VARIABLE;14;78.46153846;450;200;1;100;200
8587;z7840A;TVM300;2000;P_VARIABLE;20;61.31578947;500;200;1;100;200
8588;z7844B;TVM300;2600;P_VARIABLE;13;80.41666667;450;200;1;100;200
8589;z7844A;TVM300;2000;P_VARIABLE;23;60.27272727;500;200;1;100;200
8590;z7848B;TVM300;2600;P_VARIABLE;14;77.61538462;450;200;1;100;200
8591;z7848A;TVM300;2000;P_VARIABLE;18;58.47058824;500;200;1;100;200
8592;z7852B;TVM300;2600;P_VARIABLE;12;80.18181818;450;200;1;100;200
8593;z7852A;TVM300;2000;P_VARIABLE;16;61.06666667;500;200;1;100;200
8594;z7849B;TVM300;2300;P_VARIABLE;8;81.85714286;500;200;1;100;200
8595;z7853A;TVM300;1700;P_VARIABLE;16;59.4;500;200;1;100;200
8596;z7853B;TVM300;2300;P_VARIABLE;12;79.18181818;500;200;1;100;200
8597;z7857A;TVM300;1700;P_VARIABLE;16;59.26666667;500;200;1;100;200
8598;z7857B;TVM300;2300;P_VARIABLE;14;80.69230769;500;200;1;100;200
8599;z7861A;TVM300;1700;P_VARIABLE;17;58.625;500;200;1;100;200
8600;z7861B;TVM300;2300;P_VARIABLE;12;83;500;200;1;100;200
8601;z7865A;TVM300;1700;P_VARIABLE;16;59.4;500;200;1;100;200
8602;z7865B;TVM300;2300;P_VARIABLE;12;79.09090909;500;200;1;100;200
8603;z7869A;TVM300;1700;P_VARIABLE;16;60;500;200;1;100;200
8604;z7869B;TVM300;2300;P_VARIABLE;12;80.63636364;500;200;1;100;200
8605;z7856B;TVM300;2600;P_VARIABLE;13;81.41666667;450;200;1;100;200
8606;z7856A;TVM300;2000;P_VARIABLE;17;61.125;500;200;1;100;200
8607;z7860B;TVM300;2600;P_VARIABLE;12;83.18181818;450;200;1;100;200
8608;z7860A;TVM300;2000;P_VARIABLE;17;58.4375;500;200;1;100;200
8609;z7864B;TVM300;2600;P_VARIABLE;12;81.54545455;450;200;1;100;200
8610;z7864A;TVM300;2000;P_VARIABLE;16;61.53333333;500;200;1;100;200
8611;z7868B;TVM300;2600;P_VARIABLE;14;81.53846154;450;200;1;100;200
8612;z7968A;TVM300;2000;P_VARIABLE;17;60;500;200;1;100;200
8613;z7872B;TVM300;2600;P_VARIABLE;14;79;450;200;1;100;200
8614;z7872A;TVM300;2000;P_VARIABLE;18;59.70588235;500;200;1;100;200
8615;z7873A;TVM300;1700;P_VARIABLE;18;58.82352941;500;200;1;100;200
8616;z7873B;TVM300;2300;P_VARIABLE;14;77.53846154;500;200;1;100;200
8617;z7877A;TVM300;1700;P_VARIABLE;16;60.13333333;500;200;1;100;200
8618;z7877B;TVM300;2300;P_VARIABLE;15;77.71428571;500;200;1;100;200
8619;z7881A;TVM300;1700;P_VARIABLE;17;60.5625;500;200;1;100;200
8620;z7881B;TVM300;2300;P_VARIABLE;14;82;500;200;1;100;200
8621;z7903A;TVM300;1700;P_VARIABLE;12;61.81818182;500;200;1;100;200
8622;z7903B;TVM300;2300;P_VARIABLE;5;76.25;500;200;1;100;200
8623;z7903C;TVM300;1700;P_VARIABLE;6;64.8;500;200;1;100;200
8624;z7903D;TVM300;2300;P_VARIABLE;8;76.57142857;500;200;1;100;200
8625;z7933A;TVM300;1700;P_VARIABLE;17;60.9375;500;200;1;100;200
8626;z7933B;TVM300;2300;P_VARIABLE;13;77.75;500;200;1;100;200
8627;z7941A;TVM300;1700;P_VARIABLE;17;59.625;500;200;1;100;200
8628;z7941B;TVM300;2300;P_VARIABLE;13;83;500;200;1;100;200
8629;z7876B;TVM300;2600;P_VARIABLE;14;77.92307692;450;200;1;100;200
8630;z7876A;TVM300;2000;P_VARIABLE;18;58.52941176;500;200;1;100;200
8631;z7880B;TVM300;2600;P_VARIABLE;14;81.76923077;450;200;1;100;200
8632;z7880A;TVM300;2000;P_VARIABLE;16;61.8;500;200;1;100;200
8633;z7902B;TVM300;2600;P_VARIABLE;15;80.57142857;450;200;1;100;200
8634;z7902A;TVM300;2000;P_VARIABLE;16;60.46666667;500;200;1;100;200
8635;z7932D;TVM300;2600;P_VARIABLE;10;80.44444444;450;200;1;100;200
8636;z7932C;TVM300;2000;P_VARIABLE;10;63.22222222;500;200;1;100;200
8637;z7932B;TVM300;2600;P_VARIABLE;0;0;450;200;1;100;200
8638;z7932A;TVM300;2000;P_CONSTANT;8;64.28571429;500;200;1;100;200
8639;z7940B;TVM300;2600;P_VARIABLE;13;78;450;200;1;100;200
8640;z7940A;TVM300;2000;P_VARIABLE;17;60.875;500;200;1;100;200
8641;z7944;TVM300;2600;P_VARIABLE;26;80.8;450;200;1;100;200
8642;z7932E;TVM300;2600;P_VARIABLE;1;0;450;200;1;100;200
8643;z7945A;TVM300;1700;P_VARIABLE;15;59.85714286;500;200;1;100;200
8644;z7945B;TVM300;2300;P_VARIABLE;17;80.25;500;200;1;100;200
8645;z7949A;TVM300;1700;P_VARIABLE;14;58.76923077;500;200;1;100;200
8646;z7949B;TVM300;2300;P_VARIABLE;17;80.25;500;200;1;100;200
8647;z7953A;TVM300;1700;P_VARIABLE;17;60.1875;500;200;1;100;200
8648;z7953B;TVM300;2300;P_VARIABLE;13;77.75;500;200;1;100;200
8649;z7957A;TVM300;1700;P_VARIABLE;18;58.64705882;500;200;1;100;200
8650;z7957B;TVM300;2300;P_VARIABLE;13;81.08333333;500;200;1;100;200
8651;z7961A;TVM300;1700;P_VARIABLE;16;58.6;500;200;1;100;200
8652;z7961B;TVM300;2300;P_VARIABLE;14;81.61538462;500;200;1;100;200
8653;z7948;TVM300;2000;P_VARIABLE;35;60.29411765;500;200;1;100;200
8654;z7952;TVM300;2600;P_VARIABLE;27;81.15384615;450;200;1;100;200
8655;z7956;TVM300;2000;P_VARIABLE;37;60.72222222;500;200;1;100;200
8656;z7960;TVM300;2600;P_VARIABLE;27;78.84615385;450;200;1;100;200
8657;z7964;TVM300;2000;P_VARIABLE;35;60;500;200;1;100;200
8658;z7965A;TVM300;1700;P_VARIABLE;17;59.75;500;200;1;100;200
8659;z7965B;TVM300;2300;P_VARIABLE;13;81.66666667;500;200;1;100;200
8660;z8003A;TVM300;1700;P_VARIABLE;24;59.08695652;500;200;1;100;200
8661;z8003B;TVM300;2300;P_VARIABLE;4;75.33333333;500;200;1;100;200
8662;z8003C;TVM300;1700;P_VARIABLE;6;63;500;200;1;100;200
8663;z8003D;TVM300;2300;P_VARIABLE;2;77.6;500;200;1;100;200
8664;z8003E;TVM300;1700;P_VARIABLE;3;57;500;200;1;100;200
8665;z8037A;TVM300;2300;P_VARIABLE;15;79.42857143;500;200;1;100;200
8666;z8037B;TVM300;1700;P_VARIABLE;10;59;500;200;1;100;200
8667;z8002;TVM300;2600;P_CONSTANT;26;80;450;200;1;100;200
8668;z8032C;TVM300;2000;P_CONSTANT;23;60;500;200;1;100;200
8669;z8032B;TVM300;2600;P_VARIABLE;6;64.03;450;200;1;100;200
8670;z8032A;TVM300;2000;P_CONSTANT;2;50;500;200;1;100;200
8671;z8040D;TVM300;2600;P_CONSTANT;2;78;450;200;1;100;200
8672;z8040C;TVM300;2000;P_CONSTANT;3;60;500;200;1;100;200
8673;z8040B;TVM300;2600;P_CONSTANT;15;80;450;200;1;100;200
8674;z8040A;TVM300;2000;P_CONSTANT;10;60;500;200;1;100;200
8675;z7132E;TVM300;2000;P_VARIABLE;4;54.73;500;200;1;100;200
8676;z7132F;TVM300;2600;P_VARIABLE;9;76.125;450;200;1;100;200
8677;z7132G;TVM300;2000;P_VARIABLE;16;57.53333333;500;200;1;100;200
8678;z7132B;TVM300;2600;P_VARIABLE;4;81.66666667;450;200;1;100;200
8679;z7414;TVM300;2600;P_VARIABLE;1;0;450;200;1;100;200
8680;z7436E;TVM300;2000;P_VARIABLE;2;49;500;200;1;100;200
8681;z3303C;TVM300;2300;P_CONSTANT;4;100;500;200;1;100;200
8682;z3332C;TVM300;2000;P_CONSTANT;3;100;500;200;1;100;200
8683;z703A;NC;0;NON;0;0;0;0;0;0;0
8684;z714A;NC;0;NON;0;0;0;0;0;0;0
8685;z7232C;SEI;2600;P_CONSTANT;3;100;800;320;1;160;320
8686;z1301;ITE;3;NON;0;0;0;0;1;0;0
8688;z1305;ITE;3;NON;0;0;0;0;1;0;0
8689;z1311;ITE;3;NON;0;0;0;0;1;0;0
8691;z1313;ITE;3;NON;0;0;0;0;1;0;0
8692;z1317;ITE;3;NON;0;0;0;0;1;0;0
8693;z23;UM71;1700;P_CONSTANT;15;100;0;0;1;0;0
8694;z31;UM71;2300;P_CONSTANT;17;100;0;0;1;0;0
8695;z33;UM71;1700;P_CONSTANT;16;100;0;0;1;0;0
8696;z35;UM71;2300;P_CONSTANT;16;100;0;0;1;0;0
8697;z37;UM71;1700;P_CONSTANT;17;100;0;0;1;0;0
8699;z1310;ITE;3;NON;0;0;0;0;1;0;0
8701;z1306;ITE;3;NON;0;0;0;0;1;0;0
8702;z1304A;ITE;3;NON;0;0;0;0;1;0;0
8703;z1302;ITE;3;NON;0;0;0;0;1;0;0
8704;z96;UM71;2000;P_CONSTANT;15;100;0;0;1;0;0
8705;z94;UM71;2600;P_CONSTANT;18;100;0;0;1;0;0
8706;z92A;UM71;2000;P_CONSTANT;10;100;0;0;1;0;0
8707;z92B;UM71;2600;P_CONSTANT;9;100;0;0;1;0;0
8708;z90;UM71;2000;P_CONSTANT;19;100;0;0;1;0;0
8709;z88;UM71;2600;P_CONSTANT;11;100;0;0;1;0;0
8710;z1403;ITE;3;NON;0;0;0;0;1;0;0
8711;z1405;ITE;3;NON;0;0;0;0;1;0;0
8712;z1407;ITE;3;NON;0;0;0;0;1;0;0
8713;z1411;ITE;3;NON;0;0;0;0;1;0;0
8714;z1423;ITE;3;NON;0;0;0;0;1;0;0
8715;z1425;ITE;3;NON;0;0;0;0;1;0;0
8716;z1427;ITE;3;NON;0;0;0;0;1;0;0
8717;z41;UM71;1700;P_CONSTANT;11;100;0;0;1;0;0
8718;z43;UM71;2300;P_CONSTANT;18;100;0;0;1;0;0
8719;z47;UM71;1700;P_CONSTANT;19;100;0;0;1;0;0
8720;z51;UM71;2300;P_CONSTANT;21;100;0;0;1;0;0
8721;z53;UM71;1700;P_CONSTANT;20;100;0;0;1;0;0
8722;z57;UM71;2300;P_CONSTANT;20;100;0;0;1;0;0
8723;z61;UM71;1700;P_CONSTANT;17;100;0;0;1;0;0
8724;z65;UM71;2300;P_CONSTANT;17;100;0;0;1;0;0
8725;z67;UM71;1700;P_CONSTANT;18;100;0;0;1;0;0
8726;z69;UM71;2300;P_CONSTANT;16;100;0;0;1;0;0
8727;z71;UM71;1700;P_CONSTANT;17;100;0;0;1;0;0
8728;z73;UM71;2300;P_CONSTANT;19;100;0;0;1;0;0
8729;z1446;ITE;3;NON;0;0;0;0;1;0;0
8730;z1444;ITE;3;NON;0;0;0;0;1;0;0
8731;z1442;ITE;3;NON;0;0;0;0;1;0;0
8732;z1440;ITE;3;NON;0;0;0;0;1;0;0
8733;z1438;ITE;3;NON;0;0;0;0;1;0;0
8734;z1436;ITE;3;NON;0;0;0;0;1;0;0
8735;z1434;ITE;3;NON;0;0;0;0;1;0;0
8736;z1432;ITE;3;NON;0;0;0;0;1;0;0
8737;z82;UM71;2000;P_CONSTANT;18;100;0;0;1;0;0
8738;z78;UM71;2600;P_CONSTANT;16;100;0;0;1;0;0
8739;z74;UM71;2000;P_CONSTANT;17;100;0;0;1;0;0
8740;z72;UM71;2600;P_CONSTANT;18;100;0;0;1;0;0
8741;z70;UM71;2000;P_CONSTANT;20;100;0;0;1;0;0
8742;z68;UM71;2600;P_CONSTANT;18;100;0;0;1;0;0
8743;z64;UM71;2000;P_CONSTANT;16;100;0;0;1;0;0
8744;z62;UM71;2600;P_CONSTANT;16;100;0;0;1;0;0
8745;z60;UM71;2000;P_CONSTANT;4;100;0;0;1;0;0
8746;z58;UM71;2600;P_CONSTANT;12;100;0;0;1;0;0
8747;z56;UM71;2000;P_CONSTANT;20;100;0;0;1;0;0
8748;z54;UM71;2600;P_CONSTANT;15;100;0;0;1;0;0
8749;z52;UM71;2000;P_CONSTANT;16;100;0;0;1;0;0
8750;z50;UM71;2600;P_CONSTANT;6;100;0;0;1;0;0
8752;z77;UM71;1700;P_CONSTANT;11;100;0;0;1;0;0
8753;z79;UM71;2300;P_CONSTANT;20;100;0;0;1;0;0
8754;z81;UM71;1700;P_CONSTANT;8;100;0;0;1;0;0
8755;z83;UM71;2300;P_CONSTANT;7;100;0;0;1;0;0
8756;z85;UM71;1700;P_CONSTANT;16;100;0;0;1;0;0
8757;z89;UM71;2300;P_CONSTANT;17;100;0;0;1;0;0
8758;z93;UM71;1700;P_CONSTANT;16;100;0;0;1;0;0
8759;z97;UM71;2300;P_CONSTANT;18;100;0;0;1;0;0
8760;z99;UM71;1700;P_CONSTANT;17;100;0;0;1;0;0
8761;z101;UM71;2300;P_CONSTANT;17;100;0;0;1;0;0
8762;z105;UM71;1700;P_CONSTANT;17;100;0;0;1;0;0
8763;z1504;ITE;3;NON;0;0;0;0;1;0;0
8764;z1503;ITE;3;NON;0;0;0;0;1;0;0
8765;z1502;ITE;3;NON;0;0;0;0;1;0;0
8766;z46;UM71;2000;P_CONSTANT;18;100;0;0;1;0;0
8767;z44;UM71;2600;P_CONSTANT;12;100;0;0;1;0;0
8768;z40;UM71;2000;P_CONSTANT;8;100;0;0;1;0;0
8769;z38;UM71;2600;P_CONSTANT;17;100;0;0;1;0;0
8770;z36;UM71;2000;P_CONSTANT;17;100;0;0;1;0;0
8771;z32;UM71;2600;P_CONSTANT;19;100;0;0;1;0;0
8772;z30;UM71;2000;P_CONSTANT;3;117.33;0;0;1;0;0
8773;z28;UM71;2600;P_CONSTANT;17;100;0;0;1;0;0
8774;z24B;UM71;2000;P_CONSTANT;12;100;0;0;1;0;0
8775;z24A;UM71;2600;P_CONSTANT;10;100;0;0;1;0;0
8776;z20;UM71;2000;P_CONSTANT;20;100;0;0;1;0;0
8777;z18;UM71;2600;P_CONSTANT;9;100;0;0;1;0;0
8778;z1703;ITE;3;NON;0;0;0;0;1;0;0
8779;z1075A;ITE;3;NON;0;0;0;0;1;0;0
8780;z1707;SEI;1700;P_VARIABLE;2;49.33333333;800;320;1;160;320
8781;z1709;SEI;2300;P_VARIABLE;12;77.54545455;800;320;1;160;320
8782;z1733;SEI;1700;P_VARIABLE;7;63.33333333;800;320;1;160;320
8783;z1735A;SEI;2300;P_VARIABLE;3;70;800;320;1;160;320
8784;z1737;SEI;1700;P_VARIABLE;6;62;800;320;1;160;320
8785;z117;SEI;2300;P_VARIABLE;9;100.25;800;320;1;160;320
8786;z1721;TVM430;1700;P_VARIABLE;2;43.66666667;800;320;1;160;320
8787;z1723;SEI;2300;P_VARIABLE;8;76;800;320;1;160;320
8788;z1725;SEI;1700;P_VARIABLE;4;66.66666667;800;320;1;160;320
8789;z1731;SEI;2300;P_VARIABLE;2;55;800;320;1;160;320
8790;z1734;ITE;3;NON;0;0;0;0;1;0;0
8791;z1732A;ITE;3;NON;0;0;0;0;1;0;0
8792;z1730;SEI;2600;P_VARIABLE;1;0;800;320;1;160;320
8793;z1708;SEI;2000;P_VARIABLE;15;60.21428571;800;320;1;160;320
8794;z1706;SEI;2600;P_VARIABLE;0;0;800;320;1;160;320
8795;z1704A;SEI;2000;P_VARIABLE;0;0;800;320;1;160;320
8796;z1702;SEI;2600;P_VARIABLE;5;73.75;800;320;1;160;320
8797;z16;SEI;2000;P_VARIABLE;17;101.9375;800;320;1;160;320
8798;z1728;SEI;2600;P_VARIABLE;1;0;800;320;1;160;320
8799;z1724;SEI;2000;P_VARIABLE;10;61.33333333;800;320;1;160;320
8800;z1722;SEI;2600;P_VARIABLE;3;89;800;320;1;160;320
8801;z1720;SEI;2000;P_VARIABLE;3;53.5;800;320;1;160;320
8802;z1732B;ITE;3;NON;0;0;0;0;1;0;0
8805;z1718;SEI;2000;P_VARIABLE;4;67;800;320;1;160;320
8806;z1716;SEI;2600;P_VARIABLE;3;90;800;320;1;160;320
8809;z1704B;SEI;2000;P_VARIABLE;3;60;800;320;1;160;320
8811;z1705B;ITE;3;NON;0;0;0;0;1;0;0
8814;z1717;SEI;2300;P_VARIABLE;3;90.5;800;320;1;160;320
8815;z1719;SEI;1700;P_VARIABLE;4;66.66666667;800;320;1;160;320
8817;z1735B;SEI;2300;P_VARIABLE;2;60;800;320;1;160;320
8818;z1715;SEI;1700;P_VARIABLE;3;70;800;320;1;160;320
8819;z1713;SEI;2300;P_VARIABLE;3;60.5;800;320;1;160;320
8820;z1738;ITE;3;NON;0;0;0;0;1;0;0
8821;z1736;ITE;3;NON;0;0;0;0;1;0;0
8822;z1739;SEI;2300;P_VARIABLE;2;63;800;320;1;160;320
8823;z1741;SEI;1700;P_VARIABLE;4;51;800;320;1;160;320
8824;z1714;SEI;2000;P_VARIABLE;3;64.5;800;320;1;160;320
8825;z1712;SEI;2600;P_VARIABLE;3;66.5;800;320;1;160;320
8826;z1307A;ITE;3;NON;0;0;0;0;1;0;0
8827;z1307B;SEI;2300;P_VARIABLE;1;0;800;320;1;160;320
8828;z1355;SEI;1700;P_VARIABLE;7;58.33333333;800;320;1;160;320
8829;z1353;SEI;2300;P_VARIABLE;3;96;800;320;1;160;320
8830;z1351B;SEI;1700;P_VARIABLE;11;59.6;800;320;1;160;320
8831;z1351A;SEI;2300;P_VARIABLE;6;83;800;320;1;160;320
8833;z1303B;SEI;2000;NON;0;0;800;320;1;160;320
8834;z1362;SEI;2600;P_VARIABLE;1;0;800;320;1;160;320
8835;z1364;SEI;2000;P_VARIABLE;4;69;800;320;1;160;320
8836;z1366A;SEI;2600;P_VARIABLE;8;82.28571429;800;320;1;160;320
8837;z1366B;SEI;2000;P_VARIABLE;7;56.5;800;320;1;160;320
8838;z1308B;SEI;1700;P_VARIABLE;1;0;800;320;1;160;320
8839;z1308A;ITE;3;NON;0;0;0;0;1;0;0
8840;z1341;SEI;2300;P_VARIABLE;4;84.66666667;800;320;1;160;320
8841;z9;SEI;1700;P_VARIABLE;9;110.625;800;320;1;160;320
8842;z7;SEI;2300;P_VARIABLE;15;102.7142857;800;320;1;160;320
8843;z5;SEI;1700;P_VARIABLE;17;103.75;800;320;1;160;320
8844;z3;SEI;2300;P_VARIABLE;17;101.25;800;320;1;160;320
8845;z1;SEI;1700;P_VARIABLE;10;103.3333333;800;320;1;160;320
8846;z1339;SEI;2300;P_VARIABLE;3;79;800;320;1;160;320
8847;z1337;SEI;1700;P_VARIABLE;3;70;800;320;1;160;320
8848;z1335;SEI;2300;P_VARIABLE;4;77.33333333;800;320;1;160;320
8849;z1304B;SEI;2600;P_VARIABLE;1;0;800;320;1;160;320
8850;z1332;SEI;2000;P_VARIABLE;2;49.66666667;800;320;1;160;320
8851;z2;SEI;2600;P_VARIABLE;15;100.1428571;800;320;1;160;320
8852;z4;SEI;2000;P_VARIABLE;15;103.4285714;800;320;1;160;320
8853;z6;SEI;2600;P_VARIABLE;0;0;800;320;1;160;320
8854;z8;SEI;2000;P_VARIABLE;16;102.2;800;320;1;160;320
8855;z10;SEI;2600;P_VARIABLE;13;103.3333333;800;320;1;160;320
8856;z12;SEI;2000;P_VARIABLE;13;104.1666667;800;320;1;160;320
8857;z1346;SEI;2600;P_VARIABLE;3;74;800;320;1;160;320
8858;z1348;SEI;2000;P_VARIABLE;3;70;800;320;1;160;320
8860;z1352;SEI;2000;P_VARIABLE;7;55.83333333;800;320;1;160;320
8861;z11;SEI;1700;P_VARIABLE;14;58.84615385;800;320;1;160;320
8862;z1331;SEI;2300;P_VARIABLE;1;0;800;320;1;160;320
8863;z1350;SEI;2600;P_VARIABLE;4;67.33333333;800;320;1;160;320
8864;z1312;ITE;3;NON;0;0;0;0;1;0;0
8865;z119;SEI;1700;P_VARIABLE;21;105.45;800;320;1;160;320
8866;z123;SEI;2300;P_VARIABLE;9;104.75;800;320;1;160;320
8867;z129;SEI;1700;P_VARIABLE;10;57.44444444;800;320;1;160;320
8868;z131;SEI;2300;P_VARIABLE;3;93.5;800;320;1;160;320
8869;z14;SEI;2600;P_VARIABLE;13;106.0833333;800;320;1;160;320
8870;z12;SEI;2000;P_VARIABLE;9;108.875;800;320;1;160;320
8871;z6;SEI;2600;P_VARIABLE;4;76.33333333;800;320;1;160;320
8872;z4B;SEI;2000;P_VARIABLE;10;59.22222222;800;320;1;160;320
8873;z4A;SEI;2600;P_VARIABLE;7;86.33333333;800;320;1;160;320
8874;z7215F;SEI;1700;P_VARIABLE;4;64.66666667;800;320;1;160;320
8875;z7232E;SEI;2600;P_CONSTANT;4;100;800;320;1;160;320
8876;z1303A;ITE;3;NON;0;0;0;0;0;0;0
