ID;JOINT;CIRCUIT;PRINCIPAL;DB;EMETTEUR;DEMI_PAS
0;1;1;True;True;True;40.5
1;2;1;True;False;True;40.5
2;3;2;True;True;True;78.5
3;4;2;True;False;True;78.5
4;5;3;True;True;True;78.5
5;6;3;True;False;True;78.5
6;7;4;True;True;True;37.5
7;8;4;True;False;True;37.5
8;9;5;True;True;True;36
9;10;5;True;False;True;36
10;11;6;True;True;True;38.5
11;12;6;True;False;True;38.5
12;13;7;True;True;True;38.5
13;14;7;True;False;True;38.5
14;15;8;True;True;True;83.5
15;16;8;True;False;True;83.5
16;17;9;True;True;True;83.5
17;18;9;True;False;True;83.5
18;19;10;True;True;True;37.5
19;20;10;False;False;True;75
20;21;10;True;False;True;37.5
21;22;11;True;True;True;68.5
22;23;11;True;False;True;68.5
23;24;12;True;True;True;68.5
24;25;12;True;False;True;68.5
25;26;13;True;True;True;65.5
26;27;13;True;False;True;65.5
27;28;14;True;True;True;65.5
28;29;14;True;False;True;65.5
29;30;15;True;True;True;65
30;31;15;False;True;True;130
31;32;15;True;True;True;65
32;33;16;True;True;True;70.5
33;34;16;True;False;True;70.5
34;35;17;True;True;True;60
35;36;17;True;False;True;60
36;37;18;True;True;True;55.5
37;38;18;True;False;True;55.5
38;39;19;True;True;True;87.5
39;40;19;True;False;True;87.5
40;41;20;True;True;True;80.5
41;42;20;True;False;True;80.5
42;43;21;True;True;True;58.5
43;44;21;True;False;True;58.5
44;45;22;True;True;True;59
45;46;22;True;False;True;59
46;47;23;True;True;True;82
47;48;23;True;False;True;82
48;49;24;True;True;True;80.5
49;50;24;True;False;True;80.5
50;51;25;True;True;True;46.5
51;52;25;True;False;True;46.5
52;53;26;True;True;True;71
53;54;26;True;False;True;71
54;55;27;True;True;True;65
55;56;27;False;True;True;130
56;57;27;True;False;True;65
57;58;28;True;True;True;69.5
58;59;28;True;False;True;69.5
59;60;29;True;True;True;73.5
60;61;29;True;False;True;73.5
61;62;30;True;True;True;43
62;63;30;False;True;True;86
63;64;30;True;False;True;43
64;65;31;True;True;True;62.5
65;66;31;True;False;True;62.5
66;67;32;True;True;True;65.5
67;68;32;True;False;True;65.5
68;69;33;True;True;True;67
69;70;33;True;False;True;67
70;71;34;True;True;True;83.5
71;72;34;True;False;True;83.5
72;73;35;True;True;True;46.5
73;74;35;True;False;True;46.5
74;75;36;True;True;True;65
75;76;36;True;False;True;65
76;77;37;True;True;True;42.5
77;78;37;False;True;True;85
78;79;37;False;True;True;85
79;80;37;True;False;True;42.5
80;81;38;True;True;True;65.5
81;82;38;False;True;True;131
82;83;38;True;False;True;65.5
83;84;39;True;True;True;78.5
84;85;39;True;False;True;78.5
85;86;40;True;True;True;42.5
86;87;40;True;False;True;42.5
87;88;41;True;True;True;37.5
88;89;41;True;False;True;37.5
89;90;42;True;True;True;72
90;91;42;True;False;True;72
91;92;43;True;True;True;40.5
92;93;43;True;False;True;40.5
93;94;44;True;True;True;47.5
94;95;44;True;False;True;47.5
95;96;45;True;True;True;42.5
96;97;45;True;False;True;42.5
97;98;46;True;True;True;67
98;99;46;True;False;True;67
99;100;47;True;True;True;64.5
100;101;47;True;False;True;64.5
101;102;48;True;True;True;65
102;103;48;True;False;True;65
103;104;49;True;True;True;75
104;105;49;True;False;True;75
105;106;50;True;True;True;66.5
106;107;50;False;True;True;133
107;108;50;True;False;True;66.5
108;109;51;True;True;True;42.5
109;110;51;True;False;True;42.5
110;111;52;True;True;True;72.5
111;112;52;True;True;True;72.5
112;113;53;True;True;True;60
113;114;53;True;True;True;60
114;112;54;True;True;True;60
115;115;54;True;True;True;60
116;116;55;True;True;True;60
117;117;55;True;True;True;60
118;114;56;True;True;True;51
119;116;56;True;True;True;51
120;118;57;True;True;True;52.5
121;119;57;True;True;True;52.5
122;119;58;True;True;True;75.5
123;120;58;True;True;True;75.5
124;121;59;True;True;True;75.5
125;122;59;True;True;True;75.5
126;120;60;True;True;True;50
127;123;60;True;True;True;50
128;122;61;True;True;True;50
129;124;61;True;True;True;50
130;123;62;True;True;True;51
131;125;62;True;True;True;51
132;124;63;True;True;True;51
133;126;63;True;True;True;51
134;125;64;True;True;True;83.5
135;127;64;True;True;True;83.5
136;126;65;True;True;True;83.5
137;128;65;True;True;True;83.5
138;127;66;True;True;True;89.5
139;129;66;True;True;True;89.5
140;130;67;True;True;True;76
141;131;67;True;True;True;76
142;132;68;True;True;True;87.5
143;133;68;True;True;True;87.5
144;133;69;True;True;True;55.5
145;134;69;True;True;True;55.5
146;134;70;True;True;True;52.5
147;135;70;True;True;True;52.5
148;136;71;True;True;True;87.5
149;137;71;True;True;True;87.5
150;131;72;True;True;True;61.5
151;136;72;True;True;True;61.5
152;137;73;True;True;True;55.5
153;37;73;True;True;True;55.5
154;135;74;True;True;True;56
155;138;74;True;True;True;56
156;138;75;True;True;True;82
157;139;75;True;True;True;82
158;139;76;True;True;True;77
159;39;76;True;True;True;77
160;140;77;True;True;True;76.5
161;141;77;True;True;True;76.5
162;142;78;True;True;True;82
163;140;78;True;True;True;82
164;141;79;True;True;True;40.5
165;41;79;True;True;True;40.5
166;143;80;True;True;True;87
167;144;80;True;True;True;87
168;145;81;True;True;True;42.5
169;146;81;True;True;True;42.5
170;144;82;True;True;True;80.5
171;147;82;True;True;True;80.5
172;147;83;True;True;True;61
173;148;83;True;True;True;61
174;148;84;True;True;True;41
175;149;84;True;True;True;41
176;149;85;True;True;True;75.5
177;150;85;True;True;True;75.5
178;151;86;True;True;True;41
179;152;86;True;True;True;41
180;146;87;True;True;True;46
181;151;87;True;True;True;46
182;150;88;True;True;True;58
183;153;88;True;True;True;58
184;153;89;True;True;True;59
185;154;89;True;True;True;59
186;152;90;True;True;True;43.5
187;155;90;True;True;True;43.5
188;154;91;True;True;True;68
189;156;91;True;True;True;68
190;156;92;True;True;True;50
191;157;92;True;True;True;50
192;155;93;True;True;True;87
193;158;93;True;True;True;87
194;157;94;True;True;True;67.5
195;159;94;True;True;True;67.5
196;159;95;True;True;True;88.5
197;160;95;True;True;True;88.5
198;158;96;True;True;True;77.5
199;161;96;True;True;True;77.5
200;160;97;True;True;True;50
201;162;97;True;True;True;50
202;161;98;True;True;True;68.5
203;163;98;True;True;True;68.5
204;162;99;True;True;True;56.5
205;164;99;True;True;True;56.5
206;164;100;True;True;True;69.5
207;165;100;True;True;True;69.5
208;166;101;True;True;True;84.5
209;167;101;True;True;True;84.5
210;163;102;True;True;True;42
211;166;102;True;True;True;42
212;165;103;True;True;True;56
213;168;103;True;True;True;56
214;168;104;True;True;True;86
215;43;104;True;True;True;86
216;167;105;True;True;True;85.5
217;169;105;True;True;True;85.5
218;169;106;True;True;True;78.5
219;45;106;True;True;True;78.5
220;170;107;True;True;True;52
221;171;107;True;True;True;52
222;171;108;True;True;True;80.5
223;172;108;True;True;True;80.5
224;173;109;True;True;True;81
225;174;109;True;True;True;81
226;172;110;True;True;True;70.5
227;175;110;True;True;True;70.5
228;175;111;True;True;True;42
229;176;111;True;True;True;42
230;177;112;True;True;True;82.5
231;178;112;True;True;True;82.5
232;174;113;True;True;True;71
233;177;113;True;True;True;71
234;176;114;True;True;True;63
235;179;114;True;True;True;63
236;179;115;True;True;True;68
237;180;115;True;True;True;68
238;180;116;True;True;True;64
239;181;116;True;True;True;64
240;182;117;True;True;True;72
241;183;117;True;True;True;72
242;128;118;True;True;True;89.5
243;184;118;True;True;True;89.5
244;129;119;True;True;True;52
245;185;119;True;True;True;52
246;184;120;True;True;True;76.5
247;186;120;True;True;True;76.5
248;185;121;True;True;True;65
249;187;121;True;True;True;65
250;186;122;True;True;True;83
251;188;122;True;True;True;83
252;187;123;True;True;True;45
253;189;123;True;True;True;45
254;188;124;True;True;True;53
255;190;124;True;True;True;53
256;189;125;True;True;True;71.5
257;191;125;True;True;True;71.5
258;190;126;True;True;True;71
259;192;126;True;True;True;71
260;193;127;True;True;True;73.5
261;194;127;True;True;True;73.5
262;195;128;True;True;True;73.5
263;196;128;True;True;True;73.5
264;194;129;True;True;True;73.5
265;197;129;True;True;True;73.5
266;196;130;True;True;True;73.5
267;198;130;True;True;True;73.5
268;197;131;True;True;True;66
269;199;131;True;True;True;66
270;198;132;True;True;True;66
271;200;132;True;True;True;66
272;199;133;True;True;True;84.5
273;201;133;True;True;True;84.5
274;200;134;True;True;True;84.5
275;202;134;True;True;True;84.5
276;201;135;True;True;True;70
277;203;135;True;True;True;70
278;202;136;True;True;True;70
279;204;136;True;True;True;70
280;203;137;True;True;True;73.5
281;205;137;True;True;True;73.5
282;204;138;True;True;True;73.5
283;206;138;True;True;True;73.5
284;205;139;True;True;True;73
285;207;139;True;True;True;73
286;206;140;True;True;True;73
287;208;140;True;True;True;73
288;207;141;True;True;True;74
289;209;141;True;True;True;74
290;208;142;True;True;True;74
291;210;142;True;True;True;74
292;209;143;True;True;True;73.5
293;211;143;True;True;True;73.5
294;210;144;True;True;True;73.5
295;212;144;True;True;True;73.5
296;211;145;True;True;True;78
297;213;145;True;True;True;78
298;212;146;True;True;True;78
299;1;146;True;True;True;78
300;214;147;True;True;True;83
301;215;147;True;True;True;83
302;216;148;True;True;True;83
303;217;148;True;True;True;83
304;215;149;True;True;True;43.5
305;218;149;True;True;True;43.5
306;217;150;True;True;True;65
307;219;150;True;True;True;65
308;218;151;True;True;True;48
309;220;151;True;True;True;48
310;220;152;True;True;True;82.5
311;221;152;True;True;True;82.5
312;219;153;True;True;True;66
313;222;153;True;True;True;66
314;221;154;True;True;True;63
315;223;154;True;True;True;63
316;222;155;True;True;True;66
317;224;155;True;True;True;66
318;223;156;True;True;True;53.5
319;225;156;True;True;True;53.5
320;224;157;True;True;True;66
321;226;157;True;True;True;66
322;225;158;True;True;True;55.5
323;227;158;True;True;True;55.5
324;226;159;True;True;True;66
325;228;159;True;True;True;66
326;227;160;True;True;True;72.5
327;229;160;True;True;True;72.5
328;228;161;True;True;True;66
329;230;161;True;True;True;66
330;229;162;True;True;True;39.5
331;3;162;True;True;True;39.5
332;231;163;True;True;True;39.5
333;5;163;True;True;True;39.5
334;230;164;True;True;True;73.5
335;231;164;True;True;True;73.5
336;232;165;True;True;True;67
337;233;165;True;True;True;67
338;234;166;True;True;True;58.5
339;235;166;True;True;True;58.5
340;233;167;True;True;True;65.5
341;236;167;True;True;True;65.5
342;235;168;True;True;True;66.5
343;237;168;True;True;True;66.5
344;236;169;True;True;True;59.5
345;238;169;True;True;True;59.5
346;237;170;True;True;True;47
347;239;170;True;True;True;47
348;238;171;True;True;True;40
349;240;171;True;True;True;40
350;239;172;True;True;True;60
351;241;172;True;True;True;60
352;240;173;True;True;True;64
353;242;173;True;True;True;64
354;241;174;True;True;True;64
355;243;174;True;True;True;64
356;242;175;True;True;True;56.5
357;7;175;True;True;True;56.5
358;243;176;True;True;True;56.5
359;9;176;True;True;True;56.5
360;244;177;True;True;True;50.5
361;245;177;True;True;True;50.5
362;245;178;True;True;True;59
363;246;178;True;True;True;59
364;247;179;True;True;True;54.5
365;248;179;True;True;True;54.5
366;248;180;True;True;True;61.7
367;249;180;True;True;True;58.1
368;246;181;True;True;True;40
369;11;181;True;True;True;40
370;0;6738;False;False;False;0
371;0;6750;False;False;True;0
372;250;6787;False;False;False;0
373;351;7687;False;False;True;0
374;249;184;True;True;True;40
375;13;184;True;True;True;40
376;254;185;True;True;True;52
377;255;185;True;True;True;52
378;256;186;True;False;True;49.5
379;257;186;True;True;True;49.5
380;255;187;True;True;True;50
381;258;187;True;True;True;50
382;257;188;True;True;True;44.5
383;259;188;True;True;True;44.5
384;258;189;True;True;True;74.4
385;260;189;True;True;True;74.7
386;259;190;True;True;True;84.7
387;261;190;True;True;True;85.7
388;260;191;True;True;True;40
389;262;191;True;True;True;40
390;261;192;True;True;True;84.5
391;263;192;True;True;True;84.5
392;262;193;True;True;True;86
393;264;193;True;True;True;86
394;263;194;True;True;True;86
395;265;194;True;True;True;86
396;264;195;True;True;True;43.5
397;266;195;True;True;True;43.5
398;265;196;True;True;True;43.5
399;267;196;True;True;True;43.5
400;266;197;True;True;True;52.5
401;268;197;True;True;True;52.5
402;267;198;True;True;True;52.5
403;269;198;True;True;True;52.5
404;268;199;True;True;True;51.5
405;270;199;True;True;True;51.5
406;269;200;True;True;True;51.5
407;271;200;True;True;True;51.5
408;270;201;True;True;True;69
409;272;201;True;True;True;69
410;271;202;True;True;True;69
411;273;202;True;True;True;69
412;272;203;True;True;True;65
413;15;203;True;True;True;65
414;273;204;True;True;True;65
415;17;204;True;True;True;65
416;274;205;True;True;True;46.5
417;275;205;True;True;True;46.5
418;276;206;True;True;True;46.5
419;277;206;True;True;True;46.5
420;275;207;True;True;True;82
421;278;207;True;True;True;82
422;277;208;True;True;True;82
423;279;208;True;True;True;82
424;278;209;True;True;True;84.5
425;280;209;True;True;True;84.5
426;279;210;True;True;True;84.5
427;281;210;True;True;True;84.5
428;280;211;True;True;True;62.5
429;282;211;True;True;True;62.5
430;282;212;True;True;True;73.5
431;283;212;True;True;True;73.5
432;284;213;True;True;True;73.5
433;285;213;True;True;True;73.5
434;281;214;True;True;True;62.5
435;284;214;True;True;True;62.5
436;283;215;True;True;True;81
437;286;215;True;True;True;81
438;285;216;True;True;True;81
439;287;216;True;True;True;81
440;286;217;True;True;True;77.5
441;288;217;True;True;True;77.5
442;287;218;True;True;True;77.5
443;289;218;True;True;True;77.5
444;288;219;True;True;True;44.5
445;19;219;True;True;True;44.5
446;289;220;True;True;True;50
447;290;220;True;True;True;50
448;291;221;True;True;True;73.5
449;292;221;True;True;True;73.5
450;290;222;True;True;True;68
451;293;222;True;True;True;68
452;292;223;True;True;True;63
453;294;223;True;True;True;63
454;293;224;True;True;True;63
455;295;224;True;True;True;63
456;294;225;True;True;True;48.5
457;296;225;True;True;True;48.5
458;295;226;True;True;True;48.5
459;297;226;True;True;True;48.5
460;296;227;True;True;True;47.5
461;22;227;True;True;True;47.5
462;297;228;True;True;True;47.5
463;24;228;True;True;True;47.5
464;298;229;True;True;True;46
465;299;229;True;True;True;46
466;300;230;True;True;True;46
467;301;230;True;True;True;46
468;299;231;True;True;True;50
469;302;231;True;True;True;50
470;301;232;True;True;True;50
471;303;232;True;True;True;50
472;302;233;True;True;True;44.5
473;304;233;True;True;True;44.5
474;303;234;True;True;True;44
475;305;234;True;True;True;44
476;304;235;True;True;True;71.5
477;306;235;True;True;True;71.5
478;305;236;True;True;True;72
479;307;236;True;True;True;72
480;306;237;True;True;True;86
481;308;237;True;True;True;86
482;307;238;True;True;True;86
483;309;238;True;True;True;86
484;308;239;True;True;True;70
485;310;239;True;True;True;70
486;309;240;True;True;True;70
487;311;240;True;True;True;70
488;310;241;True;True;True;78.5
489;312;241;True;True;True;78.5
490;311;242;True;True;True;78.5
491;313;242;True;True;True;78.5
492;312;243;True;True;True;75
493;314;243;True;True;True;75
494;313;244;True;True;True;75
495;315;244;True;True;True;75
496;314;245;True;True;True;61
497;316;245;True;True;True;61
498;315;246;True;True;True;61
499;317;246;True;True;True;61
500;316;247;True;True;True;85
501;26;247;True;True;True;85
502;317;248;True;True;True;53.7
503;28;248;True;True;True;53.7
504;318;249;True;True;True;78.5
505;319;249;True;False;True;78.5
506;320;250;True;True;True;81.5
507;321;250;True;True;True;81.5
508;251;0;True;False;True;40
509;351;0;False;False;True;0
510;6871;0;True;True;True;40
511;6871;182;True;True;True;30
512;253;182;True;True;True;30
513;322;7691;False;False;True;0
514;253;183;True;True;True;79
515;322;183;True;False;True;79
516;6868;251;True;False;True;0
517;6866;251;False;False;True;0
518;6869;251;False;False;True;0
519;251;251;True;False;True;0
520;323;7863;False;False;True;0
521;332;257;True;True;True;90
522;330;257;True;False;True;90
523;6526;252;True;True;True;30
524;323;252;False;False;True;0
525;6529;252;True;False;True;30
526;6527;7881;False;False;True;0
527;324;8249;False;False;False;0
528;6524;253;True;False;True;0
529;324;253;False;False;True;0
530;6525;253;True;True;True;0
531;6890;7789;False;False;True;0
532;6889;8247;False;False;True;0
533;338;263;True;True;True;92
534;336;263;True;True;True;92
535;6883;8251;False;False;True;0
536;6873;8246;False;False;True;0
537;6409;7751;False;False;True;0
538;6399;7741;False;False;True;0
539;326;7626;False;False;True;0
540;325;7648;False;False;True;0
541;327;254;True;False;False;0
542;325;254;True;False;False;0
543;328;255;True;False;False;0
544;327;255;True;False;True;0
545;331;256;True;False;False;0
546;328;256;True;True;True;0
547;333;258;True;True;False;0
548;334;258;True;True;False;0
549;334;259;True;False;False;0
550;335;259;True;False;False;0
551;335;260;True;False;False;0
552;326;260;True;True;False;0
553;337;261;True;False;False;0
554;333;261;True;False;False;0
555;339;262;True;False;False;0
556;331;262;True;False;True;0
557;340;264;True;True;False;0
558;337;264;True;False;False;0
559;342;265;True;False;False;0
560;339;265;True;False;False;0
561;341;266;True;False;False;0
562;342;266;True;False;False;0
563;343;267;True;False;False;0
564;4257;267;True;False;False;0
565;344;268;True;False;False;0
566;341;268;True;False;False;0
567;6244;7601;False;False;True;0
568;6243;7594;False;False;True;0
569;345;269;True;False;False;0
570;6247;269;True;False;False;0
571;347;270;True;False;False;0
572;6239;270;True;False;False;0
573;355;283;True;True;True;62
574;356;283;True;True;True;62
575;357;284;True;True;True;48.5
576;358;284;True;True;True;48.5
577;356;285;True;True;True;75
578;359;285;True;True;True;75
579;358;286;True;True;True;79.5
580;360;286;True;True;True;79.5
581;360;287;True;True;True;81
582;361;287;True;False;True;81
583;359;288;True;True;True;82.5
584;362;288;True;True;True;82.5
585;361;289;True;False;True;815
586;363;289;True;True;True;81.5
587;363;290;True;True;True;50
588;364;290;True;True;True;50
589;365;291;True;True;True;72.5
590;366;291;True;True;True;72.5
591;362;292;True;True;True;43
592;365;292;True;True;True;43
593;364;293;True;True;True;42.5
594;367;293;True;True;True;42.5
595;366;294;True;True;True;70
596;368;294;True;True;True;70
597;367;295;True;True;True;72
598;369;295;True;True;True;72
599;368;296;True;True;True;75
600;370;296;True;True;True;75
601;369;297;True;True;True;71.5
602;371;297;True;True;True;71.5
603;372;298;True;True;True;67.5
604;35;298;True;True;True;67.5
605;373;299;True;True;True;63
606;374;299;True;True;True;63
607;374;300;True;True;True;76
608;375;300;True;True;True;76
609;375;301;True;True;True;50.5
610;376;301;True;True;True;50.5
611;377;302;True;True;True;49.5
612;378;302;True;True;True;49.5
613;379;303;True;True;True;61.5
614;377;303;True;True;True;61.5
615;376;304;True;True;True;67
616;380;304;True;True;True;67
617;380;305;True;True;True;46
618;381;305;True;True;True;46
619;382;306;True;True;True;67
620;383;306;True;True;True;67
621;378;307;True;True;True;49.5
622;382;307;True;True;True;49.5
623;381;308;True;True;True;45.5
624;384;308;True;True;True;45.5
625;383;309;True;True;True;79.5
626;385;309;True;True;True;79.5
627;384;310;True;True;True;76
628;386;310;True;True;True;76
629;387;311;True;True;True;70.5
630;130;311;True;True;True;70.5
631;385;312;True;True;True;60.5
632;387;312;True;True;True;60.5
633;386;313;True;True;True;40.5
634;132;313;True;True;True;40.5
635;178;314;True;True;True;53
636;182;314;True;True;True;53
637;181;315;True;True;True;78
638;388;315;True;True;True;78
639;388;316;True;True;True;45.5
640;389;316;True;True;True;45.5
641;183;317;True;True;True;88
642;390;317;True;True;True;88
643;390;318;True;True;True;68.5
644;391;318;True;True;True;68.5
645;389;319;True;True;True;44.5
646;392;319;True;True;True;44.5
647;391;320;True;True;True;69
648;393;320;True;True;True;69
649;392;321;True;True;True;81
650;394;321;True;True;True;81
651;394;322;True;True;True;65
652;395;322;True;True;True;65
653;396;323;True;True;True;81
654;47;323;True;True;True;81
655;393;324;True;True;True;52.5
656;396;324;True;True;True;52.5
657;395;325;True;True;True;62.5
658;397;325;True;True;True;62.5
659;397;326;True;True;True;50
660;49;326;True;True;True;50
661;398;327;True;False;True;62.5
662;399;327;True;True;True;62.5
663;399;328;True;True;True;73.5
664;400;328;True;True;True;73.5
665;401;329;True;True;True;48.5
666;402;329;True;True;True;48.5
667;400;330;True;True;True;61
668;403;330;True;True;True;61
669;402;331;True;True;True;54
670;404;331;True;True;True;54
671;403;332;True;True;True;56.5
672;405;332;True;True;True;56.5
673;405;333;True;True;True;54
674;53;333;True;True;True;54
675;406;334;True;True;True;85.5
676;407;334;True;True;True;85.5
677;404;335;True;True;True;51.5
678;406;335;True;True;True;51.5
679;408;336;True;True;True;65.5
680;409;336;True;True;True;65.5
681;410;337;True;True;True;81.5
682;411;337;True;True;True;81.5
683;407;338;True;True;True;87
684;410;338;True;True;True;87
685;411;339;True;True;True;42.5
686;412;339;True;True;True;42.5
687;412;340;True;True;True;70
688;413;340;True;True;True;70
689;409;341;True;True;True;56
690;414;341;True;True;True;56
691;413;342;True;True;True;46
692;415;342;True;True;True;46
693;414;343;True;True;True;54.5
694;416;343;True;True;True;54.5
695;416;344;True;True;True;83.5
696;417;344;True;True;True;83.5
697;415;345;True;True;True;79
698;418;345;True;True;True;79
699;419;346;True;True;True;89
700;420;346;True;True;True;89
701;421;347;True;True;True;54
702;422;347;True;True;True;54
703;423;348;True;True;True;89
704;421;348;False;True;True;178
705;424;348;True;True;True;89
706;425;349;True;False;True;66
707;426;349;True;False;True;66
708;427;350;True;False;True;84
709;428;350;True;True;True;84
710;429;351;True;False;True;73.5
711;430;351;False;False;True;147
712;427;351;True;False;True;73.5
713;431;352;True;True;True;79
714;432;352;False;False;True;158
715;433;352;True;True;True;79
716;434;353;True;False;True;77.5
717;435;353;True;False;True;77.5
718;436;354;True;False;True;77.5
719;437;354;True;False;True;77.5
720;438;355;True;False;True;77
721;439;355;True;False;True;77
722;440;356;True;False;True;77
723;441;356;True;False;True;77
724;442;357;True;True;True;0
725;443;357;True;True;True;0
726;444;358;True;True;True;0
727;445;358;True;True;True;0
728;446;359;True;True;True;48.5
729;447;359;True;False;True;48.5
730;448;360;True;True;True;48
731;449;360;True;False;True;48
732;450;361;True;False;True;0
733;451;361;True;False;True;0
734;452;362;True;False;True;49
735;453;362;False;True;True;98
736;454;362;False;False;True;98
737;455;362;True;True;True;49
738;456;363;True;False;True;0
739;457;363;True;False;True;0
740;458;364;True;False;True;0
741;459;364;False;False;True;0
742;460;364;True;False;True;0
743;461;365;True;False;True;69.5
744;462;365;False;True;True;139
745;463;365;False;True;True;139
746;143;365;True;True;True;69.5
747;464;366;True;True;True;190
748;465;366;True;True;True;180
749;466;367;True;True;True;69
750;467;367;True;False;True;69
751;468;368;True;True;True;72.3
752;469;368;True;False;False;61.7
753;346;271;True;False;False;0
754;347;271;True;False;False;0
755;472;370;True;True;False;0
756;473;370;True;True;True;0
757;348;272;True;False;False;0
758;346;272;True;False;False;0
759;349;273;True;False;False;0
760;345;273;True;False;False;0
761;477;373;True;True;True;75.5
762;98;373;True;True;True;75.5
763;430;374;True;True;True;46
764;478;374;True;True;True;46
765;479;375;True;False;True;78.5
766;480;375;True;False;True;78.5
767;481;376;True;False;True;0
768;482;376;True;True;True;0
769;439;377;True;False;True;43.5
770;483;377;True;False;True;43.5
771;441;378;True;False;False;43.5
772;484;378;True;False;True;43.5
773;485;379;True;True;True;0
774;486;379;True;True;True;51.5
775;487;380;True;True;True;51.5
776;488;380;True;True;True;46.5
777;489;381;True;True;True;64
778;490;381;True;True;True;64
779;491;382;True;True;True;71
780;492;382;True;True;True;71
781;493;383;True;False;True;107.6
782;494;383;False;True;True;158
783;495;383;False;False;True;158
784;274;383;True;False;True;79.4
785;496;384;True;True;True;73
786;497;384;False;False;True;146
787;498;384;True;False;True;73
788;499;385;True;True;True;44
789;500;385;False;False;True;88
790;501;385;True;True;True;44
791;502;386;True;False;True;0
792;503;386;True;False;True;0
793;504;387;True;False;True;52.5
794;505;387;False;True;True;105
795;506;387;False;True;True;105
796;507;387;True;True;True;52.5
797;508;388;True;True;True;0
798;509;388;True;False;True;0
799;510;389;True;True;True;38.5
800;463;389;False;True;True;77
801;145;389;True;True;True;38.5
802;418;390;True;True;True;71
803;511;390;True;True;True;71
804;417;391;True;True;True;41.5
805;512;391;True;True;True;41.5
806;511;392;True;True;True;51.5
807;513;392;True;True;True;51.5
808;512;393;True;True;True;87
809;55;393;True;True;True;87
810;513;394;True;True;True;71.5
811;514;394;True;True;True;71.5
812;515;395;True;True;True;40
813;516;395;True;True;True;40
814;517;396;True;True;True;59.5
815;518;396;True;True;True;59.5
816;516;397;True;True;True;40
817;519;397;True;True;True;40
818;520;398;True;True;True;63
819;521;398;True;True;True;63
820;518;399;True;True;True;43.5
821;520;399;True;True;True;43.5
822;519;400;True;True;True;40
823;522;400;True;True;True;40
824;522;401;True;True;True;73
825;523;401;True;True;True;73
826;524;402;True;True;True;69.5
827;525;402;True;True;True;69.5
828;521;403;True;True;True;83.5
829;524;403;True;True;True;83.5
830;523;404;True;True;True;81.5
831;526;404;True;True;True;81.5
832;527;405;True;True;True;86
833;528;405;True;True;True;86
834;525;406;True;True;True;65.5
835;527;406;True;True;True;65.5
836;526;407;True;True;True;78
837;529;407;True;True;True;78
838;530;408;True;True;True;64.5
839;531;408;True;True;True;64.5
840;528;409;True;True;True;88.5
841;530;409;True;True;True;88.5
842;529;410;True;True;True;49.5
843;532;410;True;True;True;49.5
844;531;411;True;True;True;40
845;533;411;True;True;True;40
846;532;412;True;True;True;81
847;534;412;True;True;True;81
848;535;413;True;True;True;41
849;536;413;True;True;True;41
850;533;414;True;True;True;69.5
851;535;414;True;True;True;69.5
852;534;415;True;True;True;68.5
853;60;415;True;True;True;68.5
854;537;416;True;True;True;76
855;538;416;True;True;True;76
856;536;417;True;True;True;46.5
857;537;417;True;True;True;46.5
858;538;418;True;True;True;58
859;62;418;True;True;True;58
860;539;419;True;True;True;67.5
861;540;419;True;True;True;67.5
862;541;420;True;True;True;66
863;542;420;True;True;True;66
864;542;421;True;True;True;55.5
865;543;421;True;True;True;55.5
866;544;422;True;True;True;70.5
867;545;422;True;True;True;70.5
868;540;423;True;True;True;46.5
869;544;423;True;True;True;46.5
870;543;424;True;True;True;55
871;546;424;True;True;True;55
872;546;425;True;True;True;81.5
873;547;425;True;True;True;81.5
874;545;426;True;True;True;75.5
875;548;426;True;True;True;75.5
876;547;427;True;True;True;84
877;549;427;True;True;True;84
878;548;428;True;True;True;49.5
879;550;428;True;True;True;49.5
880;549;429;True;True;True;45
881;551;429;True;True;True;45
882;550;430;True;True;True;55.5
883;552;430;True;True;True;55.5
884;551;431;True;True;True;71
885;553;431;True;True;True;71
886;553;432;True;True;True;66.5
887;554;432;True;True;True;66.5
888;552;433;True;True;True;85.5
889;555;433;True;True;True;85.5
890;554;434;True;True;True;85.5
891;556;434;True;True;True;85.5
892;555;435;True;True;True;55
893;557;435;True;True;True;55
894;556;436;True;True;True;46
895;558;436;True;True;True;46
896;558;437;True;True;True;41.5
897;559;437;True;True;True;41.5
898;560;438;True;True;True;48.5
899;561;438;True;True;True;48.5
900;562;439;True;True;True;46
901;560;439;True;True;True;46
902;557;440;True;True;True;62.5
903;562;440;True;True;True;62.5
904;559;441;True;True;True;46.5
905;67;441;True;True;True;46.5
906;561;442;True;True;True;88.5
907;65;442;True;True;True;88.5
908;563;443;True;True;True;51
909;564;443;True;True;True;51
910;565;444;True;True;True;51
911;566;444;True;True;True;51
912;564;445;True;True;True;52.5
913;567;445;True;True;True;52.5
914;567;446;True;True;True;85
915;568;446;True;True;True;85
916;569;447;True;True;True;55
917;570;447;True;True;True;55
918;566;448;True;True;True;52.5
919;569;448;True;True;True;52.5
920;568;449;True;True;True;46
921;571;449;True;True;True;46
922;570;450;True;True;True;65.5
923;572;450;True;True;True;65.5
924;571;451;True;True;True;43
925;573;451;True;True;True;43
926;572;452;True;True;True;62.5
927;574;452;True;True;True;62.5
928;573;453;True;True;True;77
929;575;453;True;True;True;77
930;575;454;True;True;True;57
931;576;454;True;True;True;57
932;574;455;True;True;True;56
933;577;455;True;True;True;56
934;577;456;True;True;True;59.5
935;578;456;True;True;True;59.5
936;576;457;True;True;True;70
937;579;457;True;True;True;70
938;579;458;True;True;True;69.5
939;580;458;True;True;True;69.5
940;578;459;True;True;True;79.5
941;581;459;True;True;True;79.5
942;580;460;True;True;True;50
943;69;460;True;True;True;50
944;581;461;True;True;True;79
945;582;461;True;True;True;79
946;582;462;True;True;True;74
947;71;462;True;True;True;74
948;583;463;True;True;True;55
949;584;463;True;True;True;55
950;585;464;True;True;True;43.5
951;586;464;True;True;True;43.5
952;587;465;True;True;True;86.5
953;585;465;True;True;True;86.5
954;584;466;True;True;True;57
955;588;466;True;True;True;57
956;589;467;True;True;True;71
957;590;467;True;True;True;71
958;586;468;True;True;True;63.5
959;589;468;True;True;True;63.5
960;588;469;True;True;True;40.5
961;591;469;True;True;True;40.5
962;591;470;True;True;True;40.5
963;592;470;True;True;True;40.5
964;593;471;True;True;True;40.5
965;594;471;True;True;True;40.5
966;590;472;True;True;True;40.5
967;593;472;True;True;True;40.5
968;592;473;True;True;True;53
969;595;473;True;True;True;53
970;595;474;True;True;True;77
971;73;474;True;True;True;77
972;596;475;True;True;True;80
973;597;475;True;True;True;80
974;594;476;True;True;True;60.5
975;596;476;True;True;True;60.5
976;598;477;True;True;True;89
977;599;477;True;True;True;89
978;597;478;True;True;True;89.5
979;598;478;True;True;True;89.5
980;600;479;True;True;True;63
981;601;479;True;True;True;63
982;599;480;True;True;True;56
983;600;480;True;True;True;56
984;602;481;True;True;True;42.5
985;75;481;True;True;True;42.5
986;603;482;True;True;True;71.5
987;77;482;True;True;True;71.5
988;601;483;True;True;True;47.5
989;603;483;True;True;True;47.5
990;604;484;True;True;True;51
991;605;484;True;True;True;51
992;605;485;True;True;True;40
993;606;485;True;True;True;40
994;607;486;True;True;True;40
995;608;486;True;True;True;40
996;609;487;True;True;True;51
997;607;487;True;True;True;51
998;606;488;True;True;True;66
999;610;488;True;True;True;96
1000;610;489;True;True;True;42
1001;611;489;True;True;True;75
1002;608;490;True;True;True;65
1003;612;490;True;True;True;95
1004;611;491;True;True;True;75.5
1005;613;491;True;True;True;75.5
1006;613;492;True;True;True;75
1007;614;492;True;True;True;75
1008;615;493;True;True;True;75.5
1009;616;493;True;True;True;75.5
1010;612;494;True;True;True;44
1011;615;494;True;True;True;76
1012;614;495;True;True;True;44
1013;617;495;True;True;True;44
1014;618;496;True;True;True;44
1015;619;496;True;True;True;44
1016;616;497;True;True;True;75
1017;618;497;True;True;True;75
1018;617;498;True;True;True;54.5
1019;620;498;True;True;True;54.5
1020;620;499;True;True;True;57.5
1021;621;499;True;True;True;57.5
1022;621;500;True;True;True;79
1023;622;500;True;True;True;79
1024;623;501;True;True;True;57.5
1025;624;501;True;True;True;57.5
1026;619;502;True;True;True;54.5
1027;623;502;True;True;True;54.5
1028;624;503;True;True;True;79
1029;625;503;True;True;True;79
1030;622;504;True;True;True;40.5
1031;626;504;True;True;True;40.5
1032;626;505;True;True;True;54.5
1033;627;505;True;True;True;54.5
1034;625;506;True;True;True;80
1035;628;506;True;True;True;80
1036;627;507;True;True;True;56
1037;81;507;True;True;True;56
1038;629;508;True;True;True;65
1039;84;508;True;True;True;65
1040;628;509;True;True;True;65
1041;629;509;True;True;True;65
1042;630;510;True;True;True;62.5
1043;631;510;True;True;True;62.5
1044;631;511;True;True;True;61
1045;632;511;True;True;True;61
1046;633;512;True;True;True;62.5
1047;634;512;True;True;True;62.5
1048;632;513;True;True;True;71
1049;635;513;True;True;True;71
1050;635;514;True;True;True;88.5
1051;636;514;True;True;True;88.5
1052;634;515;True;True;True;42
1053;637;515;True;True;True;42
1054;636;516;True;True;True;67
1055;638;516;True;True;True;67
1056;638;517;True;True;True;68.5
1057;639;517;True;True;True;68.5
1058;637;518;True;True;True;71
1059;640;518;True;True;True;71
1060;640;519;True;True;True;57.5
1061;641;519;True;True;True;57.5
1062;639;520;True;True;True;71.5
1063;642;520;True;True;True;71.5
1064;641;521;True;True;True;74.5
1065;643;521;True;True;True;76
1066;642;522;True;True;True;66
1067;644;522;True;True;True;66
1068;644;523;True;True;True;76
1069;645;523;True;True;True;76
1070;645;524;True;True;True;41
1071;646;524;True;True;True;41
1072;647;525;True;True;True;76
1073;648;525;True;True;True;76
1074;643;526;True;True;True;66
1075;647;526;True;True;True;66
1076;648;527;True;True;True;42.5
1077;649;527;True;True;True;42.5
1078;646;528;True;True;True;75.5
1079;650;528;True;True;True;75.5
1080;649;529;True;True;True;74
1081;651;529;True;True;True;74
1082;650;530;True;True;True;87.5
1083;86;530;True;True;True;87.5
1084;651;531;True;True;True;87.5
1085;88;531;True;True;True;87.5
1086;652;532;True;True;True;42.5
1087;653;532;True;True;True;42.5
1088;654;533;True;True;True;59.5
1089;655;533;True;True;True;59.5
1090;653;534;True;True;True;76.5
1091;656;534;True;True;True;76.5
1092;655;535;True;True;True;61.5
1093;657;535;True;True;True;61.5
1094;656;536;True;True;True;47
1095;90;536;True;True;True;47
1096;658;537;True;True;True;83.5
1097;92;537;True;True;True;83.5
1098;657;538;True;True;True;83
1099;658;538;True;True;True;83
1100;659;539;True;True;True;83
1101;660;539;True;True;True;83
1102;660;540;True;True;True;42
1103;661;540;True;True;True;42
1104;662;541;True;True;True;83.5
1105;663;541;True;True;True;83.5
1106;661;542;True;True;True;63.5
1107;664;542;True;True;True;63.5
1108;665;543;True;True;True;45.5
1109;666;543;True;True;True;45.5
1110;663;544;True;True;True;42
1111;665;544;True;True;True;42
1112;664;545;True;True;True;72.5
1113;667;545;True;True;True;72.5
1114;667;546;True;True;True;56.5
1115;668;546;True;True;True;56.5
1116;666;547;True;True;True;40.5
1117;669;547;True;True;True;40.5
1118;669;548;True;True;True;56.5
1119;670;548;True;True;True;56.5
1120;668;549;True;True;True;85.5
1121;671;549;True;True;True;85.5
1122;671;550;True;True;True;57
1123;672;550;True;True;True;57
1124;670;551;True;True;True;89
1125;673;551;True;True;True;89
1126;672;552;True;True;True;62
1127;674;552;True;True;True;62
1128;675;553;True;True;True;57
1129;676;553;True;True;True;57
1130;673;554;True;True;True;53.5
1131;675;554;True;True;True;53.5
1132;676;555;True;True;True;39
1133;677;555;True;True;True;39
1134;674;556;True;True;True;83.5
1135;94;556;True;True;True;83.5
1136;677;557;True;True;True;87
1137;96;557;True;True;True;87
1138;678;558;True;True;True;81.5
1139;100;558;True;True;True;81.5
1140;679;559;True;True;True;62.5
1141;102;559;True;True;True;62.5
1142;680;560;True;True;True;81.5
1143;104;560;True;True;True;81.5
1144;681;561;True;True;True;56
1145;682;561;True;True;True;56
1146;682;562;True;True;True;42
1147;683;562;True;True;True;42
1148;684;563;True;True;True;84.5
1149;685;563;True;True;True;84.5
1150;685;564;True;True;True;56
1151;686;564;True;True;True;56
1152;683;565;True;True;True;57.5
1153;687;565;True;True;True;57.5
1154;687;566;True;True;True;77
1155;688;566;True;True;True;77
1156;686;567;True;True;True;59.5
1157;689;567;True;True;True;59.5
1158;688;568;True;True;True;56
1159;690;568;True;True;True;56
1160;690;569;True;True;True;53
1161;691;569;True;True;True;53
1162;689;570;True;True;True;43
1163;692;570;True;True;True;43
1164;691;571;True;True;True;88
1165;693;571;True;True;True;88
1166;693;572;True;True;True;57.5
1167;694;572;True;True;True;57.5
1168;695;573;True;True;True;88
1169;696;573;True;True;True;88
1170;692;574;True;True;True;53
1171;695;574;True;True;True;53
1172;694;575;True;True;True;54
1173;106;575;True;True;True;54
1174;697;576;True;True;True;76.5
1175;698;576;True;True;True;76.5
1176;696;577;True;True;True;79.5
1177;697;577;True;True;True;79.5
1178;699;578;True;True;True;73
1179;700;578;True;True;True;73
1180;701;579;True;True;True;56
1181;702;579;True;True;True;56
1182;700;580;True;True;True;41
1183;703;580;True;True;True;41
1184;702;581;True;True;True;46
1185;704;581;True;True;True;46
1186;703;582;True;True;True;67.5
1187;705;582;True;True;True;67.5
1188;704;583;True;True;True;56.5
1189;706;583;True;True;True;56.5
1190;707;584;True;True;True;44
1191;708;584;True;True;True;44
1192;705;585;True;True;True;58
1193;707;585;True;True;True;58
1194;709;586;True;True;True;70
1195;710;586;True;True;True;70
1196;708;587;True;True;True;51.5
1197;709;587;True;True;True;51.5
1198;711;588;True;True;True;85
1199;712;588;True;True;True;85
1200;713;589;True;True;True;90
1201;714;589;True;True;True;90
1202;710;590;True;True;True;41.5
1203;713;590;True;True;True;41.5
1204;712;591;True;True;True;60
1205;715;591;True;True;True;60
1206;715;592;True;True;True;73.5
1207;716;592;True;True;True;73.5
1208;714;593;True;True;True;77.5
1209;717;593;True;True;True;77.5
1210;717;594;True;True;True;41.5
1211;718;594;True;True;True;41.5
1212;718;595;True;True;True;90
1213;719;595;True;True;True;90
1214;720;596;True;True;True;40.5
1215;721;596;True;True;True;40.5
1216;722;597;True;True;True;40
1217;720;597;True;True;True;40
1218;723;598;True;True;True;52
1219;724;598;True;True;True;52
1220;724;599;True;True;True;40
1221;725;599;True;True;True;40
1222;725;600;True;True;True;76
1223;726;600;True;True;True;76
1224;726;601;True;True;True;83.5
1225;727;601;True;True;True;83.5
1226;728;602;True;True;True;55
1227;729;602;True;True;True;55
1228;721;603;True;True;True;90
1229;728;603;True;True;True;90
1230;727;604;True;True;True;86.5
1231;730;604;True;True;True;86.5
1232;730;605;True;True;True;85
1233;731;605;True;True;True;85
1234;732;606;True;True;True;55
1235;733;606;True;True;True;55
1236;733;607;True;True;True;51
1237;734;607;True;True;True;51
1238;731;608;True;True;True;61
1239;735;608;True;True;True;61
1240;735;609;True;True;True;62
1241;736;609;True;True;True;62
1242;734;610;True;True;True;45
1243;737;610;True;True;True;45
1244;736;611;True;True;True;52.5
1245;738;611;True;True;True;52.5
1246;739;612;True;True;True;84.5
1247;740;612;True;True;True;84.5
1248;737;613;True;True;True;82.5
1249;739;613;True;True;True;82.5
1250;738;614;True;True;True;82.5
1251;741;614;True;True;True;82.5
1252;742;615;True;True;True;78.5
1253;743;615;True;True;True;78.5
1254;744;616;True;True;True;89
1255;745;616;True;True;True;89
1256;746;617;True;True;True;88.5
1257;747;617;True;True;True;88.5
1258;748;618;True;True;True;53.5
1259;749;618;True;True;True;53.5
1260;745;619;True;True;True;44
1261;750;619;True;True;True;44
1262;751;620;True;True;True;77
1263;752;620;True;True;True;77
1264;750;621;True;True;True;77
1265;753;621;True;True;True;77
1266;752;622;True;True;True;48
1267;754;622;True;True;True;48
1268;753;623;True;True;True;71
1269;755;623;True;True;True;71
1270;754;624;True;True;True;57
1271;756;624;True;True;True;57
1272;755;625;True;True;True;72
1273;757;625;True;True;True;72
1274;757;626;True;True;True;58
1275;758;626;True;True;True;58
1276;758;627;True;True;True;59.5
1277;759;627;True;True;True;59.5
1278;760;628;True;True;True;49.5
1279;761;628;True;True;True;49.5
1280;761;629;True;True;True;62.5
1281;762;629;True;True;True;62.5
1282;759;630;True;True;True;68.5
1283;763;630;True;True;True;68.5
1284;763;631;True;True;True;63.5
1285;764;631;True;True;True;63.5
1286;765;632;True;True;True;84
1287;766;632;True;True;True;84
1288;762;633;True;True;True;68.5
1289;765;633;True;True;True;68.5
1290;764;634;True;True;True;85
1291;767;634;True;True;True;85
1292;767;635;True;True;True;53
1293;768;635;True;True;True;53
1294;769;636;True;True;True;85
1295;770;636;True;True;True;85
1296;766;637;True;True;True;69.5
1297;769;637;True;True;True;69.5
1298;768;638;True;True;True;60.5
1299;771;638;True;True;True;60.5
1300;770;639;True;True;True;42
1301;772;639;True;True;True;42
1302;507;640;True;True;True;73
1303;773;640;True;True;True;73
1304;772;641;True;True;True;71.5
1305;774;641;True;True;True;71.5
1306;773;642;True;True;True;79
1307;775;642;True;True;True;79
1308;775;643;True;True;True;50.5
1309;776;643;True;True;True;50.5
1310;777;644;True;True;True;62
1311;778;644;True;True;True;62
1312;776;645;True;True;True;52.5
1313;779;645;True;True;True;52.5
1314;780;646;True;True;True;75.5
1315;781;646;True;True;True;75.5
1316;778;647;True;True;True;50.5
1317;780;647;True;True;True;50.5
1318;779;648;True;True;True;82.5
1319;782;648;True;True;True;82.5
1320;782;649;True;True;True;66.5
1321;783;649;True;True;True;66.5
1322;781;650;True;True;True;59.5
1323;784;650;True;True;True;59.5
1324;783;651;True;True;True;59
1325;785;651;True;True;True;59
1326;784;652;True;True;True;42
1327;786;652;True;True;True;42
1328;785;653;True;True;True;72
1329;787;653;True;True;True;72
1330;788;654;True;True;True;84
1331;789;654;True;True;True;84
1332;786;655;True;True;True;42.5
1333;788;655;True;True;True;42.5
1334;787;656;True;True;True;50
1335;790;656;True;True;True;50
1336;789;657;True;True;True;87
1337;791;657;True;True;True;87
1338;790;658;True;True;True;61
1339;792;658;True;True;True;61
1340;792;659;True;True;True;57
1341;793;659;True;True;True;57
1342;794;660;True;True;True;52.5
1343;795;660;True;True;True;52.5
1344;791;661;True;True;True;53
1345;794;661;True;True;True;53
1346;795;662;True;True;True;65.5
1347;796;662;True;True;True;65.5
1348;793;663;True;True;True;61.5
1349;797;663;True;True;True;61.5
1350;796;664;True;True;True;48
1351;798;664;True;True;True;48
1352;799;665;True;True;True;56.5
1353;800;665;True;True;True;56.5
1354;800;666;True;True;True;85
1355;801;666;True;True;True;85
1356;802;667;True;True;True;925
1357;803;667;True;False;True;92.5
1358;801;668;True;True;True;55.5
1359;804;668;True;True;True;55.5
1360;805;669;True;True;True;55.5
1361;806;669;True;True;True;55.5
1362;803;670;True;False;True;80
1363;805;670;True;True;True;80
1364;807;671;True;True;True;86.5
1365;808;671;True;True;True;86.5
1366;808;672;True;True;True;47.5
1367;809;672;True;True;True;47.5
1368;809;673;True;True;True;52.5
1369;810;673;True;True;True;52.5
1370;810;674;True;True;True;73
1371;811;674;True;True;True;73
1372;812;675;True;True;True;47.5
1373;813;675;True;True;True;47.5
1374;813;676;True;True;True;49
1375;814;676;True;True;True;49
1376;811;677;True;True;True;51
1377;815;677;True;True;True;51
1378;814;678;True;True;True;60
1379;816;678;True;True;True;60
1380;816;679;True;True;True;64
1381;817;679;True;True;True;64
1382;815;680;True;True;True;66.5
1383;818;680;True;True;True;66.5
1384;818;681;True;True;True;68
1385;819;681;True;True;True;68
1386;817;682;True;True;True;65
1387;820;682;True;True;True;65
1388;819;683;True;True;True;70.5
1389;821;683;True;True;True;70.5
1390;820;684;True;True;True;48.5
1391;822;684;True;True;True;48.5
1392;821;685;True;True;True;49.5
1393;823;685;True;True;True;49.5
1394;822;686;True;True;True;76
1395;824;686;True;True;True;76
1396;823;687;True;True;True;52.5
1397;825;687;True;True;True;52.5
1398;826;688;True;True;True;56.5
1399;827;688;True;True;True;56.5
1400;824;689;True;True;True;65
1401;826;689;True;True;True;65
1402;828;690;True;True;True;65.5
1403;829;690;True;True;True;65.5
1404;829;691;True;True;True;75.5
1405;830;691;True;True;True;75.5
1406;831;692;True;True;True;77.5
1407;832;692;True;True;True;77.5
1408;832;693;True;True;True;81
1409;833;693;True;True;True;81
1410;834;694;True;True;True;88
1411;835;694;True;True;True;88
1412;836;695;True;True;True;79.5
1413;837;695;True;True;True;79.5
1414;501;696;True;True;True;61.5
1415;838;696;True;True;True;61.5
1416;370;697;True;True;True;51
1417;839;697;True;True;True;51
1418;838;698;True;True;True;87.5
1419;840;698;True;True;True;87.5
1420;841;699;True;True;True;86.5
1421;842;699;True;True;True;86.5
1422;840;700;True;True;True;51.5
1423;843;700;True;True;True;51.5
1424;844;701;True;True;True;42
1425;372;701;True;True;True;42
1426;842;702;True;True;True;53.5
1427;844;702;True;True;True;53.5
1428;843;703;True;True;True;70.5
1429;33;703;True;True;True;70.5
1430;482;704;True;True;True;73.5
1431;845;704;True;True;True;73.5
1432;486;705;True;True;True;40.5
1433;846;705;True;True;True;40.5
1434;488;706;True;True;True;40.5
1435;847;706;True;True;True;40.5
1436;846;707;True;True;True;61
1437;848;707;True;True;True;61
1438;847;708;True;True;True;80.5
1439;849;708;True;True;True;80.5
1440;848;709;True;True;True;60.5
1441;850;709;True;True;True;60.5
1442;849;710;True;True;True;72.5
1443;851;710;True;True;True;72.5
1444;850;711;True;True;True;47
1445;852;711;True;True;True;47
1446;851;712;True;True;True;63
1447;853;712;True;True;True;63
1448;854;713;True;True;True;57
1449;855;713;True;True;True;57
1450;855;714;True;True;True;47.5
1451;856;714;True;True;True;47.5
1452;857;715;True;True;True;47.5
1453;858;715;True;True;True;47.5
1454;859;716;True;True;True;57
1455;857;716;True;True;True;57
1456;860;717;True;True;True;50
1457;861;717;True;True;True;50
1458;862;718;True;True;True;51
1459;863;718;True;True;True;51
1460;861;719;True;True;True;84.5
1461;864;719;True;True;True;84.5
1462;863;720;True;True;True;84.5
1463;865;720;True;True;True;84.5
1464;864;721;True;True;True;84
1465;866;721;True;True;True;84
1466;865;722;True;True;True;84
1467;867;722;True;True;True;84
1468;868;723;True;True;True;73.5
1469;869;723;True;True;True;73.5
1470;870;724;True;True;True;62
1471;868;724;True;True;True;62
1472;871;725;True;True;True;58
1473;872;725;True;True;True;58
1474;873;726;True;False;True;68
1475;871;726;True;True;True;68
1476;874;727;True;True;True;56
1477;875;727;True;True;True;56
1478;492;728;True;True;True;76
1479;876;728;True;True;True;76
1480;490;729;True;True;True;89
1481;877;729;True;True;True;89
1482;876;730;True;True;True;54.5
1483;878;730;True;True;True;54.5
1484;878;731;True;True;True;58
1485;879;731;True;True;True;58
1486;880;732;True;True;True;58
1487;881;732;True;True;True;58
1488;877;733;True;True;True;54.5
1489;880;733;True;True;True;54.5
1490;879;734;True;True;True;55
1491;882;734;True;True;True;55
1492;883;735;True;True;True;84
1493;884;735;True;True;True;84
1494;885;736;True;True;True;41
1495;886;736;True;True;True;41
1496;881;737;True;True;True;54.5
1497;887;737;True;True;True;54.5
1498;884;738;True;True;True;89
1499;888;738;True;True;True;89
1500;888;739;True;True;True;68.5
1501;889;739;True;True;True;68.5
1502;886;740;True;True;True;94
1503;890;740;True;True;True;94
1504;890;741;True;True;True;73.5
1505;891;741;True;False;True;73.5
1506;469;742;True;False;True;0
1507;892;742;True;False;False;0
1508;467;743;True;False;True;61
1509;893;743;True;True;True;61
1510;894;744;True;False;True;61.5
1511;895;744;True;False;True;77.5
1512;896;745;True;True;True;87.5
1513;897;745;True;False;True;87.5
1514;898;746;True;True;True;44.5
1515;899;746;True;False;True;44.5
1516;900;747;True;True;True;525
1517;901;747;True;False;True;52.5
1518;902;748;True;False;True;70.5
1519;903;748;True;False;True;70.5
1520;904;749;True;True;True;36.5
1521;905;749;True;True;True;36.5
1522;906;750;True;True;True;79
1523;907;750;False;False;True;158
1524;908;750;True;False;True;79
1525;909;751;True;False;True;44.5
1526;910;751;False;False;True;89
1527;911;751;True;False;True;44.5
1528;912;752;True;True;True;62.5
1529;913;752;False;True;True;125
1530;914;752;True;False;True;62.5
1531;915;753;True;True;True;44
1532;916;753;False;False;True;88
1533;913;753;False;False;True;88
1534;917;753;True;False;True;44
1535;918;754;True;True;True;68.5
1536;919;754;True;True;True;68.5
1537;920;755;True;True;True;99
1538;921;755;True;False;True;99
1539;922;756;True;True;True;58
1540;923;756;True;False;True;58
1541;924;757;True;False;True;48.5
1542;925;757;True;False;True;48.5
1543;926;758;True;True;True;91
1544;927;758;False;False;True;182
1545;928;758;True;False;True;91
1546;929;759;True;True;True;0
1547;930;759;False;False;True;0
1548;431;759;False;True;True;0
1549;931;759;True;False;True;0
1550;433;760;True;True;True;75.5
1551;932;760;True;False;True;75.5
1552;933;761;True;True;True;73.5
1553;934;761;True;False;True;73.5
1554;935;762;True;True;True;81
1555;936;762;True;False;True;81
1556;937;763;True;True;True;80
1557;938;763;True;False;True;80
1558;939;764;True;True;True;42
1559;940;764;True;False;True;42
1560;52;765;True;False;True;56
1561;941;765;False;True;True;112
1562;942;765;True;False;True;56
1563;514;766;True;True;True;53
1564;56;766;False;False;True;106
1565;943;766;True;False;True;53
1566;944;767;True;False;True;50
1567;945;767;False;True;True;100
1568;946;767;True;False;True;50
1569;947;768;True;False;True;58
1570;948;768;False;True;True;116
1571;949;768;True;False;True;58
1572;950;769;True;False;True;85.5
1573;951;769;False;True;True;171
1574;952;769;True;False;True;85.5
1575;953;770;True;False;True;48
1576;954;770;False;True;True;96
1577;955;770;True;False;True;48
1578;956;771;True;False;True;35.9
1579;957;771;False;True;True;81
1580;958;771;False;True;True;81
1581;959;771;True;False;True;35.4
1582;960;772;True;False;True;69.5
1583;961;772;False;True;True;139
1584;962;772;True;False;True;69.5
1585;963;773;True;False;True;80
1586;964;773;False;True;True;160
1587;965;773;True;False;True;80
1588;901;774;True;False;True;88
1589;966;774;False;True;True;176
1590;967;774;True;True;True;88
1591;968;775;True;False;True;78
1592;503;775;False;True;True;156
1593;969;775;True;False;True;78
1594;970;776;True;False;True;84.5
1595;424;776;False;True;True;169
1596;971;776;True;False;True;84.5
1597;972;777;True;False;True;67
1598;973;777;False;True;True;134
1599;948;777;False;True;True;134
1600;974;777;True;False;True;67
1601;975;778;True;False;True;56.5
1602;976;778;False;False;True;113
1603;977;778;True;False;True;56.5
1604;978;779;True;False;True;69.5
1605;979;779;False;True;True;139
1606;980;779;False;True;True;139
1607;981;779;True;False;True;69.5
1608;982;780;True;False;True;44.3
1609;983;780;False;True;True;133
1610;984;780;False;True;True;133
1611;985;780;True;False;True;45.2
1612;70;781;True;False;True;81.5
1613;986;781;False;True;True;163
1614;961;781;False;True;True;163
1615;987;781;True;False;True;81.5
1616;988;782;True;False;True;55
1617;989;782;False;True;True;110
1618;990;782;True;False;True;55
1619;991;783;True;False;True;84
1620;992;783;False;True;True;168
1621;993;783;True;False;True;84
1622;994;784;True;False;True;45
1623;995;784;False;True;True;133
1624;996;784;False;True;True;133
1625;997;784;True;False;True;145
1626;61;785;True;False;True;84
1627;63;785;False;True;True;168
1628;909;785;False;True;True;168
1629;998;785;True;False;True;84
1630;79;786;True;False;True;0
1631;999;786;False;False;True;0
1632;1000;786;True;False;True;0
1633;1001;787;True;False;True;57
1634;958;787;False;True;True;114
1635;1002;787;True;False;True;57
1636;87;788;True;False;True;62
1637;1003;788;False;True;True;124
1638;973;788;False;True;True;124
1639;947;788;True;False;True;62
1640;1004;789;True;False;True;72
1641;1005;789;False;False;True;144
1642;1006;789;True;False;True;72
1643;83;790;True;False;True;46.5
1644;1007;790;False;True;True;93
1645;1008;790;True;False;True;46.5
1646;1009;791;True;False;True;0
1647;1010;791;False;False;True;0
1648;1011;791;True;False;True;0
1649;1012;792;True;False;True;66
1650;1013;792;False;False;True;132
1651;898;792;False;True;True;132
1652;1014;792;True;True;True;66
1653;1015;793;True;False;True;0
1654;1016;793;False;False;True;0
1655;1017;793;True;False;True;0
1656;1018;794;True;False;True;57
1657;1019;794;False;False;True;114
1658;256;794;True;False;True;57
1659;1020;795;True;False;True;59
1660;1021;795;False;True;True;118
1661;1022;795;True;False;True;59
1662;981;796;True;False;True;71
1663;1023;796;False;True;True;142
1664;1024;796;True;False;True;71
1665;984;797;True;False;True;0
1666;1025;797;False;False;True;0
1667;1026;797;True;False;True;0
1668;1027;798;True;False;True;126.25
1669;1028;798;False;False;True;0
1670;1029;798;False;True;True;0
1671;963;798;True;False;True;126.25
1672;1030;799;True;False;True;0
1673;1031;799;False;True;True;0
1674;929;799;False;True;True;0
1675;1032;799;True;False;True;0
1676;1033;800;True;False;True;47
1677;1034;800;False;True;True;94
1678;1035;800;True;False;True;47
1679;1036;801;True;False;True;78.5
1680;1037;801;False;True;True;157
1681;1038;801;True;False;True;78.5
1682;1035;802;True;False;True;42.5
1683;426;802;False;False;True;85
1684;1039;802;True;False;True;42.5
1685;1040;803;True;False;True;70
1686;1041;803;False;True;True;140
1687;1042;803;True;False;True;70
1688;1043;804;True;False;True;76.5
1689;1044;804;False;True;True;153
1690;1045;804;False;True;True;153
1691;444;804;False;True;True;153
1692;1046;804;True;False;True;76.5
1693;1047;805;True;False;True;76
1694;1048;805;False;True;True;152
1695;1049;805;False;True;True;152
1696;442;805;False;True;True;152
1697;1050;805;True;False;True;76
1698;1051;806;True;False;True;36.5
1699;1052;806;False;True;True;73
1700;989;806;False;True;True;73
1701;1053;806;True;False;True;36.5
1702;16;807;True;False;True;76.5
1703;1054;807;False;True;True;153
1704;458;807;False;True;True;153
1705;1055;807;True;False;True;76.5
1706;1056;808;True;False;True;85.5
1707;1057;808;False;True;True;171
1708;1058;808;True;False;True;85.5
1709;1059;809;True;False;True;69.5
1710;1060;809;False;True;True;139
1711;1061;809;True;False;True;69.5
1712;1062;810;True;False;True;80
1713;1063;810;False;False;True;160
1714;1064;810;True;False;True;80
1715;1065;811;True;False;True;85.5
1716;1066;811;False;True;True;171
1717;1067;811;True;False;True;85.5
1718;1068;812;True;False;True;68.5
1719;980;812;False;True;True;137
1720;1023;812;False;False;True;137
1721;1069;812;True;False;True;68.5
1722;1070;813;True;False;True;57
1723;1071;813;False;False;True;114
1724;1072;813;True;True;True;57
1725;1073;814;True;False;True;68
1726;1045;814;False;False;True;136
1727;1074;814;True;False;True;68
1728;1075;815;True;False;True;57
1729;1076;815;False;False;True;114
1730;1077;815;True;False;True;57
1731;1078;816;True;False;False;0
1732;1079;816;True;False;True;0
1733;1080;817;True;False;True;73.5
1734;1081;817;False;False;True;147
1735;1082;817;True;False;True;73.5
1736;1083;818;True;False;True;58
1737;1049;818;False;False;True;116
1738;897;818;False;False;True;116
1739;1084;818;True;False;True;58
1740;1085;819;True;False;True;62
1741;1086;819;False;False;True;124
1742;1087;819;True;False;True;62
1743;1088;820;True;False;True;0
1744;1089;820;True;False;True;0
1745;1090;821;True;False;True;56.5
1746;1091;821;False;False;True;113
1747;1092;821;True;False;True;56.5
1748;1093;822;True;False;True;35.3
1749;1094;822;False;True;True;58
1750;1071;822;False;True;True;58
1751;1095;822;True;False;True;35
1752;1096;823;True;False;True;27
1753;1097;823;False;True;True;42
1754;1098;823;False;True;True;42
1755;1099;823;True;False;True;27
1756;1100;824;True;False;True;0
1757;451;824;False;True;True;0
1758;1101;824;False;True;True;0
1759;1102;824;False;True;True;0
1760;1103;824;True;False;True;0
1761;95;825;True;False;True;50.5
1762;1104;825;False;True;True;101
1763;1105;825;True;False;True;50.5
1764;108;826;True;False;True;42.5
1765;1106;826;False;True;True;85
1766;1107;826;False;True;True;85
1767;1108;826;True;False;True;42.5
1768;85;827;True;False;True;76.5
1769;82;827;False;True;True;153
1770;1109;827;True;False;True;76.5
1771;1110;828;True;False;True;84
1772;1111;828;False;True;True;168
1773;1112;828;True;False;True;84
1774;1113;829;True;False;True;43
1775;1114;829;False;False;True;86
1776;1115;829;True;False;True;43
1777;4;830;True;False;True;45
1778;1116;830;False;True;True;133
1779;1015;830;False;True;True;133
1780;1117;830;True;False;True;45
1781;1118;831;True;False;True;50.5
1782;1029;831;False;True;True;101
1783;964;831;False;True;True;101
1784;1119;831;True;False;True;50.5
1785;1120;832;True;False;True;46.5
1786;1121;832;False;True;True;133
1787;1066;832;False;True;True;133
1788;1122;832;True;False;True;45.9
1789;1123;833;True;False;True;47
1790;1124;833;False;True;True;94
1791;1111;833;False;True;True;94
1792;1125;833;True;False;True;47
1793;996;834;True;False;True;0
1794;457;834;False;False;True;0
1795;1126;834;True;False;True;0
1796;1127;835;True;True;True;74.5
1797;1128;835;False;False;True;149
1798;1129;835;True;False;True;74.5
1799;1130;836;True;False;True;58
1800;1098;836;False;False;True;116
1801;1131;836;True;False;True;58
1802;1132;837;True;False;True;72
1803;455;837;False;True;True;144
1804;1068;837;True;False;True;72
1805;1133;838;True;False;True;57
1806;1134;838;False;True;True;114
1807;1135;838;True;False;True;57
1808;40;839;True;False;True;44
1809;1136;839;False;True;True;88
1810;904;839;False;True;True;88
1811;1137;839;True;False;True;44
1812;1138;840;True;False;True;43
1813;1139;840;False;True;True;133
1814;951;840;False;True;True;133
1815;1140;840;True;False;True;45
1816;27;841;True;False;True;34
1817;1141;841;False;True;True;56
1818;1021;841;False;True;True;56
1819;1142;841;True;False;True;34
1820;1143;842;True;False;True;70
1821;1144;842;False;True;True;140
1822;1145;842;True;False;True;70
1823;1146;843;True;False;True;69.5
1824;1102;843;False;True;True;139
1825;1147;843;True;False;True;69.5
1826;1148;844;True;False;True;45
1827;1149;844;False;True;True;133
1828;1057;844;False;True;True;133
1829;1150;844;True;False;True;45
1830;1151;845;True;False;True;39.5
1831;1152;845;False;True;True;79
1832;1153;845;True;False;True;39.5
1833;1154;846;True;False;True;40
1834;1155;846;False;True;True;80
1835;1156;846;True;False;True;40
1836;1157;847;True;False;True;52
1837;1158;847;False;True;True;104
1838;1159;847;True;False;True;52
1839;23;848;True;False;True;29.5
1840;1160;848;False;True;True;59
1841;1134;848;False;True;True;59
1842;1161;848;True;False;True;29.5
1843;1162;849;True;False;True;35.5
1844;428;849;False;True;True;71
1845;1033;849;True;False;True;35.5
1846;1163;850;True;False;True;81
1847;1164;850;False;True;True;162
1848;1165;850;True;False;True;81
1849;1166;851;True;True;True;63
1850;1013;851;True;True;True;63
1851;1167;852;True;True;True;80
1852;470;852;True;True;True;80
1853;1168;853;True;True;True;68.5
1854;1060;853;True;False;True;68.5
1855;1169;854;True;True;True;60.5
1856;999;854;False;True;True;121
1857;1170;854;True;True;True;60.5
1858;1171;855;True;True;True;56
1859;1003;855;False;False;True;112
1860;1172;855;True;True;True;56
1861;1173;856;True;True;True;39
1862;916;856;False;False;True;78
1863;912;856;True;True;True;39
1864;1174;857;True;False;True;44
1865;1175;857;True;False;True;44
1866;1176;858;True;True;True;0
1867;1107;858;False;True;True;0
1868;1177;858;True;True;True;0
1869;1178;859;True;True;True;29
1870;1176;859;True;True;True;29
1871;1177;860;True;True;True;99
1872;1179;860;True;True;True;99
1873;1180;861;True;True;True;52.5
1874;420;861;False;True;True;105
1875;918;861;True;True;True;52.5
1876;44;862;True;False;True;46
1877;1181;862;False;True;True;92
1878;1158;862;False;True;True;92
1879;170;862;True;True;True;46
1880;12;863;True;False;True;34.7
1881;1182;863;False;True;True;63
1882;1019;863;False;True;True;63
1883;254;863;True;True;True;39.5
1884;1183;864;True;False;True;105.5
1885;1184;864;False;True;True;0
1886;539;864;True;True;True;105.5
1887;1038;865;True;False;True;44
1888;495;865;False;True;True;88
1889;276;865;True;True;True;44
1890;1185;866;True;False;True;86
1891;1186;866;False;True;True;172
1892;883;866;True;True;True;86
1893;34;867;True;False;True;53.5
1894;1187;867;False;True;True;107
1895;1155;867;False;True;True;107
1896;373;867;True;True;True;53.5
1897;1188;868;True;False;True;37.5
1898;506;868;False;True;True;75
1899;777;868;True;True;True;37.5
1900;1189;869;True;False;True;31.5
1901;1190;869;False;True;True;63
1902;1076;869;False;True;True;63
1903;118;869;True;True;True;31.5
1904;1191;870;True;False;True;42.5
1905;1080;870;True;False;True;42.5
1906;498;871;True;False;True;81.5
1907;1192;871;True;False;True;81.5
1908;1193;872;True;False;True;79.5
1909;1191;872;True;False;True;79.5
1910;1194;873;True;False;True;52
1911;1193;873;True;False;True;52
1912;1195;874;True;False;True;38
1913;1194;874;True;False;True;38
1914;1196;875;True;False;True;38
1915;1197;875;True;False;True;38
1916;1197;876;True;False;True;52
1917;1198;876;True;False;True;52
1918;1199;877;True;False;True;56
1919;1097;877;False;True;True;112
1920;1130;877;True;False;True;56
1921;1200;878;True;False;True;57
1922;1201;878;True;False;True;57
1923;1126;879;True;False;True;47
1924;1202;879;True;False;True;47
1925;1203;880;True;False;True;61
1926;1204;880;True;False;True;61
1927;1205;881;True;False;True;85.5
1928;995;881;False;True;True;171
1929;1203;881;True;False;True;85.5
1930;1206;882;True;False;True;62
1931;950;882;True;False;True;62
1932;1204;883;True;False;True;57
1933;1206;883;True;False;True;57
1934;1207;884;True;False;True;59
1935;1052;884;False;True;True;118
1936;988;884;True;False;True;59
1937;350;274;True;False;False;0
1938;349;274;True;False;False;0
1939;354;275;True;False;False;0
1940;471;275;True;False;False;0
1941;1212;887;True;False;True;57
1942;957;887;False;True;True;114
1943;1001;887;True;False;True;57
1944;1213;888;True;False;True;57
1945;1190;888;False;True;True;114
1946;1075;888;True;False;True;57
1947;1214;889;True;False;True;49
1948;1215;889;True;False;True;49
1949;1026;890;True;False;True;47
1950;1216;890;True;False;True;47
1951;1217;891;True;False;True;65.5
1952;1218;891;True;False;True;65.5
1953;969;892;True;False;True;85.5
1954;983;892;False;True;True;171
1955;1217;892;True;False;True;85.5
1956;1219;893;True;False;True;65.5
1957;1065;893;True;False;True;65.5
1958;1218;894;True;False;True;49
1959;1219;894;True;False;True;49
1960;2;895;True;False;True;57
1961;1094;895;False;True;True;114
1962;1070;895;True;False;True;57
1963;1220;896;True;False;True;48.5
1964;1221;896;True;False;True;48.5
1965;1017;897;True;False;True;47
1966;1222;897;True;False;True;47
1967;1223;898;True;False;True;65.5
1968;1224;898;True;False;True;65.5
1969;6;899;True;False;True;85.5
1970;1116;899;False;True;True;171
1971;1223;899;True;False;True;85.5
1972;1225;900;True;False;True;66
1973;1056;900;True;False;True;66
1974;1224;901;True;False;True;48.5
1975;1225;901;True;False;True;48.5
1976;1226;902;True;False;True;34.5
1977;1012;902;True;False;True;34.5
1978;1014;903;True;False;True;55.5
1979;1227;903;True;False;True;55.5
1980;1228;904;True;False;True;73
1981;464;904;False;True;True;146
1982;1229;904;True;False;True;73
1983;1230;905;True;False;True;53.5
1984;1228;905;True;False;True;53.5
1985;14;906;True;False;True;57
1986;1182;906;False;True;True;114
1987;1018;906;True;False;True;57
1988;1231;907;True;False;True;56.5
1989;1232;907;True;False;True;56.5
1990;460;908;True;False;True;62
1991;1233;908;True;False;True;62
1992;1234;909;True;False;True;68
1993;1088;909;False;True;True;136
1994;1235;909;True;False;True;68
1995;18;910;True;False;True;85.5
1996;1054;910;False;True;True;171
1997;1234;910;True;False;True;85.5
1998;1236;911;True;False;True;61.5
1999;1237;911;True;False;True;61.5
2000;1089;912;True;False;True;77
2001;1238;912;True;False;True;77
2002;25;913;True;False;True;57.5
2003;1160;913;False;True;True;115
2004;1133;913;True;False;True;57.5
2005;1142;914;True;False;True;42
2006;1239;914;True;False;True;42
2007;1239;915;True;False;True;43.5
2008;1240;915;False;True;True;87
2009;4246;915;True;False;True;43.5
2010;1022;916;True;False;True;41
2011;1241;916;True;False;True;41
2012;29;917;True;False;True;55
2013;1141;917;False;True;True;110
2014;1020;917;True;False;True;55
2015;36;918;True;False;True;53
2016;1187;918;False;True;True;106
2017;1154;918;True;False;True;53
2018;38;919;True;False;True;37
2019;902;919;False;True;True;74
2020;1242;919;True;False;True;37
2021;1137;920;True;False;True;53.5
2022;1243;920;True;False;True;53.5
2023;1243;921;True;False;True;52.5
2024;1244;921;True;False;True;52.5
2025;1244;922;True;False;True;69.5
2026;1245;922;True;False;True;69.5
2027;905;923;True;False;True;62.5
2028;1246;923;True;False;True;62.5
2029;1246;924;True;False;True;53.5
2030;1247;924;True;False;True;53.5
2031;1248;925;True;False;True;67
2032;1249;925;True;False;True;67
2033;42;926;True;False;True;87.5
2034;1136;926;False;True;True;175
2035;1248;926;True;False;True;87.5
2036;1245;927;True;False;True;82
2037;461;927;True;False;True;82
2038;1250;928;True;False;True;63
2039;510;928;True;False;True;63
2040;1249;929;True;False;True;37
2041;1250;929;True;False;True;37
2042;46;930;True;False;True;83.5
2043;1181;930;False;True;True;167
2044;1157;930;True;False;True;83.5
2045;1251;931;True;False;True;57.5
2046;1252;931;True;False;True;57.5
2047;48;932;True;False;True;65.5
2048;1251;932;True;False;True;65.5
2049;50;933;True;False;True;49
2050;941;933;False;True;True;98
2051;1253;933;True;False;True;49
2052;1253;934;True;False;True;72.5
2053;1254;934;True;False;True;72.5
2054;1254;935;True;False;True;57
2055;1255;935;True;False;True;57
2056;1256;936;True;False;True;78.5
2057;1257;936;True;False;True;78.5
2058;1258;937;True;False;True;35
2059;1256;937;True;False;True;35
2060;942;938;True;False;True;65.5
2061;1009;938;False;True;True;131
2062;1258;938;True;False;True;65.5
2063;1255;939;True;False;True;63.5
2064;944;939;True;False;True;63.5
2065;977;940;True;False;True;50
2066;945;940;False;True;True;100
2067;1259;940;True;False;True;50
2068;1260;941;True;False;True;35
2069;975;941;True;False;True;35
2070;1257;942;True;False;True;63.5
2071;1260;942;True;False;True;63.5
2072;1261;943;True;False;True;63.5
2073;1262;943;True;False;True;63.5
2074;1011;944;True;False;True;83
2075;1261;944;True;False;True;83
2076;943;945;True;False;True;43.5
2077;1263;945;True;False;True;43.5
2078;923;946;True;False;True;81.5
2079;1264;946;True;False;True;81.5
2080;1265;947;True;False;True;49.5
2081;1266;947;True;False;True;49.5
2082;1267;948;True;False;True;62
2083;924;948;False;False;True;124
2084;1265;948;True;False;True;62
2085;1268;949;True;False;True;69
2086;1267;949;True;False;True;69
2087;1269;950;True;False;True;61
2088;1268;950;True;False;True;61
2089;1270;951;True;False;True;53
2090;1271;951;True;False;True;53
2091;1272;952;True;False;True;58.5
2092;505;952;False;True;True;117
2093;1188;952;True;False;True;58.5
2094;1273;953;True;False;True;35
2095;1272;953;True;False;True;35
2096;1274;954;True;False;True;0
2097;937;954;False;True;True;0
2098;1275;954;True;False;True;0
2099;1275;955;True;False;True;44
2100;1276;955;True;False;True;44
2101;1277;956;True;False;True;41.5
2102;1278;956;True;False;True;41.5
2103;57;957;True;False;True;38
2104;1279;957;True;False;True;38
2105;1279;958;True;False;True;58.5
2106;1280;958;True;False;True;58.5
2107;1280;959;True;False;True;52
2108;1090;959;True;False;True;52
2109;1092;960;True;False;True;79
2110;1281;960;True;False;True;79
2111;1282;961;True;False;True;76.5
2112;1283;961;True;False;True;76.5
2113;1284;962;True;False;True;44
2114;1285;962;True;False;True;44
2115;1286;963;True;False;True;33.5
2116;1284;963;True;False;True;33.5
2117;1281;964;True;False;True;55.5
2118;1059;964;True;False;True;55.5
2119;998;965;True;False;True;71.5
2120;1287;965;True;False;True;71.5
2121;1287;966;True;False;True;50.5
2122;1288;966;True;False;True;50.5
2123;1288;967;True;False;True;84
2124;1289;967;True;False;True;84
2125;911;968;True;False;True;59
2126;1290;968;True;False;True;59
2127;1290;969;True;False;True;42
2128;1291;969;True;False;True;42
2129;64;970;True;False;True;71.5
2130;1292;970;True;False;True;71.5
2131;1289;971;True;False;True;70
2132;1062;971;True;False;True;70
2133;1064;972;True;False;True;77.5
2134;1293;972;True;False;True;77.5
2135;1293;973;True;False;True;66
2136;1184;973;False;True;True;132
2137;1294;973;True;False;True;66
2138;1295;974;True;False;True;65
2139;1183;974;True;False;True;65
2140;1292;975;True;False;True;49.5
2141;1295;975;True;False;True;49.5
2142;1296;976;True;False;True;77.5
2143;1297;976;True;False;True;77.5
2144;66;977;True;False;True;68.5
2145;489;977;False;False;True;137
2146;1296;977;True;False;True;68.5
2147;68;978;True;False;True;58
2148;491;978;False;False;True;116
2149;1118;978;True;False;True;58
2150;1297;979;True;False;True;41
2151;1027;979;True;False;True;41
2152;987;980;True;False;True;73
2153;1298;980;True;False;True;73
2154;962;981;True;False;True;51
2155;1299;981;True;False;True;51
2156;72;982;True;False;True;60.5
2157;986;982;False;True;True;121
2158;960;982;True;False;True;60.5
2159;1298;983;True;False;True;78.5
2160;1300;983;True;False;True;78.5
2161;74;984;True;False;True;72
2162;1301;984;True;False;True;72
2163;1301;985;True;False;True;56
2164;1302;985;True;False;True;56
2165;76;986;True;False;True;41.5
2166;78;986;False;True;True;83
2167;1303;986;True;False;True;41.5
2168;1303;987;True;False;True;70
2169;1304;987;True;False;True;70
2170;1304;988;True;False;True;60
2171;1305;988;True;False;True;60
2172;80;989;True;False;True;71.5
2173;1306;989;True;False;True;71.5
2174;1305;990;True;False;True;36.5
2175;1110;990;True;False;True;36.5
2176;1307;991;True;False;True;70
2177;1123;991;True;False;True;70
2178;1308;992;True;False;True;46
2179;1307;992;True;False;True;46
2180;1306;993;True;False;True;48.5
2181;1308;993;True;False;True;48.5
2182;1309;994;True;False;True;49.5
2183;1310;994;True;False;True;49.5
2184;1000;995;True;False;True;48.5
2185;1309;995;True;False;True;48.5
2186;1311;996;True;False;True;50
2187;1007;996;False;True;True;100
2188;1312;996;True;False;True;50
2189;1109;997;True;False;True;58
2190;1311;997;True;False;True;58
2191;89;998;True;False;True;48.5
2192;972;998;True;False;True;48.5
2193;91;999;True;False;True;36
2194;1313;999;True;False;True;36
2195;1105;1000;True;False;True;78.5
2196;1314;1000;True;False;True;78.5
2197;1314;1001;True;False;True;68
2198;1315;1001;True;False;True;68
2199;1315;1002;True;False;True;65.5
2200;1173;1002;False;True;True;131
2201;1316;1002;True;False;True;65.5
2202;1316;1003;True;False;True;71.5
2203;1317;1003;True;False;True;71.5
2204;1317;1004;True;False;True;39.5
2205;1318;1004;True;False;True;39.5
2206;1319;1005;True;False;True;69
2207;477;1005;False;True;True;138
2208;1320;1005;True;False;True;69
2209;1321;1006;True;False;True;64.5
2210;1319;1006;True;False;True;64.5
2211;1322;1007;True;False;True;36
2212;1321;1007;True;False;True;36
2213;97;1008;True;False;True;50.5
2214;1104;1008;False;True;True;101
2215;1322;1008;True;False;True;50.5
2216;1320;1009;True;False;True;71.5
2217;1323;1009;True;False;True;71.5
2218;1318;1010;True;False;True;70
2219;1143;1010;True;False;True;70
2220;1145;1011;True;False;True;37.5
2221;1324;1011;True;False;True;37.5
2222;1324;1012;True;False;True;65.5
2223;992;1012;False;True;True;131
2224;1325;1012;True;False;True;65.5
2225;1325;1013;True;False;True;45.5
2226;1326;1013;True;False;True;45.5
2227;1042;1014;True;False;True;53
2228;991;1014;True;False;True;53
2229;1327;1015;True;False;True;70
2230;1040;1015;True;False;True;70
2231;1323;1016;True;False;True;39.5
2232;1327;1016;True;False;True;39.5
2233;105;1017;True;False;True;35
2234;1328;1017;True;False;True;35
2235;1108;1018;True;False;True;78
2236;1329;1018;True;False;True;78
2237;1329;1019;True;False;True;47
2238;1330;1019;True;False;True;47
2239;110;1020;True;False;True;39.5
2240;1331;1020;True;False;True;39.5
2241;1332;1021;True;False;True;47
2242;1333;1021;True;False;True;47
2243;1334;1022;True;False;True;74.5
2244;1335;1022;True;False;True;74.5
2245;1335;1023;True;False;True;46
2246;1336;1023;True;False;True;46
2247;1336;1024;True;False;True;66
2248;1337;1024;False;True;True;132
2249;953;1024;True;False;True;66
2250;1338;1025;True;False;True;44.5
2251;1339;1025;True;False;True;44.5
2252;1340;1026;True;False;True;35
2253;1338;1026;True;False;True;35
2254;1341;1027;True;False;True;40.5
2255;1340;1027;True;False;True;40.5
2256;1342;1028;True;False;True;83
2257;1343;1028;False;True;True;166
2258;1344;1028;True;False;True;83
2259;1344;1029;True;False;True;35
2260;1345;1029;True;False;True;35
2261;1345;1030;True;False;True;39
2262;1346;1030;True;False;True;39
2263;1346;1031;True;False;True;35.5
2264;1151;1031;True;False;True;35.5
2265;1153;1032;True;False;True;69
2266;1347;1032;True;False;True;69
2267;1347;1033;True;False;True;70
2268;1180;1033;False;True;True;140
2269;1348;1033;True;False;True;70
2270;1348;1034;True;False;True;55
2271;1349;1034;True;False;True;55
2272;1349;1035;True;False;True;38.5
2273;1350;1035;True;False;True;38.5
2274;1350;1036;True;False;True;68.5
2275;1351;1036;True;False;True;68.5
2276;1352;1037;True;False;True;55
2277;1353;1037;True;False;True;55
2278;1354;1038;True;False;True;70
2279;920;1038;False;True;True;140
2280;1352;1038;True;False;True;70
2281;1355;1039;True;False;True;78
2282;1354;1039;True;False;True;78
2283;1356;1040;True;False;True;81
2284;1152;1040;False;True;True;162
2285;1355;1040;True;False;True;81
2286;1357;1041;True;False;True;39
2287;1356;1041;True;False;True;39
2288;1351;1042;True;False;True;77.5
2289;970;1042;True;False;True;77.5
2290;971;1043;True;False;True;56
2291;1358;1043;True;False;True;56
2292;1358;1044;True;False;True;60.5
2293;1034;1044;False;True;True;121
2294;1113;1044;True;False;True;60.5
2295;1115;1045;True;False;True;55
2296;1359;1045;True;False;True;55
2297;1039;1046;True;False;True;55.5
2298;1269;1046;True;False;True;55.5
2299;1360;1047;True;False;True;68.5
2300;1162;1047;True;False;True;68.5
2301;1361;1048;True;False;True;77.5
2302;1360;1048;True;False;True;77.5
2303;1362;1049;True;False;True;68.5
2304;1361;1049;True;False;True;68.5
2305;1353;1050;True;False;True;38.5
2306;1362;1050;True;False;True;38.5
2307;921;1051;True;True;True;67.5
2308;1363;1051;True;False;True;67.5
2309;1364;1052;True;False;True;60.5
2310;922;1052;False;True;True;121
2311;1365;1052;True;False;True;60.5
2312;1366;1053;True;False;True;40
2313;1277;1053;True;False;True;40
2314;1367;1054;True;False;True;0
2315;939;1054;False;True;True;0
2316;1366;1054;True;False;True;0
2317;1368;1055;True;False;True;0
2318;1101;1055;False;True;True;0
2319;1146;1055;True;False;True;0
2320;1369;1056;True;False;True;0
2321;1031;1056;False;True;True;0
2322;1370;1056;True;False;True;0
2323;1370;1057;True;False;True;0
2324;926;1057;False;True;True;0
2325;1371;1057;True;False;True;0
2326;1371;1058;True;False;True;84.5
2327;1372;1058;True;False;True;84.5
2328;1032;1059;True;False;True;84.5
2329;1373;1059;True;False;True;84.5
2330;1374;1060;True;False;True;84.5
2331;978;1060;True;False;True;84.5
2332;1375;1061;True;False;True;84.5
2333;1132;1061;True;False;True;84.5
2334;1376;1062;True;False;True;82
2335;452;1062;True;False;True;82
2336;932;1063;True;False;True;64.5
2337;1377;1063;True;False;True;64.5
2338;1378;1064;True;False;True;0
2339;933;1064;False;True;True;0
2340;1379;1064;True;False;True;0
2341;1379;1065;True;False;True;48.5
2342;1380;1065;True;False;True;48.5
2343;1381;1066;True;False;True;73
2344;1382;1066;True;False;True;73
2345;1383;1067;True;False;True;66.5
2346;1163;1067;True;False;True;66.5
2347;1165;1068;True;False;True;67.5
2348;1384;1068;True;False;True;67.5
2349;1385;1069;True;False;True;63
2350;1386;1069;False;False;True;126
2351;1387;1069;True;False;True;63
2352;1388;1070;True;False;True;81
2353;935;1070;False;True;True;162
2354;1385;1070;True;False;True;81
2355;1384;1071;True;False;True;58
2356;1389;1071;True;False;True;58
2357;1390;1072;True;False;True;38.5
2358;1391;1072;True;False;True;38.5
2359;1050;1073;True;False;True;78.5
2360;895;1073;False;False;True;157
2361;1392;1073;True;False;True;78.5
2362;1393;1074;True;False;True;48
2363;1048;1074;False;False;True;96
2364;1083;1074;True;False;True;48
2365;1072;1075;True;False;True;81
2366;216;1075;True;True;True;81
2367;1150;1076;True;False;True;85.5
2368;232;1076;True;True;True;85.5
2369;1058;1077;True;False;True;85.5
2370;234;1077;True;True;True;85.5
2371;1229;1078;True;False;True;70.5
2372;247;1078;True;True;True;70.5
2373;1227;1079;True;False;True;57
2374;244;1079;True;True;True;57
2375;21;1080;True;False;True;37.5
2376;291;1080;True;True;True;37.5
2377;1161;1081;True;False;True;49
2378;298;1081;True;True;True;49
2379;1135;1082;True;False;True;49
2380;300;1082;True;True;True;49
2381;1240;1083;True;True;True;73.5
2382;1394;1083;True;True;True;73.5
2383;32;1084;True;False;True;59.5
2384;357;1084;True;True;True;59.5
2385;1087;1085;True;False;True;37
2386;1395;1085;True;False;True;37
2387;1006;1086;True;False;True;57
2388;1396;1086;True;False;True;57
2389;1395;1087;True;False;True;59
2390;1397;1087;True;False;True;59
2391;1046;1088;True;False;True;67
2392;1398;1088;True;False;True;67
2393;1074;1089;True;False;True;67
2394;1399;1089;True;False;True;67
2395;1400;1090;True;False;True;80.5
2396;1044;1090;False;False;True;161
2397;1073;1090;True;False;True;80.5
2398;1396;1091;True;False;True;74
2399;1400;1091;True;False;True;74
2400;1401;1092;True;False;True;35.5
2401;500;1092;True;False;True;35.5
2402;1129;1093;True;False;True;53.5
2403;1390;1093;True;False;True;53.5
2404;1402;1094;True;False;True;37.5
2405;1128;1094;True;False;True;37.5
2406;1403;1095;True;False;True;38
2407;1404;1095;True;False;True;38
2408;931;1096;True;False;True;0
2409;1405;1096;True;False;True;0
2410;1406;1097;True;False;True;0
2411;1407;1097;True;False;True;0
2412;1215;1098;True;False;True;0
2413;1120;1098;True;False;True;0
2414;936;1099;True;False;False;0
2415;1408;1099;True;False;True;0
2416;10;1100;True;False;True;0
2417;1230;1100;True;False;True;0
2418;928;1101;True;False;True;0
2419;1409;1101;True;False;True;0
2420;1237;1102;True;False;True;0
2421;1036;1102;True;False;True;0
2422;1380;1103;True;False;True;0
2423;1383;1103;True;False;True;0
2424;1405;1104;True;False;True;0
2425;1410;1104;True;False;True;0
2426;1382;1105;True;False;True;0
2427;1411;1105;True;False;True;0
2428;1412;1106;True;False;True;0
2429;1374;1106;True;False;True;0
2430;1201;1107;True;False;True;0
2431;1138;1107;True;False;True;0
2432;1372;1108;True;False;True;0
2433;1412;1108;True;False;True;0
2434;1410;1109;True;False;True;0
2435;1376;1109;True;False;True;0
2436;1413;1110;True;False;True;0
2437;1375;1110;True;False;True;0
2438;1414;1111;True;False;True;0
2439;1096;1111;True;False;True;0
2440;1409;1112;True;False;True;0
2441;1406;1112;True;False;True;0
2442;1117;1113;True;False;True;0
2443;1220;1113;True;False;True;0
2444;8;1114;True;False;True;0
2445;1226;1114;True;False;True;0
2446;997;1115;True;False;True;0
2447;1200;1115;True;False;True;0
2448;1415;1116;True;False;True;0
2449;1047;1116;True;False;True;0
2450;1103;1117;True;False;True;0
2451;1416;1117;True;False;True;0
2452;1373;1118;True;False;True;0
2453;1413;1118;True;False;True;0
2454;1397;1119;True;False;True;0
2455;1043;1119;True;False;True;0
2456;985;1120;True;False;True;0
2457;1214;1120;True;False;True;0
2458;1055;1121;True;False;True;0
2459;1231;1121;True;False;True;0
2460;1232;1122;True;False;True;0
2461;493;1122;True;False;True;0
2462;1235;1123;True;False;True;0
2463;1236;1123;True;False;True;0
2464;1407;1124;True;False;True;0
2465;1417;1124;True;False;True;0
2466;1221;1125;True;False;True;0
2467;1148;1125;True;False;True;0
2468;1418;1126;True;False;True;78
2469;1195;1126;True;False;True;78
2470;1419;1127;True;True;True;84
2471;1196;1127;True;False;True;64
2472;1209;1128;True;True;True;50
2473;1420;1128;True;True;True;50
2474;1216;1129;True;True;True;39
2475;1421;1129;False;True;True;78
2476;1121;1129;True;True;True;39
2477;1222;1130;True;True;True;39
2478;1422;1130;False;True;True;78
2479;1149;1130;True;True;True;39
2480;1233;1131;True;False;True;74
2481;1423;1131;False;True;True;148
2482;494;1131;True;True;True;74
2483;903;1132;True;False;True;75
2484;1424;1132;True;False;True;75
2485;1283;1133;True;True;True;65.5
2486;1091;1133;True;True;True;65.5
2487;59;1134;True;False;True;46.5
2488;1168;1134;False;True;True;93
2489;906;1134;True;True;True;46.5
2490;1285;1135;True;True;True;53.5
2491;907;1135;True;True;True;53.5
2492;1291;1136;True;False;True;46
2493;1425;1136;False;False;True;92
2494;1063;1136;True;False;True;46
2495;914;1137;True;True;True;64.5
2496;1426;1137;False;True;True;129
2497;1144;1137;True;True;True;64.5
2498;917;1138;True;False;True;73.5
2499;1427;1138;True;False;True;73.5
2500;99;1139;True;False;True;78.5
2501;1174;1139;False;False;True;157
2502;1041;1139;True;False;True;78.5
2503;919;1140;True;True;True;45.5
2504;423;1140;True;True;True;45.5
2505;1428;1141;True;False;True;0
2506;1114;1141;True;False;True;0
2507;1363;1142;True;False;True;45
2508;429;1142;True;False;True;45
2509;1417;1143;True;False;True;0
2510;1429;1143;False;True;True;0
2511;979;1143;True;True;True;0
2512;1377;1144;True;False;True;39.5
2513;1430;1144;False;False;True;79
2514;453;1144;True;True;True;39.5
2515;1411;1145;True;False;True;78
2516;1164;1145;True;True;True;78
2517;1079;1146;True;False;True;51
2518;1386;1146;True;True;True;51
2519;1408;1147;True;False;False;765
2520;1431;1147;True;True;True;76.5
2521;1432;1148;True;True;True;67.5
2522;1127;1148;True;True;True;67.5
2523;1433;1149;True;False;True;64
2524;1086;1149;True;True;True;64
2525;1434;1150;True;False;True;87
2526;1005;1150;True;True;True;87
2527;1081;1151;True;False;True;72.5
2528;1435;1151;True;False;True;72.5
2529;1404;1152;True;False;True;74.5
2530;448;1152;True;True;True;74.5
2531;1247;1153;True;False;True;0
2532;462;1153;True;False;True;0
2533;1202;1154;True;False;True;0
2534;1436;1154;False;False;True;0
2535;1139;1154;True;False;True;0
2536;967;1155;True;False;True;67.5
2537;31;1155;False;True;True;135
2538;355;1155;True;True;True;67.5
2539;934;1156;True;False;True;0
2540;1437;1156;True;False;False;0
2541;1241;1157;True;False;True;38.5
2542;508;1157;False;True;True;77
2543;318;1157;True;True;True;38.5
2544;1238;1158;True;False;True;0
2545;1037;1158;True;False;True;0
2546;1339;1159;True;False;True;53
2547;732;1159;True;True;True;53
2548;1438;1160;True;False;True;65
2549;742;1160;True;True;True;65
2550;1359;1161;True;False;True;63.5
2551;1439;1161;True;True;True;63.5
2552;1365;1162;True;False;True;82
2553;744;1162;True;True;True;82
2554;925;1163;True;False;True;67
2555;746;1163;True;True;True;67
2556;1264;1164;True;False;True;86
2557;748;1164;True;True;True;86
2558;1266;1165;True;False;True;87
2559;751;1165;True;True;True;87
2560;1440;1166;True;True;True;77.5
2561;760;1166;True;True;True;77.5
2562;1276;1167;True;False;True;57.5
2563;799;1167;True;True;True;57.5
2564;1278;1168;True;False;True;54
2565;802;1168;True;True;True;54
2566;1416;1169;True;False;True;48.5
2567;807;1169;True;True;True;48.5
2568;1147;1170;True;False;True;77
2569;812;1170;True;True;True;77
2570;1024;1171;True;False;True;61.5
2571;828;1171;True;True;True;61.5
2572;1069;1172;True;False;True;56
2573;831;1172;True;True;True;56
2574;1387;1173;True;False;True;85.5
2575;836;1173;True;True;True;85.5
2576;1389;1174;True;False;True;43.5
2577;834;1174;True;True;True;43.5
2578;1391;1175;True;False;True;41
2579;841;1175;True;True;True;41
2580;1441;1176;True;False;True;39
2581;1442;1176;True;True;False;39
2582;1392;1177;True;False;True;80
2583;854;1177;True;True;True;80
2584;1084;1178;True;False;True;80
2585;859;1178;True;True;True;80
2586;1156;1179;True;False;True;66.5
2587;379;1179;True;True;True;66.5
2588;1242;1180;True;False;True;46
2589;1443;1180;False;True;True;92
2590;142;1180;True;True;True;46
2591;1159;1181;True;False;True;68
2592;173;1181;True;True;True;68
2593;1252;1182;True;False;True;81.5
2594;51;1182;True;True;True;81.5
2595;946;1183;True;False;True;49
2596;398;1183;True;True;True;49
2597;1259;1184;True;False;True;79
2598;401;1184;True;True;True;79
2599;54;1185;True;False;True;84.5
2600;408;1185;True;True;True;84.5
2601;1263;1186;True;False;True;69.5
2602;58;1186;True;True;True;69.5
2603;1061;1187;True;False;True;63.5
2604;515;1187;True;True;True;63.5
2605;908;1188;True;False;True;86.5
2606;517;1188;True;True;True;86.5
2607;1294;1189;True;False;True;45.5
2608;541;1189;True;True;True;45.5
2609;1119;1190;True;False;True;88.5
2610;563;1190;True;True;True;88.5
2611;965;1191;True;False;True;86.5
2612;565;1191;True;True;True;86.5
2613;1299;1192;True;False;True;39.5
2614;587;1192;True;True;True;39.5
2615;1444;1193;True;True;True;40
2616;1445;1193;True;True;True;40
2617;1446;1194;True;True;True;40.5
2618;1447;1194;True;True;True;40.5
2619;1445;1195;True;True;True;30
2620;1448;1195;True;True;True;30
2621;1447;1196;True;True;True;30.5
2622;1449;1196;True;True;True;30.5
2623;1448;1197;True;True;True;40
2624;1450;1197;True;True;True;40
2625;1449;1198;True;True;True;40
2626;1451;1198;True;True;True;40
2627;1450;1199;True;True;True;30
2628;1452;1199;True;True;True;30
2629;1451;1200;True;True;True;30
2630;1453;1200;True;True;True;30
2631;1453;1201;True;True;True;40
2632;1454;1201;True;True;True;40
2633;1455;1202;True;True;True;40
2634;1456;1202;True;True;True;40
2635;1457;1203;True;True;True;30
2636;1458;1203;True;True;True;30
2637;1310;1204;True;False;True;0
2638;1459;1204;False;False;True;0
2639;1124;1204;True;False;True;0
2640;1262;1205;True;False;True;0
2641;1460;1205;False;False;True;0
2642;976;1205;True;False;True;0
2643;1461;1206;True;True;True;46
2644;894;1206;True;False;True;46
2645;1462;1207;True;True;True;38
2646;896;1207;True;True;True;38
2647;899;1208;True;False;True;62
2648;1463;1208;True;True;True;62
2649;1099;1209;True;False;True;85
2650;1464;1209;True;True;True;85
2651;1131;1210;True;False;True;86
2652;1465;1210;True;True;True;86
2653;1140;1211;True;False;True;74
2654;1466;1211;True;True;True;77
2655;952;1212;True;False;True;77.5
2656;1467;1212;True;True;True;77.5
2657;1053;1213;True;False;True;43.5
2658;1468;1213;True;True;True;43.5
2659;990;1214;True;False;True;43.5
2660;1469;1214;True;True;True;43.5
2661;1211;1215;True;True;True;76
2662;1470;1215;True;True;True;76
2663;1471;1216;True;False;True;64
2664;1472;1216;True;True;True;64
2665;959;1217;True;False;True;60.5
2666;1473;1217;True;True;True;60.5
2667;1002;1218;True;False;True;60.5
2668;1474;1218;True;True;True;60.5
2669;1077;1219;True;False;True;50
2670;121;1219;True;True;True;50
2671;1122;1220;True;False;True;38
2672;193;1220;True;True;True;38
2673;1067;1221;True;False;True;38
2674;195;1221;True;True;True;38
2675;1095;1222;True;False;True;81
2676;214;1222;True;True;True;81
2677;1456;1223;True;True;True;28
2678;1475;1223;True;True;True;28
2679;1458;1224;True;True;True;40
2680;1476;1224;True;True;True;40
2681;1475;1225;True;True;True;40
2682;1477;1225;True;True;True;40
2683;1476;1226;True;True;True;30
2684;1478;1226;True;True;True;30
2685;1477;1227;True;True;True;30
2686;1479;1227;True;True;True;30
2687;1478;1228;True;True;True;35
2688;1480;1228;True;True;True;35
2689;1479;1229;True;True;True;40
2690;1481;1229;True;True;True;40
2691;1480;1230;True;True;True;36
2692;1482;1230;True;True;True;36
2693;1481;1231;True;True;True;30
2694;1483;1231;True;True;True;30
2695;1482;1232;True;True;True;40.5
2696;1484;1232;True;True;True;40.5
2697;1483;1233;True;True;True;41
2698;1485;1233;True;True;True;41
2699;1484;1234;True;True;True;30
2700;1486;1234;True;True;True;30
2701;1486;1235;True;True;True;40
2702;1487;1235;True;True;True;40
2703;1487;1236;True;True;True;30.5
2704;1488;1236;True;True;True;30.5
2705;1489;1237;True;True;True;30.5
2706;1490;1237;True;True;True;30.5
2707;1488;1238;True;True;True;40.5
2708;1491;1238;True;True;True;40.5
2709;1492;1239;True;True;True;30
2710;1493;1239;True;True;True;30
2711;1494;1240;True;True;True;40
2712;1495;1240;True;True;True;40
2713;1495;1241;True;True;True;30
2714;1496;1241;True;True;True;30
2715;1497;1242;True;True;True;40
2716;1498;1242;True;True;True;40
2717;1496;1243;True;True;True;40
2718;1499;1243;True;True;True;40
2719;1498;1244;True;True;True;30
2720;1500;1244;True;True;True;30
2721;1499;1245;True;True;True;30
2722;1501;1245;True;True;True;30
2723;1500;1246;True;True;True;40
2724;1502;1246;True;True;True;40
2725;1501;1247;True;True;True;40
2726;1503;1247;True;True;True;40
2727;1502;1248;True;True;True;30
2728;1504;1248;True;True;True;30
2729;1503;1249;True;True;True;30
2730;1505;1249;True;True;True;30
2731;1504;1250;True;True;True;40.5
2732;1506;1250;True;True;True;40.5
2733;1505;1251;True;True;True;44
2734;1507;1251;True;True;True;44
2735;1506;1252;True;True;True;30
2736;1508;1252;True;True;True;30
2737;1507;1253;True;True;True;28
2738;1509;1253;True;True;True;28
2739;1508;1254;True;True;True;40
2740;1510;1254;True;True;True;40
2741;1509;1255;True;True;True;40
2742;1511;1255;True;True;True;40
2743;1512;1256;True;True;True;30
2744;1513;1256;True;True;True;30
2745;1513;1257;True;True;True;36.5
2746;1514;1257;True;True;True;36.5
2747;1515;1258;True;True;True;40
2748;1516;1258;True;True;True;40
2749;1514;1259;True;True;True;30
2750;1517;1259;True;True;True;30
2751;1516;1260;True;True;True;26
2752;1518;1260;True;True;True;26
2753;1517;1261;True;True;True;40
2754;1519;1261;True;True;True;40
2755;1518;1262;True;True;True;40.5
2756;1520;1262;True;True;True;40.5
2757;1519;1263;True;True;True;33
2758;1521;1263;True;True;True;33
2759;1300;1264;True;False;True;60
2760;583;1264;True;True;True;60
2761;1302;1265;True;False;True;77.5
2762;602;1265;True;True;True;77.5
2763;1112;1266;True;False;True;72
2764;604;1266;True;True;True;72
2765;1125;1267;True;False;True;76
2766;609;1267;True;True;True;76
2767;1008;1268;True;False;True;80.5
2768;630;1268;True;True;True;80.5
2769;1312;1269;True;False;True;40.5
2770;633;1269;True;True;True;40.5
2771;949;1270;True;False;True;65.5
2772;652;1270;True;True;True;65.5
2773;974;1271;True;False;True;75
2774;654;1271;True;True;True;75
2775;1313;1272;True;False;True;38
2776;659;1272;True;True;True;38
2777;93;1273;True;False;True;38.5
2778;662;1273;True;True;True;38.5
2779;993;1274;True;False;True;48
2780;680;1274;True;True;True;48
2781;1326;1275;True;False;True;37.5
2782;678;1275;True;True;True;37.5
2783;101;1276;True;False;True;48
2784;679;1276;True;True;True;48
2785;1328;1277;True;False;True;60
2786;684;1277;True;True;True;60
2787;103;1278;True;False;True;54.5
2788;681;1278;True;True;True;54.5
2789;1330;1279;True;False;True;57.5
2790;109;1279;True;True;True;57.5
2791;1333;1280;True;False;True;79.5
2792;699;1280;True;True;True;79.5
2793;1331;1281;True;False;True;84
2794;701;1281;True;True;True;84
2795;1522;1282;True;False;True;61.5
2796;711;1282;True;True;True;61.5
2797;955;1283;True;False;True;37.5
2798;723;1283;True;True;True;37.5
2799;1523;1284;True;False;True;79.5
2800;722;1284;True;False;True;79.5
2801;1398;1285;True;False;True;79
2802;1524;1285;True;True;True;79
2803;1399;1286;True;False;True;79
2804;1525;1286;True;True;True;79
2805;1526;1287;True;False;True;58
2806;860;1287;True;True;True;58
2807;1527;1288;True;False;True;57
2808;862;1288;True;True;True;57
2809;938;1289;True;False;True;34
2810;1528;1289;True;True;True;34
2811;940;1290;True;False;True;52
2812;874;1290;True;True;True;52
2813;1529;1291;True;False;True;39.5
2814;1530;1291;True;False;True;39.5
2815;1531;1292;True;False;True;40
2816;1532;1292;True;False;True;40
2817;1533;1293;True;False;True;39.5
2818;1534;1293;True;False;True;39.5
2819;1535;1294;True;True;True;32
2820;1536;1294;True;False;True;32
2821;1537;1295;True;True;True;28
2822;1538;1295;True;False;True;28
2823;1539;1296;True;False;True;40
2824;1540;1296;True;True;True;40
2825;1541;1297;True;True;True;30
2826;1542;1297;True;False;True;30
2827;1543;1298;True;True;True;40
2828;1544;1298;True;False;True;40
2829;1545;1299;True;True;True;40
2830;1546;1299;True;True;True;40
2831;1547;1300;True;True;True;40
2832;1548;1300;True;False;True;40
2833;1549;1301;True;True;True;40
2834;1550;1301;True;False;True;40
2835;1551;1302;True;True;True;31
2836;1552;1302;True;False;True;31
2837;1553;1303;True;True;True;40
2838;1554;1303;True;False;True;40
2839;1555;1304;True;True;True;40
2840;1556;1304;True;False;True;40
2841;1557;1305;True;True;True;31.5
2842;1558;1305;True;False;True;31.5
2843;1559;1306;True;True;True;32
2844;1560;1306;True;True;True;32
2845;1561;1307;True;True;True;30
2846;1562;1307;True;False;True;30
2847;1563;1308;True;True;True;43
2848;1564;1308;True;True;True;43
2849;1565;1309;True;True;True;40
2850;1566;1309;True;False;True;40
2851;1567;1310;True;True;True;40
2852;1568;1310;True;False;True;40
2853;1569;1311;True;True;True;30
2854;1570;1311;True;False;True;30
2855;1571;1312;True;True;True;40
2856;1572;1312;True;False;True;40
2857;353;275;False;False;False;0
2858;353;276;True;False;False;0
2859;1575;1314;True;True;True;40
2860;1576;1314;True;False;True;40
2861;1577;1315;True;True;True;30
2862;1578;1315;False;True;True;60
2863;1579;1315;True;False;True;30
2864;1580;1316;True;True;True;30
2865;1581;1316;True;False;True;30
2866;1582;1317;True;True;True;30
2867;1583;1317;True;False;True;30
2868;1584;1318;True;True;True;40
2869;1585;1318;True;False;True;40
2870;1586;1319;True;True;True;39.5
2871;1587;1319;True;False;True;39.5
2872;1588;1320;True;True;True;30
2873;1589;1320;False;True;True;60
2874;1590;1320;True;False;True;30
2875;1452;1321;True;True;True;40
2876;1591;1321;True;False;True;40
2877;1454;1322;True;True;True;30
2878;1592;1322;False;True;True;60
2879;1593;1322;True;False;True;30
2880;1485;1323;True;True;True;30.5
2881;1594;1323;True;False;True;30.5
2882;1490;1324;True;True;True;39
2883;1595;1324;True;False;True;39
2884;1491;1325;True;True;True;28
2885;1596;1325;True;False;True;28
2886;1597;1326;True;True;True;39.5
2887;1598;1326;True;False;True;39.5
2888;1493;1327;True;True;True;40
2889;1599;1327;False;True;True;80
2890;1600;1327;True;False;True;40
2891;1510;1328;True;True;True;30
2892;1601;1328;True;False;True;30
2893;1511;1329;True;True;True;30
2894;1602;1329;True;False;True;30
2895;1603;1330;True;True;True;30
2896;1604;1330;False;True;True;60
2897;1605;1330;True;False;True;30
2898;1606;1331;True;True;True;40
2899;1607;1331;True;False;True;40
2900;1608;1332;True;True;True;40
2901;1609;1332;True;False;True;40
2902;1610;1333;True;True;True;40
2903;1611;1333;False;True;True;80
2904;1612;1333;True;False;True;40
2905;1613;1334;True;True;True;30
2906;1614;1334;True;False;True;30
2907;1615;1335;True;True;True;42
2908;1616;1335;True;False;True;42
2909;1617;1336;True;True;True;30
2910;1618;1336;False;True;True;60
2911;1619;1336;True;False;True;30
2912;1620;1337;True;True;True;40
2913;1621;1337;True;False;True;40
2914;1622;1338;True;True;True;40
2915;1623;1338;True;False;True;40
2916;1624;1339;True;True;True;30
2917;1625;1339;True;False;True;30
2918;1626;1340;True;True;True;40
2919;1627;1340;False;True;True;80
2920;1628;1340;True;False;True;40
2921;1629;1341;True;True;True;30
2922;1630;1341;True;False;True;30
2923;1631;1342;True;True;True;43
2924;1632;1342;True;False;True;43
2925;1633;1343;True;True;True;40
2926;1634;1343;True;False;True;40
2927;1635;1344;True;True;True;40
2928;1636;1344;True;False;True;40
2929;1637;1345;True;True;True;31.5
2930;1638;1345;True;False;True;31.5
2931;1639;1346;True;True;True;40
2932;1640;1346;True;False;True;40
2933;1641;1347;True;False;True;30
2934;1642;1347;True;True;True;30
2935;1643;1348;True;True;True;40
2936;1644;1348;True;False;True;40
2937;1645;1349;True;True;True;40
2938;1646;1349;True;False;True;40
2939;1647;1350;True;True;True;40
2940;1648;1350;True;False;True;40
2941;1649;1351;True;True;True;40
2942;1650;1351;True;False;True;40
2943;1651;1352;True;True;True;43
2944;1652;1352;True;False;True;43
2945;1653;1353;True;True;True;30
2946;1654;1353;True;False;True;30
2947;1655;1354;True;True;True;30
2948;1656;1354;False;True;True;60
2949;1657;1354;True;False;True;30
2950;1658;1355;True;True;True;40
2951;1659;1355;True;False;True;40
2952;1660;1356;True;True;True;30
2953;1661;1356;True;False;True;30
2954;1662;1357;True;True;True;40
2955;1663;1357;True;True;True;40
2956;1664;1358;True;False;True;40
2957;1665;1358;True;True;True;40
2958;1666;1359;True;False;True;30
2959;1667;1359;True;True;True;30
2960;1668;1360;True;False;True;30.5
2961;1669;1360;True;True;True;30.5
2962;1670;1361;True;True;True;30
2963;1671;1361;True;False;True;30
2964;1672;1362;True;False;True;38.5
2965;1673;1362;True;True;True;38.5
2966;1674;1363;True;False;True;30
2967;1675;1363;False;False;True;60
2968;1676;1363;False;False;True;60
2969;1677;1363;True;True;True;30
2970;1678;1364;True;False;True;40
2971;1679;1364;True;True;True;40
2972;1680;1365;True;False;True;30
2973;1681;1365;True;True;True;30
2974;1682;1366;True;False;True;40
2975;1683;1366;False;False;True;80
2976;1684;1366;True;True;True;40
2977;1685;1367;True;False;True;30
2978;1686;1367;True;True;True;30
2979;1687;1368;True;False;True;30
2980;1688;1368;True;True;True;30
2981;1689;1369;True;False;True;38.5
2982;1690;1369;True;True;True;38.5
2983;1691;1370;True;False;True;40
2984;1692;1370;True;True;True;40
2985;1693;1371;True;False;True;40
2986;1694;1371;True;True;True;40
2987;1695;1372;True;False;True;40
2988;1696;1372;True;True;True;40
2989;1697;1373;True;True;True;40
2990;1698;1373;True;False;True;40
2991;1699;1374;True;True;True;30
2992;1700;1374;True;False;True;30
2993;1701;1375;True;True;True;30
2994;1702;1375;False;True;True;60
2995;1703;1375;True;False;True;30
2996;1704;1376;True;True;True;35
2997;1705;1376;True;False;True;35
2998;1706;1377;True;True;True;40
2999;1707;1377;True;False;True;40
3000;1708;1378;True;True;True;30
3001;1709;1378;True;False;True;30
3002;1710;1379;True;True;True;40
3003;1711;1379;False;True;True;80
3004;1712;1379;True;False;True;40
3005;1713;1380;True;True;True;26
3006;1714;1380;True;False;True;26
3007;1715;1381;True;True;True;40
3008;1716;1381;False;True;True;80
3009;1717;1381;True;False;True;40
3010;1718;1382;True;True;True;42
3011;1719;1382;True;True;True;42
3012;1720;1383;True;True;True;29
3013;1721;1383;True;True;True;29
3014;1722;1384;True;True;True;27.5
3015;1723;1384;True;True;True;27.5
3016;1724;1385;True;True;True;38
3017;1725;1385;True;True;True;38
3018;1726;1386;True;True;True;30
3019;1727;1386;True;True;True;30
3020;1728;1387;True;True;True;40
3021;1541;1387;True;True;True;40
3022;1729;1388;True;True;True;40.5
3023;1730;1388;True;True;True;40.5
3024;1731;1389;True;True;True;35
3025;1732;1389;True;True;True;35
3026;1730;1390;True;True;True;30
3027;1543;1390;True;True;True;30
3028;1732;1391;True;True;True;30.5
3029;1545;1391;True;True;True;30.5
3030;1733;1392;True;True;True;37.5
3031;1551;1392;True;True;True;37.5
3032;1734;1393;True;True;True;35
3033;1735;1393;True;True;True;35
3034;1736;1394;True;True;True;30
3035;1737;1394;True;True;True;30
3036;1735;1395;True;True;True;40
3037;1738;1395;True;True;True;40
3038;1737;1396;True;True;True;40
3039;1739;1396;True;True;True;40
3040;1738;1397;True;True;True;30
3041;1740;1397;True;True;True;30
3042;1739;1398;True;True;True;30
3043;1741;1398;True;True;True;30
3044;1740;1399;True;True;True;35.5
3045;1742;1399;True;True;True;35.5
3046;1741;1400;True;True;True;39
3047;1743;1400;True;True;True;39
3048;1742;1401;True;True;True;26
3049;1744;1401;True;True;True;26
3050;1743;1402;True;True;True;31
3051;1745;1402;True;True;True;31
3052;1744;1403;True;True;True;40.5
3053;1746;1403;True;True;True;40.5
3054;1745;1404;True;True;True;40.5
3055;1747;1404;True;True;True;40.5
3056;1746;1405;True;True;True;30.5
3057;1553;1405;True;True;True;30.5
3058;1747;1406;True;True;True;35
3059;1555;1406;True;True;True;35
3060;1748;1407;True;True;True;30
3061;1749;1407;True;True;True;30
3062;1750;1408;True;True;True;26.5
3063;1751;1408;True;True;True;26.5
3064;1749;1409;True;True;True;40.5
3065;1752;1409;True;True;True;40.5
3066;1751;1410;True;True;True;37.5
3067;1753;1410;True;True;True;37.5
3068;1752;1411;True;True;True;26.5
3069;1754;1411;True;True;True;26.5
3070;1753;1412;True;True;True;30
3071;1755;1412;True;True;True;30
3072;1754;1413;True;True;True;40
3073;1756;1413;True;True;True;40
3074;1755;1414;True;True;True;40
3075;1757;1414;True;True;True;40
3076;1756;1415;True;True;True;30.5
3077;1758;1415;True;True;True;30.5
3078;1757;1416;True;True;True;30
3079;1759;1416;True;True;True;30
3080;1758;1417;True;True;True;38.5
3081;1760;1417;True;True;True;38.5
3082;1759;1418;True;True;True;40.5
3083;1761;1418;True;True;True;40.5
3084;1760;1419;True;True;True;30
3085;1762;1419;True;True;True;30
3086;1761;1420;True;True;True;30
3087;1763;1420;True;True;True;30
3088;1762;1421;True;True;True;40.5
3089;1764;1421;True;True;True;40.5
3090;1763;1422;True;True;True;40
3091;1765;1422;True;True;True;40
3092;1764;1423;True;True;True;29
3093;1766;1423;True;True;True;29
3094;1765;1424;True;True;True;34
3095;1767;1424;True;True;True;34
3096;1766;1425;True;True;True;43
3097;1768;1425;True;True;True;43
3098;1767;1426;True;True;True;39
3099;1769;1426;True;True;True;39
3100;1768;1427;True;True;True;30
3101;1770;1427;True;True;True;30
3102;1769;1428;True;True;True;30.5
3103;1771;1428;True;True;True;30.5
3104;1770;1429;True;True;True;40.5
3105;1772;1429;True;True;True;40.5
3106;1771;1430;True;True;True;40.5
3107;1773;1430;True;True;True;40.5
3108;1772;1431;True;True;True;30
3109;1774;1431;True;True;True;30
3110;1773;1432;True;True;True;35.5
3111;1775;1432;True;True;True;35.5
3112;1774;1433;True;True;True;40
3113;1557;1433;True;True;True;40
3114;1775;1434;True;True;True;40
3115;1559;1434;True;True;True;40
3116;1776;1435;True;True;True;40.5
3117;1777;1435;True;True;True;40.5
3118;1777;1436;True;True;True;30
3119;1778;1436;True;True;True;30
3120;1779;1437;True;True;True;34
3121;1780;1437;True;True;True;34
3122;1778;1438;True;True;True;40
3123;1781;1438;True;True;True;40
3124;1780;1439;True;True;True;40
3125;1782;1439;True;True;True;40
3126;1781;1440;True;True;True;34
3127;1783;1440;True;True;True;34
3128;1782;1441;True;True;True;30
3129;1784;1441;True;True;True;30
3130;1783;1442;True;True;True;40
3131;1785;1442;True;True;True;40
3132;1784;1443;True;True;True;40
3133;1786;1443;True;True;True;40
3134;1785;1444;True;True;True;30
3135;1787;1444;True;True;True;30
3136;1786;1445;True;True;True;30.5
3137;1788;1445;True;True;True;30.5
3138;1787;1446;True;True;True;40
3139;1789;1446;True;True;True;40
3140;1788;1447;True;True;True;40
3141;1790;1447;True;True;True;40
3142;1789;1448;True;True;True;30
3143;1791;1448;True;True;True;30
3144;1790;1449;True;True;True;30
3145;1792;1449;True;True;True;30
3146;1791;1450;True;True;True;40
3147;1793;1450;True;True;True;40
3148;1792;1451;True;True;True;40
3149;1794;1451;True;True;True;40
3150;1793;1452;True;True;True;28.5
3151;1795;1452;True;True;True;28.5
3152;1794;1453;True;True;True;33
3153;1796;1453;True;True;True;33
3154;1795;1454;True;True;True;40
3155;1797;1454;True;True;True;40
3156;1796;1455;True;True;True;40
3157;1798;1455;True;True;True;40
3158;1797;1456;True;True;True;28.5
3159;1799;1456;True;True;True;28.5
3160;1798;1457;True;True;True;30
3161;1800;1457;True;True;True;30
3162;1799;1458;True;True;True;43.5
3163;1561;1458;True;True;True;43.5
3164;1800;1459;True;True;True;40.5
3165;1801;1459;True;True;True;40.5
3166;1801;1460;True;True;True;30
3167;1563;1460;True;True;True;30
3168;1802;1461;True;True;True;26.5
3169;1803;1461;True;True;True;26.5
3170;1804;1462;True;True;True;40
3171;1805;1462;True;True;True;40
3172;1803;1463;True;True;True;35.5
3173;1806;1463;True;True;True;35.5
3174;1805;1464;True;True;True;29.5
3175;1807;1464;True;True;True;29.5
3176;1806;1465;True;True;True;30
3177;1808;1465;True;True;True;30
3178;1807;1466;True;True;True;40.5
3179;1809;1466;True;True;True;40.5
3180;1808;1467;True;True;True;41
3181;1810;1467;True;True;True;41
3182;1809;1468;True;True;True;30.5
3183;1811;1468;True;True;True;30.5
3184;1810;1469;True;True;True;28.5
3185;1812;1469;True;True;True;28.5
3186;1811;1470;True;True;True;40.5
3187;1813;1470;True;True;True;40.5
3188;1812;1471;True;True;True;36.5
3189;1814;1471;True;True;True;36.5
3190;1813;1472;True;True;True;30
3191;1815;1472;True;True;True;30
3192;1814;1473;True;True;True;30.5
3193;1816;1473;True;True;True;30.5
3194;1815;1474;True;True;True;40
3195;1817;1474;True;True;True;40
3196;1816;1475;True;True;True;36.5
3197;1818;1475;True;True;True;36.5
3198;1817;1476;True;True;True;30.5
3199;1819;1476;True;True;True;30.5
3200;1818;1477;True;True;True;30.5
3201;1565;1477;True;True;True;30.5
3202;1819;1478;True;True;True;40
3203;1820;1478;True;True;True;40
3204;1820;1479;True;True;True;30.5
3205;1567;1479;True;True;True;30.5
3206;1821;1480;True;True;True;40.5
3207;1822;1480;True;True;True;40.5
3208;1823;1481;True;True;True;30
3209;1824;1481;True;True;True;30
3210;1822;1482;True;True;True;30.5
3211;1825;1482;True;True;True;30.5
3212;1824;1483;True;True;True;40
3213;1826;1483;True;True;True;40
3214;1825;1484;True;True;True;40
3215;1827;1484;True;True;True;40
3216;1826;1485;True;True;True;30.5
3217;1828;1485;True;True;True;30.5
3218;1827;1486;True;True;True;30.5
3219;1571;1486;True;True;True;30.5
3220;1828;1487;True;True;True;40.5
3221;1569;1487;True;True;True;40.5
3222;1829;1488;True;True;True;30
3223;1575;1488;True;True;True;30
3224;1830;1489;True;True;True;35.5
3225;1577;1489;True;True;True;35.5
3226;1831;1490;True;True;True;32.5
3227;1832;1490;True;True;True;32.5
3228;1832;1491;True;True;True;40
3229;1580;1491;True;True;True;40
3230;1833;1492;True;True;True;28
3231;1834;1492;True;True;True;28
3232;1835;1493;True;True;True;30.5
3233;1836;1493;True;True;True;30.5
3234;1834;1494;True;True;True;40
3235;1837;1494;True;True;True;40
3236;1836;1495;True;True;True;40
3237;1838;1495;True;True;True;40
3238;1837;1496;True;True;True;30
3239;1839;1496;True;True;True;30
3240;1838;1497;True;True;True;28.5
3241;1840;1497;True;True;True;28.5
3242;1839;1498;True;True;True;40.5
3243;1841;1498;True;True;True;40.5
3244;1840;1499;True;True;True;40
3245;1842;1499;True;True;True;40
3246;1841;1500;True;True;True;30.5
3247;1843;1500;True;True;True;30.5
3248;1842;1501;True;True;True;30
3249;1844;1501;True;True;True;30
3250;1843;1502;True;True;True;40
3251;1845;1502;True;True;True;40
3252;1844;1503;True;True;True;40
3253;1846;1503;True;True;True;40
3254;1845;1504;True;True;True;30
3255;1444;1504;True;True;True;30
3256;1846;1505;True;True;True;33.5
3257;1446;1505;True;True;True;33.5
3258;1520;1506;True;True;True;30.5
3259;1847;1506;True;True;True;30.5
3260;1521;1507;True;True;True;40
3261;1848;1507;True;True;True;40
3262;1847;1508;True;True;True;40
3263;1849;1508;True;True;True;40
3264;1848;1509;True;True;True;30
3265;1606;1509;True;True;True;30
3266;1849;1510;True;True;True;29.5
3267;1608;1510;True;True;True;29.5
3268;1850;1511;True;True;True;36
3269;1851;1511;True;True;True;36
3270;1852;1512;True;True;True;40.5
3271;1853;1512;True;True;True;40.5
3272;1851;1513;True;True;True;40
3273;1854;1513;True;True;True;40
3274;1853;1514;True;True;True;30
3275;1855;1514;True;True;True;30
3276;1854;1515;True;True;True;30.5
3277;1856;1515;True;True;True;30.5
3278;1855;1516;True;True;True;41
3279;1857;1516;True;True;True;41
3280;1856;1517;True;True;True;41
3281;1613;1517;True;True;True;41
3282;1857;1518;True;True;True;30
3283;1858;1518;True;True;True;30
3284;1858;1519;True;True;True;35
3285;1859;1519;True;True;True;35
3286;1859;1520;True;True;True;30.5
3287;1860;1520;True;True;True;30.5
3288;1861;1521;True;True;True;30
3289;1862;1521;True;True;True;30
3290;1860;1522;True;True;True;40.5
3291;1863;1522;True;True;True;40.5
3292;1862;1523;True;True;True;40
3293;1864;1523;True;True;True;40
3294;1863;1524;True;True;True;31
3295;1865;1524;True;True;True;31
3296;1864;1525;True;True;True;30
3297;1866;1525;True;True;True;30
3298;1865;1526;True;True;True;40
3299;1867;1526;True;True;True;40
3300;1866;1527;True;True;True;40.5
3301;1868;1527;True;True;True;40.5
3302;1867;1528;True;True;True;30.5
3303;1869;1528;True;True;True;30.5
3304;1868;1529;True;True;True;31.5
3305;1615;1529;True;True;True;31.5
3306;1869;1530;True;True;True;40
3307;1870;1530;True;True;True;40
3308;1870;1531;True;True;True;30
3309;1871;1531;True;True;True;30
3310;1871;1532;True;True;True;40
3311;1617;1532;True;True;True;40
3312;1872;1533;True;True;True;40
3313;1873;1533;True;True;True;40
3314;1873;1534;True;True;True;30.5
3315;1874;1534;True;True;True;30.5
3316;1875;1535;True;True;True;43.5
3317;1876;1535;True;True;True;43.5
3318;1874;1536;True;True;True;40
3319;1877;1536;True;True;True;40
3320;1876;1537;True;True;True;30.5
3321;1878;1537;True;True;True;30.5
3322;1877;1538;True;True;True;30.5
3323;1879;1538;True;True;True;30.5
3324;1878;1539;True;True;True;44
3325;1880;1539;True;True;True;44
3326;1879;1540;True;True;True;39
3327;1881;1540;True;True;True;39
3328;1880;1541;True;True;True;30.5
3329;1882;1541;True;True;True;30.5
3330;1881;1542;True;True;True;28.5
3331;1883;1542;True;True;True;28.5
3332;1882;1543;True;True;True;40.5
3333;1884;1543;True;True;True;40.5
3334;1883;1544;True;True;True;40
3335;1885;1544;True;True;True;40
3336;1884;1545;True;True;True;30
3337;1886;1545;True;True;True;30
3338;1885;1546;True;True;True;30
3339;1887;1546;True;True;True;30
3340;1886;1547;True;True;True;40
3341;1888;1547;True;True;True;40
3342;1887;1548;True;True;True;39
3343;1624;1548;True;True;True;39
3344;1888;1549;True;True;True;31.5
3345;1622;1549;True;True;True;31.5
3346;1889;1550;True;True;True;40
3347;1890;1550;True;True;True;40
3348;1890;1551;True;True;True;30.5
3349;1891;1551;True;True;True;30.5
3350;1892;1552;True;True;True;40
3351;1893;1552;True;True;True;40
3352;1891;1553;True;True;True;40
3353;1894;1553;True;True;True;40
3354;1893;1554;True;True;True;30.5
3355;1895;1554;True;True;True;30.5
3356;1894;1555;True;True;True;28.5
3357;1896;1555;True;True;True;28.5
3358;1895;1556;True;True;True;40.5
3359;1897;1556;True;True;True;40.5
3360;1896;1557;True;True;True;40
3361;1898;1557;True;True;True;40
3362;1897;1558;True;True;True;30
3363;1899;1558;True;True;True;30
3364;1900;1559;True;True;True;38.5
3365;1901;1559;True;True;True;38.5
3366;1898;1560;True;True;True;30
3367;1900;1560;True;True;True;30
3368;1899;1561;True;True;True;40
3369;1902;1561;True;True;True;40
3370;1901;1562;True;True;True;30.5
3371;1903;1562;True;True;True;30.5
3372;1902;1563;True;True;True;30
3373;1904;1563;True;True;True;30
3374;1903;1564;True;True;True;40
3375;1905;1564;True;True;True;40
3376;1904;1565;True;True;True;40
3377;1629;1565;True;True;True;40
3378;1905;1566;True;True;True;27
3379;1631;1566;True;True;True;27
3380;1906;1567;True;True;True;40
3381;1907;1567;True;True;True;40
3382;1908;1568;True;True;True;30.5
3383;1633;1568;True;True;True;30.5
3384;1907;1569;True;True;True;33
3385;1635;1569;True;True;True;33
3386;1909;1570;True;True;True;40
3387;1910;1570;True;True;True;40
3388;1911;1571;True;True;True;30
3389;1912;1571;True;True;True;30
3390;1910;1572;True;True;True;30
3391;1913;1572;True;True;True;30
3392;1912;1573;True;True;True;40.5
3393;1637;1573;True;True;True;40.5
3394;1913;1574;True;True;True;40
3395;1914;1574;True;True;True;40
3396;1914;1575;True;True;True;32
3397;1915;1575;True;True;True;32
3398;1915;1576;True;True;True;38.5
3399;1916;1576;True;True;True;38.5
3400;1917;1577;True;True;True;40
3401;1918;1577;True;True;True;40
3402;1916;1578;True;True;True;30.5
3403;1639;1578;True;True;True;30.5
3404;1918;1579;True;True;True;30
3405;1919;1579;True;True;True;30
3406;1919;1580;True;True;True;40
3407;1920;1580;True;True;True;40
3408;1921;1581;True;True;True;30.5
3409;1922;1581;True;True;True;30.5
3410;1923;1582;True;True;True;41
3411;1924;1582;True;True;True;41
3412;1922;1583;True;True;True;40.5
3413;1925;1583;True;True;True;40.5
3414;1924;1584;True;True;True;30
3415;1926;1584;True;True;True;30
3416;1925;1585;True;True;True;30.5
3417;1927;1585;True;True;True;30.5
3418;1926;1586;True;True;True;40
3419;1928;1586;True;True;True;40
3420;1927;1587;True;True;True;39
3421;1726;1587;True;True;True;39
3422;1928;1588;True;True;True;32.5
3423;1929;1588;True;True;True;32.5
3424;1929;1589;True;True;True;40.5
3425;1722;1589;True;True;True;40.5
3426;1920;1590;True;True;True;30
3427;1643;1590;True;True;True;30
3428;1930;1591;True;True;True;30
3429;1724;1591;True;True;True;30
3430;1642;1592;True;True;True;40
3431;1931;1592;True;True;True;40
3432;1932;1593;True;True;True;36.5
3433;1645;1593;True;True;True;36.5
3434;1931;1594;True;True;True;30
3435;1647;1594;True;True;True;30
3436;1933;1595;True;True;True;30
3437;1934;1595;True;True;True;30
3438;1935;1596;True;True;True;35.5
3439;1936;1596;True;True;True;35.5
3440;1934;1597;True;True;True;38
3441;1937;1597;True;True;True;38
3442;1936;1598;True;True;True;40.5
3443;1938;1598;True;True;True;40.5
3444;1937;1599;True;True;True;32.5
3445;1939;1599;True;True;True;32.5
3446;1938;1600;True;True;True;27.5
3447;1940;1600;True;True;True;27.5
3448;1939;1601;True;True;True;40
3449;1941;1601;True;True;True;40
3450;1940;1602;True;True;True;40
3451;1942;1602;True;True;True;40
3452;1941;1603;True;True;True;30
3453;1943;1603;True;True;True;30
3454;1942;1604;True;True;True;30
3455;1944;1604;True;True;True;30
3456;1943;1605;True;True;True;43
3457;1945;1605;True;True;True;43
3458;1944;1606;True;True;True;40
3459;1946;1606;True;True;True;40
3460;1945;1607;True;True;True;29
3461;1649;1607;True;True;True;29
3462;1946;1608;True;True;True;31
3463;1651;1608;True;True;True;31
3464;1947;1609;True;True;True;30.5
3465;1948;1609;True;True;True;30.5
3466;1949;1610;True;True;True;27
3467;1950;1610;True;True;True;27
3468;1948;1611;True;True;True;40
3469;1951;1611;True;True;True;40
3470;1950;1612;True;True;True;40.5
3471;1952;1612;True;True;True;40.5
3472;1951;1613;True;True;True;30.5
3473;1953;1613;True;True;True;30.5
3474;1952;1614;True;True;True;30
3475;1954;1614;True;True;True;30
3476;1953;1615;True;True;True;40
3477;1653;1615;True;True;True;40
3478;1954;1616;True;True;True;40
3479;1955;1616;True;True;True;40
3480;1955;1617;True;True;True;30
3481;1956;1617;True;True;True;30
3482;1956;1618;True;True;True;36.5
3483;1655;1618;True;True;True;36.5
3484;1957;1619;True;True;True;30
3485;1958;1619;True;True;True;30
3486;1959;1620;True;True;True;30
3487;1658;1620;True;True;True;30
3488;1958;1621;True;True;True;40.5
3489;1660;1621;True;True;True;40.5
3490;1960;1622;True;True;True;30
3491;1662;1622;True;True;True;30
3492;1961;1623;True;True;True;30.5
3493;1962;1623;True;True;True;30.5
3494;1963;1624;True;True;True;40
3495;1964;1624;True;True;True;40
3496;1962;1625;True;True;True;40
3497;1965;1625;True;True;True;40
3498;1965;1626;True;True;True;30
3499;1533;1626;True;True;True;30
3500;1964;1627;True;True;True;30
3501;1529;1627;True;True;True;30
3502;1667;1628;True;True;True;40.5
3503;1966;1628;True;True;True;40.5
3504;1669;1629;True;True;True;40
3505;1967;1629;True;True;True;40
3506;1968;1630;True;True;True;26
3507;1969;1630;True;True;True;26
3508;1970;1631;True;True;True;30
3509;1971;1631;True;True;True;30
3510;1677;1632;True;True;True;40.5
3511;1968;1632;True;True;True;40.5
3512;1972;1633;True;True;True;36.5
3513;1970;1633;True;True;True;36.5
3514;1973;1634;True;True;True;30
3515;1974;1634;True;True;True;30
3516;1975;1635;True;True;True;30.5
3517;1972;1635;True;True;True;30.5
3518;1976;1636;True;True;True;40.5
3519;1973;1636;True;True;True;40.5
3520;1977;1637;True;True;True;40
3521;1975;1637;True;True;True;40
3522;1978;1638;True;True;True;30
3523;1976;1638;True;True;True;30
3524;1979;1639;True;True;True;30
3525;1977;1639;True;True;True;30
3526;1980;1640;True;True;True;40
3527;1978;1640;True;True;True;40
3528;1981;1641;True;True;True;40.5
3529;1979;1641;True;True;True;40.5
3530;1982;1642;True;True;True;36
3531;1980;1642;True;True;True;36
3532;1679;1643;True;True;True;31.5
3533;1981;1643;True;True;True;31.5
3534;1681;1644;True;True;True;40
3535;1982;1644;True;True;True;40
3536;1983;1645;True;True;True;39.5
3537;1984;1645;True;True;True;39.5
3538;1684;1646;True;True;True;30
3539;1983;1646;True;True;True;30
3540;1686;1647;True;True;True;40
3541;1985;1647;True;True;True;40
3542;1688;1648;True;True;True;39.5
3543;1986;1648;True;True;True;39.5
3544;1987;1649;True;True;True;29.5
3545;1988;1649;True;False;True;295
3546;1989;1650;True;True;True;40
3547;1990;1650;True;False;True;40
3548;1991;1651;True;True;True;34.5
3549;1987;1651;True;True;True;34.5
3550;1992;1652;True;True;True;33
3551;1989;1652;True;True;True;33
3552;1993;1653;True;True;True;40
3553;1991;1653;True;True;True;40
3554;1994;1654;True;True;True;44.5
3555;1992;1654;True;True;True;44.5
3556;1692;1655;True;True;True;30
3557;1993;1655;True;True;True;30
3558;1995;1656;True;True;True;30
3559;1994;1656;True;True;True;30
3560;1996;1657;True;True;True;40
3561;1995;1657;True;True;True;40
3562;1997;1658;True;True;True;40
3563;1998;1658;True;True;True;40
3564;1694;1659;True;True;True;30.5
3565;1997;1659;True;True;True;30.5
3566;1696;1660;True;True;True;34
3567;1996;1660;True;True;True;34
3568;1999;1661;True;True;True;40
3569;2000;1661;True;True;True;40
3570;1665;1662;True;True;True;30.5
3571;1999;1662;True;True;True;30.5
3572;2001;1663;True;True;True;40
3573;2002;1663;True;True;True;40
3574;2003;1664;True;True;True;30.5
3575;1697;1664;True;True;True;30.5
3576;2002;1665;True;True;True;30.5
3577;2004;1665;True;True;True;30.5
3578;2004;1666;True;True;True;40
3579;1701;1666;True;True;True;40
3580;2005;1667;True;True;True;33
3581;2006;1667;True;True;True;33
3582;2006;1668;True;True;True;41.5
3583;2007;1668;True;True;True;41.5
3584;2008;1669;True;True;True;30
3585;2009;1669;True;True;True;30
3586;2007;1670;True;True;True;30.5
3587;2010;1670;True;True;True;30.5
3588;2009;1671;True;True;True;40.5
3589;2011;1671;True;True;True;40.5
3590;2011;1672;True;True;True;30.5
3591;2012;1672;True;True;True;30.5
3592;2010;1673;True;True;True;40.5
3593;2013;1673;True;True;True;40.5
3594;2012;1674;True;True;True;41.5
3595;2014;1674;True;True;True;41.5
3596;2013;1675;True;True;True;30.5
3597;2015;1675;True;True;True;30.5
3598;2014;1676;True;True;True;30
3599;2016;1676;True;True;True;30
3600;2015;1677;True;True;True;40
3601;2017;1677;True;True;True;40
3602;2016;1678;True;True;True;40
3603;1704;1678;True;True;True;40
3604;2017;1679;True;True;True;30
3605;2018;1679;True;True;True;30
3606;2018;1680;True;True;True;40
3607;2019;1680;True;True;True;40
3608;2019;1681;True;True;True;30
3609;2020;1681;True;True;True;30
3610;2021;1682;True;True;True;30.5
3611;2022;1682;True;True;True;30.5
3612;2020;1683;True;True;True;40
3613;2023;1683;True;True;True;40
3614;2023;1684;True;True;True;29
3615;2024;1684;True;True;True;29
3616;2025;1685;True;True;True;30
3617;2026;1685;True;True;True;30
3618;2022;1686;True;True;True;36.5
3619;2025;1686;True;True;True;36.5
3620;2024;1687;True;True;True;40.5
3621;2027;1687;True;True;True;40.5
3622;2026;1688;True;True;True;40
3623;2028;1688;True;True;True;40
3624;2027;1689;True;True;True;30
3625;2029;1689;True;True;True;30
3626;2029;1690;True;True;True;40.5
3627;2030;1690;True;True;True;40.5
3628;2028;1691;True;True;True;30.5
3629;2031;1691;True;True;True;30.5
3630;2031;1692;True;True;True;40.5
3631;2032;1692;True;True;True;40.5
3632;2032;1693;True;True;True;30
3633;2033;1693;True;True;True;30
3634;2030;1694;True;True;True;30
3635;2034;1694;True;True;True;30
3636;2033;1695;True;True;True;40.5
3637;2035;1695;True;True;True;40.5
3638;2034;1696;True;True;True;40
3639;1708;1696;True;True;True;40
3640;2035;1697;True;True;True;30
3641;1706;1697;True;True;True;30
3642;2036;1698;True;True;True;41.5
3643;2037;1698;True;True;True;41.5
3644;2038;1699;True;True;True;36
3645;2039;1699;True;True;True;36
3646;2037;1700;True;True;True;25.5
3647;2040;1700;True;True;True;25.5
3648;2039;1701;True;True;True;40
3649;2041;1701;True;True;True;40
3650;2040;1702;True;True;True;40.5
3651;2042;1702;True;True;True;40.5
3652;2041;1703;True;True;True;30
3653;2043;1703;True;True;True;30
3654;2043;1704;True;True;True;40
3655;2044;1704;True;True;True;40
3656;2042;1705;True;True;True;30.5
3657;2045;1705;True;True;True;30.5
3658;2044;1706;True;True;True;30
3659;2046;1706;True;True;True;30
3660;2046;1707;True;True;True;40
3661;2047;1707;True;True;True;40
3662;2048;1708;True;True;True;30
3663;2049;1708;True;True;True;30
3664;2045;1709;True;True;True;40
3665;2048;1709;True;True;True;40
3666;2047;1710;True;True;True;30.5
3667;2050;1710;True;True;True;30.5
3668;2049;1711;True;True;True;40
3669;2051;1711;True;True;True;40
3670;2050;1712;True;True;True;40
3671;2052;1712;True;True;True;40
3672;2051;1713;True;True;True;30.5
3673;2053;1713;True;True;True;30.5
3674;2053;1714;True;True;True;38.5
3675;2054;1714;True;True;True;38.5
3676;2052;1715;True;True;True;29.5
3677;2055;1715;True;True;True;29.5
3678;2055;1716;True;True;True;40
3679;2056;1716;True;True;True;40
3680;2054;1717;True;True;True;34.5
3681;2057;1717;True;True;True;34.5
3682;2057;1718;True;True;True;40
3683;2058;1718;True;True;True;40
3684;2056;1719;True;True;True;27.5
3685;2059;1719;True;True;True;27.5
3686;2058;1720;True;True;True;30.5
3687;2060;1720;True;True;True;30.5
3688;2059;1721;True;True;True;40.5
3689;1713;1721;True;True;True;40.5
3690;2060;1722;True;True;True;40
3691;2061;1722;True;True;True;40
3692;2061;1723;True;True;True;29
3693;1715;1723;True;True;True;29
3694;2062;1724;True;True;True;30
3695;2063;1724;True;True;True;30
3696;2064;1725;True;True;True;41.5
3697;2065;1725;True;True;True;41.5
3698;2063;1726;True;True;True;40.5
3699;2066;1726;True;True;True;40.5
3700;2065;1727;True;True;True;30.5
3701;2067;1727;True;True;True;30.5
3702;2066;1728;True;True;True;30.5
3703;2068;1728;True;True;True;30.5
3704;2067;1729;True;True;True;40
3705;2069;1729;True;True;True;40
3706;2068;1730;True;True;True;38.5
3707;2070;1730;True;True;True;38.5
3708;2069;1731;True;True;True;30
3709;2071;1731;True;True;True;30
3710;2070;1732;True;True;True;30
3711;2072;1732;True;True;True;30
3712;2072;1733;True;True;True;43
3713;2073;1733;True;True;True;43
3714;2071;1734;True;True;True;40
3715;2074;1734;True;True;True;40
3716;2073;1735;True;True;True;30
3717;2075;1735;True;True;True;30
3718;2074;1736;True;True;True;32.5
3719;2076;1736;True;True;True;32.5
3720;2075;1737;True;True;True;40.5
3721;2077;1737;True;True;True;40.5
3722;2076;1738;True;True;True;40.5
3723;2078;1738;True;True;True;40.5
3724;2077;1739;True;True;True;27.5
3725;2079;1739;True;True;True;27.5
3726;2078;1740;True;True;True;30
3727;2080;1740;True;True;True;30
3728;2079;1741;True;True;True;40
3729;2081;1741;True;True;True;40
3730;2081;1742;True;True;True;37
3731;2082;1742;True;True;True;37
3732;2083;1743;True;False;True;29
3733;2084;1743;False;False;True;58
3734;2085;1743;True;False;True;29
3735;1536;1744;True;False;True;39
3736;2086;1744;False;False;True;78
3737;2087;1744;True;False;True;39
3738;1663;1745;True;False;True;29
3739;1532;1745;False;False;True;58
3740;2088;1745;True;False;True;29
3741;2089;1746;True;True;True;40
3742;2090;1746;True;False;True;40
3743;2091;1747;True;True;True;28
3744;2092;1747;True;False;True;28
3745;2093;1748;True;True;True;30
3746;2094;1748;False;True;True;60
3747;2095;1748;False;True;True;60
3748;2096;1748;True;False;True;30
3749;2097;1749;True;True;True;34.5
3750;2098;1749;True;False;True;34.5
3751;2099;1750;True;False;True;34
3752;2100;1750;True;False;True;34
3753;2101;1751;True;True;True;34
3754;2102;1751;True;False;True;34
3755;2103;1752;True;True;True;34
3756;2104;1752;True;False;True;34
3757;2105;1753;True;True;True;29.5
3758;2106;1753;False;True;True;59
3759;2107;1753;True;False;True;29.5
3760;2108;1754;True;True;True;61
3761;2109;1754;True;False;True;61
3762;2110;1755;True;False;True;34
3763;2111;1755;True;False;True;34
3764;2112;1756;True;True;True;30
3765;2113;1756;True;False;True;30
3766;2114;1757;True;True;True;27
3767;2115;1757;True;False;True;27
3768;2116;1758;True;False;True;48
3769;2117;1758;False;False;True;96
3770;2118;1758;True;True;True;48
3771;2119;1759;True;True;True;30
3772;2120;1759;False;False;True;60
3773;2121;1759;True;False;True;30
3774;2122;1760;True;True;True;44
3775;2123;1760;True;False;True;44
3776;2124;1761;True;True;True;30
3777;2125;1761;True;False;True;30
3778;2126;1762;True;False;True;30
3779;2127;1762;True;False;True;30
3780;2128;1763;True;True;True;41.5
3781;2129;1763;True;False;True;41.5
3782;2130;1764;True;True;True;40
3783;2131;1764;False;True;True;0
3784;2132;1764;True;False;True;40
3785;2133;1765;True;True;True;29
3786;2134;1765;False;True;True;58
3787;2135;1765;True;False;True;29
3788;2136;1766;True;True;True;29.5
3789;2137;1766;False;True;True;59
3790;2138;1766;True;False;True;29.5
3791;2139;1767;True;False;True;39
3792;2140;1767;True;False;True;39
3793;2141;1768;True;True;True;39.5
3794;2142;1768;False;True;True;79
3795;2143;1768;True;False;True;39.5
3796;2144;1769;True;True;True;40
3797;2145;1769;True;False;True;40
3798;2146;1770;True;False;True;315
3799;2147;1770;True;True;True;315
3800;2148;1771;True;False;True;29.5
3801;2149;1771;True;True;True;29.5
3802;2150;1772;True;False;True;29.5
3803;1418;1772;True;True;True;29.5
3804;2151;1773;True;False;True;40
3805;2152;1773;False;False;True;0
3806;2153;1773;True;False;True;40
3807;2154;1774;True;False;True;39.5
3808;2155;1774;False;False;True;79
3809;2626;1774;False;False;True;79
3810;2156;1774;True;False;True;39.5
3811;2157;1775;True;False;True;31
3812;2155;1775;False;False;True;31
3813;2158;1775;False;False;True;31
3814;2159;1775;True;False;True;31
3815;2160;1776;True;False;True;34
3816;2161;1776;True;False;True;34
3817;2162;1777;True;False;True;48.5
3818;352;276;True;False;False;0
3819;2164;1777;False;False;True;97
3820;2165;1777;True;True;True;48.5
3821;2166;1778;True;False;True;40
3822;2167;1778;True;False;True;40
3823;2168;1779;True;False;True;40.5
3824;2169;1779;True;True;True;405
3825;2170;1780;True;False;True;40
3826;2171;1780;True;False;True;40
3827;2172;1781;True;False;True;40
3828;2173;1781;True;False;True;40
3829;2174;1782;True;True;True;29.5
3830;2175;1782;True;False;True;29.5
3831;2176;1783;True;True;True;48
3832;2177;1783;False;True;True;96
3833;2178;1783;True;False;True;48
3834;2179;1784;True;False;True;30
3835;2180;1784;False;False;True;60
3836;2181;1784;True;False;True;30
3837;2182;1785;True;False;True;40
3838;2147;1785;False;True;True;0
3839;2183;1785;False;False;True;0
3840;2184;1785;True;False;True;40
3841;2185;1786;True;False;True;40
3842;2186;1786;False;True;True;80
3843;2187;1786;False;False;True;80
3844;2188;1786;True;False;True;40
3845;1650;1787;True;False;True;31
3846;2189;1787;False;True;True;62
3847;2142;1787;False;True;True;62
3848;2190;1787;True;False;True;31
3849;2191;1788;True;False;True;40
3850;2192;1788;False;True;True;80
3851;2193;1788;True;False;True;40
3852;1546;1789;True;False;True;30
3853;2194;1789;False;True;True;60
3854;2195;1789;False;True;True;60
3855;2196;1789;True;False;True;30
3856;2197;1790;True;False;True;40
3857;2198;1790;False;False;True;80
3858;2199;1790;False;False;True;80
3859;2200;1790;True;False;True;40
3860;2201;1791;True;False;True;30
3861;2202;1791;False;True;True;60
3862;2203;1791;True;False;True;30
3863;2204;1792;True;False;True;40
3864;2205;1792;False;False;True;80
3865;2150;1792;True;False;True;40
3866;1630;1793;True;False;True;40
3867;2206;1793;False;True;True;80
3868;2137;1793;False;True;True;80
3869;2207;1793;True;False;True;40
3870;2208;1794;True;False;True;40
3871;2209;1794;False;False;True;80
3872;2210;1794;True;False;True;40
3873;2211;1795;True;False;True;40
3874;2094;1795;False;True;True;80
3875;2212;1795;False;True;True;80
3876;2213;1795;True;False;True;40
3877;2214;1796;True;False;True;33
3878;2215;1796;False;True;True;66
3879;2216;1796;True;False;True;33
3880;2217;1797;True;False;True;30
3881;1627;1797;False;True;True;60
3882;2218;1797;False;True;True;60
3883;2219;1797;True;False;True;30
3884;2220;1798;True;False;True;40
3885;2195;1798;False;True;True;80
3886;2221;1798;True;False;True;40
3887;1602;1799;True;False;True;40
3888;2222;1799;False;False;True;80
3889;1604;1799;False;True;True;80
3890;2223;1799;False;True;True;80
3891;2224;1799;True;True;True;40
3892;2225;1800;True;False;True;40
3893;1702;1800;False;True;True;80
3894;2226;1800;False;True;True;80
3895;2227;1800;True;False;True;40
3896;1644;1801;True;False;True;30
3897;2228;1801;False;True;True;60
3898;2229;1801;True;False;True;30
3899;2230;1802;True;False;True;40
3900;1618;1802;False;True;True;80
3901;2133;1802;False;True;True;80
3902;2231;1802;True;False;True;40
3903;2232;1803;True;False;True;30
3904;2233;1803;False;True;True;60
3905;2234;1803;False;True;True;60
3906;2235;1803;True;False;True;30
3907;2236;1804;True;False;True;33
3908;2237;1804;False;True;True;66
3909;2238;1804;True;True;True;33
3910;2239;1805;True;False;True;53
3911;2240;1805;True;False;True;53
3912;2241;1806;True;False;True;46
3913;2242;1806;False;False;True;46
3914;2243;1806;True;False;True;46
3915;2244;1807;True;True;True;40.5
3916;2245;1807;True;True;True;40.5
3917;2246;1808;True;False;True;44.5
3918;2247;1808;False;True;True;89
3919;2248;1808;False;True;True;89
3920;2093;1808;True;True;True;44.5
3921;2249;1809;True;False;True;43
3922;2250;1809;False;False;True;86
3923;2251;1809;True;False;True;43
3924;2161;1810;True;False;True;28.5
3925;2252;1810;False;False;True;57
3926;2157;1810;True;False;True;28.5
3927;2253;1811;True;True;True;30
3928;1728;1811;True;True;True;30
3929;2254;1812;True;True;True;29
3930;1718;1812;True;True;True;29
3931;2255;1813;True;True;True;41
3932;2124;1813;False;False;True;82
3933;1720;1813;True;True;True;41
3934;2256;1814;True;False;True;40
3935;1921;1814;True;True;True;40
3936;2257;1815;True;True;True;35
3937;1930;1815;True;True;True;35
3938;1969;1816;True;True;True;40.5
3939;1419;1816;True;False;True;40.5
3940;2258;1817;True;False;True;30
3941;2259;1817;False;True;True;0
3942;2260;1817;False;True;True;60
3943;2261;1817;True;False;True;30
3944;1591;1818;True;False;True;31
3945;1592;1818;False;True;True;62
3946;2130;1818;False;True;True;62
3947;2262;1818;True;False;True;31
3948;2263;1819;True;False;True;40
3949;2183;1819;False;False;True;80
3950;2264;1819;False;False;True;80
3951;1666;1819;True;False;True;40
3952;2265;1820;True;False;True;31
3953;2266;1820;False;True;True;62
3954;2237;1820;False;True;True;62
3955;2267;1820;True;False;True;31
3956;2268;1821;True;False;True;40
3957;2269;1821;False;True;True;80
3958;2270;1821;False;True;True;80
3959;2271;1821;False;False;True;80
3960;2272;1821;True;False;True;40
3961;2273;1822;True;False;True;30
3962;2274;1822;False;False;True;60
3963;2275;1822;False;False;True;60
3964;1693;1822;True;False;True;30
3965;1590;1823;True;False;True;40
3966;2276;1823;False;True;True;80
3967;2277;1823;True;False;True;40
3968;2278;1824;True;False;True;30
3969;1599;1824;False;True;True;60
3970;2279;1824;False;True;True;60
3971;2280;1824;True;False;True;30
3972;2281;1825;True;False;True;40
3973;2282;1825;False;True;True;80
3974;2192;1825;False;True;True;80
3975;2283;1825;True;False;True;40
3976;2284;1826;True;False;True;43
3977;2187;1826;False;True;True;86
3978;2285;1826;True;True;True;43
3979;2286;1827;True;False;True;40
3980;1578;1827;False;True;True;80
3981;2287;1827;False;True;True;80
3982;2288;1827;True;False;True;40
3983;2289;1828;True;False;True;40
3984;2290;1828;False;True;True;80
3985;2291;1828;False;True;True;80
3986;2292;1828;False;True;True;80
3987;2293;1828;True;False;True;40
3988;2294;1829;True;False;True;30
3989;2295;1829;False;False;True;60
3990;2296;1829;True;False;True;30
3991;2297;1830;True;False;True;40
3992;2298;1830;False;True;True;80
3993;2299;1830;False;True;True;80
3994;2300;1830;True;False;True;40
3995;2301;1831;True;False;True;33
3996;2302;1831;False;False;True;66
3997;1683;1831;False;False;True;66
3998;2303;1831;False;False;True;66
3999;2304;1831;True;False;True;33
4000;2305;1832;True;False;True;40
4001;2234;1832;False;False;True;80
4002;2306;1832;True;False;True;40
4003;2307;1833;True;False;True;33
4004;2292;1833;False;True;True;66
4005;2308;1833;True;False;True;33
4006;1558;1834;True;False;True;40
4007;2309;1834;False;True;True;80
4008;2106;1834;False;True;True;80
4009;2310;1834;True;False;True;40
4010;1609;1835;True;False;True;30
4011;1611;1835;False;False;True;60
4012;2311;1835;False;False;True;60
4013;2312;1835;True;False;True;30
4014;2313;1836;True;False;True;40
4015;1656;1836;False;True;True;80
4016;2314;1836;False;True;True;80
4017;2315;1836;True;False;True;40
4018;1542;1837;True;False;True;40
4019;2091;1837;False;False;True;80
4020;2316;1837;True;False;True;40
4021;1585;1838;True;False;True;29
4022;2317;1838;False;False;True;58
4023;2318;1838;True;False;True;29
4024;2319;1839;True;False;True;30
4025;2302;1839;False;False;True;60
4026;1682;1839;True;False;True;30
4027;2320;1840;True;False;True;40
4028;2321;1840;False;True;True;80
4029;2260;1840;False;True;True;80
4030;2322;1840;True;False;True;40
4031;2323;1841;True;False;True;31
4032;2324;1841;False;True;True;62
4033;2325;1841;False;True;True;62
4034;2326;1841;True;False;True;31
4035;2327;1842;True;False;True;40
4036;2328;1842;False;True;True;80
4037;2215;1842;False;True;True;80
4038;2329;1842;True;False;True;40
4039;2330;1843;True;False;True;30
4040;2249;1843;False;False;True;60
4041;2331;1843;True;False;True;30
4042;1709;1844;True;False;True;40
4043;2245;1844;False;True;True;80
4044;1711;1844;False;True;True;80
4045;2332;1844;False;True;True;80
4046;2333;1844;True;False;True;40
4047;1612;1845;True;False;True;30
4048;2311;1845;False;True;True;60
4049;2334;1845;True;False;True;30
4050;2335;1846;True;False;True;43
4051;2270;1846;False;True;True;86
4052;2336;1846;True;True;True;43
4053;2337;1847;True;False;True;40.5
4054;2338;1847;False;True;True;81
4055;2339;1847;False;True;True;81
4056;2340;1847;True;False;True;40.5
4057;1714;1848;True;False;True;40
4058;1716;1848;False;True;True;80
4059;2176;1848;False;True;True;80
4060;2341;1848;True;False;True;40
4061;1548;1849;True;False;True;30
4062;2342;1849;False;True;True;60
4063;2343;1849;True;False;True;30
4064;1552;1850;True;False;True;40
4065;2344;1850;False;True;True;80
4066;2345;1850;True;False;True;40
4067;1587;1851;True;False;True;30
4068;1589;1851;False;True;True;60
4069;2276;1851;False;True;True;60
4070;2346;1851;True;False;True;30
4071;1640;1852;True;False;True;30
4072;1725;1852;False;False;True;60
4073;2228;1852;False;True;True;60
4074;2347;1852;True;False;True;30
4075;2348;1853;True;False;True;40
4076;2349;1853;False;True;True;80
4077;2344;1853;False;True;True;80
4078;2350;1853;True;False;True;40
4079;2351;1854;True;False;True;30
4080;2352;1854;False;False;True;60
4081;2353;1854;True;False;True;30
4082;2354;1855;True;True;True;0
4083;2355;1855;True;False;True;0
4084;2356;1856;True;True;True;30
4085;2001;1856;True;True;True;30
4086;1971;1857;True;True;True;40
4087;1675;1857;False;False;True;80
4088;2357;1857;True;False;True;40
4089;1712;1858;True;False;True;30
4090;2332;1858;False;True;True;60
4091;2036;1858;True;True;True;30
4092;2358;1859;True;False;True;40
4093;2339;1859;False;True;True;80
4094;2062;1859;True;True;True;40
4095;1628;1860;True;False;True;30
4096;2218;1860;False;True;True;60
4097;1889;1860;True;True;True;30
4098;1600;1861;True;False;True;30
4099;2279;1861;False;True;True;60
4100;1597;1861;True;True;True;30
4101;1988;1862;True;False;True;345
4102;2359;1862;False;False;True;69
4103;2360;1862;True;False;True;34.5
4104;2361;1863;True;False;True;30
4105;2299;1863;False;True;True;60
4106;1620;1863;True;True;True;30
4107;2362;1864;True;False;True;30
4108;2325;1864;False;True;True;60
4109;1455;1864;True;True;True;30
4110;1703;1865;True;False;True;40
4111;2226;1865;False;True;True;80
4112;1699;1865;True;True;True;40
4113;1579;1866;True;False;True;40
4114;2287;1866;False;True;True;80
4115;1831;1866;True;True;True;40
4116;1657;1867;True;False;True;40
4117;2314;1867;False;True;True;80
4118;1957;1867;True;True;True;40
4119;1538;1868;True;False;True;40
4120;2363;1868;False;True;True;80
4121;2364;1868;True;False;True;40
4122;2365;1869;True;False;True;40
4123;2366;1869;False;True;True;80
4124;2361;1869;True;False;True;40
4125;2367;1870;True;True;True;50
4126;2368;1870;True;True;True;50
4127;2368;1871;True;True;True;31.5
4128;2369;1871;True;True;True;31.5
4129;2370;1872;True;False;True;0
4130;2371;1872;True;False;False;0
4131;2371;1873;True;False;False;40
4132;2372;1873;False;False;False;40
4133;2373;1873;True;False;True;40
4134;2212;1874;True;True;True;30
4135;2374;1874;False;True;True;60
4136;2375;1874;True;True;True;30
4137;2376;1875;True;True;True;46
4138;2202;1875;True;True;True;46
4139;2377;1876;True;True;True;33.5
4140;2103;1876;True;True;True;33.5
4141;2378;1877;True;True;True;33.5
4142;2101;1877;True;True;True;33.5
4143;2095;1878;True;True;True;30
4144;2377;1878;False;True;True;60
4145;2378;1878;True;True;True;30
4146;2379;1879;True;True;True;47
4147;2248;1879;True;True;True;47
4148;2380;1880;True;True;True;40.5
4149;2379;1880;True;True;True;40.5
4150;2375;1881;True;True;True;33.5
4151;2097;1881;True;True;True;33.5
4152;2374;1882;True;True;True;33.5
4153;2099;1882;True;True;True;33.5
4154;2381;1883;True;True;True;34
4155;2382;1883;True;True;True;34
4156;2383;1884;True;True;True;33.5
4157;2384;1884;True;True;True;33.5
4158;2385;1885;True;True;True;34
4159;2386;1885;True;True;True;34
4160;2386;1886;True;True;True;29.5
4161;2387;1886;False;True;True;59
4162;2259;1886;True;True;True;0
4163;2388;1887;True;True;True;33.5
4164;2387;1887;True;True;True;33.5
4165;2382;1888;True;True;True;29.5
4166;2384;1888;False;True;True;59
4167;2321;1888;True;True;True;29.5
4168;2389;1889;True;True;True;47.5
4169;2390;1889;True;True;True;47.5
4170;2391;1890;True;True;True;31.5
4171;2349;1890;True;True;True;31.5
4172;2392;1891;True;True;True;43.5
4173;2393;1891;False;False;True;87
4174;2290;1891;True;True;True;43.5
4175;2394;1892;True;True;True;58
4176;2254;1892;True;True;True;58
4177;2271;1893;True;True;True;44.5
4178;2395;1893;True;True;True;44.5
4179;2396;1894;True;True;True;54
4180;2397;1894;True;True;True;54
4181;2352;1895;True;False;True;36
4182;2398;1895;True;False;True;36
4183;2398;1896;True;False;True;30.5
4184;2399;1896;True;False;True;30.5
4185;2400;1897;True;True;True;48
4186;2222;1897;True;True;True;48
4187;2401;1898;True;False;True;36.5
4188;2402;1898;True;False;True;36.5
4189;2402;1899;True;False;True;40.5
4190;2403;1899;True;False;True;40.5
4191;2404;1900;True;True;True;34.5
4192;2405;1900;True;True;True;34.5
4193;2406;1901;True;True;True;28
4194;2366;1901;True;True;True;28
4195;2405;1902;True;True;True;40
4196;2406;1902;True;True;True;40
4197;2264;1903;True;False;True;44
4198;2407;1903;True;False;True;44
4199;2205;1904;True;False;True;32.5
4200;2408;1904;True;False;True;32.5
4201;2295;1905;True;False;True;53.5
4202;2409;1905;True;False;True;53.5
4203;2209;1906;True;False;True;36.5
4204;2164;1906;False;False;True;73
4205;2410;1906;True;False;True;36.5
4206;2303;1907;True;False;True;31
4207;2411;1907;True;False;True;31
4208;2412;1908;True;False;True;46
4209;2413;1908;False;True;True;92
4210;2274;1908;True;False;True;46
4211;2173;1909;True;False;True;26.5
4212;2414;1909;True;False;True;26.5
4213;2171;1910;True;True;True;30
4214;2415;1910;True;True;True;30
4215;2415;1911;True;True;True;46
4216;2414;1911;False;False;True;77
4217;2416;1911;True;True;True;46
4218;2167;1912;True;True;True;26.5
4219;2412;1912;True;True;True;26.5
4220;2169;1913;True;True;True;265
4221;2413;1913;True;True;True;265
4222;2243;1914;True;False;True;52
4223;2417;1914;True;False;True;52
4224;2242;1915;True;False;True;53
4225;2418;1915;True;False;True;53
4226;2419;1916;True;False;True;52.5
4227;2420;1916;True;False;True;52.5
4228;2199;1917;True;True;True;28
4229;2239;1917;False;False;True;46
4230;2419;1917;True;False;True;28
4231;2421;1918;True;True;True;59.5
4232;1332;1918;True;False;True;59.5
4233;706;1919;True;True;True;40
4234;1522;1919;True;False;True;40
4235;716;1920;True;True;True;55.5
4236;1334;1920;True;False;True;55.5
4237;719;1921;True;True;True;40
4238;1337;1921;False;True;True;80
4239;954;1921;False;True;True;80
4240;1523;1921;True;False;True;40
4241;729;1922;True;True;True;64.5
4242;1341;1922;True;False;True;64.5
4243;741;1923;True;True;True;57.5
4244;1342;1923;True;False;True;57.5
4245;740;1924;True;True;True;38.5
4246;1438;1924;True;False;True;38.5
4247;743;1925;True;True;True;78.5
4248;1343;1925;False;True;True;157
4249;1357;1925;True;False;True;78.5
4250;1439;1926;True;True;True;46.5
4251;1364;1926;True;False;True;46.5
4252;747;1927;True;True;True;47.5
4253;1270;1927;True;False;True;47.5
4254;749;1928;True;True;True;58
4255;2422;1928;True;False;False;58
4256;756;1929;True;True;True;53
4257;1440;1929;True;True;True;53
4258;771;1930;True;True;True;69
4259;504;1930;True;False;True;69
4260;774;1931;True;True;True;60.5
4261;1273;1931;True;False;True;60.5
4262;797;1932;True;True;True;50.5
4263;1274;1932;True;False;True;50.5
4264;798;1933;True;True;True;43
4265;1367;1933;True;False;True;43
4266;804;1934;True;True;True;70
4267;1100;1934;True;False;True;70
4268;806;1935;True;True;True;70
4269;1368;1935;True;False;True;70
4270;825;1936;True;True;True;79.5
4271;1369;1936;True;False;True;79.5
4272;827;1937;True;True;True;75.5
4273;1030;1937;True;False;True;75.5
4274;830;1938;True;True;True;52.5
4275;1378;1938;True;False;True;52.5
4276;833;1939;True;True;True;83.5
4277;1388;1939;True;False;True;83.5
4278;839;1940;True;True;True;39
4279;1432;1940;True;False;True;39
4280;852;1941;True;True;True;80
4281;1415;1941;True;False;True;80
4282;853;1942;True;True;True;56
4283;1393;1942;True;False;True;56
4284;856;1943;True;True;True;85
4285;1085;1943;True;False;True;85
4286;858;1944;True;True;True;55
4287;1004;1944;True;False;True;55
4288;1524;1945;True;True;True;70.5
4289;1526;1945;True;False;True;70.5
4290;1525;1946;True;True;True;70.5
4291;1527;1946;True;False;True;70.5
4292;866;1947;True;True;True;65.5
4293;1401;1947;True;False;True;65.5
4294;867;1948;True;True;True;63.5
4295;1402;1948;True;False;True;63.5
4296;872;1949;True;True;True;41
4297;1433;1949;True;False;True;41
4298;869;1950;True;True;True;56
4299;1434;1950;True;False;True;56
4300;1435;1951;True;False;True;68
4301;870;1951;True;True;True;68
4302;1528;1952;True;True;True;50.5
4303;1403;1952;True;False;True;50.5
4304;882;1953;True;True;True;47.5
4305;1185;1953;True;False;True;47.5
4306;1470;1954;True;True;True;90.5
4307;2423;1954;True;True;True;90.5
4308;2424;1955;True;True;True;55
4309;502;1955;True;False;True;55
4310;2425;1956;True;True;True;50
4311;2426;1956;True;True;True;50
4312;1394;1957;True;False;True;47
4313;472;1957;True;True;False;47
4314;321;1958;True;True;True;51
4315;1167;1958;True;True;True;51
4316;473;1959;True;False;True;0
4317;2427;1959;True;True;False;0
4318;352;277;True;False;False;0
4319;252;277;True;False;False;0
4320;319;1961;True;False;True;44
4321;476;1961;True;True;True;44
4322;835;1962;True;True;True;50.5
4323;2174;1962;True;True;True;50.5
4324;837;1963;True;True;True;45
4325;2356;1963;True;True;True;45
4326;371;1964;True;True;True;87.5
4327;499;1964;True;True;True;87.5
4328;480;1965;True;True;True;80.5
4329;2428;1965;True;False;True;80.5
4330;845;1966;True;True;True;59.5
4331;2429;1966;True;False;True;59.5
4332;484;1967;True;False;False;0
4333;487;1967;True;False;True;0
4334;497;1968;True;True;True;59
4335;873;1968;True;False;True;59
4336;875;1969;True;True;True;77
4337;446;1969;True;True;True;77
4338;252;278;True;False;False;0
4339;4125;278;True;False;False;0
4340;474;279;True;False;False;0
4341;4123;279;True;False;False;0
4342;1442;1971;True;True;True;485
4343;966;1971;False;True;True;97
4344;30;1971;True;True;True;48.5
4345;887;1972;True;True;True;42
4346;1186;1972;False;True;True;84
4347;885;1972;True;True;True;42
4348;2426;1973;True;False;True;0
4349;20;1973;True;False;True;0
4350;483;1974;True;False;True;66
4351;485;1974;True;False;True;0
4352;698;1975;True;True;True;53
4353;107;1975;False;True;True;106
4354;1106;1975;False;True;True;106
4355;2421;1975;True;True;True;53
4356;2431;1976;True;True;True;63.5
4357;1461;1976;True;True;True;63.5
4358;2432;1977;True;True;True;72
4359;2431;1977;True;True;True;72
4360;2433;1978;True;True;True;62
4361;1462;1978;True;True;True;62
4362;2434;1979;True;True;True;51.5
4363;496;1979;True;True;True;51.5
4364;465;1980;True;True;True;50
4365;2435;1980;True;True;True;50
4366;1464;1981;True;True;True;57
4367;2436;1981;True;True;True;57
4368;1465;1982;True;True;True;56
4369;2437;1982;True;True;True;56
4370;2436;1983;True;True;True;54.5
4371;2438;1983;True;True;True;54.5
4372;2437;1984;True;True;True;54.5
4373;2439;1984;True;True;True;54.5
4374;2438;1985;True;True;True;56
4375;2440;1985;True;True;True;56
4376;1192;1986;True;False;True;69.5
4377;2433;1986;True;True;True;69.5
4378;1082;1987;True;False;True;85
4379;2432;1987;True;True;True;85
4380;1198;1988;True;False;True;82
4381;2434;1988;True;True;True;82
4382;1463;1989;True;True;True;73.5
4383;1414;1989;True;False;True;73.5
4384;2435;1990;True;True;True;79.5
4385;1199;1990;True;False;True;79.5
4386;2441;1991;True;True;True;60.5
4387;994;1991;True;False;True;60.5
4388;2442;1992;True;True;True;60.5
4389;1205;1992;True;False;True;60.5
4390;2443;1993;True;True;True;87
4391;1051;1993;True;False;True;85
4392;2444;1994;True;True;True;86.5
4393;1207;1994;True;False;True;86.5
4394;2439;1995;True;True;True;56
4395;2445;1995;True;True;True;56
4396;2440;1996;True;True;True;55
4397;2446;1996;True;True;True;55
4398;2445;1997;True;True;True;55
4399;2447;1997;True;True;True;55
4400;2446;1998;True;True;True;64
4401;2441;1998;True;True;True;64
4402;2447;1999;True;True;True;64
4403;2442;1999;True;True;True;64
4404;1466;2000;True;True;True;55.5
4405;2448;2000;True;True;True;55.5
4406;1467;2001;True;True;True;55.5
4407;2449;2001;True;True;True;55.5
4408;2448;2002;True;True;True;78.5
4409;2450;2002;True;True;True;78.5
4410;2449;2003;True;True;True;78.5
4411;2451;2003;True;True;True;78.5
4412;2450;2004;True;True;True;57.5
4413;2452;2004;True;True;True;57.5
4414;2451;2005;True;True;True;63
4415;2453;2005;True;True;True;63
4416;2452;2006;True;True;True;53
4417;2454;2006;True;True;True;53
4418;2454;2007;True;True;True;63.5
4419;2455;2007;True;True;True;63.5
4420;2453;2008;True;True;True;47
4421;2456;2008;True;True;True;47
4422;2455;2009;True;True;True;85
4423;2457;2009;True;True;True;85
4424;2456;2010;True;True;True;53.5
4425;2458;2010;True;True;True;53.5
4426;2457;2011;True;True;True;89.5
4427;2459;2011;True;True;True;89.5
4428;2459;2012;True;True;True;69
4429;2460;2012;True;True;True;69
4430;2458;2013;True;True;True;46
4431;2461;2013;True;True;True;46
4432;2461;2014;True;True;True;69
4433;2462;2014;True;True;True;69
4434;2460;2015;True;True;True;75
4435;2463;2015;True;True;True;75
4436;2462;2016;True;True;True;75
4437;2464;2016;True;True;True;75
4438;2463;2017;True;True;True;82.5
4439;2443;2017;True;True;True;82.5
4440;2464;2018;True;True;True;82.5
4441;2444;2018;True;True;True;82.5
4442;1468;2019;True;True;True;59.5
4443;2465;2019;True;True;True;59.5
4444;1469;2020;True;True;True;61.5
4445;2466;2020;True;True;True;61.5
4446;2465;2021;True;True;True;80.5
4447;2467;2021;True;True;True;80.5
4448;2466;2022;True;True;True;78.5
4449;2468;2022;True;True;True;78.5
4450;893;2023;True;True;True;34.5
4451;2469;2023;True;True;True;34.5
4452;2469;2024;True;True;True;64
4453;2470;2024;True;True;True;64
4454;2470;2025;True;True;True;68
4455;2471;2025;True;True;True;68
4456;892;2026;True;False;False;84.5
4457;2472;2026;True;True;True;84.5
4458;2473;2027;True;True;False;66.5
4459;2474;2027;True;True;True;66.5
4460;2472;2028;True;True;False;64
4461;2473;2028;True;True;True;64
4462;1472;2029;True;True;True;74
4463;2475;2029;True;True;True;74
4464;2476;2030;True;True;True;40.5
4465;2477;2030;True;True;True;40.5
4466;2474;2031;True;True;True;78.5
4467;2476;2031;True;True;False;78.5
4468;2475;2032;True;True;True;63
4469;2478;2032;True;True;True;63
4470;2477;2033;True;True;True;59.5
4471;2479;2033;True;True;True;59.5
4472;2478;2034;True;True;True;56
4473;2480;2034;True;True;True;56
4474;2479;2035;True;True;True;181
4475;2481;2035;True;True;True;181
4476;1473;2036;True;True;True;69
4477;2482;2036;True;True;True;69
4478;2482;2037;True;True;True;88.5
4479;2483;2037;True;True;True;88.5
4480;1474;2038;True;True;True;69
4481;2484;2038;True;True;True;69
4482;2483;2039;True;True;True;63.5
4483;2485;2039;True;True;True;63.5
4484;2484;2040;True;True;True;58
4485;2486;2040;True;True;True;58
4486;2485;2041;True;True;True;40
4487;2487;2041;True;True;True;40
4488;2486;2042;True;True;True;41
4489;2488;2042;True;True;True;41
4490;2487;2043;True;True;True;82.5
4491;2489;2043;True;True;True;82.5
4492;2488;2044;True;True;True;76.5
4493;2490;2044;True;True;True;76.5
4494;2489;2045;True;True;True;49
4495;2491;2045;True;True;True;49
4496;2491;2046;True;True;True;88.5
4497;111;2046;True;True;True;88.5
4498;2490;2047;True;True;True;58
4499;113;2047;True;True;True;58
4500;1208;277;False;False;False;0
4501;1210;280;True;False;False;0
4502;474;280;True;False;False;0
4503;1208;280;False;False;False;0
4504;2471;2050;True;True;True;86
4505;1471;2050;True;False;True;86
4506;2480;2051;True;True;True;64
4507;956;2051;True;False;True;64
4508;2481;2052;True;True;True;64
4509;1212;2052;True;False;True;64
4510;115;2053;True;True;True;57
4511;1189;2053;True;False;True;57
4512;117;2054;True;True;True;57
4513;1213;2054;True;False;True;57
4514;191;2055;True;True;True;54.5
4515;982;2055;True;False;True;54.5
4516;192;2056;True;True;True;61.5
4517;968;2056;True;False;True;61.5
4518;213;2057;True;True;True;40.5
4519;1093;2057;True;False;True;40.5
4520;1605;2058;True;False;True;40
4521;2223;2058;False;True;True;80
4522;1512;2058;True;True;True;40
4523;2092;2059;True;False;True;40
4524;2492;2059;True;False;True;40
4525;1544;2060;True;False;True;30
4526;2194;2060;False;True;True;60
4527;2220;2060;True;False;True;30
4528;2221;2061;True;False;True;30
4529;2493;2061;True;False;True;30
4530;2196;2062;True;False;True;40
4531;2494;2062;True;False;True;40
4532;2493;2063;True;False;True;40
4533;2495;2063;True;False;True;40
4534;2495;2064;True;False;True;30
4535;2367;2064;False;True;True;60
4536;2496;2064;True;False;True;30
4537;2496;2065;True;False;True;40
4538;2497;2065;True;False;True;40
4539;2497;2066;True;False;True;29.5
4540;2498;2066;True;False;True;29.5
4541;2499;2067;True;False;True;30
4542;2500;2067;True;False;True;30
4543;2501;2068;True;False;True;40
4544;2370;2068;False;True;True;30
4545;2499;2068;True;False;True;40
4546;2494;2069;True;False;True;30
4547;2501;2069;True;False;True;30
4548;2498;2070;True;False;True;40
4549;2201;2070;True;False;True;40
4550;2203;2071;True;False;True;40
4551;2502;2071;True;False;True;40
4552;2502;2072;True;False;True;30
4553;2247;2072;False;True;True;60
4554;2211;2072;True;False;True;30
4555;2503;2073;True;False;True;40
4556;2504;2073;True;False;True;40
4557;2504;2074;True;False;True;30
4558;2505;2074;True;False;True;30
4559;2500;2075;True;False;True;40
4560;2506;2075;True;False;True;40
4561;2507;2076;True;False;True;40
4562;2508;2076;True;False;True;40
4563;2509;2077;True;False;True;30
4564;2507;2077;True;False;True;30
4565;2343;2078;True;False;True;40
4566;2510;2078;True;False;True;40
4567;2510;2079;True;False;True;30
4568;2389;2079;False;True;True;60
4569;2511;2079;True;False;True;30
4570;2511;2080;True;False;True;40
4571;2512;2080;True;False;True;40
4572;2512;2081;True;False;True;30
4573;2348;2081;True;False;True;30
4574;2513;2082;True;False;True;43
4575;2291;2082;False;False;True;86
4576;2307;2082;True;False;True;43
4577;2514;2083;True;False;True;40
4578;2515;2083;True;False;True;40
4579;2107;2084;True;False;True;40
4580;2516;2084;True;False;True;40
4581;2517;2085;True;False;True;30.5
4582;2518;2085;True;False;True;30.5
4583;1560;2086;True;True;True;43.5
4584;2309;2086;False;True;True;87
4585;2517;2086;True;False;True;43.5
4586;2193;2087;True;False;True;30
4587;2519;2087;True;False;True;30
4588;2520;2088;True;False;True;30
4589;2191;2088;True;False;True;30
4590;2518;2089;True;False;True;40
4591;2520;2089;True;False;True;40
4592;2521;2090;True;False;True;30
4593;2394;2090;False;False;True;60
4594;2522;2090;True;False;True;30
4595;2519;2091;True;False;True;40
4596;2521;2091;True;False;True;40
4597;2523;2092;True;False;True;30
4598;2268;2092;True;False;True;30
4599;1564;2093;True;True;True;33
4600;2269;2093;False;True;True;66
4601;2335;2093;True;False;True;33
4602;2235;2094;True;False;True;40
4603;2524;2094;True;False;True;40
4604;1568;2095;True;False;True;30
4605;2233;2095;False;True;True;60
4606;2305;2095;True;False;True;30
4607;2524;2096;True;False;True;30
4608;2525;2096;True;False;True;30
4609;1570;2097;True;False;True;43
4610;2526;2097;True;True;True;43
4611;2526;2098;True;True;True;33
4612;2527;2098;False;False;True;66
4613;2528;2098;True;False;True;33
4614;2528;2099;True;False;True;40
4615;2529;2099;True;False;True;40
4616;2529;2100;True;False;True;30
4617;2108;2100;False;False;True;60
4618;2530;2100;True;False;True;30
4619;2531;2101;True;False;True;31
4620;2532;2101;True;False;True;31
4621;2109;2102;True;True;True;46
4622;2533;2102;True;True;True;46
4623;2113;2103;True;False;True;40
4624;2110;2103;False;False;True;80
4625;2534;2103;True;False;True;40
4626;2535;2104;True;False;True;33
4627;2527;2104;False;False;True;66
4628;2536;2104;True;True;True;33
4629;2537;2105;True;False;True;30
4630;2538;2105;False;False;True;60
4631;2539;2105;True;False;True;30
4632;2540;2106;True;False;True;30
4633;2541;2106;True;False;True;30
4634;2118;2107;True;False;True;30
4635;2542;2107;True;False;True;30
4636;2543;2108;True;False;True;40
4637;2544;2108;True;False;True;40
4638;2111;2109;True;False;True;56
4639;2545;2109;True;False;True;56
4640;2121;2110;True;False;True;40
4641;2122;2110;False;False;True;80
4642;2546;2110;True;False;True;40
4643;2123;2111;True;False;True;40
4644;2547;2111;True;False;True;40
4645;2548;2112;True;False;True;0
4646;2549;2112;True;False;True;0
4647;2288;2113;True;False;True;27.5
4648;2550;2113;True;False;True;27.5
4649;2550;2114;True;False;True;40
4650;2551;2114;True;False;True;40
4651;2551;2115;True;False;True;27
4652;2552;2115;True;False;True;27
4653;2552;2116;True;False;True;40
4654;2553;2116;True;False;True;40
4655;2553;2117;True;False;True;30
4656;2144;2117;False;False;True;60
4657;2554;2117;True;False;True;30
4658;1581;2118;True;False;True;40
4659;2555;2118;False;False;True;80
4660;2556;2118;True;False;True;40
4661;2181;2119;True;False;True;43
4662;2557;2119;True;True;True;43
4663;2318;2120;True;False;True;40
4664;2558;2120;True;False;True;40
4665;2558;2121;True;False;True;28
4666;2559;2121;True;True;True;28
4667;2560;2122;True;False;True;30
4668;2561;2122;True;False;True;30
4669;2559;2123;True;False;True;43
4670;2560;2123;True;False;True;43
4671;2562;2124;True;False;True;30
4672;2563;2124;True;False;True;30
4673;2564;2125;True;False;True;30
4674;2565;2125;True;False;True;30
4675;2132;2126;True;False;True;30
4676;2566;2126;True;False;True;30
4677;1593;2127;True;False;True;40
4678;2567;2127;True;False;True;40
4679;2568;2128;True;False;True;40
4680;2362;2128;True;False;True;40
4681;2567;2129;True;False;True;30
4682;2568;2129;True;False;True;30
4683;1595;2130;True;False;True;0
4684;2569;2130;True;False;True;0
4685;2570;2131;True;False;True;40
4686;2571;2131;True;False;True;40
4687;2572;2132;True;False;True;30
4688;2573;2132;True;False;True;30
4689;2334;2133;True;False;True;40
4690;2574;2133;True;False;True;40
4691;1614;2134;True;False;True;40
4692;2401;2134;False;False;True;80
4693;2575;2134;True;False;True;40
4694;1616;2135;True;False;True;30
4695;2230;2135;True;False;True;30
4696;2576;2136;True;False;True;40
4697;2577;2136;True;False;True;40
4698;2135;2137;True;False;True;40
4699;2578;2137;True;False;True;40
4700;1619;2138;True;False;True;40
4701;2404;2138;False;True;True;80
4702;2579;2138;True;False;True;40
4703;2580;2139;True;False;True;40
4704;2581;2139;True;False;True;40
4705;1625;2140;True;False;True;0
4706;2217;2140;True;False;True;0
4707;2219;2141;True;False;True;40
4708;2582;2141;True;False;True;40
4709;2583;2142;True;False;True;40
4710;2584;2142;True;False;True;40
4711;2138;2143;True;False;True;40
4712;2585;2143;True;False;True;40
4713;2586;2144;True;False;True;40
4714;2587;2144;True;False;True;40
4715;1632;2145;True;False;True;33
4716;2206;2145;False;True;True;66
4717;2586;2145;True;False;True;33
4718;2588;2146;True;False;True;40
4719;2214;2146;True;False;True;40
4720;2587;2147;True;False;True;30
4721;2588;2147;True;False;True;30
4722;1634;2148;True;False;True;30
4723;2589;2148;True;False;True;30
4724;1636;2149;True;False;True;30
4725;2256;2149;False;False;True;60
4726;2590;2149;True;False;True;30
4727;2590;2150;True;False;True;40
4728;2591;2150;True;False;True;40
4729;2592;2151;True;False;True;30
4730;2139;2151;False;False;True;60
4731;2593;2151;True;False;True;30
4732;2589;2152;True;False;True;40
4733;2592;2152;True;False;True;40
4734;2347;2153;True;False;True;40
4735;1641;2153;True;False;True;40
4736;1646;2154;True;False;True;30
4737;2594;2154;True;False;True;30
4738;2547;2155;True;False;True;41.5
4739;2595;2155;True;True;True;41.5
4740;2596;2156;True;False;True;30
4741;2597;2156;False;False;True;60
4742;2120;2156;False;False;True;60
4743;2255;2156;True;True;True;30
4744;2125;2157;True;False;True;30.5
4745;2598;2157;True;True;True;30.5
4746;2355;2158;True;False;True;49
4747;2396;2158;True;True;True;49
4748;2566;2159;True;False;True;13
4749;2599;2159;False;False;True;13
4750;2324;2159;True;False;True;13
4751;2578;2160;True;False;True;30
4752;2600;2160;False;True;True;0
4753;2298;2160;True;True;True;30
4754;2585;2161;True;False;True;30
4755;2601;2161;False;True;True;0
4756;2328;2161;True;True;True;30
4757;2602;2162;True;False;True;13
4758;2603;2162;False;True;True;13
4759;2266;2162;True;True;True;13
4760;2555;2163;True;True;True;29.5
4761;2604;2163;True;False;True;29.5
4762;2180;2164;True;False;True;38
4763;1668;2164;True;False;True;38
4764;2317;2165;True;False;True;39.5
4765;1670;2165;True;False;True;39.5
4766;2165;2166;True;False;True;38
4767;2606;2166;True;True;True;38
4768;2285;2167;True;True;True;295
4769;2607;2167;True;False;True;29.5
4770;2608;2168;True;True;True;33
4771;2186;2168;False;True;True;66
4772;2284;2168;True;False;True;33
4773;2594;2169;True;False;True;43
4774;2608;2169;True;True;True;43
4775;2188;2170;True;False;True;0
4776;2609;2170;True;False;True;0
4777;2143;2171;True;False;True;30
4778;2602;2171;True;False;True;30
4779;2610;2172;True;False;True;40
4780;2611;2172;True;False;True;40
4781;1652;2173;True;False;True;33
4782;2189;2173;False;True;True;66
4783;2610;2173;True;False;True;33
4784;2612;2174;True;False;True;40
4785;2236;2174;True;False;True;40
4786;1654;2175;True;False;True;39.5
4787;2613;2175;True;False;True;39.5
4788;2613;2176;True;False;True;30
4789;2313;2176;True;False;True;30
4790;2315;2177;True;False;True;30
4791;2614;2177;True;False;True;30
4792;1659;2178;True;False;True;30
4793;2089;2178;False;False;True;60
4794;2615;2178;True;False;True;30
4795;2616;2179;True;False;True;30
4796;2617;2179;True;False;True;30
4797;1661;2180;True;False;True;40
4798;2253;2180;False;False;True;80
4799;2616;2180;True;False;True;40
4800;2145;2181;True;False;True;30
4801;2618;2181;True;False;True;30
4802;2184;2182;True;False;True;30
4803;1664;2182;True;False;True;30
4804;2619;2183;True;False;True;43
4805;2149;2183;False;False;True;86
4806;2146;2183;True;False;True;43
4807;2620;2184;True;False;True;30
4808;2619;2184;True;False;True;30
4809;2604;2185;True;False;True;40
4810;2148;2185;True;False;True;40
4811;2357;2186;True;False;True;30
4812;1676;2186;False;False;True;60
4813;1672;2186;True;False;True;30
4814;2621;2187;True;False;True;30
4815;2153;2187;False;False;True;60
4816;1678;2187;True;False;True;30
4817;2622;2188;True;False;True;40
4818;2621;2188;True;False;True;40
4819;2623;2189;True;False;True;30
4820;2622;2189;True;False;True;30
4821;2624;2190;True;False;True;40
4822;2623;2190;True;False;True;40
4823;2625;2191;True;False;True;30
4824;2626;2191;False;False;True;60
4825;2151;2191;True;False;True;30
4826;2627;2192;True;False;True;30
4827;2628;2192;True;False;True;30
4828;2628;2193;True;False;True;40
4829;2159;2193;False;False;True;80
4830;1680;2193;True;False;True;40
4831;2331;2194;True;False;True;40
4832;2629;2194;True;False;True;40
4833;2629;2195;True;False;True;30
4834;2630;2195;True;False;True;30
4835;2630;2196;True;False;True;40
4836;2627;2196;True;False;True;40
4837;2631;2197;True;False;True;30
4838;2252;2197;False;False;True;60
4839;2409;2197;False;False;True;60
4840;2154;2197;True;False;True;30
4841;2632;2198;True;False;True;30
4842;2633;2198;True;False;True;30
4843;2606;2199;True;True;True;43
4844;2632;2199;True;False;True;43
4845;2251;2200;True;False;True;45
4846;7530;281;True;False;False;0
4847;2635;2200;True;False;True;45
4848;2635;2201;True;False;True;40
4849;2160;2201;True;False;True;40
4850;2636;2202;True;False;True;40
4851;2294;2202;True;False;True;40
4852;2637;2203;True;False;True;47
4853;2636;2203;True;False;True;41
4854;2638;2204;True;False;True;40
4855;2330;2204;True;False;True;40
4856;2639;2205;True;False;True;39
4857;2640;2205;True;False;True;39
4858;2640;2206;True;False;True;30
4859;2638;2206;True;False;True;30
4860;2304;2207;True;False;True;40
4861;2641;2207;True;False;True;40
4862;2641;2208;True;False;True;30
4863;2639;2208;True;False;True;30
4864;2250;2209;True;False;True;40.5
4865;2162;2209;True;False;True;40.5
4866;2410;2210;True;False;True;39
4867;7531;281;True;False;False;0
4868;2637;2210;True;False;True;39
4869;2420;2211;True;True;True;30
4870;2166;2211;True;False;True;30
4871;2240;2212;True;True;True;30.5
4872;2168;2212;True;False;True;30.5
4873;2417;2213;True;False;True;30.5
4874;2170;2213;True;False;True;30.5
4875;2418;2214;True;False;True;30.5
4876;2172;2214;True;False;True;30.5
4877;2643;2215;True;False;True;30
4878;2644;2215;False;True;True;0
4879;2338;2215;True;True;True;30
4880;2645;2216;True;False;True;0
4881;2646;2216;True;False;True;0
4882;2000;2217;True;True;True;30
4883;2647;2217;False;False;True;60
4884;2197;2217;True;False;True;30
4885;1550;2218;True;False;True;30
4886;2342;2218;False;True;True;60
4887;1733;2218;True;True;True;30
4888;2648;2219;True;False;True;41.5
4889;1537;2219;True;True;True;41.5
4890;2649;2220;True;False;True;40
4891;2319;2220;True;False;True;40
4892;2650;2221;True;False;True;30
4893;2649;2221;True;False;True;30
4894;2651;2222;True;False;True;40
4895;2650;2222;True;False;True;40
4896;2652;2223;True;False;True;30
4897;2651;2223;True;False;True;30
4898;2653;2224;True;False;True;40
4899;2654;2224;False;True;True;80
4900;2652;2224;True;False;True;40
4901;2655;2225;True;True;True;40
4902;2656;2225;False;False;True;162
4903;1685;2225;True;False;True;40
4904;2657;2226;True;False;True;30
4905;1689;2226;True;False;True;30
4906;2360;2227;True;False;True;40
4907;1687;2227;True;False;True;40
4908;2658;2228;True;False;True;30
4909;2659;2228;True;False;True;30
4910;2660;2229;True;False;True;40
4911;2658;2229;True;False;True;40
4912;2661;2230;True;False;True;30
4913;2416;2230;False;False;True;60
4914;2275;2230;False;False;True;60
4915;1695;2230;True;False;True;30
4916;2364;2231;True;False;True;30
4917;1729;2231;True;True;True;30
4918;2316;2232;True;False;True;30
4919;1731;2232;True;True;True;30
4920;2662;2233;True;False;True;30
4921;1547;2233;True;True;True;30
4922;2322;2234;True;False;True;30
4923;1549;2234;True;True;True;30
4924;2663;2235;True;False;True;40
4925;1734;2235;True;True;True;40
4926;2664;2236;True;False;True;40
4927;1736;2236;True;True;True;40
4928;2665;2237;True;False;True;44.5
4929;1748;2237;True;True;True;44.5
4930;2308;2238;True;False;True;41.5
4931;1750;2238;True;True;True;41.5
4932;2283;2239;True;False;True;30
4933;1776;2239;True;True;True;30
4934;2666;2240;True;False;True;31
4935;2647;2240;False;False;True;62
4936;2198;2240;False;False;True;62
4937;2667;2240;True;False;True;31
4938;1698;2241;True;False;True;30
4939;2225;2241;True;False;True;30
4940;2668;2242;True;False;True;40.5
4941;2669;2242;True;False;True;40.5
4942;2178;2243;True;False;True;40
4943;2643;2243;True;False;True;40
4944;1717;2244;True;False;True;30
4945;2670;2244;True;False;True;30
4946;2671;2245;True;False;True;30
4947;2358;2245;True;False;True;30
4948;2670;2246;True;False;True;40.5
4949;2671;2246;True;False;True;40.5
4950;1554;2247;True;False;True;0
4951;2289;2247;True;False;True;0
4952;1556;2248;True;False;True;34.5
4953;2513;2248;True;True;True;34.5
4954;2579;2249;True;False;True;0
4955;2580;2249;True;False;True;0
4956;2672;2250;True;False;True;0
4957;2666;2250;True;False;True;0
4958;2633;2251;True;False;True;0
4959;2631;2251;True;False;True;0
4960;2581;2252;True;False;True;0
4961;2365;2252;True;False;True;0
4962;2341;2253;True;False;True;0
4963;2668;2253;True;False;True;0
4964;2542;2254;True;False;True;0
4965;2596;2254;True;False;True;0
4966;2207;2255;True;False;True;0
4967;2583;2255;True;False;True;0
4968;2200;2256;True;False;True;0
4969;2660;2256;True;False;True;0
4970;1566;2257;True;False;True;29
4971;2673;2257;True;False;True;29
4972;2674;2258;True;False;True;0
4973;2535;2258;True;False;True;0
4974;1583;2259;True;False;True;0
4975;2179;2259;True;False;True;0
4976;2675;2260;True;False;True;0
4977;2657;2260;True;False;True;0
4978;2272;2261;True;False;True;0
4979;2676;2261;True;False;True;0
4980;2618;2262;True;False;True;36.5
4981;2620;2262;True;False;True;36.5
4982;2350;2263;True;False;True;0
4983;2663;2263;True;False;True;0
4984;2530;2264;True;False;True;0
4985;2531;2264;True;False;True;0
4986;2546;2265;True;False;True;0
4987;2548;2265;True;False;True;0
4988;1596;2266;True;False;True;0
4989;2278;2266;True;False;True;0
4990;2677;2267;True;False;True;34
4991;2678;2267;True;False;True;34
4992;2669;2268;True;False;True;0
4993;2337;2268;True;False;True;0
4994;2231;2269;True;False;True;0
4995;2576;2269;True;False;True;0
4996;1594;2270;True;False;True;0
4997;2351;2270;True;False;True;0
4998;2679;2271;True;False;True;0
4999;2265;2271;True;False;True;0
5000;1574;2272;True;False;True;29
5001;2674;2272;True;False;True;29
5002;2508;2273;True;False;True;0
5003;2320;2273;True;False;True;0
5004;2539;2274;True;False;True;0
5005;2540;2274;True;False;True;0
5006;2678;2275;True;False;True;34
5007;2680;2275;True;False;True;34
5008;2534;2276;True;False;True;0
5009;2543;2276;True;False;True;0
5010;1562;2277;True;True;True;39
5011;2523;2277;True;True;True;39
5012;2190;2278;True;False;True;0
5013;2681;2278;True;False;True;0
5014;2682;2279;True;False;True;0
5015;2263;2279;True;False;True;0
5016;2565;2280;True;False;True;0
5017;2323;2280;True;False;True;0
5018;2280;2281;True;False;True;0
5019;2683;2281;True;False;True;0
5020;2577;2282;True;False;True;0
5021;2297;2282;True;False;True;0
5022;2090;2283;True;False;True;0
5023;2648;2283;True;False;True;0
5024;2210;2284;True;False;True;0
5025;2624;2284;True;False;True;0
5026;2681;2285;True;False;True;30.5
5027;2679;2285;True;False;True;30.5
5028;2667;2286;True;False;True;43
5029;2241;2286;False;False;True;0
5030;2684;2286;True;False;True;43
5031;2684;2287;True;False;True;0
5032;2677;2287;True;False;True;0
5033;1638;2288;True;False;True;0
5034;2685;2288;True;False;True;0
5035;2293;2289;True;False;True;0
5036;2665;2289;True;False;True;0
5037;2680;2290;True;False;True;0
5038;2661;2290;True;False;True;0
5039;2310;2291;True;False;True;0
5040;2514;2291;True;False;True;0
5041;2505;2292;True;False;True;0
5042;2258;2292;True;False;True;0
5043;1648;2293;True;False;True;0
5044;2185;2293;True;False;True;0
5045;2532;2294;True;False;True;0
5046;2537;2294;True;False;True;0
5047;2515;2295;True;False;True;0
5048;2281;2295;True;False;True;0
5049;2611;2296;True;False;True;29
5050;2612;2296;True;False;True;29
5051;2213;2297;True;False;True;0
5052;2503;2297;True;False;True;0
5053;2261;2298;True;False;True;29
5054;2662;2298;True;False;True;29
5055;2575;2299;True;False;True;0
5056;2686;2299;True;False;True;0
5057;2346;2300;True;False;True;0
5058;2562;2300;True;False;True;0
5059;2673;2301;True;False;True;0
5060;2232;2301;True;False;True;0
5061;2345;2302;True;False;True;29
5062;2664;2302;True;False;True;29
5063;2333;2303;True;False;True;0
5064;2687;2303;True;False;True;0
5065;2506;2304;True;False;True;0
5066;2246;2304;True;False;True;0
5067;2227;2305;True;False;True;0
5068;2688;2305;True;False;True;0
5069;2312;2306;True;False;True;0
5070;2572;2306;True;False;True;0
5071;2689;2307;True;False;True;0
5072;2301;2307;True;False;True;0
5073;2262;2308;True;False;True;0
5074;2564;2308;True;False;True;0
5075;2224;2309;True;False;True;0
5076;2570;2309;True;False;True;0
5077;2659;2310;True;False;True;0
5078;2273;2310;True;False;True;0
5079;2115;2311;True;False;True;0
5080;2645;2311;True;False;True;0
5081;2584;2312;True;False;True;0
5082;2327;2312;True;False;True;0
5083;2096;2313;True;False;True;0
5084;2509;2313;True;False;True;0
5085;2296;2314;True;False;True;0
5086;2625;2314;True;False;True;0
5087;1576;2315;True;False;True;0
5088;2286;2315;True;False;True;0
5089;2277;2316;True;False;True;0
5090;2690;2316;True;False;True;0
5091;2363;2317;True;True;True;285
5092;1539;2317;True;False;True;28.5
5093;2098;2318;True;False;True;45
5094;2385;2318;True;True;True;45
5095;2100;2319;True;False;True;45
5096;2388;2319;True;True;True;45
5097;2102;2320;True;False;True;31
5098;2381;2320;True;True;True;31
5099;2104;2321;True;False;True;31
5100;2383;2321;True;True;True;31
5101;2516;2322;True;False;True;29.5
5102;2282;2322;False;True;True;59
5103;2691;2322;True;True;True;29.5
5104;7528;281;False;False;False;0
5105;7529;281;False;False;False;0
5106;7525;282;False;False;False;0
5107;2533;2324;True;False;True;61.5
5108;2538;2324;True;True;True;61.5
5109;2544;2325;True;False;True;32
5110;2116;2325;True;True;True;32
5111;2545;2326;True;False;True;33.5
5112;2117;2326;True;False;True;33.5
5113;2541;2327;True;False;True;30.5
5114;2119;2327;True;True;True;30.5
5115;2522;2328;True;False;True;40
5116;1779;2328;True;True;True;40
5117;2676;2329;True;False;True;40
5118;1802;2329;True;True;True;40
5119;2336;2330;True;True;True;33
5120;1804;2330;True;True;True;33
5121;2306;2331;True;False;True;30
5122;1821;2331;True;True;True;30
5123;2525;2332;True;False;True;42
5124;1823;2332;True;True;True;42
5125;1572;2333;True;False;True;30
5126;1573;2333;True;True;True;30
5127;2127;2334;True;False;True;40
5128;1829;2334;True;True;True;40
5129;2129;2335;True;False;True;30
5130;1830;2335;True;True;True;30
5131;2554;2336;True;False;True;40
5132;1582;2336;True;True;True;40
5133;2556;2337;True;False;True;30
5134;1584;2337;True;True;True;30
5135;2557;2338;True;True;True;33
5136;1586;2338;True;True;True;33
5137;2561;2339;True;False;True;40
5138;1588;2339;True;True;True;40
5139;2563;2340;True;False;True;40
5140;1833;2340;True;True;True;40
5141;2690;2341;True;False;True;40
5142;1835;2341;True;True;True;40
5143;2326;2342;True;False;True;40
5144;1457;2342;True;True;True;40
5145;2353;2343;True;False;True;35
5146;1489;2343;True;True;True;35
5147;2569;2344;True;False;True;40
5148;1492;2344;True;True;True;40
5149;2683;2345;True;False;True;30
5150;1494;2345;True;True;True;30
5151;1598;2346;True;False;True;28.5
5152;1497;2346;True;True;True;28.5
5153;1601;2347;True;False;True;40
5154;1603;2347;True;True;True;40
5155;2571;2348;True;False;True;29.5
5156;1515;2348;True;True;True;29.5
5157;1607;2349;True;False;True;30
5158;1610;2349;True;True;True;30
5159;2573;2350;True;False;True;40
5160;1850;2350;True;True;True;40
5161;2574;2351;True;False;True;36
5162;1852;2351;True;True;True;36
5163;2686;2352;True;False;True;40
5164;1861;2352;True;True;True;40
5165;2300;2353;True;False;True;30.5
5166;1872;2353;True;True;True;30.5
5167;1621;2354;True;False;True;30
5168;1875;2354;True;True;True;30
5169;1623;2355;True;False;True;30
5170;1626;2355;True;True;True;30
5171;2582;2356;True;False;True;27
5172;1892;2356;True;True;True;27
5173;2329;2357;True;False;True;30
5174;1906;2357;True;True;True;30
5175;2216;2358;True;False;True;43
5176;1908;2358;True;True;True;43
5177;2591;2359;True;True;False;35
5178;1909;2359;True;True;True;35
5179;2593;2360;True;False;True;40
5180;1911;2360;True;True;True;40
5181;2685;2361;True;False;True;30
5182;1917;2361;True;True;True;30
5183;2140;2362;True;False;True;29.5
5184;1923;2362;True;True;True;29.5
5185;2229;2363;True;False;True;40
5186;1932;2363;True;True;True;40
5187;2609;2364;True;False;True;40
5188;1933;2364;True;True;True;40
5189;2607;2365;True;False;True;40
5190;1935;2365;True;True;True;40
5191;2267;2366;True;False;True;38.5
5192;1947;2366;True;True;True;38.5
5193;2238;2367;True;True;True;43
5194;1949;2367;True;True;True;43
5195;2693;2368;True;True;True;40.5
5196;2694;2368;True;True;True;40.5
5197;2695;2369;True;True;True;36.5
5198;2696;2369;True;True;True;36.5
5199;2697;2370;True;True;True;30
5200;2698;2370;True;False;True;30
5201;2699;2371;True;True;True;37
5202;2700;2371;True;False;True;37
5203;2701;2372;True;True;True;40
5204;2702;2372;True;False;True;40
5205;2703;2373;True;True;True;40
5206;2704;2373;True;False;True;40
5207;2705;2374;True;True;True;38
5208;2706;2374;True;False;True;38
5209;2614;2375;True;False;True;40
5210;1959;2375;True;True;True;40
5211;2615;2376;True;False;True;40
5212;1960;2376;True;True;True;40
5213;2617;2377;True;False;True;40
5214;1535;2377;True;True;True;40
5215;1967;2378;True;True;True;30
5216;2182;2378;True;False;True;30
5217;1671;2379;True;True;True;40
5218;2682;2379;True;False;True;40
5219;1673;2380;True;True;True;35
5220;2204;2380;True;False;True;35
5221;1974;2381;True;True;True;40
5222;1674;2381;True;False;True;40
5223;1984;2382;True;True;True;30
5224;2208;2382;True;False;True;30
5225;1985;2383;True;True;True;29.5
5226;2689;2383;True;False;True;29.5
5227;1986;2384;True;True;True;30
5228;2653;2384;True;False;True;30
5229;1690;2385;True;True;True;29
5230;2655;2385;True;False;True;29
5231;1990;2386;True;False;True;30
5232;2707;2386;False;False;True;73
5233;2675;2386;True;False;True;30
5234;1998;2387;True;True;True;30
5235;1691;2387;True;False;True;30
5236;1966;2388;True;True;True;30
5237;2672;2388;True;False;True;30
5238;2175;2389;True;False;True;40
5239;2003;2389;True;True;True;40
5240;2688;2390;True;False;True;40
5241;2005;2390;True;True;True;40
5242;1700;2391;True;False;True;43
5243;2008;2391;True;True;True;43
5244;1705;2392;True;False;True;40
5245;2021;2392;True;True;True;40
5246;2687;2393;True;False;True;40
5247;2038;2393;True;True;True;40
5248;1707;2394;True;False;True;30
5249;1710;2394;True;True;True;30
5250;2340;2395;True;False;True;30
5251;2064;2395;True;True;True;30
5252;2080;2396;True;True;True;40
5253;2708;2396;True;False;True;40
5254;2709;2397;True;True;True;40
5255;2710;2397;True;False;True;40
5256;2082;2398;True;True;True;40
5257;2711;2398;True;False;True;40
5258;2712;2399;True;True;True;40
5259;2713;2399;True;False;True;40
5260;2714;2400;True;True;True;40
5261;2715;2400;True;False;True;40
5262;2716;2401;True;True;True;40
5263;2717;2401;True;False;True;40
5264;2718;2402;True;True;True;30
5265;2719;2402;True;False;True;30
5266;2720;2403;True;True;True;30
5267;2721;2403;True;False;True;30
5268;2722;2404;True;True;True;30
5269;2723;2404;True;False;True;30
5270;2724;2405;True;True;True;27
5271;2725;2405;True;False;True;27
5272;2726;2406;True;True;True;40
5273;2727;2406;True;False;True;40
5274;2728;2407;True;True;True;40
5275;2729;2407;True;False;True;40
5276;2730;2408;True;True;True;40
5277;2731;2408;True;False;True;40
5278;2732;2409;True;True;True;40
5279;2733;2409;True;False;True;40
5280;2734;2410;True;True;True;38.5
5281;2735;2410;True;False;True;38.5
5282;2736;2411;True;True;True;40
5283;2737;2411;True;False;True;40
5284;2738;2412;True;True;True;27.5
5285;2739;2412;True;False;True;27.5
5286;2740;2413;True;True;True;30.5
5287;2741;2413;True;False;True;30.5
5288;2742;2414;True;True;True;40
5289;2743;2414;True;False;True;40
5290;2744;2415;True;True;True;30
5291;2745;2415;True;False;True;30
5292;2746;2416;True;True;True;45.5
5293;2747;2416;False;True;True;91
5294;2748;2416;True;False;True;45.5
5295;2749;2417;True;True;True;40
5296;2750;2417;True;False;True;40
5297;2751;2418;True;True;True;30
5298;2752;2418;True;False;True;30
5299;2753;2419;True;True;True;30
5300;2754;2419;True;False;True;30
5301;2755;2420;True;True;True;40
5302;2756;2420;True;False;True;40
5303;2757;2421;True;True;True;30
5304;2758;2421;True;False;True;30
5305;2759;2422;True;True;True;35.5
5306;2760;2422;True;False;True;35.5
5307;2761;2423;True;True;True;30
5308;2762;2423;True;False;True;30
5309;2763;2424;True;True;True;40
5310;2764;2424;True;False;True;40
5311;2765;2425;True;True;True;30
5312;2766;2425;True;False;True;30
5313;2767;2426;True;True;True;40
5314;2768;2426;True;True;True;40
5315;2769;2427;True;True;True;40
5316;2770;2427;True;False;True;40
5317;2771;2428;True;True;True;30
5318;2772;2428;True;False;True;30
5319;2773;2429;True;True;True;40
5320;2774;2429;True;False;True;40
5321;2775;2430;True;True;True;30
5322;2776;2430;True;False;True;30
5323;2777;2431;True;True;True;30
5324;2778;2431;True;False;True;30
5325;2779;2432;True;True;True;30
5326;2780;2432;True;False;True;30
5327;2781;2433;True;True;True;40
5328;2782;2433;True;False;True;40
5329;2783;2434;True;True;True;32.5
5330;2784;2434;True;False;True;32.5
5331;2785;2435;True;True;True;31.5
5332;2786;2435;True;False;True;31.5
5333;2787;2436;True;True;True;30
5334;2788;2436;True;False;True;30
5335;2789;2437;True;True;True;40
5336;2790;2437;True;False;True;40
5337;2791;2438;True;True;True;40
5338;2792;2438;True;False;True;40
5339;2793;2439;True;True;True;30
5340;2794;2439;True;False;True;30
5341;2795;2440;True;True;True;30
5342;2796;2440;True;True;True;30
5343;2797;2441;True;True;True;40
5344;2798;2441;True;True;True;40
5345;2799;2442;True;True;True;30
5346;2797;2442;True;True;True;30
5347;2800;2443;True;True;True;30
5348;2801;2443;True;True;True;30
5349;2801;2444;True;True;True;40
5350;2802;2444;True;True;True;40
5351;2802;2445;True;True;True;28
5352;2803;2445;True;True;True;28
5353;2804;2446;True;True;True;40
5354;2805;2446;True;True;True;40
5355;2798;2447;True;True;True;30
5356;2804;2447;True;True;True;30
5357;2803;2448;True;True;True;40
5358;2806;2448;True;True;True;40
5359;2806;2449;True;True;True;30
5360;2807;2449;True;True;True;30
5361;2808;2450;True;True;True;40
5362;2809;2450;True;True;True;40
5363;2805;2451;True;True;True;30
5364;2808;2451;True;True;True;30
5365;2809;2452;True;True;True;30
5366;2810;2452;True;True;True;30
5367;2811;2453;True;True;True;35.5
5368;2812;2453;True;True;True;35.5
5369;2813;2454;True;True;True;30.5
5370;2814;2454;True;True;True;30.5
5371;2815;2455;True;True;True;30
5372;2816;2455;True;False;True;30
5373;2817;2456;True;True;True;36
5374;2818;2456;True;False;True;36
5375;2819;2457;True;True;True;40
5376;2820;2457;True;False;True;40
5377;2821;2458;True;True;True;40
5378;2822;2458;True;False;True;40
5379;2823;2459;True;True;True;26.5
5380;2824;2459;True;False;True;26.5
5381;2825;2460;True;True;True;40
5382;2826;2460;True;False;True;40
5383;2827;2461;True;True;True;40
5384;2828;2461;True;False;True;40
5385;2829;2462;True;True;True;40
5386;2830;2462;True;False;True;40
5387;2831;2463;True;True;True;30
5388;2832;2463;True;False;True;30
5389;2833;2464;True;False;True;30
5390;2834;2464;True;True;True;30
5391;2835;2465;True;True;True;44
5392;2836;2465;True;False;True;44
5393;2837;2466;True;True;True;30
5394;2838;2466;True;False;True;30
5395;2839;2467;True;True;True;40
5396;2840;2467;True;False;True;40
5397;2841;2468;True;True;True;40
5398;2842;2468;True;True;True;40
5399;2843;2469;True;True;True;30
5400;2844;2469;True;False;True;30
5401;2845;2470;True;True;True;30
5402;2846;2470;True;False;True;30
5403;2807;2471;True;True;True;41
5404;2847;2471;True;True;True;41
5405;2810;2472;True;True;True;41
5406;2848;2472;True;True;True;41
5407;2814;2473;True;True;True;39.5
5408;2849;2473;True;False;True;39.5
5409;2812;2474;True;True;True;31
5410;2850;2474;True;False;True;31
5411;2851;2475;True;True;True;40
5412;2852;2475;True;True;True;40
5413;2853;2476;True;True;True;40
5414;2854;2476;True;True;True;40
5415;2852;2477;True;True;True;30
5416;2712;2477;True;True;True;30
5417;2854;2478;True;True;True;30
5418;2855;2478;True;True;True;30
5419;2855;2479;True;True;True;43.5
5420;2856;2479;True;True;True;43.5
5421;2857;2480;True;True;True;40.5
5422;2858;2480;True;True;True;40.5
5423;2856;2481;True;True;True;26.5
5424;2714;2481;True;True;True;26.5
5425;2858;2482;True;True;True;28
5426;2859;2482;True;True;True;28
5427;2859;2483;True;True;True;40.5
5428;2860;2483;True;True;True;40.5
5429;2861;2484;True;True;True;40.5
5430;2862;2484;True;True;True;40.5
5431;2860;2485;True;True;True;30
5432;2863;2485;True;True;True;30
5433;2863;2486;True;True;True;41
5434;2864;2486;True;True;True;41
5435;2862;2487;True;True;True;30
5436;2865;2487;True;True;True;30
5437;2864;2488;True;True;True;30.5
5438;2716;2488;True;True;True;30.5
5439;2865;2489;True;True;True;40
5440;2866;2489;True;True;True;40
5441;2866;2490;True;True;True;31
5442;2867;2490;True;True;True;31
5443;2868;2491;True;True;True;40
5444;2718;2491;True;True;True;40
5445;2867;2492;True;True;True;40.5
5446;2720;2492;True;True;True;40.5
5447;2869;2493;True;True;True;30.5
5448;2870;2493;True;True;True;30.5
5449;2871;2494;True;True;True;30.5
5450;2872;2494;True;True;True;30.5
5451;2870;2495;True;True;True;40
5452;2722;2495;True;True;True;40
5453;2872;2496;True;True;True;45
5454;2873;2496;True;True;True;45
5455;2873;2497;True;True;True;30.5
5456;2726;2497;True;True;True;30.5
5457;2874;2498;True;True;True;40
5458;2875;2498;True;True;True;40
5459;2876;2499;True;True;True;30.5
5460;2877;2499;True;True;True;30.5
5461;2875;2500;True;True;True;30
5462;2728;2500;True;True;True;30
5463;2877;2501;True;True;True;38.5
5464;2878;2501;True;True;True;38.5
5465;2878;2502;True;True;True;30
5466;2732;2502;True;True;True;30
5467;2879;2503;True;True;True;40
5468;2880;2503;True;True;True;40
5469;2881;2504;True;True;True;40.5
5470;2882;2504;True;True;True;40.5
5471;2880;2505;True;True;True;33
5472;2883;2505;True;True;True;33
5473;2882;2506;True;True;True;35
5474;2884;2506;True;True;True;35
5475;2883;2507;True;True;True;35.5
5476;2885;2507;True;True;True;35.5
5477;2884;2508;True;True;True;40.5
5478;2886;2508;True;True;True;40.5
5479;2885;2509;True;True;True;30
5480;2736;2509;True;True;True;30
5481;2886;2510;True;True;True;35.5
5482;2734;2510;True;True;True;35.5
5483;2887;2511;True;True;True;30
5484;2888;2511;True;True;True;30
5485;2888;2512;True;True;True;40.5
5486;2889;2512;True;True;True;40.5
5487;2890;2513;True;True;True;30
5488;2891;2513;True;True;True;30
5489;2889;2514;True;True;True;30
5490;2892;2514;True;True;True;30
5491;2891;2515;True;True;True;40
5492;2893;2515;True;True;True;40
5493;2892;2516;True;True;True;40
5494;2894;2516;True;True;True;40
5495;2893;2517;True;True;True;30
5496;2895;2517;True;True;True;30
5497;2894;2518;True;True;True;30.5
5498;2742;2518;True;True;True;30.5
5499;2895;2519;True;True;True;40.5
5500;2740;2519;True;True;True;40.5
5501;2896;2520;True;True;True;40
5502;2744;2520;True;True;True;40
5503;2897;2521;True;True;True;30.5
5504;2749;2521;True;True;True;30.5
5505;2898;2522;True;True;True;40
5506;2899;2522;True;True;True;40
5507;2899;2523;True;True;True;30.5
5508;2900;2523;True;True;True;30.5
5509;2901;2524;True;True;True;30
5510;2902;2524;True;True;True;30
5511;2900;2525;True;True;True;40
5512;2903;2525;True;True;True;40
5513;2902;2526;True;True;True;40
5514;2751;2526;True;True;True;40
5515;2903;2527;True;True;True;34
5516;2904;2527;True;True;True;34
5517;2905;2528;True;True;True;25.5
5518;2906;2528;True;True;True;25.5
5519;2904;2529;True;True;True;44.5
5520;2907;2529;True;True;True;44.5
5521;2906;2530;True;True;True;40
5522;2753;2530;True;True;True;40
5523;2907;2531;True;True;True;30
5524;2908;2531;True;True;True;30
5525;2908;2532;True;True;True;40
5526;2909;2532;True;True;True;40
5527;2909;2533;True;True;True;30
5528;2910;2533;True;True;True;30
5529;2910;2534;True;True;True;40
5530;2759;2534;True;True;True;40
5531;2911;2535;True;True;True;40
5532;2757;2535;True;True;True;40
5533;2912;2536;True;True;True;30
5534;2763;2536;True;True;True;30
5535;2913;2537;True;True;True;40.5
5536;2914;2537;True;True;True;40.5
5537;2915;2538;True;True;True;40
5538;2916;2538;True;True;True;40
5539;2916;2539;True;True;True;31
5540;2767;2539;True;True;True;31
5541;2914;2540;True;True;True;32.5
5542;2917;2540;True;True;True;32.5
5543;2917;2541;True;True;True;40.5
5544;2918;2541;True;True;True;40.5
5545;2918;2542;True;True;True;30.5
5546;2919;2542;True;True;True;30.5
5547;2919;2543;True;True;True;40.5
5548;2920;2543;True;True;True;40.5
5549;2920;2544;True;True;True;30
5550;2921;2544;True;True;True;30
5551;2921;2545;True;True;True;40.5
5552;2771;2545;True;True;True;40.5
5553;2922;2546;True;True;True;30.5
5554;2923;2546;True;True;True;30.5
5555;2924;2547;True;True;True;42
5556;2925;2547;True;True;True;42
5557;2923;2548;True;True;True;40.5
5558;2926;2548;True;True;True;40.5
5559;2925;2549;True;True;True;30
5560;2927;2549;True;True;True;30
5561;2926;2550;True;True;True;32.5
5562;2928;2550;True;True;True;32.5
5563;2927;2551;True;True;True;40
5564;2929;2551;True;True;True;40
5565;2928;2552;True;True;True;40.5
5566;2930;2552;True;True;True;40.5
5567;2929;2553;True;True;True;32.5
5568;2931;2553;True;True;True;32.5
5569;2930;2554;True;True;True;29
5570;2773;2554;True;True;True;29
5571;2931;2555;True;True;True;37.5
5572;2932;2555;True;True;True;37.5
5573;2932;2556;True;True;True;30
5574;2933;2556;True;True;True;30
5575;2934;2557;True;True;True;40.5
5576;2777;2557;True;True;True;40.5
5577;2933;2558;True;True;True;40
5578;2775;2558;True;True;True;40
5579;2935;2559;True;True;True;35.5
5580;2781;2559;True;True;True;35.5
5581;2936;2560;True;True;True;35
5582;2937;2560;True;True;True;35
5583;2937;2561;True;True;True;30
5584;2938;2561;True;True;True;30
5585;2938;2562;True;True;True;42.5
5586;2787;2562;True;True;True;42.5
5587;2939;2563;True;True;True;36.5
5588;2789;2563;True;True;True;36.5
5589;2940;2564;True;True;True;26
5590;2941;2564;True;True;True;26
5591;2941;2565;True;True;True;40.5
5592;2793;2565;True;True;True;40.5
5593;2942;2566;True;True;True;40
5594;2943;2566;True;True;True;40
5595;2943;2567;True;True;True;30.5
5596;2944;2567;True;True;True;30.5
5597;2945;2568;True;True;True;30
5598;2946;2568;True;True;True;30
5599;2944;2569;True;True;True;40.5
5600;2947;2569;True;True;True;40.5
5601;2946;2570;True;True;True;40.5
5602;2948;2570;True;True;True;40.5
5603;2947;2571;True;True;True;33.5
5604;2949;2571;True;True;True;33.5
5605;2948;2572;True;True;True;25.5
5606;2950;2572;True;True;True;25.5
5607;2949;2573;True;True;True;40.5
5608;2951;2573;True;True;True;40.5
5609;2950;2574;True;True;True;40
5610;2697;2574;True;True;True;40
5611;2951;2575;True;True;True;33
5612;2699;2575;True;True;True;33
5613;2952;2576;True;True;True;30
5614;2953;2576;True;True;True;30
5615;2954;2577;True;True;True;30.5
5616;2955;2577;True;True;True;30.5
5617;2953;2578;True;True;True;35.5
5618;2956;2578;True;True;True;35.5
5619;2955;2579;True;True;True;40
5620;2957;2579;True;True;True;40
5621;2956;2580;True;True;True;30.5
5622;2958;2580;True;True;True;30.5
5623;2957;2581;True;True;True;30.5
5624;2701;2581;True;True;True;30.5
5625;2958;2582;True;True;True;48.5
5626;2959;2582;True;True;True;48.5
5627;2959;2583;True;True;True;27
5628;2960;2583;True;True;True;27
5629;2961;2584;True;True;True;30.5
5630;2703;2584;True;True;True;30.5
5631;2960;2585;True;True;True;40
5632;2962;2585;True;True;True;40
5633;2962;2586;True;True;True;30
5634;2705;2586;True;True;True;30
5635;2963;2587;True;True;True;26.5
5636;2964;2587;True;True;True;26.5
5637;2965;2588;True;True;True;30
5638;2966;2588;True;True;True;30
5639;2964;2589;True;True;True;40
5640;2967;2589;True;True;True;40
5641;2966;2590;True;True;True;42.5
5642;2968;2590;True;True;True;42.5
5643;2967;2591;True;True;True;33
5644;2969;2591;True;True;True;33
5645;2968;2592;True;True;True;30
5646;2970;2592;True;True;True;30
5647;2969;2593;True;True;True;40
5648;2971;2593;True;True;True;40
5649;2971;2594;True;True;True;33.5
5650;2972;2594;True;True;True;33.5
5651;2970;2595;True;True;True;40
5652;2815;2595;True;True;True;40
5653;2972;2596;True;True;True;40
5654;2973;2596;True;True;True;40
5655;2973;2597;True;True;True;30
5656;2974;2597;True;True;True;30
5657;2974;2598;True;True;True;40
5658;2975;2598;True;True;True;40
5659;2975;2599;True;True;True;33
5660;2819;2599;True;True;True;33
5661;2976;2600;True;True;True;30
5662;2821;2600;True;True;True;30
5663;2977;2601;True;True;True;40
5664;2978;2601;True;True;True;40
5665;2978;2602;True;True;True;31
5666;2825;2602;True;True;True;31
5667;2979;2603;True;True;True;40.5
5668;2980;2603;True;True;True;40.5
5669;2980;2604;True;True;True;30.5
5670;2981;2604;True;True;True;30.5
5671;2981;2605;True;True;True;40
5672;2982;2605;True;True;True;40
5673;2983;2606;True;True;True;40
5674;2984;2606;True;True;True;40
5675;2984;2607;True;True;True;32.5
5676;2985;2607;True;True;True;32.5
5677;2982;2608;True;True;True;30
5678;2986;2608;True;True;True;30
5679;2985;2609;True;True;True;40.5
5680;2987;2609;True;True;True;40.5
5681;2986;2610;True;True;True;41
5682;2988;2610;True;True;True;41
5683;2988;2611;True;True;True;30.5
5684;2829;2611;True;True;True;30.5
5685;2987;2612;True;True;True;29
5686;2989;2612;True;True;True;29
5687;2989;2613;True;True;True;40.5
5688;2831;2613;True;True;True;40.5
5689;2990;2614;True;True;True;40
5690;2991;2614;True;True;True;40
5691;2991;2615;True;True;True;30
5692;2992;2615;True;True;True;30
5693;2834;2616;True;True;True;40
5694;2795;2616;True;True;True;40
5695;2992;2617;True;True;True;40
5696;2993;2617;True;True;True;40
5697;2993;2618;True;True;True;30
5698;2994;2618;True;True;True;30
5699;2994;2619;True;True;True;40
5700;2800;2619;True;True;True;40
5701;2796;2620;True;True;True;40
5702;2799;2620;True;True;True;40
5703;2694;2621;True;True;True;30
5704;2995;2621;True;True;True;30
5705;2696;2622;True;True;True;30.5
5706;2996;2622;True;True;True;30.5
5707;2995;2623;True;True;True;40
5708;2997;2623;True;True;True;40
5709;2997;2624;True;True;True;29.5
5710;2998;2624;True;True;True;29.5
5711;2996;2625;True;True;True;40
5712;2837;2625;True;True;True;40
5713;2998;2626;True;True;True;40
5714;2999;2626;True;True;True;40
5715;2999;2627;True;True;True;30.5
5716;2839;2627;True;True;True;30.5
5717;3000;2628;True;True;True;30
5718;3001;2628;True;True;True;30
5719;3001;2629;True;True;True;40
5720;3002;2629;True;True;True;40
5721;3002;2630;True;True;True;30
5722;3003;2630;True;True;True;30
5723;3004;2631;True;True;True;30
5724;3005;2631;True;True;True;30
5725;3003;2632;True;True;True;40
5726;3006;2632;True;True;True;40
5727;3005;2633;True;True;True;40.5
5728;3007;2633;True;True;True;40.5
5729;3006;2634;True;True;True;30.5
5730;2841;2634;True;True;True;30.5
5731;3007;2635;True;True;True;26.5
5732;3008;2635;True;True;True;26.5
5733;3008;2636;True;True;True;40.5
5734;2845;2636;True;True;True;40.5
5735;3009;2637;True;False;True;40.5
5736;3010;2637;True;False;True;40.5
5737;3011;2638;True;True;True;30.5
5738;3012;2638;True;False;True;30.5
5739;3013;2639;True;True;True;37
5740;3014;2639;True;True;True;35
5741;3015;2640;True;True;True;47.5
5742;3016;2640;False;False;True;95
5743;3017;2640;True;False;True;47.5
5744;3018;2641;True;True;True;26
5745;3019;2641;True;False;True;26
5746;3020;2642;True;False;True;55.5
5747;3021;2642;True;False;True;55.5
5748;3022;2643;True;True;True;43.5
5749;3023;2643;False;True;True;87
5750;3024;2643;True;False;True;43.5
5751;3025;2644;True;False;True;40
5752;3026;2644;True;False;True;40
5753;3026;2645;True;False;True;30.5
5754;3027;2645;False;False;True;61
5755;3028;2645;True;False;True;30.5
5756;3028;2646;True;False;True;40
5757;3029;2646;True;False;True;40
5758;3030;2647;True;False;True;40
5759;3031;2647;True;False;True;40
5760;3032;2648;True;False;True;30.5
5761;3033;2648;False;False;True;61
5762;3030;2648;True;False;True;30.5
5763;3034;2649;True;False;True;39.5
5764;3032;2649;True;False;True;39.5
5765;2836;2650;True;False;True;30
5766;3034;2650;True;False;True;30
5767;3035;2651;True;False;True;30
5768;3036;2651;True;False;True;30
5769;2840;2652;True;False;True;31.5
5770;3037;2652;True;False;True;31.5
5771;2842;2653;True;False;True;30
5772;3038;2653;True;False;True;30
5773;2844;2654;True;False;True;40
5774;3039;2654;True;False;True;40
5775;7526;282;False;False;False;0
5776;7524;282;True;False;False;0
5777;3041;2656;True;True;True;30
5778;3042;2656;True;False;True;30
5779;7527;282;True;False;False;0
5780;6931;369;True;False;True;46
5781;3039;2658;True;False;True;30
5782;3043;2658;True;False;True;30
5783;6777;369;True;True;True;46
5784;6776;369;False;False;True;0
5785;3045;7582;False;False;False;0
5786;2163;7582;False;False;False;0
5787;2163;371;True;False;False;0
5788;2605;371;True;False;False;0
5789;6222;372;False;False;False;0
5790;2692;372;True;False;False;0
5791;3049;2662;True;False;True;0
5792;3050;2662;True;False;True;0
5793;3051;2663;True;False;True;0
5794;3052;2663;True;False;True;0
5795;3053;2664;True;False;True;0
5796;3054;2664;True;False;True;0
5797;3055;2665;True;False;True;0
5798;3056;2665;True;False;True;0
5799;3057;2666;True;False;True;0
5800;3058;2666;True;False;True;0
5801;3059;2667;True;False;True;0
5802;3060;2667;True;False;True;0
5803;3061;2668;True;False;True;0
5804;3062;2668;True;False;True;0
5805;3042;2669;True;False;True;75
5806;3063;2669;True;False;True;75
5807;2634;372;True;False;False;0
5808;3044;372;False;False;False;0
5809;3065;2671;True;False;True;0
5810;3066;2671;True;False;True;0
5811;3067;2672;True;False;True;0
5812;3068;2672;True;False;True;0
5813;2737;2673;True;False;True;0
5814;3069;2673;True;False;True;0
5815;3070;2674;True;False;True;37
5816;3071;2674;True;True;True;37
5817;3014;2675;True;False;True;30
5818;3072;2675;True;True;True;30
5819;3073;2676;True;False;True;36
5820;3074;2676;False;True;True;72
5821;3075;2676;True;True;True;36
5822;3076;2677;True;False;True;30
5823;3077;2677;False;True;True;60
5824;3078;2677;True;True;True;30
5825;3079;2678;True;False;True;41
5826;3080;2678;True;False;True;41
5827;3081;2679;True;False;True;28
5828;3082;2679;True;False;True;28
5829;3083;2680;True;False;True;30
5830;3084;2680;False;True;True;0
5831;3085;2680;True;True;True;30
5832;3086;2681;True;False;True;40
5833;3087;2681;False;False;True;40
5834;3088;2681;True;True;True;40
5835;3089;2682;True;False;True;59.3333333333333
5836;3090;2682;False;False;True;59.3333333333333
5837;3091;2682;True;True;True;59.3333333333333
5838;3092;2683;True;False;True;40
5839;3093;2683;False;True;True;0
5840;3094;2683;True;True;True;40
5841;3095;2684;True;False;True;50
5842;3096;2684;False;True;True;50
5843;3097;2684;True;True;True;50
5844;3098;2685;True;False;True;50
5845;3099;2685;False;True;True;50
5846;3100;2685;True;True;True;50
5847;3063;2686;True;False;True;30
5848;3045;2686;False;True;True;30
5849;3101;2686;True;True;True;30
5850;3056;2687;True;False;True;40
5851;3102;2687;True;False;True;40
5852;2634;885;True;False;False;0
5853;3040;885;True;False;False;0
5854;2711;2689;True;False;True;30
5855;3009;2689;False;True;True;60
5856;2709;2689;True;True;True;30
5857;2832;2690;True;False;True;40
5858;3104;2690;False;True;True;80
5859;3105;2690;True;False;True;40
5860;2745;2691;True;False;True;40
5861;3106;2691;False;True;True;80
5862;3065;2691;True;False;True;40
5863;3107;2692;True;False;True;30
5864;3108;2692;False;False;True;60
5865;3109;2692;True;False;True;30
5866;3110;2693;True;False;True;40
5867;3011;2693;False;True;True;80
5868;3111;2693;True;False;True;40
5869;3050;2694;True;False;True;40
5870;3112;2694;False;True;True;80
5871;3113;2694;True;False;True;40
5872;3114;2695;True;False;True;32
5873;3115;2695;False;True;True;64
5874;3015;2695;False;True;True;64
5875;3116;2695;True;False;True;32
5876;3117;2696;True;False;True;40
5877;3118;2696;False;True;True;80
5878;3119;2696;True;False;True;40
5879;3120;2697;True;False;True;30.5
5880;3121;2697;False;True;True;61
5881;3122;2697;True;False;True;30.5
5882;2782;2698;True;False;True;30
5883;3123;2698;False;True;True;60
5884;3124;2698;True;False;True;30
5885;3125;2699;True;False;True;30
5886;3126;2699;False;True;True;60
5887;3127;2699;True;False;True;30
5888;3128;2700;True;False;True;40
5889;3085;2700;False;True;True;80
5890;3129;2700;False;True;True;80
5891;3130;2700;True;False;True;40
5892;2772;2701;True;False;True;40
5893;3131;2701;False;True;True;80
5894;3022;2701;False;True;True;80
5895;3132;2701;True;False;True;40
5896;3133;2702;True;False;True;40
5897;3018;2702;False;False;True;80
5898;3134;2702;True;False;True;40
5899;3069;2703;True;False;True;40
5900;3135;2703;False;True;True;80
5901;3136;2703;False;True;True;80
5902;3137;2703;False;True;True;80
5903;3138;2703;True;False;True;40
5904;2750;2704;True;False;True;30
5905;3106;2704;False;True;True;60
5906;2746;2704;False;True;True;60
5907;3051;2704;True;False;True;30
5908;3139;2705;True;False;True;40
5909;3075;2705;False;True;True;0
5910;3140;2705;False;True;True;0
5911;3061;2705;True;False;True;40
5912;2708;2706;True;False;True;30
5913;3141;2706;False;True;True;60
5914;3142;2706;True;False;True;30
5915;2706;2707;True;False;True;30
5916;3143;2707;False;True;True;60
5917;3144;2707;True;False;True;30
5918;3145;2708;True;True;True;44
5919;3146;2708;False;True;True;44
5920;3147;2708;True;False;True;44
5921;3148;2709;True;False;True;40
5922;3149;2709;False;True;True;80
5923;3150;2709;True;False;True;40
5924;3151;2710;True;True;True;40
5925;3152;2710;False;True;True;80
5926;3153;2710;True;False;True;40
5927;3154;2711;True;True;True;75
5928;3155;2711;True;False;True;75
5929;3156;2712;True;True;True;75
5930;3157;2712;True;False;True;75
5931;3158;2713;True;True;True;30.5
5932;3159;2713;True;False;True;30.5
5933;3160;2714;True;True;True;41.5
5934;3161;2714;True;False;True;41.5
5935;3027;2715;True;False;True;88
5936;3162;2715;True;False;True;30
5937;3033;2716;True;True;True;41.5
5938;3035;2716;True;False;True;41.5
5939;3101;2717;True;True;True;916666666666667
5940;3055;2717;True;False;True;91.6666666666667
5941;3163;2718;True;False;True;30.5
5942;3164;2718;False;True;True;61
5943;3118;2718;False;True;True;61
5944;3165;2718;False;True;True;61
5945;3166;2718;True;False;True;30.5
5946;3167;2719;True;False;True;40
5947;3136;2719;False;True;True;80
5948;3168;2719;True;False;True;40
5949;3169;2720;True;False;True;40
5950;3112;2720;False;True;True;80
5951;3120;2720;True;False;True;40
5952;3170;2721;True;False;True;30
5953;3171;2721;False;False;True;60
5954;3172;2721;True;False;True;30
5955;3173;2722;True;False;True;29.5
5956;3140;2722;False;True;True;59
5957;3174;2722;True;False;True;29.5
5958;3175;2723;True;False;True;30
5959;3176;2723;False;True;True;60
5960;3123;2723;False;True;True;60
5961;3177;2723;False;True;True;60
5962;3178;2723;True;False;True;30
5963;3060;2724;True;False;True;30
5964;3179;2724;False;True;True;60
5965;3180;2724;False;True;True;60
5966;3181;2724;True;False;True;30
5967;3119;2725;True;False;True;30
5968;3165;2725;False;True;True;60
5969;3182;2725;True;False;True;30
5970;3183;2726;True;False;True;30
5971;3088;2726;False;True;True;30
5972;3184;2726;True;False;True;30
5973;3068;2727;True;False;True;40
5974;3180;2727;False;True;True;80
5975;3185;2727;True;False;True;40
5976;2702;2728;True;False;True;30
5977;3186;2728;False;False;True;60
5978;3187;2728;True;False;True;30
5979;3188;2729;True;False;True;30
5980;3104;2729;False;True;True;60
5981;3154;2729;False;True;True;60
5982;3189;2729;True;False;True;30
5983;3190;2730;True;False;True;40
5984;3078;2730;False;True;True;80
5985;3173;2730;True;False;True;40
5986;2719;2731;True;True;True;42
5987;3191;2731;False;True;True;84
5988;3192;2731;False;True;True;84
5989;3193;2731;False;True;True;84
5990;3057;2731;True;False;True;42
5991;3194;2732;True;False;True;40
5992;3195;2732;False;True;True;80
5993;3196;2732;False;True;True;80
5994;3197;2732;False;True;True;80
5995;3198;2732;True;False;True;40
5996;3199;2733;True;False;True;40
5997;3100;2733;False;True;True;80
5998;3200;2733;False;True;True;80
5999;3201;2733;True;False;True;40
6000;3113;2734;True;False;True;31.5
6001;3121;2734;False;True;True;63
6002;3133;2734;True;False;True;31.5
6003;3202;2735;True;False;True;30
6004;3203;2735;False;True;True;60
6005;3204;2735;True;False;True;30
6006;3124;2736;True;False;True;40
6007;3177;2736;False;True;True;80
6008;3205;2736;True;False;True;40
6009;3206;2737;True;False;True;40
6010;3082;2737;False;True;True;80
6011;3203;2737;False;True;True;80
6012;3053;2737;True;False;True;40
6013;3207;2738;True;False;True;38.5
6014;2849;2738;False;False;True;77
6015;3126;2738;False;False;True;77
6016;3148;2738;False;False;True;77
6017;3208;2738;True;False;True;38.5
6018;3209;2739;True;False;True;30
6019;3094;2739;False;True;True;60
6020;3210;2739;False;True;True;60
6021;3211;2739;True;False;True;30
6022;3212;2740;True;False;True;30
6023;3213;2740;False;True;True;60
6024;3214;2740;True;False;True;30
6025;3215;2741;True;False;True;30
6026;3200;2741;False;True;True;60
6027;3216;2741;True;False;True;30
6028;3217;2742;True;False;True;30
6029;3193;2742;False;True;True;60
6030;3218;2742;True;False;True;30
6031;3219;2743;True;False;True;40
6032;3097;2743;False;True;True;80
6033;3215;2743;True;False;True;40
6034;3220;2744;True;False;True;40
6035;2850;2744;False;False;True;80
6036;3125;2744;True;False;True;40
6037;3221;2745;True;False;True;30
6038;3197;2745;False;True;True;60
6039;3222;2745;True;False;True;30
6040;3223;2746;True;False;True;30
6041;3129;2746;False;True;True;60
6042;3224;2746;True;False;True;30
6043;3225;2747;True;False;True;30
6044;3210;2747;False;True;True;60
6045;3226;2747;True;False;True;30
6046;3141;2748;True;True;True;34
6047;3227;2748;True;True;True;34
6048;3227;2749;True;True;True;30
6049;3013;2749;True;True;True;30
6050;3228;2750;True;True;True;28.5
6051;3191;2750;True;True;True;28.5
6052;3108;2751;True;False;True;57.5
6053;3229;2751;True;False;True;57.5
6054;3229;2752;True;False;True;35
6055;3230;2752;True;False;True;35
6056;3137;2753;True;True;True;49
6057;3231;2753;True;True;True;49
6058;3171;2754;True;True;True;20
6059;3232;2754;True;True;True;20
6060;3233;2755;True;True;True;37.5
6061;3047;885;False;False;False;0
6062;3176;2755;True;True;True;37.5
6063;3235;2756;True;True;True;30
6064;3233;2756;True;True;True;30
6065;3236;2757;True;True;True;49.5
6066;3164;2757;True;True;True;49.5
6067;3237;2758;True;True;True;35.5
6068;3186;2758;True;True;True;35.5
6069;3238;2759;True;True;True;26
6070;3195;2759;True;True;True;26
6071;3040;1970;True;False;False;0
6072;3046;1970;True;False;False;0
6073;3046;2048;True;False;False;0
6074;3234;2048;True;False;False;0
6075;3241;2762;True;False;True;40
6076;3091;2762;False;True;True;40
6077;3242;2762;True;True;True;40
6078;3010;2763;True;False;True;33
6079;3070;2763;True;False;True;33
6080;3142;2764;True;False;True;40
6081;3114;2764;True;False;True;40
6082;3116;2765;True;False;True;40
6083;3243;2765;True;False;True;40
6084;3243;2766;True;False;True;30
6085;3244;2766;True;False;True;30
6086;3111;2767;True;False;True;30
6087;3245;2767;True;False;True;30
6088;2710;2768;True;False;True;30
6089;3115;2768;False;True;True;60
6090;3110;2768;True;False;True;30
6091;3017;2769;True;False;True;34
6092;3246;2769;True;False;True;34
6093;3246;2770;True;False;True;40
6094;3247;2770;True;False;True;40
6095;3248;2771;True;False;True;30
6096;3249;2771;True;False;True;30
6097;3012;2772;True;False;True;40
6098;3248;2772;True;False;True;40
6099;3244;2773;True;False;True;40
6100;3250;2773;True;False;True;40
6101;3250;2774;True;False;True;30
6102;3139;2774;True;False;True;30
6103;3249;2775;True;False;True;40
6104;3076;2775;True;False;True;40
6105;3247;2776;True;False;True;0
6106;3251;2776;True;False;True;0
6107;3251;2777;True;False;True;0
6108;3073;2777;True;False;True;0
6109;3174;2778;True;False;True;40
6110;3252;2778;True;False;True;40
6111;3253;2779;True;False;True;30
6112;3190;2779;True;False;True;30
6113;3245;2780;True;False;True;40
6114;3253;2780;True;False;True;40
6115;3062;2781;True;False;True;40
6116;3254;2781;True;False;True;40
6117;3255;2782;True;False;True;40
6118;3209;2782;True;False;True;40
6119;3256;2783;True;False;True;40
6120;3225;2783;True;False;True;40
6121;3257;2784;True;False;True;30
6122;3256;2784;True;False;True;30
6123;2816;2785;True;False;True;40
6124;3258;2785;True;False;True;40
6125;2818;2786;True;False;True;30
6126;3259;2786;True;False;True;30
6127;2822;2787;True;False;True;30
6128;3260;2787;True;False;True;30
6129;2820;2788;True;False;True;30
6130;3194;2788;True;False;True;30
6131;3198;2789;True;False;True;30
6132;3261;2789;True;False;True;30
6133;3261;2790;True;False;True;40
6134;3262;2790;True;False;True;40
6135;3263;2791;True;False;True;30
6136;3264;2791;True;False;True;30
6137;3058;2792;True;False;True;40
6138;3265;2792;True;False;True;40
6139;2721;2793;True;False;True;0
6140;3192;2793;False;True;True;0
6141;3217;2793;True;False;True;0
6142;3265;2794;True;False;True;30
6143;3266;2794;True;False;True;30
6144;2725;2795;True;False;True;40
6145;3107;2795;True;False;True;40
6146;2735;2796;True;False;True;30
6147;3267;2796;True;False;True;30
6148;3138;2797;True;False;True;30
6149;3268;2797;True;False;True;30
6150;3168;2798;True;False;True;30
6151;3269;2798;True;False;True;30
6152;3270;2799;True;False;True;30
6153;3135;2799;False;True;True;60
6154;3167;2799;True;False;True;30
6155;3267;2800;True;False;True;40
6156;3270;2800;True;False;True;40
6157;3066;2801;True;False;True;40
6158;3067;2801;True;False;True;40
6159;3222;2802;True;False;True;40
6160;3263;2802;True;False;True;40
6161;3260;2803;True;False;True;40
6162;3196;2803;False;True;True;80
6163;3221;2803;True;False;True;40
6164;3262;2804;True;False;True;27.5
6165;3271;2804;True;False;True;27.5
6166;3271;2805;True;False;True;40
6167;3272;2805;True;False;True;40
6168;3272;2806;True;False;True;30
6169;3273;2806;True;False;True;30
6170;3273;2807;True;False;True;40
6171;3274;2807;True;False;True;40
6172;3274;2808;True;False;True;30
6173;3275;2808;True;False;True;30
6174;3276;2809;True;False;True;30
6175;3277;2809;True;False;True;30
6176;3278;2810;True;False;True;40
6177;3276;2810;True;False;True;40
6178;3279;2811;True;False;True;30
6179;3278;2811;True;False;True;30
6180;3264;2812;True;False;True;40
6181;3279;2812;True;False;True;40
6182;3275;2813;True;False;True;40
6183;3280;2813;True;False;True;40
6184;3277;2814;True;False;True;40
6185;3281;2814;True;False;True;40
6186;3280;2815;True;False;True;30
6187;3282;2815;True;False;True;30
6188;2824;2816;True;False;True;40
6189;3283;2816;True;False;True;40
6190;3283;2817;True;False;True;30
6191;3284;2817;True;False;True;30
6192;3284;2818;True;False;True;40.5
6193;3285;2818;True;False;True;40.5
6194;3285;2819;True;False;True;30
6195;3286;2819;True;False;True;30
6196;3286;2820;True;False;True;40
6197;3287;2820;True;False;True;40
6198;3288;2821;True;False;True;40
6199;3289;2821;True;False;True;40
6200;3181;2822;True;False;True;40
6201;3290;2822;True;False;True;40
6202;3052;2823;True;False;True;30
6203;3059;2823;True;False;True;30
6204;2748;2824;True;False;True;30
6205;3291;2824;True;False;True;30
6206;3290;2825;True;False;True;30
6207;3292;2825;True;False;True;30
6208;2754;2826;True;False;True;40
6209;3293;2826;True;False;True;40
6210;2760;2827;True;False;True;40
6211;3049;2827;True;False;True;40
6212;3134;2828;True;False;True;30
6213;3294;2828;True;False;True;30
6214;3295;2829;True;False;True;30
6215;3169;2829;True;False;True;30
6216;2762;2830;True;False;True;40
6217;3295;2830;True;False;True;40
6218;3019;2831;True;False;True;40
6219;3296;2831;True;False;True;40
6220;3296;2832;True;True;True;26
6221;3079;2832;True;True;True;26
6222;2766;2833;True;False;True;40
6223;3202;2833;True;False;True;40
6224;3204;2834;True;False;True;40
6225;3297;2834;True;False;True;40
6226;3054;2835;True;False;True;40
6227;3298;2835;True;False;True;40
6228;2764;2836;True;False;True;30
6229;3206;2836;True;False;True;30
6230;3172;2837;True;False;True;40
6231;3081;2837;True;False;True;40
6232;3299;2838;True;False;True;40
6233;3170;2838;True;False;True;40
6234;3021;2839;True;False;True;30
6235;3299;2839;True;False;True;30
6236;2768;2840;True;False;True;30
6237;3300;2840;True;False;True;30
6238;3300;2841;True;False;True;37
6239;3301;2841;True;False;True;37
6240;3301;2842;True;False;True;30
6241;3302;2842;True;False;True;30
6242;3302;2843;True;False;True;40
6243;3303;2843;True;False;True;40
6244;3303;2844;True;False;True;30
6245;3304;2844;True;False;True;30
6246;3304;2845;True;False;True;40
6247;3305;2845;True;False;True;40
6248;2770;2846;True;False;True;30
6249;3131;2846;False;True;True;60
6250;3306;2846;True;False;True;30
6251;3306;2847;True;False;True;40
6252;3307;2847;True;False;True;40
6253;3307;2848;True;False;True;30
6254;3308;2848;True;False;True;30
6255;3132;2849;True;False;True;30
6256;3309;2849;True;False;True;30
6257;3308;2850;True;False;True;40
6258;3223;2850;True;False;True;40
6259;3310;2851;True;False;True;30
6260;3128;2851;True;False;True;30
6261;3309;2852;True;False;True;40
6262;3310;2852;True;False;True;40
6263;3024;2853;True;False;True;39
6264;3083;2853;True;False;True;39
6265;2780;2854;True;False;True;40
6266;3175;2854;True;False;True;40
6267;3178;2855;True;False;True;40
6268;3311;2855;True;False;True;40
6269;3311;2856;True;False;True;30
6270;3312;2856;True;False;True;30
6271;3205;2857;True;False;True;30
6272;3313;2857;True;False;True;30
6273;2784;2858;True;False;True;40
6274;3314;2858;True;False;True;40
6275;2786;2859;True;False;True;40
6276;3315;2859;True;False;True;40
6277;3314;2860;True;False;True;30
6278;3316;2860;True;False;True;30
6279;3316;2861;True;False;True;40
6280;3158;2861;False;False;True;80
6281;3317;2861;True;False;True;40
6282;3318;2862;True;False;True;40
6283;3319;2862;True;False;True;40
6284;3320;2863;True;False;True;30
6285;3160;2863;False;True;True;60
6286;3318;2863;True;False;True;30
6287;3321;2864;True;False;True;40
6288;3320;2864;True;False;True;40
6289;3315;2865;True;False;True;30
6290;3321;2865;True;False;True;30
6291;3319;2866;True;False;True;30
6292;3322;2866;True;False;True;30
6293;2788;2867;True;False;True;40
6294;3207;2867;True;False;True;40
6295;3208;2868;True;False;True;40
6296;3323;2868;True;False;True;40
6297;3323;2869;True;False;True;30
6298;3324;2869;True;False;True;30
6299;3324;2870;True;False;True;40
6300;3325;2870;True;False;True;40
6301;3326;2871;True;False;True;30
6302;3327;2871;True;False;True;30
6303;3127;2872;True;False;True;40
6304;3145;2872;False;True;True;80
6305;3326;2872;True;False;True;40
6306;2790;2873;True;False;True;30
6307;3220;2873;True;False;True;30
6308;3150;2874;True;False;True;30
6309;3328;2874;True;False;True;30
6310;3328;2875;True;False;True;40
6311;3089;2875;True;False;True;40
6312;3329;2876;True;False;True;30
6313;3086;2876;True;False;True;30
6314;3147;2877;True;False;True;40
6315;3329;2877;True;False;True;40
6316;3184;2878;True;False;True;40
6317;3330;2878;True;False;True;40
6318;3331;2879;True;False;True;40
6319;3183;2879;True;False;True;40
6320;3332;2880;True;False;True;30
6321;3331;2880;True;False;True;30
6322;3327;2881;True;False;True;40
6323;3332;2881;True;False;True;40
6324;3325;2882;True;False;True;30
6325;3241;2882;True;False;True;30
6326;3242;2883;True;False;True;30
6327;3333;2883;True;False;True;30
6328;3334;2884;True;False;True;40
6329;3212;2884;True;False;True;40
6330;3330;2885;True;False;True;30
6331;3334;2885;True;False;True;30
6332;3333;2886;True;False;True;40
6333;3335;2886;True;False;True;40
6334;3335;2887;True;False;True;30
6335;3336;2887;True;False;True;30
6336;3336;2888;True;False;True;40
6337;3213;2888;False;True;True;80
6338;3337;2888;True;False;True;40
6339;3214;2889;True;False;True;40
6340;3338;2889;True;False;True;40
6341;3337;2890;True;False;True;30
6342;3339;2890;True;False;True;30
6343;2698;2891;True;False;True;40
6344;3163;2891;True;False;True;40
6345;2826;2892;True;False;True;30
6346;3288;2892;True;False;True;30
6347;2830;2893;True;False;True;30
6348;3340;2893;True;False;True;30
6349;3340;2894;True;False;True;40
6350;3188;2894;True;False;True;40
6351;3189;2895;True;False;True;40
6352;3341;2895;True;False;True;40
6353;3341;2896;True;False;True;30
6354;3342;2896;True;False;True;30
6355;3342;2897;True;False;True;40
6356;3343;2897;True;False;True;40
6357;3155;2898;True;False;True;30
6358;3344;2898;True;False;True;30
6359;3344;2899;True;False;True;40
6360;3098;2899;True;False;True;40
6361;3345;2900;True;False;True;40
6362;3346;2900;True;False;True;40
6363;3105;2901;True;False;True;29.5
6364;3156;2901;False;True;True;59
6365;3345;2901;True;False;True;29.5
6366;3347;2902;True;False;True;40
6367;3095;2902;True;False;True;40
6368;3166;2903;True;False;True;40
6369;3348;2903;True;False;True;40
6370;3348;2904;True;False;True;30
6371;3349;2904;True;False;True;30
6372;2700;2905;True;False;True;30
6373;3117;2905;True;False;True;30
6374;2704;2906;True;False;True;30
6375;3350;2906;True;False;True;30
6376;3144;2907;True;False;True;40
6377;3257;2907;True;False;True;40
6378;3350;2908;True;False;True;40
6379;3351;2908;True;False;True;40
6380;3351;2909;True;False;True;30
6381;3143;2909;False;False;True;60
6382;3151;2909;False;False;True;60
6383;3352;2909;True;False;True;30
6384;3352;2910;True;False;True;40
6385;3353;2910;True;False;True;40
6386;3353;2911;True;False;True;30
6387;3255;2911;True;False;True;30
6388;3153;2912;True;False;True;30
6389;3092;2912;True;False;True;30
6390;3157;2913;True;False;True;30
6391;3347;2913;True;False;True;30
6392;3343;2914;True;False;True;30
6393;3199;2914;True;False;True;30
6394;3216;2915;True;False;True;40
6395;2833;2915;True;False;True;40
6396;3354;2916;True;False;True;30
6397;3219;2916;True;False;True;30
6398;3355;2917;True;False;True;40
6399;3354;2917;True;False;True;40
6400;3346;2918;True;False;True;30
6401;3355;2918;True;False;True;30
6402;3159;2919;True;False;True;40
6403;3356;2919;True;False;True;40
6404;3357;2920;True;False;True;30
6405;3025;2920;True;False;True;30
6406;3162;2921;True;False;True;40
6407;3358;2921;True;False;True;40
6408;3291;2922;True;False;True;20
6409;3359;2922;False;True;True;20
6410;3179;2922;True;True;True;20
6411;3254;2923;True;False;True;30
6412;2851;2923;True;True;True;30
6413;3252;2924;True;False;True;31.5
6414;2853;2924;True;True;True;31.5
6415;2713;2925;True;False;True;30
6416;2857;2925;True;True;True;30
6417;2715;2926;True;False;True;30
6418;2861;2926;True;True;True;30
6419;2717;2927;True;False;True;27.5
6420;2868;2927;True;True;True;27.5
6421;3218;2928;True;False;True;40
6422;2869;2928;True;True;True;40
6423;3266;2929;True;False;True;40
6424;2871;2929;True;True;True;40
6425;2723;2930;True;False;True;39.5
6426;2724;2930;True;True;True;39.5
6427;3109;2931;True;False;True;40
6428;2876;2931;True;True;True;40
6429;2727;2932;True;False;True;30
6430;2874;2932;True;True;True;30
6431;2729;2933;True;False;True;30
6432;2730;2933;True;True;True;30
6433;2731;2934;True;False;True;30
6434;2879;2934;True;True;True;30
6435;2733;2935;True;False;True;30
6436;2881;2935;True;True;True;30
6437;3268;2936;True;False;True;41
6438;2887;2936;True;True;True;41
6439;3269;2937;True;False;True;40
6440;2738;2937;True;True;True;40
6441;2739;2938;True;False;True;40
6442;2890;2938;True;True;True;40
6443;2743;2939;True;False;True;30
6444;2896;2939;True;True;True;30
6445;2741;2940;True;False;True;40
6446;2897;2940;True;True;True;40
6447;3185;2941;True;False;True;30
6448;2898;2941;True;True;True;30
6449;3292;2942;True;False;True;38.5
6450;2901;2942;True;True;True;38.5
6451;2752;2943;True;False;True;40
6452;2905;2943;True;True;True;40
6453;3293;2944;True;False;True;34
6454;2755;2944;True;True;True;34
6455;2756;2945;True;False;True;30
6456;2911;2945;True;True;True;30
6457;2758;2946;True;False;True;40
6458;2761;2946;True;True;True;40
6459;3122;2947;True;False;True;40
6460;2912;2947;True;True;True;40
6461;3294;2948;True;False;True;40
6462;2765;2948;True;True;True;40
6463;3298;2949;True;False;True;30
6464;2913;2949;True;True;True;30
6465;3297;2950;True;False;True;26.5
6466;2915;2950;True;True;True;26.5
6467;3305;2951;True;False;True;30
6468;2769;2951;True;True;True;30
6469;3224;2952;True;False;True;40
6470;2922;2952;True;True;True;40
6471;3130;2953;True;False;True;30
6472;2924;2953;True;True;True;30
6473;2774;2954;True;False;True;30
6474;2934;2954;True;True;True;30
6475;2778;2955;True;False;True;40
6476;2779;2955;True;True;True;40
6477;2776;2956;True;False;True;40
6478;2935;2956;True;True;True;40
6479;3312;2957;True;False;True;40
6480;2783;2957;True;True;True;40
6481;3313;2958;True;False;True;42.5
6482;2785;2958;True;True;True;42.5
6483;3317;2959;True;False;True;30
6484;2936;2959;True;True;True;30
6485;3322;2960;True;False;True;40
6486;2939;2960;True;True;True;40
6487;3338;2961;True;False;True;30
6488;2791;2961;True;True;True;30
6489;3339;2962;True;False;True;40
6490;2940;2962;True;True;True;40
6491;2792;2963;True;False;True;30
6492;2942;2963;True;True;True;30
6493;2794;2964;True;False;True;40
6494;2945;2964;True;True;True;40
6495;3182;2965;True;False;True;40
6496;2952;2965;True;True;True;40
6497;3349;2966;True;False;True;35.5
6498;2954;2966;True;True;True;35.5
6499;3187;2967;True;False;True;40
6500;2961;2967;True;True;True;40
6501;3211;2968;True;False;True;40
6502;2963;2968;True;True;True;40
6503;3226;2969;True;False;True;40
6504;2965;2969;True;True;True;40
6505;3258;2970;True;False;True;30
6506;2817;2970;True;True;True;30
6507;3259;2971;True;False;True;40
6508;2976;2971;True;True;True;40
6509;3281;2972;True;False;True;28.5
6510;2977;2972;True;True;True;28.5
6511;3282;2973;True;False;True;40
6512;2823;2973;True;True;True;40
6513;3287;2974;True;False;True;30
6514;2979;2974;True;True;True;30
6515;3289;2975;True;False;True;34
6516;2827;2975;True;True;True;34
6517;2828;2976;True;False;True;30
6518;2983;2976;True;True;True;30
6519;3201;2977;True;False;True;30
6520;2990;2977;True;True;True;30
6521;3356;2978;True;False;True;30
6522;3360;2978;True;True;True;30
6523;3360;2979;True;True;True;40
6524;3357;2979;True;False;True;40
6525;3161;2980;True;False;True;30
6526;2835;2980;True;True;True;30
6527;3358;2981;True;False;True;36.5
6528;2811;2981;True;True;True;36.5
6529;3036;2982;True;False;True;40
6530;2813;2982;True;True;True;40
6531;3029;2983;True;False;True;30
6532;2693;2983;True;True;True;30
6533;3031;2984;True;False;True;30
6534;2695;2984;True;True;True;30
6535;2838;2985;True;True;True;40
6536;3000;2985;True;True;True;40
6537;3037;2986;True;False;True;47.5
6538;3004;2986;True;True;True;47.5
6539;3038;2987;True;True;True;40
6540;2843;2987;True;True;True;40
6541;3361;2988;True;False;True;0
6542;436;2988;True;False;True;0
6543;3064;886;True;False;False;0
6544;2642;886;True;False;False;0
6545;3364;2990;True;False;True;0
6546;3365;2990;True;False;True;0
6547;3044;886;False;False;False;0
6548;2642;1313;True;False;False;0
6549;3103;1313;True;False;False;0
6550;3047;1313;False;False;False;0
6551;3369;2992;True;False;True;0
6552;3370;2992;False;False;True;0
6553;3371;2992;True;False;True;0
6554;3372;2993;True;False;True;0
6555;3373;2993;False;False;True;0
6556;3361;2993;True;False;True;0
6557;2428;2994;True;False;True;0
6558;3374;2994;True;False;True;0
6559;3365;2995;True;False;True;0
6560;3375;2995;False;False;True;0
6561;3376;2995;True;False;True;0
6562;3377;2996;True;False;True;0
6563;3378;2996;False;False;True;0
6564;3379;2996;True;False;True;0
6565;3380;2997;True;False;True;0
6566;3381;2997;True;False;True;0
6567;3382;2998;True;False;True;0
6568;3383;2998;True;False;True;0
6569;3048;1960;True;False;False;0
6570;3064;1960;True;False;False;0
6571;6197;1960;False;False;False;0
6572;3103;2049;True;False;False;63.5
6573;3239;2049;True;False;False;63.5
6574;3239;2323;True;False;False;55.5
6575;3389;3001;True;False;True;0
6576;3390;3001;True;False;True;0
6577;3374;3002;True;False;True;0
6578;3377;3002;True;False;True;0
6579;3383;3003;True;False;True;0
6580;2128;3003;True;False;True;0
6581;435;3004;True;False;True;0
6582;3391;3004;True;False;True;0
6583;3392;3005;True;False;True;0
6584;438;3005;True;False;True;0
6585;3391;3006;True;False;True;0
6586;3393;3006;False;False;True;0
6587;3370;3006;False;False;True;0
6588;3392;3006;True;False;True;0
6589;3394;3007;True;False;True;0
6590;3393;3007;False;False;True;0
6591;3369;3007;True;False;True;0
6592;3395;3008;True;False;True;0
6593;3396;3008;True;False;True;0
6594;3240;2323;True;False;False;55.5
6595;3386;2655;True;False;False;0
6596;3368;2655;True;False;False;0
6597;7577;2655;False;False;False;0
6598;3397;2657;True;False;False;0
6599;3398;2657;True;False;False;0
6600;3385;3011;True;False;True;0
6601;3375;3011;False;False;True;0
6602;3380;3011;True;False;True;0
6603;437;3012;True;False;True;0
6604;3394;3012;True;False;True;0
6605;7582;2657;False;False;False;0
6606;3384;2659;True;False;False;0
6607;3397;2659;True;False;False;0
6608;3396;3014;True;False;True;0
6609;3378;3014;True;False;True;0
6610;2429;3015;True;False;True;0
6611;3372;3015;True;False;True;0
6612;3381;3016;True;False;True;0
6613;2126;3016;True;False;True;0
6614;3371;3017;True;False;True;0
6615;440;3017;True;False;True;0
6616;3390;3018;True;False;True;0
6617;3373;3018;True;False;True;0
6618;3387;3019;True;False;True;0
6619;3376;3019;False;False;True;0
6620;3382;3019;True;False;True;0
6621;3379;3020;True;False;True;0
6622;434;3020;True;False;True;0
6623;3402;3021;True;False;True;0
6624;3403;3021;True;False;True;0
6625;1534;3022;True;False;True;29
6626;3404;3022;False;False;True;58
6627;3405;3022;False;False;True;58
6628;3402;3022;True;False;True;29
6629;3406;3023;True;False;True;28
6630;3407;3023;False;False;True;56
6631;2084;3023;False;False;True;56
6632;3408;3023;True;False;True;28
6633;3409;3024;True;False;True;0
6634;3407;3024;False;False;True;0
6635;3410;3024;True;False;True;0
6636;3411;3025;True;False;True;29
6637;3412;3025;True;False;True;29
6638;3413;3026;True;False;True;39
6639;3411;3026;True;False;True;39
6640;3408;3027;True;False;True;0
6641;4729;3027;True;False;True;0
6642;3415;3028;True;False;True;0
6643;3406;3028;True;False;True;0
6644;1530;3029;True;False;True;29
6645;3404;3029;False;False;True;58
6646;3413;3029;True;False;True;29
6647;3403;3030;True;False;True;29
6648;3415;3030;True;False;True;29
6649;3416;3031;True;False;True;0
6650;3409;3031;True;False;True;0
6651;3412;3032;True;False;True;39
6652;2083;3032;True;False;True;39
6653;3417;3033;True;False;True;0
6654;3405;3033;False;False;True;0
6655;3416;3033;True;False;True;0
6656;2085;3034;True;False;True;40
6657;3418;3034;True;True;True;40
6658;3419;3035;True;False;True;0
6659;2086;3035;True;False;True;0
6660;2087;3036;True;False;True;29.5
6661;1963;3036;True;True;True;29.5
6662;2088;3037;True;False;True;39.5
6663;1961;3037;True;False;True;39.5
6664;3420;5001;True;False;True;37.5
6665;3421;5001;True;False;True;37.5
6666;3421;5002;True;False;True;30
6667;3422;5002;True;False;True;30
6668;3422;5003;True;False;True;0
6669;3423;5003;True;False;True;0
6670;3423;5004;True;False;True;31.5
6671;3424;5004;True;False;True;31.5
6672;3424;5005;True;False;True;40
6673;3425;5005;True;False;True;40
6674;3425;5006;True;False;True;30
6675;3426;5006;True;True;True;30
6676;3426;5007;True;True;True;40
6677;3427;5007;True;True;True;40
6678;3428;5008;True;True;True;30.5
6679;3429;5008;True;True;True;30.5
6680;3429;5009;True;True;True;39.5
6681;3430;5009;True;False;True;39.5
6682;3430;5010;True;False;True;30
6683;3431;5010;False;False;True;60
6684;3432;5010;True;False;True;30
6685;3432;5011;True;False;True;40
6686;3433;5011;True;False;True;40
6687;3433;5012;True;False;True;30.5
6688;3434;5012;True;True;True;30.5
6689;3434;5013;True;True;True;41
6690;3435;5013;True;True;True;41
6691;3435;5014;True;True;True;31
6692;3436;5014;False;False;True;62
6693;3437;5014;True;True;True;31
6694;3437;5015;True;True;True;40.5
6695;3438;5015;True;True;True;40.5
6696;3438;5016;True;True;True;30
6697;3439;5016;True;False;True;30
6698;3439;5017;True;False;True;40
6699;3440;5017;True;True;True;40
6700;3440;5018;True;True;True;30
6701;3441;5018;True;True;True;30
6702;3441;5019;True;True;True;45.5
6703;3442;5019;True;False;True;45.5
6704;3442;5020;True;False;True;30
6705;3443;5020;True;True;True;30
6706;3443;5021;True;True;True;40.5
6707;3444;5021;True;True;True;40.5
6708;3444;5022;True;True;True;30
6709;3445;5022;True;True;True;30
6710;3445;5023;True;True;True;40.5
6711;3446;5023;True;True;True;40.5
6712;3446;5024;True;True;True;30
6713;3447;5024;True;True;True;30
6714;3447;5025;True;True;True;40
6715;3448;5025;True;False;True;40
6716;3448;5026;True;False;True;30
6717;3449;5026;True;False;True;30
6718;3449;5027;True;False;True;40
6719;3450;5027;True;True;True;40
6720;3450;5028;True;True;True;30
6721;3451;5028;True;False;True;30
6722;3451;5029;True;False;True;40
6723;3452;5029;True;True;True;40
6724;3452;5030;True;True;True;32
6725;3453;5030;True;True;True;32
6726;3453;5031;True;True;True;40
6727;3454;5031;True;False;True;40
6728;3454;5032;True;False;True;30
6729;3455;5032;True;False;True;30
6730;3455;5033;True;False;True;40
6731;3456;5033;True;False;True;40
6732;3456;5034;True;False;True;34
6733;3457;5034;True;False;True;34
6734;3457;5035;True;False;True;40
6735;3458;5035;True;True;True;40
6736;3458;5036;True;True;True;30
6737;3459;5036;True;False;True;30
6738;3459;5037;True;False;True;40
6739;3460;5037;True;False;True;40
6740;3460;5038;True;False;True;30
6741;3461;5038;True;False;True;30
6742;3461;5039;True;False;True;40
6743;3462;5039;True;False;True;40
6744;3462;5040;True;False;True;30
6745;3463;5040;True;False;True;30
6746;3463;5041;True;False;True;40
6747;3464;5041;False;False;True;80
6748;3465;5041;False;False;True;80
6749;3466;5041;True;False;True;40
6750;3466;5042;True;False;True;0
6751;3467;5042;True;False;True;0
6752;3467;5043;True;False;True;40
6753;3468;5043;True;False;True;40
6754;3468;5044;True;False;True;30
6755;3469;5044;True;True;True;30
6756;3469;5045;True;True;True;40
6757;3470;5045;True;False;True;40
6758;3470;5046;True;False;True;29
6759;3471;5046;True;True;True;29
6760;3471;5047;True;True;True;40
6761;3472;5047;True;False;True;40
6762;3472;5048;True;False;True;30
6763;3473;5048;True;False;True;30
6764;3473;5049;True;False;True;40
6765;3474;5049;True;False;True;40
6766;3474;5050;True;False;True;30.5
6767;3475;5050;True;False;True;30.5
6768;3475;5051;True;False;True;40.5
6769;3476;5051;True;True;True;40.5
6770;3476;5052;True;True;True;30
6771;3477;5052;True;True;True;30
6772;3477;5053;True;True;True;40
6773;3478;5053;True;True;True;40
6774;3478;5054;True;True;True;30
6775;3479;5054;True;False;True;30
6776;3479;5055;True;False;True;40
6777;3480;5055;True;True;True;40
6778;3480;5056;True;True;True;30
6779;3481;5056;True;True;True;30
6780;3481;5057;True;True;True;40
6781;3482;5057;True;True;True;40
6782;3482;5058;True;True;True;28.5
6783;3483;5058;True;False;True;28.5
6784;3483;5059;True;False;True;40
6785;3484;5059;True;False;True;40
6786;3485;5060;True;True;True;33
6787;3486;5060;True;True;True;33
6788;3486;5061;True;True;True;40
6789;3487;5061;True;True;True;40
6790;3487;5062;True;True;True;25.5
6791;3488;5062;True;True;True;25.5
6792;3488;5063;True;True;True;35.5
6793;3489;5063;True;False;True;35.5
6794;3489;5064;True;False;True;30
6795;3490;5064;True;False;True;30
6796;3490;5065;True;False;True;40
6797;3491;5065;True;True;True;40
6798;3491;5066;True;True;True;30
6799;3492;5066;True;True;True;30
6800;3492;5067;True;True;True;40
6801;3493;5067;True;True;True;40
6802;3493;5068;True;True;True;30
6803;3494;5068;True;True;True;30
6804;3494;5069;True;True;True;40
6805;3495;5069;True;False;True;40
6806;3495;5070;True;False;True;26
6807;3496;5070;True;True;True;26
6808;3496;5071;True;True;True;40
6809;3497;5071;True;False;True;40
6810;3497;5072;True;False;True;30
6811;3498;5072;True;False;True;30
6812;3498;5073;True;False;True;46
6813;3499;5073;False;False;True;92
6814;3500;5073;True;False;True;46
6815;3500;5074;True;False;True;30
6816;3501;5074;False;False;True;60
6817;3502;5074;False;False;True;60
6818;3503;5074;True;False;True;30
6819;3503;5075;True;False;True;40
6820;3504;5075;True;False;True;40
6821;3504;5076;True;False;True;30
6822;3505;5076;True;False;True;30
6823;3505;5077;True;False;True;40
6824;3506;5077;True;False;True;40
6825;3506;5078;True;False;True;30
6826;3507;5078;True;True;True;30
6827;3507;5079;True;True;True;40
6828;3508;5079;True;True;True;40
6829;3508;5080;True;True;True;30.5
6830;3509;5080;True;True;True;30.5
6831;3502;5081;True;False;True;36
6832;3510;5081;True;False;True;36
6833;3509;5082;True;True;True;40
6834;3511;5082;True;True;True;40
6835;3511;5083;True;True;True;30.5
6836;3512;5083;True;True;True;30.5
6837;3512;5084;True;True;True;40.5
6838;3513;5084;True;True;True;40.5
6839;3513;5085;True;True;True;30
6840;3514;5085;True;True;True;30
6841;3514;5086;True;True;True;40.5
6842;3515;5086;True;True;True;40.5
6843;3515;5087;True;True;True;30.5
6844;3516;5087;True;True;True;30.5
6845;3516;5088;True;True;True;38
6846;3517;5088;True;True;True;38
6847;3517;5089;True;True;True;30
6848;3518;5089;True;False;True;30
6849;3519;5090;True;True;True;40.5
6850;3520;5090;True;True;True;40.5
6851;3520;5091;True;True;True;30
6852;3521;5091;True;True;True;30
6853;3521;5092;True;True;True;35
6854;3522;5092;True;True;True;35
6855;3522;5093;True;True;True;35
6856;3523;5093;True;True;True;35
6857;3523;5094;True;True;True;40.5
6858;3524;5094;True;True;True;40.5
6859;3524;5095;True;True;True;35
6860;3525;5095;True;True;True;35
6861;3525;5096;True;True;True;40.5
6862;3526;5096;True;True;True;40.5
6863;3526;5097;True;True;True;35
6864;3527;5097;True;True;True;35
6865;3527;5098;True;True;True;38.5
6866;3528;5098;True;False;True;38.5
6867;3528;5099;True;False;True;30
6868;3529;5099;True;False;True;30
6869;3529;5100;True;False;True;40
6870;3530;5100;True;True;True;40
6871;3530;5101;True;True;True;30
6872;3531;5101;True;False;True;30
6873;3531;5102;True;False;True;40
6874;3532;5102;True;False;True;40
6875;3532;5103;True;False;True;31.5
6876;3533;5103;True;True;True;31.5
6877;3533;5104;True;True;True;44.5
6878;3534;5104;True;True;True;44.5
6879;3534;5105;True;True;True;30
6880;3535;5105;True;True;True;30
6881;3535;5106;True;True;True;40
6882;3536;5106;True;False;True;40
6883;3536;5107;True;False;True;30
6884;3537;5107;False;False;True;60
6885;3538;5107;False;False;True;60
6886;3539;5107;True;False;True;30
6887;3539;5108;True;False;True;40
6888;3540;5108;True;False;True;40
6889;3540;5109;True;False;True;28
6890;3541;5109;True;True;True;28
6891;3541;5110;True;True;True;40
6892;3542;5110;True;False;True;40
6893;3542;5111;True;False;True;30
6894;3543;5111;True;False;True;30
6895;3543;5112;True;False;True;40
6896;3544;5112;True;False;True;40
6897;3544;5113;True;False;True;30
6898;3545;5113;False;False;True;60
6899;3546;5113;True;False;True;30
6900;3546;5114;True;False;True;40
6901;3547;5114;True;True;True;40
6902;3547;5115;True;True;True;35
6903;3548;5115;True;True;True;35
6904;3548;5116;True;True;True;35
6905;3549;5116;True;True;True;35
6906;3549;5117;True;True;True;35
6907;3550;5117;True;True;True;35
6908;3545;5118;True;False;True;40.5
6909;3551;5118;True;True;True;40.5
6910;3551;5119;True;True;True;26
6911;3552;5119;True;True;True;26
6912;3552;5120;True;True;True;43
6913;3553;5120;True;False;True;43
6914;3550;5121;True;True;True;40
6915;3554;5121;True;True;True;40
6916;3554;5122;True;True;True;30
6917;3555;5122;True;True;True;30
6918;3555;5123;True;True;True;40
6919;3556;5123;True;True;True;40
6920;3556;5124;True;True;True;30
6921;3557;5124;True;True;True;30
6922;3557;5125;True;True;True;40
6923;3558;5125;True;True;True;40
6924;3558;5126;True;True;True;30.5
6925;3559;5126;True;True;True;30.5
6926;3560;5127;True;True;True;30
6927;3561;5127;True;True;True;30
6928;3561;5128;True;True;True;40
6929;3562;5128;True;True;True;40
6930;3562;5129;True;True;True;32
6931;3563;5129;True;True;True;32
6932;3563;5130;True;True;True;40
6933;3564;5130;True;True;True;40
6934;3564;5131;True;True;True;30.5
6935;3565;5131;True;True;True;30.5
6936;3565;5132;True;True;True;40
6937;3566;5132;True;True;True;40
6938;3566;5133;True;True;True;30
6939;3567;5133;True;True;True;30
6940;3567;5134;True;True;True;44
6941;3568;5134;True;True;True;44
6942;3568;5135;True;True;True;30
6943;3569;5135;True;False;True;30
6944;3569;5136;True;False;True;40
6945;3570;5136;False;False;True;80
6946;3571;5136;True;False;True;40
6947;3571;5137;True;False;True;30
6948;3572;5137;False;False;True;60
6949;3573;5137;True;False;True;30
6950;3573;5138;True;False;True;45.5
6951;3574;5138;True;True;True;45.5
6952;3574;5139;True;True;True;30.5
6953;3575;5139;True;True;True;30.5
6954;3575;5140;True;True;True;35
6955;3576;5140;True;True;True;35
6956;3576;5141;True;True;True;30
6957;3577;5141;True;True;True;30
6958;3577;5142;True;True;True;40
6959;3578;5142;True;True;True;40
6960;3578;5143;True;True;True;32.5
6961;3579;5143;True;True;True;32.5
6962;3579;5144;True;True;True;35
6963;3580;5144;True;True;True;35
6964;3580;5145;True;True;True;30.5
6965;3581;5145;True;True;True;30.5
6966;3581;5146;True;True;True;40
6967;3582;5146;True;True;True;40
6968;3582;5147;True;True;True;35
6969;3583;5147;True;True;True;35
6970;3583;5148;True;True;True;38
6971;3584;5148;True;True;True;38
6972;3584;5149;True;True;True;30.5
6973;3585;5149;True;True;True;30.5
6974;3586;5150;True;True;True;40
6975;3587;5150;True;True;True;40
6976;3587;5151;True;True;True;30
6977;3588;5151;True;True;True;30
6978;3588;5152;True;True;True;40
6979;3589;5152;True;False;True;40
6980;3589;5153;True;False;True;30
6981;3590;5153;True;True;True;30
6982;3590;5154;True;True;True;37.5
6983;3591;5154;True;True;True;37.5
6984;3591;5155;True;True;True;30.5
6985;3592;5155;True;True;True;30.5
6986;3592;5156;True;True;True;44
6987;3593;5156;True;True;True;44
6988;3593;5157;True;True;True;30.5
6989;3594;5157;True;True;True;30.5
6990;3594;5158;True;True;True;40.5
6991;3595;5158;True;True;True;40.5
6992;3595;5159;True;True;True;30
6993;3596;5159;True;False;True;30
6994;3596;5160;True;False;True;40
6995;3597;5160;True;False;True;40
6996;3597;5161;True;False;True;30
6997;3598;5161;False;False;True;60
6998;3599;5161;True;False;True;30
6999;3599;5162;True;False;True;40
7000;3600;5162;False;False;True;80
7001;3601;5162;True;False;True;40
7002;3601;5163;True;False;True;30
7003;3602;5163;True;True;True;30
7004;3602;5164;True;True;True;40.5
7005;3603;5164;True;True;True;40.5
7006;3603;5165;True;True;True;30
7007;3604;5165;True;True;True;30
7008;3604;5166;True;True;True;40
7009;3605;5166;True;True;True;40
7010;3605;5167;True;True;True;30.5
7011;3606;5167;True;True;True;30.5
7012;3606;5168;True;True;True;40
7013;3607;5168;True;True;True;40
7014;3607;5169;True;True;True;30
7015;3608;5169;True;True;True;30
7016;3608;5170;True;True;True;40
7017;3609;5170;True;True;True;40
7018;3609;5171;True;True;True;30.5
7019;3610;5171;True;True;True;30.5
7020;3610;5172;True;True;True;40.5
7021;3611;5172;True;True;True;40.5
7022;3611;5173;True;True;True;33
7023;3612;5173;True;True;True;33
7024;3612;5174;True;True;True;40.5
7025;3613;5174;True;True;True;40.5
7026;3613;5175;True;True;True;30.5
7027;3614;5175;True;True;True;30.5
7028;3614;5176;True;True;True;40.5
7029;3615;5176;True;True;True;40.5
7030;3615;5177;True;True;True;30
7031;3616;5177;True;True;True;30
7032;3616;5178;True;True;True;40
7033;3617;5178;True;True;True;40
7034;3617;5179;True;True;True;30
7035;3618;5179;True;False;True;30
7036;3618;5180;True;False;True;40
7037;3619;5180;True;False;True;40
7038;3619;5181;True;False;True;30
7039;3620;5181;False;False;True;60
7040;3621;5181;False;False;True;60
7041;3622;5181;True;False;True;30
7042;3622;5182;True;False;True;40
7043;3623;5182;True;False;True;40
7044;3623;5183;True;False;True;30
7045;3624;5183;True;True;True;30
7046;3625;5184;True;True;True;30.5
7047;3626;5184;True;True;True;30.5
7048;3626;5185;True;True;True;40
7049;3627;5185;True;True;True;40
7050;3627;5186;True;True;True;30.5
7051;3628;5186;True;True;True;30.5
7052;3628;5187;True;True;True;40
7053;3629;5187;True;True;True;40
7054;3629;5188;True;True;True;30.5
7055;3630;5188;True;True;True;30.5
7056;3630;5189;True;True;True;37.5
7057;3631;5189;True;True;True;37.5
7058;3631;5190;True;True;True;30
7059;3632;5190;True;True;True;30
7060;3427;5191;True;True;True;30
7061;3633;5191;True;True;True;30
7062;3633;5192;True;True;True;40
7063;3634;5192;True;True;True;40
7064;3634;5193;True;True;True;30
7065;3635;5193;True;False;True;30
7066;3635;5194;True;False;True;43.5
7067;3636;5194;False;False;True;87
7068;3637;5194;True;False;True;43.5
7069;3637;5195;True;False;True;0
7070;3638;5195;True;False;True;0
7071;3638;5196;True;False;True;35.5
7072;3639;5196;True;False;True;35.5
7073;3639;5197;True;False;True;30
7074;3640;5197;True;False;True;30
7075;3640;5198;True;False;True;40
7076;3641;5198;False;False;True;80
7077;3642;5198;True;False;True;40
7078;3642;5199;True;False;True;30
7079;3643;5199;True;True;True;30
7080;3643;5200;True;True;True;40
7081;3428;5200;True;True;True;40
7082;3644;5201;True;False;True;30
7083;3645;5201;True;False;True;30
7084;3645;5202;True;False;True;38
7085;3636;5202;True;False;True;38
7086;3646;5203;True;True;True;40
7087;3647;5203;True;True;True;40
7088;3647;5204;True;True;True;30
7089;3648;5204;True;False;True;30
7090;3648;5205;True;False;True;40
7091;3649;5205;True;False;True;40
7092;3649;5206;True;False;True;29.5
7093;3641;5206;True;True;True;29.5
7094;3484;5207;True;False;True;30
7095;3650;5207;True;True;True;30
7096;3650;5208;True;True;True;40
7097;3651;5208;True;False;True;40
7098;3651;5209;True;False;True;30
7099;3652;5209;True;False;True;30
7100;3652;5210;True;False;True;40
7101;3653;5210;True;False;True;40
7102;3653;5211;True;False;True;30
7103;3654;5211;True;False;True;30
7104;3654;5212;True;False;True;40
7105;3655;5212;True;False;True;40
7106;3655;5213;True;False;True;30
7107;3656;5213;False;False;True;60
7108;3657;5213;False;False;True;60
7109;3658;5213;True;False;True;30
7110;3658;5214;True;False;True;0
7111;3659;5214;True;False;True;0
7112;3659;5215;True;False;True;30
7113;3660;5215;True;False;True;30
7114;3660;5216;True;False;True;0
7115;3661;5216;True;False;True;0
7116;3661;5217;True;False;True;30
7117;3662;5217;False;False;True;60
7118;3663;5217;False;False;True;60
7119;3664;5217;True;False;True;30
7120;3664;5218;True;False;True;40
7121;3665;5218;True;False;True;40
7122;3665;5219;True;False;True;29
7123;3666;5219;True;False;True;29
7124;3666;5220;True;False;True;37
7125;3485;5220;True;True;True;37
7126;3657;5221;True;False;True;25.5
7127;3667;5221;True;False;True;25.5
7128;3667;5222;True;False;True;30
7129;3668;5222;True;False;True;30
7130;3668;5223;True;False;True;34.5
7131;3662;5223;True;False;True;34.5
7132;3518;5224;True;False;True;40
7133;3669;5224;True;True;True;40
7134;3669;5225;True;True;True;35.5
7135;3670;5225;True;True;True;35.5
7136;3670;5226;True;True;True;40
7137;3671;5226;True;False;True;40
7138;3671;5227;True;False;True;30
7139;3672;5227;False;False;True;60
7140;3673;5227;True;False;True;30
7141;3673;5228;True;False;True;0
7142;3674;5228;True;False;True;0
7143;3674;5229;True;False;True;30
7144;3675;5229;True;False;True;30
7145;3675;5230;True;False;True;39
7146;3676;5230;True;True;True;39
7147;3676;5231;True;True;True;30
7148;3677;5231;False;False;True;60
7149;3678;5231;True;True;True;30
7150;3678;5232;True;False;True;0
7151;3679;5232;True;False;True;0
7152;3679;5233;True;False;True;30
7153;3680;5233;True;False;True;30
7154;3680;5234;True;False;True;0
7155;3681;5234;True;False;True;0
7156;3681;5235;True;False;True;30
7157;3682;5235;False;False;True;60
7158;3683;5235;False;False;True;60
7159;3684;5235;False;False;True;60
7160;3685;5235;True;False;True;30
7161;3685;5236;True;False;True;39
7162;3686;5236;True;True;True;39
7163;3686;5237;True;True;True;27.5
7164;3519;5237;True;True;True;27.5
7165;3687;5238;False;False;True;35.5
7166;3677;5238;True;False;True;71
7167;3688;5238;True;False;True;35.5
7168;3688;5239;True;True;True;30
7169;3689;5239;True;True;True;30
7170;3689;5240;True;True;True;37.5
7171;3682;5240;True;False;True;37.5
7172;3684;5241;True;False;True;41
7173;3690;5241;True;False;True;41
7174;3559;5242;True;True;True;42.5
7175;3691;5242;True;True;True;42.5
7176;3691;5243;True;True;True;31.5
7177;3692;5243;True;True;True;31.5
7178;3692;5244;True;True;True;40
7179;3693;5244;True;False;True;40
7180;3693;5245;True;False;True;30
7181;3694;5245;False;False;True;60
7182;3695;5245;False;False;True;60
7183;3696;5245;True;False;True;30
7184;3696;5246;True;False;True;0
7185;3697;5246;True;False;True;0
7186;3697;5247;True;False;True;30
7187;3698;5247;True;False;True;30
7188;3698;5248;True;False;True;0
7189;3699;5248;True;False;True;0
7190;3699;5249;True;False;True;30
7191;3700;5249;False;False;True;60
7192;3701;5249;False;False;True;60
7193;3702;5249;True;False;True;30
7194;3702;5250;True;False;True;36
7195;3703;5250;True;False;True;36
7196;3703;5251;True;False;True;30
7197;3704;5251;True;True;True;30
7198;3704;5252;True;True;True;40
7199;3705;5252;True;True;True;40
7200;3705;5253;True;True;True;30
7201;3706;5253;True;True;True;30
7202;3706;5254;True;True;True;40
7203;3560;5254;True;True;True;40
7204;3695;5255;True;False;True;25.5
7205;3707;5255;False;False;True;51
7206;3708;5255;True;False;True;25.5
7207;3708;5256;True;False;True;30
7208;3709;5256;True;False;True;30
7209;3709;5257;True;False;True;34.5
7210;3700;5257;True;False;True;34.5
7211;3585;5258;True;True;True;40
7212;3710;5258;True;True;True;40
7213;3710;5259;True;True;True;30
7214;3711;5259;True;True;True;30
7215;3711;5260;True;True;True;40
7216;3712;5260;True;False;True;40
7217;3712;5261;True;False;True;30
7218;3713;5261;True;False;True;30
7219;3713;5262;True;False;True;40
7220;3714;5262;False;False;True;80
7221;3715;5262;False;False;True;80
7222;3716;5262;True;False;True;40
7223;3716;5263;True;False;True;0
7224;3717;5263;True;False;True;0
7225;3717;5264;True;False;True;40
7226;3718;5264;True;False;True;40
7227;3718;5265;True;False;True;0
7228;3719;5265;True;False;True;0
7229;3719;5266;True;False;True;40
7230;3720;5266;False;False;True;80
7231;3721;5266;False;False;True;80
7232;3722;5266;True;False;True;40
7233;3722;5267;True;False;True;0
7234;3723;5267;True;False;True;0
7235;3723;5268;True;False;True;45.5
7236;3724;5268;True;True;True;45.5
7237;3724;5269;True;True;True;30
7238;3725;5269;True;False;True;30
7239;3725;5270;True;False;True;40
7240;3726;5270;True;False;True;40
7241;3726;5271;True;False;True;29
7242;3586;5271;True;True;True;29
7243;3727;5272;False;False;True;36
7244;3715;5272;True;False;True;72
7245;3728;5272;True;False;True;36
7246;3728;5273;True;False;True;40
7247;3729;5273;True;False;True;40
7248;3729;5274;True;False;True;25.5
7249;3730;5274;False;False;True;51
7250;3720;5274;True;False;True;25.5
7251;3624;5275;True;True;True;40
7252;3731;5275;True;False;True;40
7253;3731;5276;True;False;True;31.5
7254;3732;5276;True;False;True;31.5
7255;3732;5277;True;False;True;40
7256;3733;5277;True;False;True;40
7257;3733;5278;True;False;True;30
7258;3734;5278;False;False;True;60
7259;3735;5278;True;False;True;30
7260;3735;5279;True;False;True;40
7261;3736;5279;True;True;True;40
7262;3736;5280;True;True;True;30
7263;3737;5280;True;True;True;30
7264;3737;5281;True;True;True;40
7265;3738;5281;True;False;True;40
7266;3738;5282;True;False;True;30
7267;3739;5282;True;False;True;30
7268;3739;5283;True;False;True;0
7269;3740;5283;True;False;True;0
7270;3740;5284;True;False;True;32
7271;3741;5284;True;True;True;32
7272;3741;5285;True;True;True;40
7273;3742;5285;True;True;True;40
7274;3742;5286;True;True;True;30
7275;3743;5286;True;True;True;30
7276;3734;5287;True;False;True;39.5
7277;3744;5287;True;False;True;39.5
7278;3744;5288;True;False;True;30
7279;3745;5288;True;False;True;30
7280;3745;5289;True;False;True;35
7281;3746;5289;False;False;True;70
7282;3747;5289;True;False;True;35
7283;3747;5290;True;False;True;30.5
7284;3748;5290;True;False;True;30.5
7285;3748;5291;True;False;True;46
7286;3749;5291;True;True;True;46
7287;3749;5292;True;True;True;27.5
7288;3750;5292;True;True;True;27.5
7289;3750;5293;True;True;True;33.5
7290;3751;5293;True;True;True;33.5
7291;3751;5294;True;True;True;30
7292;3752;5294;True;True;True;30
7293;3752;5295;True;True;True;39.5
7294;3753;5295;True;False;True;39.5
7295;3746;5296;True;False;True;29
7296;3754;5296;True;True;True;29
7297;3754;5297;True;True;True;45
7298;3755;5297;True;True;True;45
7299;3755;5298;True;True;True;30
7300;3756;5298;True;True;True;30
7301;3756;5299;True;True;True;40.5
7302;3757;5299;True;False;True;40.5
7303;3743;5300;True;True;True;39.5
7304;3758;5300;True;True;True;39.5
7305;3758;5301;True;True;True;30
7306;3759;5301;True;True;True;30
7307;3759;5302;True;True;True;40
7308;3760;5302;True;False;True;40
7309;3760;5303;True;False;True;30
7310;3761;5303;False;False;True;60
7311;3762;5303;False;False;True;60
7312;3763;5303;True;False;True;30
7313;3763;5304;True;False;True;0
7314;3764;5304;True;False;True;0
7315;3764;5305;True;False;True;30
7316;3765;5305;True;False;True;30
7317;3765;5306;True;False;True;34
7318;3766;5306;True;True;True;34
7319;3766;5307;True;True;True;30
7320;3767;5307;False;False;True;60
7321;3768;5307;False;False;True;60
7322;3769;5307;True;False;True;30
7323;3769;5308;True;False;True;0
7324;3770;5308;True;False;True;0
7325;3770;5309;True;False;True;30
7326;3771;5309;True;False;True;30
7327;3771;5310;True;False;True;40
7328;3625;5310;True;True;True;40
7329;3772;5311;False;False;True;49
7330;3762;5311;True;False;True;49
7331;3773;5311;True;False;True;49
7332;3773;5312;True;True;True;87
7333;3774;5312;True;True;True;87
7334;3774;5313;True;True;True;345
7335;3767;5313;True;False;True;69
7336;3775;5313;False;False;True;34.5
7337;3632;5314;True;True;True;40
7338;3776;5314;True;True;True;40
7339;3388;2659;False;False;False;0
7340;3368;2660;True;False;False;0
7341;3399;2660;True;False;False;0
7342;3388;2660;False;False;False;0
7343;3362;2661;True;False;False;0
7344;3363;2661;True;False;False;0
7345;3400;2661;False;False;False;0
7346;3363;2670;True;False;False;0
7347;3366;2670;True;False;False;0
7348;3777;2670;False;False;False;0
7349;3366;2688;True;False;False;0
7350;3367;2688;True;False;False;0
7351;3401;2688;False;False;False;0
7352;3401;2760;True;False;False;0
7353;7543;2760;True;True;False;0
7354;3400;2761;True;False;False;0
7355;3778;2761;True;False;False;0
7356;3778;2989;True;False;False;0
7357;7537;2989;True;True;False;0
7358;7556;8702;False;False;False;0
7359;3779;2991;True;False;False;0
7360;7554;2991;True;False;False;0
7361;3780;2999;True;False;False;0
7362;3787;5325;True;False;True;29
7363;3790;5325;True;False;True;29
7364;3790;5326;True;True;True;38
7365;3791;5326;True;True;True;38
7366;3791;5327;True;False;True;32
7367;3792;5327;True;False;True;32
7368;3792;5328;True;True;True;41.5
7369;3793;5328;True;False;True;41.5
7370;3794;5329;True;True;True;40
7371;3795;5329;True;True;True;40
7372;3795;5330;True;True;True;30.5
7373;3796;5330;True;True;True;30.5
7374;3796;5331;True;True;True;43.5
7375;3797;5331;True;False;True;43.5
7376;3797;5332;True;False;True;30
7377;3798;5332;False;False;True;60
7378;3799;5332;True;False;True;30
7379;3799;5333;True;False;True;47.5
7380;3800;5333;True;False;True;47.5
7381;3800;5334;True;False;True;30
7382;3801;5334;True;False;True;30
7383;3801;5335;True;False;True;43.5
7384;3802;5335;False;False;True;87
7385;3803;5335;True;False;True;43.5
7386;3803;5336;True;False;True;30.5
7387;3804;5336;True;True;True;30.5
7388;3804;5337;True;True;True;36
7389;3805;5337;True;True;True;36
7390;4138;5338;True;False;True;30
7391;3807;5338;True;False;True;30
7392;3807;5340;True;False;True;38
7393;3798;5340;True;False;True;38
7394;3808;5341;True;True;True;43.5
7395;3809;5341;True;True;True;43.5
7396;3809;5342;True;True;True;95
7397;3802;5342;True;True;True;95
7398;3805;5343;True;True;True;29.5
7399;3810;5343;True;False;True;29.5
7400;3810;5344;True;False;True;40
7401;3811;5344;True;False;True;40
7402;3811;5345;True;False;True;30
7403;3812;5345;True;False;True;30
7404;3812;5346;True;False;True;0
7405;3813;5346;True;False;True;0
7406;3813;5347;True;False;True;30
7407;3431;5347;False;False;True;60
7408;3814;5347;False;False;True;60
7409;3815;5347;True;False;True;30
7410;3815;5348;True;False;True;0
7411;3816;5348;True;False;True;0
7412;3816;5349;True;False;True;30.5
7413;3817;5349;True;True;True;30.5
7414;3817;5350;True;True;True;36.5
7415;3818;5350;True;True;True;36.5
7416;3818;5351;True;True;True;31
7417;3819;5351;False;False;True;62
7418;3436;5351;False;False;True;62
7419;3820;5351;True;True;True;31
7420;3820;5352;True;True;True;40.5
7421;3821;5352;True;True;True;40.5
7422;3821;5353;True;True;True;30
7423;3822;5353;True;False;True;30
7424;3822;5354;True;False;True;40
7425;3823;5354;True;False;True;40
7426;3823;5355;True;False;True;30
7427;3824;5355;True;False;True;30
7428;3824;5356;True;False;True;40
7429;3825;5356;True;False;True;40
7430;3814;5357;True;False;True;36
7431;3826;5357;True;True;True;36
7432;3826;5358;True;True;True;30
7433;3827;5358;True;True;True;30
7434;3827;5359;True;True;True;27.5
7435;3828;5359;False;True;True;55
7436;3819;5359;True;False;True;27.5
7437;3829;5360;True;True;True;40
7438;3830;5360;True;False;True;40
7439;3830;5361;True;False;True;32.5
7440;3831;5361;True;False;True;32.5
7441;3831;5362;True;False;True;40
7442;3832;5362;True;False;True;40
7443;3832;5363;True;False;True;30
7444;3833;5363;True;False;True;30
7445;3833;5364;True;False;True;0
7446;3834;5364;True;False;True;0
7447;3834;5365;True;False;True;33
7448;3835;5365;True;False;True;33
7449;3835;5366;True;False;True;35.5
7450;3836;5366;False;False;True;71
7451;3837;5366;True;False;True;35.5
7452;3837;5367;True;False;True;30
7453;3838;5367;True;False;True;30
7454;3838;5368;True;False;True;40
7455;3839;5368;True;False;True;40
7456;3839;5369;True;False;True;30
7457;3840;5369;True;False;True;30
7458;3840;5370;True;False;True;40
7459;3841;5370;True;True;True;40
7460;3841;5371;True;True;True;30
7461;3842;5371;True;True;True;30
7462;3843;5372;True;False;True;29.5
7463;3844;5372;True;True;True;29.5
7464;3844;5373;True;True;True;54
7465;3845;5373;True;True;True;54
7466;3845;5374;True;True;True;26.5
7467;3836;5374;True;False;True;26.5
7468;3846;5375;True;True;True;30
7469;3847;5375;True;False;True;30
7470;3847;5376;True;False;True;40
7471;3848;5376;True;False;True;40
7472;3848;5377;True;False;True;34.5
7473;3849;5377;True;False;True;34.5
7474;3849;5378;True;False;True;0
7475;3850;5378;True;False;True;0
7476;3850;5379;True;False;True;30
7477;3851;5379;True;False;True;30
7478;3851;5380;True;False;True;40
7479;3672;5380;False;False;True;80
7480;3852;5380;True;False;True;40
7481;3852;5381;True;False;True;30
7482;3853;5381;True;False;True;30
7483;3853;5382;True;False;True;40
7484;3854;5382;True;True;True;40
7485;3854;5383;True;True;True;30
7486;3855;5383;False;False;True;60
7487;3856;5383;True;True;True;30
7488;3856;5384;True;False;True;0
7489;3857;5384;True;False;True;0
7490;3857;5385;True;False;True;30
7491;3858;5385;True;False;True;30
7492;3858;5386;True;False;True;0
7493;3859;5386;True;False;True;0
7494;3859;5387;True;False;True;30
7495;3860;5387;False;False;True;60
7496;3861;5387;True;False;True;30
7497;3861;5388;True;False;True;40
7498;3683;5388;False;False;True;80
7499;3862;5388;True;False;True;40
7500;3862;5389;True;False;True;30
7501;3863;5389;False;False;True;60
7502;3864;5389;True;False;True;30
7503;3864;5390;True;False;True;40
7504;3865;5390;True;True;True;40
7505;3865;5391;True;True;True;29
7506;3866;5391;True;True;True;29
7507;3855;5392;True;False;True;38
7508;3867;5392;True;True;True;38
7509;3867;5393;True;True;True;30
7510;3868;5393;True;True;True;30
7511;3868;5394;True;True;True;37.5
7512;3860;5394;True;False;True;37.5
7513;3863;5395;True;False;True;35.5
7514;3869;5395;True;True;True;35.5
7515;3869;5396;True;True;True;49
7516;3870;5396;True;True;True;49
7517;3870;5397;True;True;True;40
7518;3871;5397;True;False;True;40
7519;3872;5398;True;True;True;40.5
7520;3873;5398;True;True;True;40.5
7521;3873;5399;True;True;True;28.5
7522;3874;5399;True;True;True;28.5
7523;3874;5400;True;True;True;40
7524;3875;5400;True;False;True;40
7525;3875;5401;True;False;True;30
7526;3714;5401;False;False;True;60
7527;3876;5401;True;False;True;30
7528;3876;5402;True;False;True;40
7529;3877;5402;False;False;True;80
7530;3878;5402;True;False;True;40
7531;3878;5403;True;False;True;0
7532;3879;5403;True;False;True;0
7533;3879;5404;True;False;True;40
7534;3880;5404;True;False;True;40
7535;3880;5405;True;False;True;0
7536;3881;5405;True;False;True;0
7537;3881;5406;True;False;True;40
7538;3882;5406;False;False;True;80
7539;3883;5406;True;False;True;40
7540;3883;5407;True;False;True;30
7541;3721;5407;False;False;True;60
7542;3884;5407;True;False;True;30
7543;3884;5408;True;False;True;40
7544;3885;5408;True;True;True;40
7545;3885;5409;True;True;True;25.5
7546;3886;5409;True;False;True;25.5
7547;3886;5410;True;False;True;40
7548;3887;5410;True;False;True;40
7549;3887;5411;True;False;True;30
7550;3888;5411;True;True;True;30
7551;3877;5412;True;False;True;26
7552;3889;5412;True;False;True;26
7553;3889;5413;True;False;True;40
7554;3890;5413;True;False;True;40
7555;3890;5414;True;False;True;37
7556;3882;5414;True;False;True;37
7557;3891;5415;True;True;True;40
7558;3892;5415;True;False;True;40
7559;3892;5416;True;False;True;30
7560;3893;5416;True;False;True;30
7561;3893;5417;True;False;True;40
7562;3894;5417;True;False;True;40
7563;3894;5418;True;False;True;30
7564;3895;5418;False;False;True;60
7565;3896;5418;True;False;True;30
7566;3896;5419;True;False;True;40
7567;3897;5419;True;True;True;40
7568;3897;5420;True;True;True;30
7569;3898;5420;True;True;True;30
7570;3898;5421;True;True;True;40
7571;3899;5421;True;False;True;40
7572;3899;5422;True;False;True;30
7573;3900;5422;True;False;True;30
7574;3900;5423;True;False;True;45
7575;3901;5423;True;True;True;45
7576;3901;5424;True;True;True;30
7577;3902;5424;True;True;True;30
7578;3902;5425;True;True;True;40.5
7579;3903;5425;True;True;True;40.5
7580;3903;5426;True;True;True;30.5
7581;3904;5426;True;True;True;30.5
7582;3905;5427;True;False;True;41
7583;3906;5427;True;True;True;41
7584;3906;5428;True;True;True;27.5
7585;3907;5428;True;True;True;27.5
7586;3907;5429;True;True;True;38.5
7587;3908;5429;True;True;True;38.5
7588;3908;5430;True;True;True;30
7589;3909;5430;True;True;True;30
7590;3909;5431;True;True;True;39.5
7591;3910;5431;True;False;True;39.5
7592;3910;5432;True;False;True;26
7593;3911;5432;True;True;True;26
7594;3911;5433;True;True;True;40.5
7595;3912;5433;True;False;True;40.5
7596;3895;5434;True;False;True;40
7597;3913;5434;True;False;True;40
7598;3913;5435;True;False;True;30
7599;3905;5435;False;False;True;60
7600;3914;5435;True;False;True;30
7601;3914;5436;True;False;True;40
7602;3915;5436;True;True;True;40
7603;3915;5437;True;True;True;0
7604;3916;5437;True;True;True;0
7605;3916;5438;True;True;True;40
7606;3917;5438;True;True;True;40
7607;3917;5439;True;True;True;90
7608;3918;5439;True;True;True;90
7609;3904;5440;True;True;True;40
7610;3919;5440;True;True;True;40
7611;3919;5441;True;True;True;30.5
7612;3920;5441;True;True;True;30.5
7613;3920;5442;True;True;True;40
7614;3921;5442;True;False;True;40
7615;3921;5443;True;False;True;30
7616;3761;5443;False;False;True;60
7617;3922;5443;True;False;True;30
7618;3922;5444;True;False;True;40
7619;3923;5444;False;False;True;80
7620;3924;5444;True;False;True;40
7621;3924;5445;True;False;True;0
7622;3925;5445;True;False;True;0
7623;3925;5446;True;False;True;40
7624;3926;5446;True;False;True;40
7625;3926;5447;True;False;True;0
7626;3927;5447;True;False;True;0
7627;3927;5448;True;False;True;40
7628;3928;5448;False;False;True;80
7629;3929;5448;True;False;True;40
7630;3929;5449;True;False;True;30
7631;3768;5449;False;False;True;60
7632;3930;5449;True;False;True;30
7633;3930;5450;True;False;True;40
7634;3931;5450;True;True;True;40
7635;3931;5451;True;True;True;30
7636;3932;5451;True;True;True;30
7637;3923;5452;True;False;True;27.5
7638;3933;5452;True;True;True;27.5
7639;3933;5453;True;True;True;40
7640;3934;5453;True;True;True;40
7641;3934;5454;True;True;True;28
7642;3928;5454;True;True;True;28
7643;3935;5455;True;False;True;40
7644;3936;5455;True;False;True;40
7645;3936;5456;True;False;True;30
7646;3937;5456;True;True;True;30
7647;3937;5457;True;True;True;40
7648;3938;5457;True;True;True;40
7649;3938;5458;True;True;True;30
7650;3939;5458;True;False;True;30
7651;3939;5459;True;False;True;40
7652;3940;5459;True;False;True;40
7653;3940;5460;True;False;True;30
7654;3794;5460;True;True;True;30
7655;3825;5461;True;False;True;30
7656;3941;5461;True;False;True;30
7657;3941;5462;True;False;True;40
7658;3942;5462;True;True;True;40
7659;3942;5463;True;True;True;30
7660;3943;5463;True;True;True;30
7661;3943;5464;True;True;True;40
7662;3944;5464;True;True;True;40
7663;3944;5465;True;True;True;32.5
7664;3945;5465;True;True;True;32.5
7665;3945;5466;True;True;True;40
7666;3946;5466;True;True;True;40
7667;3946;5467;True;True;True;30.5
7668;3829;5467;True;True;True;30.5
7669;3842;5468;True;True;True;40
7670;3947;5468;True;False;True;40
7671;3947;5469;True;False;True;30
7672;3948;5469;True;False;True;30
7673;3948;5470;True;False;True;40
7674;3464;5470;False;False;True;80
7675;3949;5470;True;False;True;40
7676;3949;5471;True;False;True;30
7677;3465;5471;False;False;True;60
7678;3950;5471;True;False;True;30
7679;3950;5472;True;False;True;40
7680;3951;5472;True;True;True;40
7681;3951;5473;True;True;True;29
7682;3952;5473;True;True;True;29
7683;3952;5474;True;True;True;40.5
7684;3953;5474;True;True;True;40.5
7685;3953;5475;True;True;True;29
7686;3954;5475;True;True;True;29
7687;3954;5476;True;True;True;40
7688;3955;5476;True;True;True;40
7689;3955;5477;True;True;True;32.5
7690;3956;5477;True;True;True;32.5
7691;3956;5478;True;True;True;40
7692;3957;5478;True;True;True;40
7693;3957;5479;True;True;True;27.5
7694;3958;5479;True;True;True;27.5
7695;3958;5480;True;True;True;40
7696;3959;5480;True;True;True;40
7697;3959;5481;True;True;True;30.5
7698;3960;5481;True;True;True;30.5
7699;3960;5482;True;True;True;40
7700;3961;5482;True;False;True;40
7701;3961;5483;True;False;True;30
7702;3962;5483;True;False;True;30
7703;3962;5484;True;False;True;40
7704;3963;5484;True;True;True;40
7705;3963;5485;True;True;True;30
7706;3964;5485;True;True;True;30
7707;3964;5486;True;True;True;40
7708;3965;5486;True;True;True;40
7709;3965;5487;True;True;True;28
7710;3966;5487;True;True;True;28
7711;3966;5488;True;True;True;40
7712;3967;5488;True;False;True;40
7713;3967;5489;True;False;True;30
7714;3656;5489;False;False;True;60
7715;3968;5489;True;False;True;30
7716;3968;5490;True;False;True;40
7717;3969;5490;True;False;True;40
7718;3969;5491;True;False;True;30
7719;3970;5491;True;False;True;30
7720;3970;5492;True;False;True;40
7721;3971;5492;True;False;True;40
7722;3971;5493;True;False;True;30
7723;3663;5493;False;False;True;60
7724;3972;5493;True;False;True;30
7725;3972;5494;True;False;True;40
7726;3973;5494;True;True;True;40
7727;3973;5495;True;True;True;30.5
7728;3974;5495;True;True;True;30.5
7729;3974;5496;True;True;True;40
7730;3975;5496;True;True;True;40
7731;3975;5497;True;True;True;30
7732;3976;5497;True;True;True;30
7733;3976;5498;True;True;True;40
7734;3977;5498;True;True;True;40
7735;3977;5499;True;True;True;30.5
7736;3978;5499;True;True;True;30.5
7737;3978;5500;True;True;True;40.5
7738;3979;5500;True;True;True;40.5
7739;3979;5501;True;True;True;30
7740;3980;5501;True;True;True;30
7741;3980;5502;True;True;True;40
7742;3981;5502;True;False;True;40
7743;3981;5503;True;False;True;30
7744;3982;5503;True;False;True;30
7745;3982;5504;True;False;True;45
7746;3983;5504;True;False;True;45
7747;3983;5505;True;False;True;27.5
7748;3984;5505;True;True;True;27.5
7749;3984;5506;True;True;True;40
7750;3985;5506;True;False;True;40
7751;3985;5507;True;False;True;30
7752;3499;5507;False;False;True;60
7753;3986;5507;True;False;True;30
7754;3986;5508;True;False;True;40
7755;3501;5508;False;False;True;80
7756;3987;5508;True;False;True;40
7757;3987;5509;True;False;True;30
7758;3988;5509;True;False;True;30
7759;3988;5510;True;False;True;40
7760;3989;5510;True;False;True;40
7761;3989;5511;True;False;True;30.5
7762;3990;5511;True;True;True;30.5
7763;3990;5512;True;True;True;40
7764;3991;5512;True;True;True;40
7765;3991;5513;True;True;True;30
7766;3992;5513;True;True;True;30
7767;3992;5514;True;True;True;40
7768;3993;5514;True;True;True;40
7769;3993;5515;True;True;True;30
7770;3994;5515;True;True;True;30
7771;3994;5516;True;True;True;40.5
7772;3995;5516;True;True;True;40.5
7773;3995;5517;True;True;True;30
7774;3996;5517;True;True;True;30
7775;3996;5518;True;True;True;40
7776;3997;5518;True;True;True;40
7777;3997;5519;True;True;True;30.5
7778;3998;5519;True;True;True;30.5
7779;3998;5520;True;True;True;40
7780;3846;5520;True;True;True;40
7781;3866;5521;True;True;True;40
7782;3999;5521;True;True;True;40
7783;3999;5522;True;True;True;30
7784;4000;5522;True;True;True;30
7785;4000;5523;True;True;True;40
7786;4001;5523;True;False;True;40
7787;4001;5524;True;False;True;30
7788;4002;5524;True;True;True;30
7789;4002;5525;True;True;True;41
7790;4003;5525;True;True;True;41
7791;4003;5526;True;True;True;34.5
7792;4004;5526;True;True;True;34.5
7793;4004;5527;True;True;True;44
7794;4005;5527;True;True;True;44
7795;4005;5528;True;True;True;29
7796;4006;5528;True;True;True;29
7797;4006;5529;True;True;True;40.5
7798;4007;5529;True;True;True;40.5
7799;4007;5530;True;True;True;25.5
7800;4008;5530;True;True;True;25.5
7801;4008;5531;True;True;True;39.5
7802;4009;5531;True;True;True;39.5
7803;4009;5532;True;True;True;32.5
7804;4010;5532;True;True;True;32.5
7805;4010;5533;True;True;True;40
7806;4011;5533;True;True;True;40
7807;4011;5534;True;True;True;32
7808;4012;5534;True;True;True;32
7809;4012;5535;True;True;True;43
7810;4013;5535;True;False;True;43
7811;4013;5536;True;False;True;30
7812;4014;5536;True;False;True;30
7813;4014;5537;True;False;True;40
7814;4015;5537;True;False;True;40
7815;4015;5538;True;False;True;30
7816;3537;5538;False;False;True;60
7817;4016;5538;True;False;True;30
7818;4016;5539;True;False;True;40
7819;3538;5539;False;False;True;80
7820;4017;5539;True;False;True;40
7821;4017;5540;True;False;True;29.5
7822;4018;5540;True;True;True;29.5
7823;4018;5541;True;True;True;40
7824;4019;5541;True;True;True;40
7825;4019;5542;True;True;True;32
7826;4020;5542;True;True;True;32
7827;4020;5543;True;True;True;40
7828;4021;5543;True;False;True;40
7829;4021;5544;True;False;True;30
7830;4022;5544;False;False;True;60
7831;4023;5544;True;False;True;30
7832;4023;5545;True;False;True;40
7833;4024;5545;True;True;True;40
7834;4024;5546;True;True;True;26.5
7835;4025;5546;True;True;True;26.5
7836;4025;5547;True;True;True;40.5
7837;4026;5547;True;True;True;40.5
7838;4026;5548;True;True;True;30
7839;4027;5548;True;True;True;30
7840;4022;5549;True;False;True;47
7841;4028;5549;True;True;True;47
7842;4028;5550;True;True;True;37
7843;4029;5550;True;True;True;37
7844;4029;5551;True;True;True;39.5
7845;4030;5551;True;False;True;39.5
7846;4027;5552;True;True;True;40
7847;4031;5552;True;True;True;40
7848;4031;5553;True;True;True;30
7849;4032;5553;True;True;True;30
7850;4032;5554;True;True;True;40
7851;4033;5554;True;True;True;40
7852;4033;5555;True;True;True;30
7853;4034;5555;True;True;True;30
7854;4034;5556;True;True;True;40
7855;4035;5556;True;True;True;40
7856;4035;5557;True;True;True;30
7857;4036;5557;True;True;True;30
7858;4036;5558;True;True;True;40
7859;4037;5558;True;True;True;40
7860;4037;5559;True;True;True;31.5
7861;4038;5559;True;False;True;31.5
7862;4038;5560;True;False;True;40
7863;3694;5560;False;False;True;80
7864;4039;5560;True;False;True;40
7865;4039;5561;True;False;True;30
7866;4040;5561;True;False;True;30
7867;4040;5562;True;False;True;42
7868;4041;5562;True;False;True;42
7869;4041;5563;True;False;True;30
7870;4042;5563;True;False;True;30
7871;4042;5564;True;False;True;40
7872;3701;5564;False;False;True;80
7873;4043;5564;True;False;True;40
7874;4043;5565;True;False;True;30
7875;4044;5565;True;True;True;30
7876;4044;5566;True;True;True;40.5
7877;4045;5566;True;True;True;40.5
7878;4045;5567;True;True;True;36
7879;4046;5567;True;True;True;36
7880;4046;5568;True;True;True;40.5
7881;4047;5568;True;True;True;40.5
7882;4047;5569;True;True;True;26
7883;4048;5569;True;True;True;26
7884;4048;5570;True;True;True;39
7885;4049;5570;True;True;True;39
7886;4049;5571;True;True;True;27.5
7887;4050;5571;True;True;True;27.5
7888;4050;5572;True;True;True;40
7889;4051;5572;True;True;True;40
7890;4051;5573;True;True;True;27.5
7891;4052;5573;True;True;True;27.5
7892;4052;5574;True;True;True;37.5
7893;4053;5574;True;True;True;37.5
7894;4053;5575;True;True;True;27.5
7895;4054;5575;True;True;True;27.5
7896;4054;5576;True;True;True;40.5
7897;4055;5576;True;True;True;40.5
7898;4055;5577;True;True;True;30
7899;4056;5577;True;False;True;30
7900;4056;5578;True;False;True;40
7901;3570;5578;False;False;True;80
7902;3572;5578;False;False;True;80
7903;4057;5578;True;False;True;40
7904;4057;5579;True;False;True;30
7905;4058;5579;True;True;True;30
7906;4058;5580;True;True;True;40
7907;4059;5580;True;True;True;40
7908;4059;5581;True;True;True;30.5
7909;4060;5581;True;True;True;30.5
7910;4060;5582;True;True;True;45
7911;4061;5582;True;True;True;45
7912;4061;5583;True;True;True;27.5
7913;4062;5583;True;True;True;27.5
7914;4062;5584;True;True;True;40
7915;4063;5584;True;True;True;40
7916;4063;5585;True;True;True;30
7917;4064;5585;True;True;True;30
7918;4064;5586;True;True;True;35
7919;4065;5586;True;True;True;35
7920;4065;5587;True;True;True;30
7921;4066;5587;True;True;True;30
7922;4066;5588;True;True;True;35
7923;4067;5588;True;True;True;35
7924;4067;5589;True;True;True;34
7925;3872;5589;True;True;True;34
7926;3888;5590;True;True;True;44
7927;4068;5590;True;True;True;44
7928;4068;5591;True;True;True;30
7929;4069;5591;True;False;True;30
7930;4069;5592;True;False;True;40
7931;4070;5592;True;False;True;40
7932;4070;5593;True;False;True;30
7933;4071;5593;True;True;True;30
7934;4071;5594;True;True;True;40.5
7935;4072;5594;True;True;True;40.5
7936;4072;5595;True;True;True;30
7937;4073;5595;True;True;True;30
7938;4073;5596;True;True;True;40.5
7939;4074;5596;True;True;True;40.5
7940;4074;5597;True;True;True;30
7941;4075;5597;True;True;True;30
7942;4075;5598;True;True;True;40.5
7943;4076;5598;True;True;True;40.5
7944;4076;5599;True;True;True;30.5
7945;4077;5599;True;True;True;30.5
7946;4077;5600;True;True;True;40
7947;4078;5600;True;False;True;40
7948;4078;5601;True;False;True;30
7949;4079;5601;False;False;True;60
7950;3598;5601;False;False;True;60
7951;3600;5601;False;False;True;60
7952;4080;5601;True;False;True;30
7953;4080;5602;True;False;True;0
7954;4081;5602;True;False;True;0
7955;4081;5603;True;False;True;30
7956;4082;5603;True;True;True;30
7957;4082;5604;True;True;True;40.5
7958;4083;5604;True;True;True;40.5
7959;4083;5605;True;True;True;30.5
7960;4084;5605;True;True;True;30.5
7961;4085;5606;True;False;True;37.5
7962;4079;5606;True;False;True;37.5
7963;4084;5607;True;True;True;40
7964;4086;5607;True;True;True;40
7965;4086;5608;True;True;True;25.5
7966;4087;5608;True;True;True;25.5
7967;4087;5609;True;True;True;40
7968;4088;5609;True;True;True;40
7969;4088;5610;True;True;True;30
7970;4089;5610;True;True;True;30
7971;4089;5611;True;True;True;40
7972;4090;5611;True;True;True;40
7973;4090;5612;True;True;True;29.5
7974;4091;5612;True;True;True;29.5
7975;4091;5613;True;True;True;38.5
7976;4092;5613;True;True;True;38.5
7977;4092;5614;True;True;True;31.5
7978;4093;5614;True;True;True;31.5
7979;4093;5615;True;True;True;41
7980;4094;5615;True;True;True;41
7981;4094;5616;True;True;True;30
7982;4095;5616;True;True;True;30
7983;4095;5617;True;True;True;40.5
7984;4096;5617;True;True;True;40.5
7985;4096;5618;True;True;True;30
7986;4097;5618;True;True;True;30
7987;4097;5619;True;True;True;41.5
7988;4098;5619;True;True;True;41.5
7989;4098;5620;True;True;True;30
7990;4099;5620;True;False;True;30
7991;4099;5621;True;False;True;40
7992;3620;5621;False;False;True;80
7993;4100;5621;True;False;True;40
7994;4100;5622;True;False;True;30
7995;3621;5622;False;False;True;60
7996;4101;5622;True;False;True;30
7997;4101;5623;True;False;True;0
7998;4102;5623;True;False;True;0
7999;4102;5624;True;False;True;30
8000;3891;5624;True;True;True;30
8001;3932;5625;True;True;True;40
8002;4103;5625;True;True;True;40
8003;4103;5626;True;True;True;30
8004;4104;5626;True;True;True;30
8005;4104;5627;True;True;True;40
8006;4105;5627;True;True;True;40
8007;4105;5628;True;True;True;30
8008;4106;5628;True;True;True;30
8009;4106;5629;True;True;True;40.5
8010;4107;5629;True;True;True;40.5
8011;4107;5630;True;True;True;31
8012;4108;5630;True;True;True;31
8013;4108;5631;True;True;True;40
8014;4109;5631;True;True;True;40
8015;3779;2999;True;False;False;0
8016;3785;3000;True;False;False;0
8017;4110;5633;True;True;True;52
8018;5861;5633;True;False;True;52
8019;3786;3000;True;False;False;0
8020;3788;3000;False;False;False;0
8021;3784;3009;True;False;False;0
8022;3785;3009;True;False;False;0
8023;3789;3009;False;False;False;0
8024;3783;3010;True;False;False;0
8025;3784;3010;True;False;False;0
8026;3782;3010;False;False;False;0
8027;4113;3013;True;False;False;0
8028;7569;3013;True;False;False;0
8029;4112;3038;True;False;False;0
8030;3806;3038;True;False;False;0
8031;4113;3038;False;False;False;0
8032;3806;3039;True;False;False;0
8033;4114;3039;True;False;False;0
8034;4111;3039;False;False;False;0
8035;4119;5641;True;False;True;0
8036;3420;5641;True;False;True;0
8037;4120;5643;True;False;True;0
8038;4119;5643;True;False;True;0
8039;4121;5644;True;False;True;0
8040;4122;5644;False;False;True;0
8041;4120;5644;True;False;True;0
8042;4123;5645;True;False;True;0
8043;4121;5645;False;False;True;0
8044;4124;5645;True;False;True;0
8045;4125;5646;True;False;True;0
8046;4122;5646;False;False;True;0
8047;4126;5646;True;False;True;0
8048;5754;3040;True;False;True;0
8049;2549;3040;True;False;True;0
8050;4126;5648;True;False;True;0
8051;4128;5648;True;False;True;0
8052;4128;5649;True;False;True;0
8053;3935;5649;True;False;True;0
8054;4129;5653;True;False;True;0
8055;3843;5653;True;False;True;0
8056;3690;5654;True;False;True;0
8057;4130;5654;False;False;True;0
8058;4131;5654;True;False;True;0
8059;4131;5655;True;False;True;0
8060;4132;5655;True;False;True;0
8061;3553;5656;True;False;True;0
8062;4133;5656;True;True;True;0
8063;4134;5657;True;False;True;30
8064;4137;5657;True;False;True;30
8065;2359;5658;True;False;True;40
8066;4134;5658;True;False;True;40
8067;4135;5659;True;False;False;39
8068;3644;5659;True;False;False;39
8069;4136;5660;True;False;False;29
8070;4135;5660;True;False;False;29
8071;2707;5661;True;False;False;33.5
8072;4136;5661;True;False;False;33.5
8073;4137;5662;True;False;True;46
8074;4138;5662;True;False;True;46
8075;4139;5663;True;True;True;40
8076;4140;5663;True;True;True;40
8077;4140;5664;True;True;True;30
8078;4141;5664;True;True;True;30
8079;4141;5665;True;True;True;40
8080;4142;5665;True;True;True;40
8081;4142;5666;True;True;True;30
8082;4143;5666;True;True;True;30
8083;4143;5667;True;True;True;40
8084;4144;5667;True;True;True;40
8085;4144;5668;True;True;True;30
8086;4145;5668;True;True;True;30
8087;4145;5669;True;True;True;40
8088;4146;5669;True;True;True;40
8089;4146;5670;True;True;True;30
8090;4147;5670;True;True;True;30
8091;4147;5671;True;True;True;40
8092;4148;5671;True;True;True;40
8093;4148;5672;True;True;True;30
8094;4149;5672;True;True;True;30
8095;4149;5673;True;True;True;39.5
8096;4150;5673;True;True;True;39.5
8097;4150;5674;True;True;True;30
8098;4151;5674;True;True;True;30
8099;4151;5675;True;True;True;40
8100;4152;5675;True;True;True;40
8101;4152;5676;True;True;True;30
8102;4153;5676;True;True;True;30
8103;4153;5677;True;True;True;40
8104;4154;5677;True;True;True;40
8105;4160;5678;True;True;True;30
8106;4161;5678;True;True;True;30
8107;4161;5679;True;True;True;40
8108;4162;5679;True;True;True;40
8109;4162;5680;True;True;True;30
8110;4163;5680;True;True;True;30
8111;4163;5681;True;True;True;40
8112;4164;5681;True;True;True;40
8113;4164;5682;True;True;True;29.5
8114;4165;5682;True;True;True;29.5
8115;4165;5683;True;True;True;40
8116;4166;5683;True;True;True;40
8117;4166;5684;True;True;True;30
8118;4167;5684;True;True;True;30
8119;4167;5685;True;True;True;40
8120;4168;5685;True;True;True;40
8121;4168;5686;True;True;True;30
8122;4169;5686;True;True;True;30
8123;4169;5687;True;True;True;40
8124;4170;5687;True;True;True;40
8125;4174;5688;True;False;True;30.5
8126;4175;5688;True;True;True;30.5
8127;4175;5689;True;True;True;40
8128;4176;5689;True;True;True;40
8129;4176;5690;True;True;True;30
8130;4177;5690;True;True;True;30
8131;4177;5691;True;True;True;40
8132;4178;5691;True;True;True;40
8133;4178;5692;True;True;True;30
8134;4179;5692;True;True;True;30
8135;4179;5693;True;True;True;40
8136;4180;5693;True;True;True;40
8137;4180;5694;True;True;True;30
8138;4181;5694;True;True;True;30
8139;4186;5695;True;True;True;30
8140;4187;5695;True;True;True;30
8141;4187;5696;True;True;True;40
8142;4188;5696;True;True;True;40
8143;4188;5697;True;True;True;30
8144;4189;5697;True;True;True;30
8145;4189;5698;True;True;True;40
8146;4190;5698;True;True;True;40
8147;4190;5699;True;True;True;30
8148;3418;5699;True;True;True;30
8149;4193;5700;True;True;True;30
8150;4194;5700;True;True;True;30
8151;4192;5701;True;True;True;40
8152;4193;5701;True;True;True;40
8153;4194;5702;True;True;True;40
8154;4195;5702;True;True;True;40
8155;4195;5703;True;True;True;30
8156;4196;5703;True;True;True;30
8157;4196;5704;True;True;True;40
8158;4197;5704;True;True;True;40
8159;4197;5705;True;True;True;30
8160;4198;5705;True;True;True;30
8161;4198;5706;True;True;True;40
8162;4199;5706;True;True;True;40
8163;4199;5707;True;True;True;30
8164;4200;5707;True;True;True;30
8165;4200;5708;True;True;True;40
8166;4201;5708;True;True;True;40
8167;4201;5709;True;True;True;30
8168;4202;5709;True;True;True;30
8169;4202;5710;True;True;True;40
8170;4203;5710;True;True;True;40
8171;4203;5711;True;True;True;30
8172;4204;5711;True;True;True;30
8173;4204;5712;True;True;True;40
8174;4205;5712;True;True;True;40
8175;4205;5713;True;True;True;30
8176;4206;5713;True;True;True;30
8177;4206;5714;True;True;True;40
8178;4207;5714;True;True;True;40
8179;4214;5715;True;True;True;40
8180;4215;5715;True;True;True;40
8181;4215;5716;True;True;True;30
8182;4216;5716;True;True;True;30
8183;4216;5717;True;True;True;40
8184;4217;5717;True;True;True;40
8185;4217;5718;True;True;True;30
8186;4218;5718;True;True;True;30
8187;4218;5719;True;True;True;40
8188;4219;5719;True;True;True;40
8189;4219;5720;True;True;True;30
8190;4220;5720;True;True;True;30
8191;4220;5721;True;True;True;40
8192;4221;5721;True;True;True;40
8193;4221;5722;True;True;True;30
8194;4222;5722;True;True;True;30
8195;4222;5723;True;True;True;40
8196;4223;5723;True;True;True;40
8197;4229;5724;True;True;True;30
8198;4230;5724;True;True;True;30
8199;4230;5725;True;True;True;40
8200;4231;5725;True;True;True;40
8201;4231;5726;True;True;True;30
8202;4232;5726;True;True;True;30
8203;4232;5727;True;True;True;40
8204;4233;5727;True;True;True;40
8205;4233;5728;True;True;True;30
8206;4234;5728;True;True;True;30
8207;4234;5729;True;True;True;40
8208;4235;5729;True;True;True;40
8209;4235;5730;True;True;True;30
8210;4236;5730;True;True;True;30
8211;4239;5731;True;True;True;30
8212;4240;5731;True;True;True;30
8213;4240;5732;True;True;True;40
8214;4241;5732;True;True;True;40
8215;4241;5733;True;True;True;30
8216;4242;5733;True;True;True;30
8217;4242;5734;True;True;True;40
8218;4243;5734;True;True;True;40
8219;4243;5735;True;True;True;30
8220;4244;5735;True;True;True;30
8221;4181;5736;True;True;True;40.5
8222;4182;5736;True;False;True;40.5
8223;4182;5737;True;False;True;31
8224;4183;5737;True;False;True;31
8225;4183;5738;True;False;True;41
8226;4184;5738;True;False;True;41
8227;4184;5739;True;False;True;30.5
8228;4185;5739;True;True;True;30.5
8229;4170;5740;True;True;True;30.5
8230;4171;5740;True;False;True;30.5
8231;4171;5741;True;False;True;41
8232;4172;5741;True;False;True;41
8233;4172;5742;True;False;True;31
8234;4173;5742;True;False;True;31
8235;4173;5743;True;False;True;41
8236;4174;5743;True;False;True;41
8237;4154;5744;True;True;True;30.5
8238;4155;5744;True;False;True;30.5
8239;4155;5745;True;False;True;41
8240;4156;5745;True;False;True;41
8241;4156;5746;True;False;True;30.5
8242;4157;5746;True;True;True;30.5
8243;4244;5747;True;True;True;40
8244;3414;5747;True;True;True;40
8245;4157;5748;True;True;True;40.5
8246;4158;5748;True;False;True;40.5
8247;4158;5749;True;False;True;31
8248;4159;5749;True;False;True;31
8249;4159;5750;True;False;True;42
8250;4160;5750;True;True;True;42
8251;4210;5751;True;True;True;40
8252;4211;5751;True;True;True;40
8253;4209;5752;True;False;True;30.5
8254;4210;5752;True;True;True;30.5
8255;4208;5753;True;False;True;41
8256;4209;5753;True;False;True;41
8257;4207;5754;True;True;True;30.5
8258;4208;5754;True;False;True;30.5
8259;4238;5755;True;False;True;40.5
8260;4239;5755;True;True;True;40.5
8261;4237;5756;True;False;True;31
8262;4238;5756;True;False;True;31
8263;4236;5757;True;True;True;40.5
8264;4237;5757;True;False;True;40.5
8265;4228;5758;True;False;True;44.5
8266;4229;5758;True;True;True;44.5
8267;4227;5759;True;False;True;31
8268;4228;5759;True;False;True;31
8269;4226;5760;True;False;True;41
8270;4227;5760;True;False;True;41
8271;4225;5761;True;False;True;0
8272;4226;5761;True;False;True;0
8273;4224;5762;True;True;True;40.5
8274;4225;5762;True;False;True;40.5
8275;4213;5763;True;False;True;30.5
8276;4214;5763;True;True;True;30.5
8277;4212;5764;True;False;True;41
8278;4213;5764;True;False;True;41
8279;4211;5765;True;True;True;30.5
8280;4212;5765;True;False;True;30.5
8281;4223;5766;True;True;True;29.5
8282;4224;5766;True;True;True;29.5
8283;4185;5767;True;True;True;40
8284;4186;5767;True;True;True;40
8285;4246;5768;True;False;True;0
8286;320;5768;True;False;True;0
8287;509;5769;True;False;False;55
8288;4247;5769;True;False;True;55
8289;4247;5770;True;False;False;0
8290;4249;5770;True;False;True;0
8291;4249;5771;True;False;False;0
8292;4250;5771;True;False;True;0
8293;4250;5772;True;False;True;0
8294;4251;5772;True;False;True;0
8295;4251;5773;True;False;True;46.5
8296;4252;5773;True;False;True;46.5
8297;4253;5774;True;False;False;0
8298;4299;5774;False;False;False;0
8299;468;5774;True;True;False;0
8300;4255;5775;True;False;False;0
8301;4253;5775;True;False;False;0
8302;4256;5776;True;False;False;0
8303;4294;5776;False;False;False;0
8304;4255;5776;True;False;False;0
8305;4258;5777;True;False;False;0
8306;4256;5777;True;False;False;0
8307;4259;5778;True;False;False;0
8308;4258;5778;True;False;False;0
8309;4260;5779;True;False;False;0
8310;4259;5779;True;False;False;0
8311;4261;5780;True;False;False;0
8312;4262;5780;False;False;False;0
8313;4260;5780;True;False;False;0
8314;4263;5781;True;False;False;0
8315;4264;5781;False;False;False;0
8316;4261;5781;True;False;False;0
8317;4265;5782;True;False;False;0
8318;4263;5782;True;False;False;0
8319;4266;5783;True;False;True;42.5
8320;4265;5783;True;False;False;42.5
8321;4267;5784;True;False;True;59
8322;4266;5784;True;False;False;59
8323;4268;5785;True;False;True;63
8324;4267;5785;True;False;False;63
8325;4269;5786;True;False;True;73.5
8326;4268;5786;True;False;False;73.5
8327;4270;5787;True;False;True;80
8328;4269;5787;True;False;False;80
8329;4271;5788;True;False;True;86
8330;4270;5788;True;False;False;86
8331;4272;5789;True;False;False;0
8332;4273;5789;False;False;False;0
8333;4271;5789;True;False;False;0
8334;4274;5790;True;False;True;0
8335;4272;5790;True;False;False;0
8336;4275;5791;True;False;True;0
8337;4274;5791;True;False;False;0
8338;4276;5792;True;False;True;0
8339;4308;5792;False;False;False;0
8340;4275;5792;True;False;False;0
8341;4277;5793;True;False;True;0
8342;4276;5793;True;False;False;0
8343;4278;5794;True;False;True;0
8344;4277;5794;True;False;False;0
8345;4279;5795;True;False;False;0
8346;4288;5795;False;False;False;0
8347;466;5795;True;True;True;0
8348;4281;5796;True;False;True;0
8349;4279;5796;True;False;False;0
8350;4282;5797;True;False;True;0
8351;4293;5797;False;False;False;0
8352;4281;5797;True;False;False;0
8353;4284;5798;True;False;True;0
8354;4282;5798;True;False;False;0
8355;4285;5799;True;False;True;0
8356;4284;5799;True;False;False;0
8357;4286;5800;True;False;True;0
8358;4285;5800;True;False;False;0
8359;4287;5801;True;False;True;0
8360;4264;5801;False;False;False;0
8361;4262;5801;False;False;False;0
8362;4286;5801;True;False;False;0
8363;4289;5802;True;False;False;0
8364;4288;5802;True;False;True;0
8365;4290;5802;False;False;True;0
8366;4291;5803;True;False;True;0
8367;4289;5803;True;False;False;0
8368;4293;5804;True;False;True;0
8369;4292;5804;False;False;False;0
8370;4291;5804;True;False;False;0
8371;4294;5805;True;False;False;0
8372;4295;5805;False;False;False;0
8373;4296;5805;True;False;False;0
8374;4296;5806;True;False;False;0
8375;4297;5806;True;False;False;0
8376;4297;5807;True;False;False;0
8377;4299;5807;False;False;False;0
8378;4298;5807;True;False;False;0
8379;4300;5808;True;False;True;0
8380;4287;5808;True;False;False;0
8381;4301;5809;True;False;True;42.5
8382;4300;5809;True;False;False;42.5
8383;4302;5810;True;False;True;79
8384;4301;5810;True;False;False;59.5
8385;4303;5811;True;False;True;68
8386;4302;5811;True;False;False;67.8
8387;4304;5812;True;False;False;79.8
8388;4303;5812;True;False;True;66.5
8389;4305;5813;True;False;True;74
8390;4304;5813;True;False;False;74
8391;4306;5814;True;False;True;86
8392;4305;5814;True;False;False;86
8393;4307;5815;True;False;True;0
8394;4273;5815;False;False;False;0
8395;4306;5815;True;False;False;0
8396;2654;5816;True;True;True;30
8397;3646;5816;True;True;True;30
8398;4309;5817;True;False;True;0
8399;4307;5817;True;False;False;0
8400;4310;5818;True;False;True;0
8401;4309;5818;True;False;False;0
8402;4311;5819;True;False;True;0
8403;4310;5819;True;False;False;0
8404;5665;3041;True;True;True;0
8405;5667;3041;True;False;True;0
8406;1721;3041;False;False;True;0
8407;4115;7409;False;False;True;0
8408;1540;5822;True;True;False;32.5
8409;3419;5822;True;False;False;32.5
8410;2492;5823;True;False;False;30
8411;1531;5823;True;False;False;30
8412;4315;5824;True;True;True;30
8413;4316;5824;True;True;True;30
8414;4317;5825;True;True;True;27.5
8415;4315;5825;True;True;True;27.5
8416;4318;5826;True;True;True;30.5
8417;4317;5826;True;True;True;30.5
8418;4319;5827;True;True;True;30
8419;4318;5827;True;True;True;30
8420;4320;5828;True;True;True;34
8421;4319;5828;True;True;True;34
8422;4321;5829;True;True;True;30
8423;4320;5829;True;True;True;30
8424;4322;5830;True;True;True;30
8425;4321;5830;True;True;True;30
8426;4323;5831;True;True;True;30
8427;4322;5831;True;True;True;30
8428;4324;5832;True;True;True;28.5
8429;4323;5832;True;True;True;28.5
8430;4325;5833;True;True;True;30
8431;4324;5833;True;True;True;30
8432;4326;5834;True;True;True;30.5
8433;4325;5834;True;True;True;30.5
8434;4327;5835;True;True;True;30
8435;4326;5835;True;True;True;30
8436;4328;5836;True;True;True;30
8437;4327;5836;True;True;True;30
8438;4329;5837;True;True;True;30
8439;4328;5837;True;True;True;30
8440;4330;5838;True;True;True;31
8441;4329;5838;True;True;True;31
8442;4331;5839;True;True;True;33
8443;4330;5839;True;True;True;33
8444;4332;5840;True;True;True;30
8445;4331;5840;True;True;True;30
8446;4333;5841;True;True;True;30
8447;4332;5841;True;True;True;30
8448;4334;5842;True;True;True;30
8449;4333;5842;True;True;True;30
8450;4335;5843;True;True;True;30
8451;4334;5843;True;True;True;30
8452;4336;5844;True;True;True;28.5
8453;4335;5844;True;True;True;28.5
8454;4337;5845;True;True;True;30.5
8455;4336;5845;True;True;True;30.5
8456;4338;5846;True;True;True;30
8457;4337;5846;True;True;True;30
8458;4339;5847;True;True;True;32
8459;4338;5847;True;True;True;32
8460;4340;5848;True;True;True;30
8461;4339;5848;True;True;True;30
8462;4341;5849;True;True;True;30
8463;4340;5849;True;True;True;30
8464;4342;5850;True;True;True;30.5
8465;4341;5850;True;True;True;30.5
8466;4343;5851;True;True;True;30
8467;4342;5851;True;True;True;30
8468;4344;5852;True;True;True;34
8469;4343;5852;True;True;True;34
8470;4345;5853;True;True;True;30.5
8471;4344;5853;True;True;True;30.5
8472;4346;5854;True;True;True;30
8473;4345;5854;True;True;True;30
8474;4347;5855;True;True;True;30.5
8475;4346;5855;True;True;True;30.5
8476;4348;5856;True;True;True;34
8477;4347;5856;True;True;True;34
8478;4349;5857;True;True;True;40
8479;4348;5857;True;True;True;40
8480;4350;5858;True;True;True;30
8481;4349;5858;True;True;True;30
8482;4351;5859;True;True;True;30
8483;4350;5859;True;True;True;30
8484;4352;5860;True;True;True;30.5
8485;4351;5860;True;True;True;30.5
8486;4353;5861;True;True;True;30.5
8487;4352;5861;True;True;True;30.5
8488;4354;5862;True;True;True;30
8489;4353;5862;True;True;True;30
8490;4355;5863;True;True;True;27
8491;4354;5863;True;True;True;27
8492;4356;5864;True;True;True;30
8493;4355;5864;True;True;True;30
8494;4357;5865;True;True;True;29.5
8495;4356;5865;True;True;True;29.5
8496;4358;5866;True;True;True;30
8497;4357;5866;True;True;True;30
8498;4359;5867;True;True;True;31
8499;4565;5867;False;False;True;62
8500;4564;5867;False;False;True;62
8501;4358;5867;True;True;True;31
8502;4360;5868;True;True;True;30
8503;4359;5868;True;True;True;30
8504;4361;5869;True;True;True;30
8505;4360;5869;True;True;True;30
8506;4362;5870;True;True;True;30
8507;4361;5870;True;True;True;30
8508;4363;5871;True;True;True;30
8509;4362;5871;True;True;True;30
8510;4364;5872;True;True;True;30
8511;4363;5872;True;True;True;30
8512;4365;5873;True;True;True;30
8513;4364;5873;True;True;True;30
8514;4366;5874;True;True;True;33
8515;4365;5874;True;True;True;33
8516;4367;5875;True;True;True;30
8517;4366;5875;True;True;True;30
8518;4368;5876;True;True;True;30
8519;4367;5876;True;True;True;30
8520;4369;5877;True;True;True;30
8521;4368;5877;True;True;True;30
8522;4370;5878;True;True;True;30.5
8523;4369;5878;True;True;True;30.5
8524;4371;5879;True;True;True;30
8525;4370;5879;True;True;True;30
8526;4372;5880;True;True;True;30
8527;4371;5880;True;True;True;30
8528;4373;5881;True;True;True;30.5
8529;4372;5881;True;True;True;30.5
8530;4374;5882;True;True;True;30
8531;4373;5882;True;True;True;30
8532;4375;5883;True;True;True;30
8533;4374;5883;True;True;True;30
8534;4376;5884;True;True;True;30
8535;4375;5884;True;True;True;30
8536;4377;5885;True;True;True;30
8537;4376;5885;True;True;True;30
8538;4378;5886;True;True;True;30
8539;4377;5886;True;True;True;30
8540;4379;5887;True;True;True;30
8541;4378;5887;True;True;True;30
8542;4380;5888;True;True;True;34.5
8543;4379;5888;True;True;True;34.5
8544;4381;5889;True;True;True;30
8545;4380;5889;True;True;True;30
8546;4382;5890;True;True;True;30
8547;4381;5890;True;True;True;30
8548;4383;5891;True;True;True;30
8549;4382;5891;True;True;True;30
8550;4384;5892;True;True;True;30
8551;4383;5892;True;True;True;30
8552;4385;5893;True;True;True;30
8553;4384;5893;True;True;True;30
8554;4386;5894;True;True;True;30
8555;4385;5894;True;True;True;30
8556;4387;5895;True;True;True;30
8557;4386;5895;True;True;True;30
8558;4388;5896;True;True;True;30
8559;4387;5896;True;True;True;30
8560;4389;5897;True;True;True;30
8561;4388;5897;True;True;True;30
8562;4390;5898;True;True;True;30
8563;4389;5898;True;True;True;30
8564;4391;5899;True;True;True;30
8565;4390;5899;True;True;True;30
8566;4392;5900;True;True;True;30
8567;4391;5900;True;True;True;30
8568;4393;5901;True;True;True;30
8569;4392;5901;True;True;True;30
8570;4394;5902;True;True;True;30
8571;4393;5902;True;True;True;30
8572;4395;5903;True;True;True;30
8573;4394;5903;True;True;True;30
8574;4396;5904;True;True;True;30
8575;4395;5904;True;True;True;30
8576;4397;5905;True;True;True;30
8577;4396;5905;True;True;True;30
8578;4398;5906;True;True;True;30
8579;4397;5906;True;True;True;30
8580;4399;5907;True;True;True;30
8581;4398;5907;True;True;True;30
8582;4400;5908;True;True;True;30
8583;4399;5908;True;True;True;30
8584;4401;5909;True;True;True;30
8585;4400;5909;True;True;True;30
8586;4402;5910;True;True;True;29.5
8587;4567;5910;False;False;True;59
8588;4562;5910;False;False;True;59
8589;4401;5910;True;True;True;29.5
8590;4403;5911;True;True;True;30
8591;4402;5911;True;True;True;30
8592;4404;5912;True;True;True;31.5
8593;4403;5912;True;True;True;31.5
8594;4405;5913;True;True;True;30
8595;4404;5913;True;True;True;30
8596;4406;5914;True;True;True;30
8597;4405;5914;True;True;True;30
8598;4407;5915;True;True;True;33.5
8599;4406;5915;True;True;True;33.5
8600;4408;5916;True;True;True;30
8601;4407;5916;True;True;True;30
8602;4409;5917;True;True;True;30
8603;4408;5917;True;True;True;30
8604;4410;5918;True;True;True;30
8605;4409;5918;True;True;True;30
8606;4411;5919;True;True;True;30
8607;4410;5919;True;True;True;30
8608;4412;5920;True;True;True;30
8609;4411;5920;True;True;True;30
8610;4413;5921;True;True;True;30
8611;4412;5921;True;True;True;30
8612;4414;5922;True;True;True;30
8613;4413;5922;True;True;True;30
8614;4415;5923;True;True;True;30
8615;4414;5923;True;True;True;30
8616;4416;5924;True;True;True;30
8617;4415;5924;True;True;True;30
8618;4417;5925;True;True;True;30
8619;4416;5925;True;True;True;30
8620;4418;5926;True;True;True;30
8621;4417;5926;True;True;True;30
8622;4419;5927;True;True;True;30
8623;4418;5927;True;True;True;30
8624;4420;5928;True;True;True;30
8625;4419;5928;True;True;True;30
8626;4421;5929;True;True;True;30
8627;4420;5929;True;True;True;30
8628;4422;5930;True;True;True;30
8629;4421;5930;True;True;True;30
8630;4423;5931;True;True;True;30
8631;4422;5931;True;True;True;30
8632;4424;5932;True;True;True;30
8633;4423;5932;True;True;True;30
8634;4425;5933;True;True;True;30
8635;4424;5933;True;True;True;30
8636;4426;5934;True;True;True;30
8637;4425;5934;True;True;True;30
8638;4427;5935;True;True;True;30
8639;4426;5935;True;True;True;30
8640;4428;5936;True;True;True;30
8641;4427;5936;True;True;True;30
8642;4429;5937;True;True;True;30
8643;4428;5937;True;True;True;30
8644;4430;5938;True;True;True;30
8645;4429;5938;True;True;True;30
8646;4431;5939;True;True;True;30
8647;4430;5939;True;True;True;30
8648;4432;5940;True;True;True;30
8649;4431;5940;True;True;True;30
8650;4433;5941;True;True;True;30
8651;4434;5941;True;True;True;30
8652;4435;5942;True;True;True;30
8653;4433;5942;True;True;True;30
8654;4436;5943;True;True;True;30.5
8655;4435;5943;True;True;True;30.5
8656;4437;5944;True;True;True;30
8657;4436;5944;True;True;True;30
8658;4438;5945;True;True;True;30.5
8659;4437;5945;True;True;True;30.5
8660;4439;5946;True;True;True;30
8661;4438;5946;True;True;True;30
8662;4440;5947;True;True;True;30.5
8663;4439;5947;True;True;True;30.5
8664;4441;5948;True;True;True;30
8665;4440;5948;True;True;True;30
8666;4442;5949;True;True;True;30.5
8667;4441;5949;True;True;True;30.5
8668;4443;5950;True;True;True;30
8669;4442;5950;True;True;True;30
8670;4444;5951;True;True;True;30
8671;4443;5951;True;True;True;30
8672;4445;5952;True;True;True;30.5
8673;4444;5952;True;True;True;30.5
8674;4446;5953;True;True;True;30
8675;4445;5953;True;True;True;30
8676;4447;5954;True;True;True;30
8677;4446;5954;True;True;True;30
8678;4448;5955;True;True;True;30
8679;4447;5955;True;True;True;30
8680;4449;5956;True;True;True;30
8681;4448;5956;True;True;True;30
8682;4450;5957;True;True;True;30
8683;4449;5957;True;True;True;30
8684;4451;5958;True;True;True;30
8685;4450;5958;True;True;True;30
8686;4452;5959;True;True;True;30
8687;4451;5959;True;True;True;30
8688;4453;5960;True;True;True;30
8689;4452;5960;True;True;True;30
8690;4454;5961;True;True;True;30
8691;4453;5961;True;True;True;30
8692;4455;5962;True;True;True;30.5
8693;4454;5962;True;True;True;30.5
8694;4456;5963;True;True;True;30.5
8695;4455;5963;True;True;True;30.5
8696;4457;5964;True;True;True;30
8697;4456;5964;True;True;True;30
8698;4458;5965;True;True;True;30
8699;4457;5965;True;True;True;30
8700;4459;5966;True;True;True;30
8701;4458;5966;True;True;True;30
8702;4460;5967;True;True;True;30
8703;4459;5967;True;True;True;30
8704;4461;5968;True;True;True;30
8705;4460;5968;True;True;True;30
8706;4462;5969;True;True;True;30
8707;4461;5969;True;True;True;30
8708;4463;5970;True;True;True;35.5
8709;4462;5970;True;True;True;35.5
8710;4464;5971;True;True;True;30
8711;4463;5971;True;True;True;30
8712;4465;5972;True;True;True;30
8713;4464;5972;True;True;True;30
8714;4466;5973;True;True;True;30.5
8715;4465;5973;True;True;True;30.5
8716;4467;5974;True;True;True;30
8717;4466;5974;True;True;True;30
8718;4468;5975;True;True;True;31
8719;4563;5975;False;False;True;62
8720;4566;5975;False;False;True;62
8721;4467;5975;True;True;True;31
8722;4469;5976;True;True;True;30
8723;4468;5976;True;True;True;30
8724;4470;5977;True;True;True;30
8725;4469;5977;True;True;True;30
8726;4471;5978;True;True;True;30
8727;4470;5978;True;True;True;30
8728;4472;5979;True;True;True;30
8729;4471;5979;True;True;True;30
8730;4473;5980;True;True;True;30
8731;4472;5980;True;True;True;30
8732;4474;5981;True;True;True;30.5
8733;4473;5981;True;True;True;30.5
8734;4475;5982;True;True;True;30
8735;4474;5982;True;True;True;30
8736;4476;5983;True;True;True;30
8737;4475;5983;True;True;True;30
8738;4477;5984;True;True;True;30
8739;4476;5984;True;True;True;30
8740;4478;5985;True;True;True;30
8741;4477;5985;True;True;True;30
8742;4479;5986;True;True;True;30.5
8743;4478;5986;True;True;True;30.5
8744;4480;5987;True;True;True;30
8745;4479;5987;True;True;True;30
8746;4481;5988;True;True;True;30
8747;4480;5988;True;True;True;30
8748;4482;5989;True;True;True;30
8749;4481;5989;True;True;True;30
8750;4483;5990;True;True;True;30.5
8751;4482;5990;True;True;True;30.5
8752;4484;5991;True;True;True;30
8753;4483;5991;True;True;True;30
8754;4485;5992;True;True;True;30
8755;4484;5992;True;True;True;30
8756;4486;5993;True;True;True;30
8757;4485;5993;True;True;True;30
8758;4487;5994;True;True;True;30.5
8759;4486;5994;True;True;True;30.5
8760;4488;5995;True;True;True;30
8761;4487;5995;True;True;True;30
8762;4489;5996;True;True;True;34
8763;4488;5996;True;True;True;34
8764;4490;5997;True;True;True;30.5
8765;4489;5997;True;True;True;30.5
8766;4491;5998;True;True;True;30
8767;4490;5998;True;True;True;30
8768;4492;5999;True;True;True;25.5
8769;4491;5999;True;True;True;25.5
8770;4493;6000;True;True;True;30
8771;4492;6000;True;True;True;30
8772;4494;6001;True;True;True;30
8773;4493;6001;True;True;True;30
8774;4495;6002;True;True;True;30
8775;4494;6002;True;True;True;30
8776;4496;6003;True;True;True;30
8777;4495;6003;True;True;True;30
8778;4497;6004;True;True;True;28.5
8779;4496;6004;True;True;True;28.5
8780;4498;6005;True;True;True;30
8781;4497;6005;True;True;True;30
8782;4499;6006;True;True;True;30
8783;4498;6006;True;True;True;30
8784;4500;6007;True;True;True;30
8785;4499;6007;True;True;True;30
8786;4501;6008;True;True;True;30
8787;4500;6008;True;True;True;30
8788;4502;6009;True;True;True;30
8789;4501;6009;True;True;True;30
8790;4503;6010;True;True;True;30
8791;4502;6010;True;True;True;30
8792;4504;6011;True;True;True;30
8793;4503;6011;True;True;True;30
8794;4505;6012;True;True;True;30
8795;4504;6012;True;True;True;30
8796;4506;6013;True;True;True;30
8797;4505;6013;True;True;True;30
8798;4507;6014;True;True;True;30
8799;4506;6014;True;True;True;30
8800;4508;6015;True;True;True;29
8801;4507;6015;True;True;True;29
8802;4509;6016;True;True;True;30
8803;4508;6016;True;True;True;30
8804;4510;6017;True;True;True;30
8805;4509;6017;True;True;True;30
8806;4511;6018;True;True;True;30
8807;4510;6018;True;True;True;30
8808;4512;6019;True;True;True;31
8809;4561;6019;False;False;True;62
8810;4568;6019;False;False;True;62
8811;4511;6019;True;True;True;31
8812;4513;6020;True;True;True;30
8813;4512;6020;True;True;True;30
8814;4514;6021;True;True;True;30.5
8815;4513;6021;True;True;True;30.5
8816;4515;6022;True;True;True;30
8817;4514;6022;True;True;True;30
8818;4516;6023;True;True;True;30
8819;4515;6023;True;True;True;30
8820;4517;6024;True;True;True;30
8821;4516;6024;True;True;True;30
8822;4518;6025;True;True;True;30
8823;4517;6025;True;True;True;30
8824;4519;6026;True;True;True;30
8825;4518;6026;True;True;True;30
8826;4520;6027;True;True;True;30
8827;4519;6027;True;True;True;30
8828;4521;6028;True;True;True;30
8829;4520;6028;True;True;True;30
8830;4522;6029;True;True;True;30
8831;4521;6029;True;True;True;30
8832;4523;6030;True;True;True;30
8833;4522;6030;True;True;True;30
8834;4524;6031;True;True;True;30
8835;4523;6031;True;True;True;30
8836;4525;6032;True;True;True;30
8837;4524;6032;True;True;True;30
8838;4526;6033;True;True;True;30
8839;4525;6033;True;True;True;30
8840;4527;6034;True;True;True;30
8841;4526;6034;True;True;True;30
8842;4528;6035;True;True;True;30
8843;4527;6035;True;True;True;30
8844;4529;6036;True;True;True;30
8845;4528;6036;True;True;True;30
8846;4530;6037;True;True;True;30
8847;4529;6037;True;True;True;30
8848;4531;6038;True;True;True;30
8849;4530;6038;True;True;True;30
8850;4532;6039;True;True;True;30
8851;4531;6039;True;True;True;30
8852;4533;6040;True;True;True;30
8853;4532;6040;True;True;True;30
8854;4534;6041;True;True;True;30
8855;4533;6041;True;True;True;30
8856;4535;6042;True;True;True;35
8857;4534;6042;True;True;True;35
8858;4536;6043;True;True;True;30
8859;4535;6043;True;True;True;30
8860;4537;6044;True;True;True;30
8861;4536;6044;True;True;True;30
8862;4538;6045;True;True;True;30
8863;4537;6045;True;True;True;30
8864;4539;6046;True;True;True;35
8865;4538;6046;True;True;True;35
8866;4540;6047;True;True;True;30
8867;4539;6047;True;True;True;30
8868;4541;6048;True;True;True;30
8869;4540;6048;True;True;True;30
8870;4542;6049;True;True;True;30
8871;4541;6049;True;True;True;30
8872;4543;6050;True;True;True;35
8873;4542;6050;True;True;True;35
8874;4544;6051;True;True;True;30
8875;4543;6051;True;True;True;30
8876;4545;6052;True;True;True;30
8877;4544;6052;True;True;True;30
8878;4546;6053;True;True;True;30
8879;4545;6053;True;True;True;30
8880;4547;6054;True;True;True;35
8881;4546;6054;True;True;True;35
8882;4548;6055;True;True;True;30
8883;4547;6055;True;True;True;30
8884;4549;6056;True;True;True;30
8885;4548;6056;True;True;True;30
8886;4550;6057;True;True;True;30
8887;4549;6057;True;True;True;30
8888;4551;6058;True;True;True;32.5
8889;4550;6058;True;True;True;32.5
8890;4552;6059;True;True;True;30
8891;4551;6059;True;True;True;30
8892;4553;6060;True;True;True;30
8893;4552;6060;True;True;True;30
8894;4554;6061;True;True;True;36.5
8895;4553;6061;True;True;True;36.5
8896;4555;6062;True;True;True;30.5
8897;4554;6062;True;True;True;30.5
8898;4556;6063;True;True;True;30
8899;4555;6063;True;True;True;30
8900;4557;6064;True;True;True;27.5
8901;5237;6064;False;False;True;55
8902;4556;6064;True;True;True;27.5
8903;4558;6065;True;True;True;30
8904;4557;6065;True;True;True;30
8905;4559;6066;True;True;True;30
8906;4558;6066;True;True;True;30
8907;5221;6067;True;False;True;30
8908;5360;6067;False;False;True;60
8909;5238;6067;False;False;True;60
8910;4559;6067;True;True;True;30
8911;4561;6068;True;False;True;0
8912;4562;6068;True;False;True;0
8913;4563;6069;True;False;True;0
8914;4564;6069;True;False;True;0
8915;4565;6070;True;False;True;0
8916;4566;6070;True;False;True;0
8917;4567;6071;True;False;True;0
8918;4568;6071;True;False;True;0
8919;4569;6072;True;False;False;0
8920;4570;6072;True;False;False;0
8921;4570;6073;True;False;False;0
8922;4571;6073;True;False;False;0
8923;4571;6074;True;False;False;0
8924;4572;6074;True;False;False;0
8925;4572;6075;True;False;False;0
8926;4573;6075;True;False;False;0
8927;4573;6076;True;False;False;44.5
8928;4574;6076;True;True;False;44.5
8929;4574;6077;True;True;False;21
8930;4575;6077;True;False;False;21
8931;4575;6078;True;False;False;0
8932;4576;6078;True;True;False;0
8933;4576;6079;True;True;False;0
8934;4577;6079;True;False;False;0
8935;4577;6080;True;False;False;48
8936;4578;6080;True;True;False;48
8937;4578;6081;True;True;False;0
8938;4579;6081;True;False;False;0
8939;4579;6082;True;False;False;38
8940;4580;6082;True;True;False;38
8941;4580;6083;True;True;False;41
8942;4581;6083;True;False;False;41
8943;4581;6084;True;False;False;0
8944;4582;6084;True;True;False;0
8945;4582;6085;True;True;False;42
8946;4583;6085;True;False;False;42
8947;4583;6086;True;False;False;0
8948;4584;6086;True;False;False;0
8949;4584;6087;True;False;False;0
8950;4585;6087;True;False;False;0
8951;4585;6088;True;False;False;0
8952;4589;6088;False;False;False;0
8953;4586;6088;True;False;False;0
8954;4586;6089;True;False;False;0
8955;4587;6089;True;False;False;0
8956;4587;6090;True;False;False;0
8957;4588;6090;True;False;False;0
8958;4588;6091;True;False;False;0
8959;4590;6091;True;False;False;0
8960;4590;6092;True;False;False;0
8961;4591;6092;True;False;False;0
8962;4591;6093;True;False;False;0
8963;4599;6093;False;False;False;0
8964;4592;6093;True;False;False;0
8965;4592;6094;True;False;False;0
8966;4594;6094;True;False;False;0
8967;4594;6095;True;False;False;0
8968;4595;6095;True;False;False;0
8969;4589;6096;True;False;False;0
8970;4596;6096;True;False;False;0
8971;4596;6097;True;False;False;0
8972;4597;6097;True;False;False;0
8973;4597;6098;True;False;False;0
8974;4598;6098;True;False;False;0
8975;4598;6099;True;False;False;0
8976;4599;6099;True;False;False;0
8977;4595;6100;True;False;False;0
8978;4600;6100;True;True;False;0
8979;4600;6101;True;True;False;0
8980;4601;6101;True;False;False;0
8981;4601;6102;True;False;False;48
8982;4602;6102;True;True;False;48
8983;4602;6103;True;True;False;38
8984;4603;6103;True;True;False;38
8985;4603;6104;True;True;False;77.5
8986;4604;6104;True;True;False;77.5
8987;4604;6105;True;True;False;37.5
8988;4605;6105;True;True;False;37.5
8989;4605;6106;True;True;False;0
8990;4606;6106;True;False;False;0
8991;4606;6107;True;False;False;0
8992;4607;6107;True;False;False;0
8993;4607;6108;True;True;False;72
8994;4608;6108;True;True;False;72
8995;4608;6109;True;True;False;44.5
8996;4609;6109;True;True;False;44.5
8997;4609;6110;True;True;False;65.5
8998;4610;6110;True;True;False;65.5
8999;4610;6111;True;True;False;0
9000;4611;6111;True;False;False;0
9001;4611;6112;True;False;False;0
9002;4612;6112;True;False;False;0
9003;4612;6113;True;False;False;0
9004;4614;6113;False;False;False;0
9005;4613;6113;True;False;False;0
9006;4613;6114;True;False;False;0
9007;4615;6114;True;False;False;0
9008;4615;6115;True;False;False;0
9009;4617;6115;False;False;False;0
9010;4616;6115;True;False;False;0
9011;4614;6116;True;False;False;0
9012;4618;6116;True;False;False;0
9013;4618;6117;True;False;False;0
9014;4619;6117;True;False;False;0
9015;4619;6118;True;False;False;0
9016;4617;6118;True;False;False;0
9017;4616;6119;True;False;False;0
9018;4620;6119;True;False;False;0
9019;4620;6120;True;False;False;82.5
9020;4621;6120;True;True;False;82.5
9021;4621;6121;True;True;False;0
9022;4622;6121;True;True;False;0
9023;4622;6122;True;True;False;0
9024;4623;6122;True;True;False;0
9025;4623;6123;True;True;False;77.5
9026;4624;6123;True;True;False;77.5
9027;4624;6124;True;True;False;48
9028;4625;6124;True;True;False;48
9029;4625;6125;True;True;False;67
9030;4626;6125;True;True;False;67
9031;4626;6126;True;True;False;52
9032;4627;6126;True;True;False;52
9033;4627;6127;True;True;False;0
9034;4628;6127;True;False;False;0
9035;4628;6128;True;False;False;0
9036;4634;6128;False;False;False;0
9037;4629;6128;True;False;False;0
9038;4629;6129;True;False;False;0
9039;4630;6129;True;False;False;0
9040;4630;6130;True;False;False;0
9041;4631;6130;True;False;False;0
9042;4631;6131;True;False;False;0
9043;4632;6131;True;False;False;0
9044;4632;6132;True;False;False;0
9045;4637;6132;False;False;False;0
9046;4633;6132;True;False;False;0
9047;4634;6133;True;False;False;0
9048;4635;6133;True;False;False;0
9049;4635;6134;True;False;False;0
9050;4636;6134;True;False;False;0
9051;4636;6135;True;False;False;0
9052;4637;6135;True;False;False;0
9053;4633;6136;True;False;False;60.5
9054;4638;6136;True;True;False;60.5
9055;4638;6137;True;True;False;0
9056;4639;6137;True;True;False;0
9057;4639;6138;True;True;False;59
9058;4640;6138;True;True;False;59
9059;4640;6139;True;True;False;0
9060;4641;6139;True;True;False;0
9061;4641;6140;True;True;False;50
9062;4642;6140;True;False;False;50
9063;4642;6141;True;False;False;0
9064;4643;6141;True;False;False;0
9065;4643;6142;True;False;False;71
9066;4644;6142;True;True;False;71
9067;4644;6143;True;True;False;0
9068;4645;6143;True;False;False;0
9069;4645;6144;True;False;False;0
9070;4650;6144;False;False;False;0
9071;4646;6144;True;False;False;0
9072;4646;6145;True;False;False;0
9073;4647;6145;True;False;False;0
9074;4647;6146;True;False;False;0
9075;4648;6146;True;False;False;0
9076;4648;6147;True;False;False;0
9077;4651;6147;False;False;False;0
9078;4649;6147;True;False;False;0
9079;4650;6148;True;False;False;0
9080;4657;6148;False;False;False;0
9081;4652;6148;True;False;False;0
9082;4652;6149;True;False;False;0
9083;4653;6149;True;False;False;0
9084;4653;6150;True;False;False;0
9085;4654;6150;True;False;False;0
9086;4654;6151;True;False;False;0
9087;4655;6151;True;False;False;0
9088;4655;6152;True;False;False;0
9089;4658;6152;False;False;False;0
9090;4651;6152;True;False;False;0
9091;4657;6153;True;False;False;0
9092;4659;6153;True;False;False;0
9093;4659;6154;True;False;False;0
9094;4660;6154;True;False;False;0
9095;4660;6155;True;False;False;0
9096;4658;6155;True;False;False;0
9097;4649;6156;True;False;False;0
9098;4662;6156;True;False;False;0
9099;4662;6157;True;False;False;0
9100;4663;6157;True;False;False;0
9101;4663;6158;True;False;False;74
9102;4664;6158;True;False;False;74
9103;4664;6159;True;False;False;0
9104;4665;6159;True;False;False;0
9105;4665;6160;True;False;False;0
9106;4666;6160;True;False;False;0
9107;4666;6161;True;False;False;0
9108;4667;6161;True;False;False;0
9109;4667;6162;True;False;False;75.5
9110;4668;6162;True;False;False;75.5
9111;4668;6163;True;False;False;40
9112;4669;6163;True;False;False;40
9113;4669;6164;True;False;False;75
9114;4670;6164;True;False;False;75
9115;4670;6165;True;False;False;0
9116;4671;6165;True;False;False;0
9117;4671;6166;True;False;False;0
9118;4672;6166;True;False;False;0
9119;4672;6167;True;False;False;44
9120;4673;6167;True;False;False;44
9121;4673;6168;True;False;False;62.5
9122;4674;6168;True;False;False;62.5
9123;4674;6169;True;False;False;0
9124;4675;6169;True;False;False;0
9125;4675;6170;True;False;False;47
9126;4676;6170;True;False;False;47
9127;4676;6171;True;False;False;0
9128;4677;6171;True;False;False;0
9129;4677;6172;True;False;False;0
9130;4678;6172;True;False;False;0
9131;4678;6173;True;False;False;38.5
9132;4679;6173;True;False;False;38.5
9133;4679;6174;True;False;False;67
9134;4680;6174;True;False;False;67
9135;4680;6175;True;False;False;86.5
9136;4681;6175;True;False;False;86.5
9137;4681;6176;True;False;False;70.4
9138;4682;6176;True;False;False;70.4
9139;4682;6177;True;False;False;31
9140;4683;6177;True;False;False;31
9141;4683;6178;True;False;False;0
9142;4685;6178;False;False;False;0
9143;4684;6178;True;False;False;0
9144;4684;6179;True;False;False;0
9145;4686;6179;True;False;False;0
9146;4686;6180;True;False;False;0
9147;4687;6180;True;False;False;0
9148;4687;6181;True;False;False;0
9149;4688;6181;True;False;False;0
9150;4688;6182;True;False;False;0
9151;4690;6182;False;False;False;0
9152;4689;6182;True;False;False;0
9153;4685;6183;True;False;False;0
9154;4691;6183;True;False;False;0
9155;4691;6184;True;False;False;0
9156;4692;6184;True;False;False;0
9157;4692;6185;True;False;False;0
9158;4693;6185;True;False;False;0
9159;4693;6186;True;False;False;0
9160;4690;6186;True;False;False;0
9161;4689;6187;True;False;False;0
9162;4694;6187;True;False;False;0
9163;4694;6188;True;False;False;0
9164;4695;6188;True;False;False;0
9165;4695;6189;True;False;False;0
9166;4696;6189;True;False;False;0
9167;4696;6190;True;False;False;0
9168;4697;6190;True;False;False;0
9169;4697;6191;True;False;False;0
9170;4698;6191;True;False;False;0
9171;4698;6192;True;False;False;0
9172;4699;6192;True;False;False;0
9173;4699;6193;True;False;False;55.5
9174;4700;6193;True;False;False;55.5
9175;4700;6194;True;False;False;81.5
9176;4701;6194;True;False;False;81.5
9177;4701;6195;True;False;False;0
9178;4702;6195;True;False;False;0
9179;4702;6196;True;False;False;0
9180;4703;6196;True;False;False;0
9181;4703;6197;True;False;False;43.5
9182;4704;6197;True;False;False;43.5
9183;4704;6198;True;False;False;0
9184;4705;6198;True;False;False;0
9185;4705;6199;True;False;False;0
9186;4706;6199;True;False;False;0
9187;4706;6200;True;False;False;0
9188;4707;6200;True;False;False;0
9189;4707;6201;True;False;False;0
9190;4708;6201;True;False;False;0
9191;4708;6202;True;False;False;53.5
9192;4709;6202;True;False;False;53.5
9193;4709;6203;True;False;False;73.5
9194;4710;6203;True;False;False;73.5
9195;4710;6204;True;False;False;57.5
9196;4711;6204;True;False;False;57.5
9197;4711;6205;True;False;False;0
9198;4713;6205;False;False;False;0
9199;4712;6205;True;False;False;0
9200;4712;6206;True;False;False;0
9201;4714;6206;True;False;False;0
9202;4714;6207;True;False;False;0
9203;4715;6207;True;False;False;0
9204;4715;6208;True;False;False;0
9205;4716;6208;True;False;False;0
9206;4716;6209;True;False;False;0
9207;4718;6209;False;False;False;0
9208;4717;6209;True;False;False;0
9209;4713;6210;True;False;False;0
9210;4719;6210;True;False;False;0
9211;4719;6211;True;False;False;0
9212;4720;6211;True;False;False;0
9213;4720;6212;True;False;False;0
9214;4718;6212;True;False;False;0
9215;4717;6213;True;False;False;0
9216;4721;6213;True;False;False;0
9217;4721;6214;True;False;False;49
9218;4722;6214;True;False;False;49
9219;4722;6215;True;False;False;0
9220;4723;6215;True;False;False;0
9221;4723;6216;True;False;False;0
9222;4724;6216;True;False;False;0
9223;4724;6217;True;False;False;47
9224;4725;6217;True;False;False;47
9225;4725;6218;True;False;False;0
9226;4726;6218;True;False;False;0
9227;4726;6219;True;False;False;58.46
9228;4727;6219;True;False;False;58.46
9229;2656;6220;True;True;True;30
9230;3808;6220;True;True;True;30
9231;447;6221;True;False;True;38
9232;4728;6221;True;False;True;38
9233;4729;6222;True;False;True;30
9234;3414;6222;True;True;True;30
9235;4115;7410;False;False;True;0
9236;4117;7410;False;False;True;0
9237;4117;7411;False;False;True;0
9238;6105;7273;False;False;True;0
9239;6112;7466;False;False;True;0
9240;4118;3042;True;False;True;0
9241;4733;6226;True;True;True;0
9242;4734;6226;True;True;True;0
9243;4734;6227;True;True;True;0
9244;4735;6227;True;True;True;0
9245;4735;6228;True;True;True;0
9246;4736;6228;True;True;True;0
9247;4736;6229;True;True;True;0
9248;4737;6229;True;True;True;0
9249;4737;6230;True;True;True;0
9250;4738;6230;True;True;True;0
9251;4738;6231;True;True;True;0
9252;4739;6231;True;True;True;0
9253;4739;6232;True;True;True;0
9254;4740;6232;True;True;True;0
9255;4740;6233;True;True;True;0
9256;4741;6233;True;True;True;0
9257;4741;6234;True;True;True;0
9258;4742;6234;True;True;True;0
9259;4742;6235;True;True;True;0
9260;4743;6235;True;True;True;0
9261;4743;6236;True;True;True;0
9262;4744;6236;True;True;True;0
9263;4744;6237;True;True;True;0
9264;4745;6237;True;True;True;0
9265;4745;6238;True;True;True;0
9266;4746;6238;True;True;True;0
9267;4746;6239;True;True;True;0
9268;4747;6239;True;True;True;0
9269;4747;6240;True;True;True;0
9270;4748;6240;True;True;True;0
9271;4748;6241;True;True;True;0
9272;4749;6241;True;True;True;0
9273;4749;6242;True;True;True;0
9274;4750;6242;True;True;True;0
9275;4750;6243;True;True;True;0
9276;4752;6243;False;False;True;0
9277;4753;6243;False;False;True;0
9278;4751;6243;True;True;True;0
9279;4751;6244;True;True;True;0
9280;4754;6244;True;True;True;0
9281;4754;6245;True;True;True;0
9282;4758;6245;False;False;True;0
9283;4755;6245;True;True;True;0
9284;4755;6246;True;True;True;0
9285;4756;6246;True;False;True;0
9286;4756;6247;True;False;True;0
9287;4759;6247;False;False;True;0
9288;4760;6247;False;False;True;0
9289;4761;6247;False;False;True;0
9290;4757;6247;True;True;True;0
9291;4752;6248;True;False;True;0
9292;4767;6248;False;False;True;0
9293;4762;6248;True;False;True;0
9294;4762;6249;True;False;True;0
9295;4763;6249;True;True;True;0
9296;4763;6250;True;True;True;0
9297;4758;6250;False;False;True;0
9298;4764;6250;True;False;True;0
9299;4764;6251;True;False;True;0
9300;4766;6251;False;False;True;0
9301;4765;6251;True;False;True;0
9302;4765;6252;True;False;True;0
9303;4759;6252;True;False;True;0
9304;4767;6253;True;False;True;0
9305;4951;6253;False;False;True;0
9306;4768;6253;True;True;True;0
9307;4768;6254;True;True;True;0
9308;4769;6254;True;True;True;0
9309;4753;6255;True;False;True;0
9310;4771;6255;True;True;True;0
9311;4771;6256;True;True;True;0
9312;4772;6256;True;True;True;0
9313;4772;6257;True;True;True;0
9314;4760;6257;True;False;True;0
9315;4773;6258;True;False;True;0
9316;4761;6258;True;False;True;0
9317;4774;6259;True;False;True;0
9318;4775;6259;True;False;True;0
9319;4757;6260;True;True;True;0
9320;4776;6260;True;True;True;0
9321;4776;6261;True;True;True;0
9322;4777;6261;True;True;True;0
9323;4777;6262;True;True;True;0
9324;4778;6262;True;True;True;0
9325;4778;6263;True;True;True;0
9326;4779;6263;True;True;True;0
9327;4779;6264;True;True;True;0
9328;4780;6264;True;True;True;0
9329;4780;6265;True;True;True;0
9330;4781;6265;True;True;True;0
9331;4781;6266;True;True;True;0
9332;4782;6266;True;True;True;0
9333;4782;6267;True;True;True;0
9334;4783;6267;True;True;True;0
9335;4783;6268;True;True;True;0
9336;4784;6268;True;True;True;0
9337;4784;6269;True;True;True;0
9338;4785;6269;True;True;True;0
9339;4785;6270;True;True;True;0
9340;4786;6270;True;True;True;0
9341;4786;6271;True;True;True;0
9342;4787;6271;True;True;True;0
9343;4787;6272;True;True;True;0
9344;4788;6272;True;True;True;0
9345;4788;6273;True;True;True;0
9346;4789;6273;True;True;True;0
9347;4789;6274;True;True;True;0
9348;4790;6274;True;True;True;0
9349;4790;6275;True;True;True;0
9350;4791;6275;True;True;True;0
9351;4791;6276;True;True;True;0
9352;4792;6276;True;True;True;0
9353;4792;6277;True;True;True;0
9354;4793;6277;True;True;True;0
9355;4793;6278;True;True;True;0
9356;4794;6278;True;True;True;0
9357;4794;6279;True;True;True;0
9358;4795;6279;True;True;True;0
9359;4795;6280;True;True;True;0
9360;4796;6280;True;True;True;0
9361;4796;6281;True;True;True;0
9362;4797;6281;True;True;True;0
9363;4797;6282;True;True;True;0
9364;4798;6282;True;True;True;0
9365;4798;6283;True;True;True;0
9366;5082;6283;False;False;True;0
9367;4799;6283;True;True;True;0
9368;4799;6284;True;True;True;0
9369;5083;6284;False;False;True;0
9370;4800;6284;True;True;True;0
9371;4800;6285;True;True;True;0
9372;4801;6285;True;True;True;0
9373;4801;6286;True;True;True;0
9374;4802;6286;True;True;True;0
9375;4802;6287;True;True;True;0
9376;4803;6287;True;True;True;0
9377;4803;6288;True;True;True;0
9378;4804;6288;True;True;True;0
9379;4804;6289;True;True;True;0
9380;4805;6289;True;True;True;0
9381;4805;6290;True;True;True;0
9382;4806;6290;True;True;True;0
9383;4806;6291;True;True;True;0
9384;4807;6291;True;True;True;0
9385;4807;6292;True;True;True;0
9386;4808;6292;True;True;True;0
9387;4808;6293;True;True;True;0
9388;4809;6293;True;True;True;0
9389;4809;6294;True;True;True;0
9390;4810;6294;True;True;True;0
9391;4810;6295;True;True;True;0
9392;4811;6295;True;True;True;0
9393;4811;6296;True;True;True;0
9394;4812;6296;True;True;True;0
9395;4812;6297;True;True;True;0
9396;5084;6297;False;False;True;0
9397;5090;6297;False;False;True;0
9398;4813;6297;True;True;True;0
9399;4813;6298;True;True;True;0
9400;4814;6298;True;True;True;0
9401;4814;6299;True;True;True;0
9402;4815;6299;True;True;True;0
9403;4815;6300;True;True;True;0
9404;4816;6300;True;True;True;0
9405;4816;6301;True;True;True;0
9406;4817;6301;True;True;True;0
9407;4817;6302;True;True;True;0
9408;4818;6302;True;True;True;0
9409;4818;6303;True;True;True;0
9410;5098;6303;False;False;True;0
9411;5100;6303;False;False;True;0
9412;4819;6303;True;True;True;0
9413;4819;6304;True;True;True;0
9414;4820;6304;True;True;True;0
9415;4820;6305;True;True;True;0
9416;4821;6305;True;True;True;0
9417;4821;6306;True;True;True;0
9418;4822;6306;True;True;True;0
9419;4822;6307;True;True;True;0
9420;4823;6307;True;True;True;0
9421;4823;6308;True;True;True;0
9422;5177;6308;False;False;True;0
9423;4824;6308;True;True;True;0
9424;4824;6309;True;True;True;0
9425;4825;6309;True;True;True;0
9426;4825;6310;True;True;True;0
9427;5184;6310;False;False;True;0
9428;4826;6310;True;True;True;0
9429;4826;6311;True;True;True;0
9430;4827;6311;True;True;True;0
9431;4827;6312;True;True;True;0
9432;5191;6312;False;False;True;0
9433;4828;6312;True;True;True;0
9434;4828;6313;True;True;True;0
9435;4829;6313;True;True;True;0
9436;4829;6314;True;True;True;0
9437;4830;6314;True;True;True;0
9438;4830;6315;True;True;True;0
9439;5197;6315;False;False;True;0
9440;4831;6315;True;True;True;0
9441;4831;6316;True;True;True;0
9442;5198;6316;False;False;True;0
9443;4832;6316;True;True;True;0
9444;4832;6317;True;True;True;0
9445;4833;6317;True;True;True;0
9446;4833;6318;True;True;True;0
9447;4834;6318;True;True;True;0
9448;4834;6319;True;True;True;0
9449;4835;6319;True;True;True;0
9450;4835;6320;True;True;True;0
9451;4836;6320;True;True;True;0
9452;4836;6321;True;True;True;0
9453;4837;6321;True;True;True;0
9454;4837;6322;True;True;True;0
9455;4838;6322;True;True;True;0
9456;4838;6323;True;True;True;0
9457;4839;6323;True;True;True;0
9458;4839;6324;True;True;True;0
9459;4840;6324;True;True;True;0
9460;4840;6325;True;True;True;0
9461;4841;6325;True;True;True;0
9462;4841;6326;True;True;True;0
9463;4842;6326;True;True;True;0
9464;4842;6327;True;True;True;0
9465;5128;6327;False;False;True;0
9466;4843;6327;True;True;True;0
9467;4843;6328;True;True;True;0
9468;5129;6328;False;False;True;0
9469;4844;6328;True;True;True;0
9470;4844;6329;True;True;True;0
9471;4845;6329;True;True;True;0
9472;4845;6330;True;True;True;0
9473;4846;6330;True;True;True;0
9474;4846;6331;True;True;True;0
9475;4847;6331;True;True;True;0
9476;4847;6332;True;True;True;0
9477;4848;6332;True;True;True;0
9478;4848;6333;True;True;True;0
9479;4849;6333;True;True;True;0
9480;4849;6334;True;True;True;0
9481;4850;6334;True;True;True;0
9482;4850;6335;True;True;True;0
9483;4851;6335;True;True;True;0
9484;4851;6336;True;True;True;0
9485;4852;6336;True;True;True;0
9486;4852;6337;True;True;True;0
9487;4853;6337;True;True;True;0
9488;4853;6338;True;True;True;0
9489;4854;6338;True;True;True;0
9490;4854;6339;True;True;True;0
9491;4855;6339;True;True;True;0
9492;4855;6340;True;True;True;0
9493;4856;6340;True;True;True;0
9494;4856;6341;True;True;True;0
9495;5130;6341;False;False;True;0
9496;4857;6341;True;True;True;0
9497;4857;6342;True;True;True;0
9498;4858;6342;True;True;True;0
9499;4858;6343;True;True;True;0
9500;4859;6343;True;True;True;0
9501;4859;6344;True;True;True;0
9502;5131;6344;False;False;True;0
9503;4860;6344;True;True;True;0
9504;4860;6345;True;True;True;0
9505;4861;6345;True;True;True;0
9506;4861;6346;True;True;True;0
9507;4862;6346;True;True;True;0
9508;4862;6347;True;True;True;0
9509;4863;6347;True;True;True;0
9510;4863;6348;True;True;True;0
9511;4864;6348;True;True;True;0
9512;4864;6349;True;True;True;0
9513;4865;6349;True;True;True;0
9514;4865;6350;True;True;True;0
9515;4866;6350;True;True;True;0
9516;4866;6351;True;True;True;0
9517;4867;6351;True;True;True;0
9518;4867;6352;True;True;True;0
9519;5132;6352;False;False;True;0
9520;4868;6352;True;True;True;0
9521;4868;6353;True;True;True;0
9522;4869;6353;True;True;True;0
9523;4869;6354;True;True;True;0
9524;4870;6354;True;True;True;0
9525;4870;6355;True;True;True;0
9526;5141;6355;False;False;True;0
9527;4871;6355;True;True;True;0
9528;4871;6356;True;True;True;0
9529;4872;6356;True;True;True;0
9530;4872;6357;True;True;True;0
9531;4873;6357;True;True;True;0
9532;4873;6358;True;True;True;0
9533;4874;6358;True;True;True;0
9534;4874;6359;True;True;True;0
9535;5148;6359;False;False;True;0
9536;4875;6359;True;True;True;0
9537;4875;6360;True;True;True;0
9538;5149;6360;False;False;True;0
9539;4876;6360;True;True;True;0
9540;4876;6361;True;True;True;0
9541;4877;6361;True;True;True;0
9542;4877;6362;True;True;True;0
9543;4878;6362;True;True;True;0
9544;4878;6363;True;True;True;0
9545;4879;6363;True;True;True;0
9546;4879;6364;True;True;True;0
9547;4880;6364;True;True;True;0
9548;4880;6365;True;True;True;0
9549;4881;6365;True;True;True;0
9550;4881;6366;True;True;True;0
9551;4882;6366;True;True;True;0
9552;4882;6367;True;True;True;0
9553;4883;6367;True;True;True;0
9554;4883;6368;True;True;True;0
9555;4884;6368;True;True;True;0
9556;4884;6369;True;True;True;0
9557;4885;6369;True;True;True;0
9558;4885;6370;True;True;True;0
9559;5157;6370;False;False;True;0
9560;4886;6370;True;True;True;0
9561;4886;6371;True;True;True;0
9562;4887;6371;True;True;True;0
9563;4887;6372;True;True;True;0
9564;4888;6372;True;True;True;0
9565;4888;6373;True;True;True;0
9566;4889;6373;True;True;True;0
9567;4889;6374;True;True;True;0
9568;4890;6374;True;True;True;0
9569;4890;6375;True;True;True;0
9570;4891;6375;True;True;True;0
9571;4891;6376;True;True;True;0
9572;4892;6376;True;True;True;0
9573;4892;6377;True;True;True;0
9574;4893;6377;True;True;True;0
9575;4893;6378;True;True;True;0
9576;5164;6378;False;False;True;0
9577;4894;6378;True;True;True;0
9578;4894;6379;True;True;True;0
9579;4895;6379;True;True;True;0
9580;4895;6380;True;True;True;0
9581;4896;6380;True;True;True;0
9582;4896;6381;True;True;True;0
9583;4897;6381;True;True;True;0
9584;4897;6382;True;True;True;0
9585;4898;6382;True;True;True;0
9586;4898;6383;True;True;True;0
9587;4899;6383;True;True;True;0
9588;4899;6384;True;True;True;0
9589;4900;6384;True;True;True;0
9590;4900;6385;True;True;True;0
9591;4901;6385;True;True;True;0
9592;4901;6386;True;True;True;0
9593;4902;6386;True;True;True;0
9594;4902;6387;True;True;True;0
9595;4903;6387;True;True;True;0
9596;4903;6388;True;True;True;0
9597;4904;6388;True;True;True;0
9598;4904;6389;True;True;True;0
9599;4905;6389;True;True;True;0
9600;4905;6390;True;True;True;0
9601;5207;6390;False;False;True;0
9602;4906;6390;True;True;True;0
9603;4906;6391;True;True;True;0
9604;5208;6391;False;False;True;0
9605;4907;6391;True;True;True;0
9606;4907;6392;True;True;True;0
9607;4908;6392;True;True;True;0
9608;4908;6393;True;True;True;0
9609;4909;6393;True;True;True;0
9610;4909;6394;True;True;True;0
9611;4910;6394;True;True;True;0
9612;4910;6395;True;True;True;0
9613;4911;6395;True;True;True;0
9614;4911;6396;True;True;True;0
9615;4912;6396;True;True;True;0
9616;4912;6397;True;True;True;0
9617;4913;6397;True;True;True;0
9618;4914;6398;True;True;True;0
9619;4915;6398;True;True;True;0
9620;4915;6399;True;True;True;0
9621;4916;6399;True;True;True;0
9622;4916;6400;True;True;True;0
9623;4917;6400;True;True;True;0
9624;4917;6401;True;True;True;0
9625;4918;6401;True;True;True;0
9626;4918;6402;True;True;True;0
9627;4919;6402;True;True;True;0
9628;4919;6403;True;True;True;0
9629;4920;6403;True;True;True;0
9630;4920;6404;True;True;True;0
9631;4921;6404;True;True;True;0
9632;4921;6405;True;True;True;0
9633;4922;6405;True;True;True;0
9634;4922;6406;True;True;True;0
9635;4923;6406;True;True;True;0
9636;4923;6407;True;True;True;0
9637;4924;6407;True;True;True;0
9638;4924;6408;True;True;True;0
9639;4925;6408;True;True;True;0
9640;4925;6409;True;True;True;0
9641;4926;6409;True;True;True;0
9642;4926;6410;True;True;True;0
9643;4941;6410;False;False;True;0
9644;4942;6410;False;False;True;0
9645;4927;6410;True;True;True;0
9646;4927;6411;True;True;True;0
9647;4928;6411;True;True;True;0
9648;4928;6412;True;True;True;0
9649;4953;6412;False;False;True;0
9650;4929;6412;True;True;True;0
9651;4929;6413;True;True;True;0
9652;4930;6413;True;True;True;0
9653;4930;6414;True;True;True;0
9654;4948;6414;False;False;True;0
9655;4949;6414;False;False;True;0
9656;4775;6414;False;False;True;0
9657;4931;6414;True;True;True;0
9658;4931;6415;True;True;True;0
9659;4932;6415;True;True;True;0
9660;4932;6416;True;True;True;0
9661;4933;6416;True;True;True;0
9662;4933;6417;True;True;True;0
9663;4934;6417;True;True;True;0
9664;4934;6418;True;True;True;0
9665;4935;6418;True;True;True;0
9666;4935;6419;True;True;True;0
9667;4936;6419;True;True;True;0
9668;4936;6420;True;True;True;0
9669;4937;6420;True;True;True;0
9670;4937;6421;True;True;True;0
9671;4938;6421;True;True;True;0
9672;4938;6422;True;True;True;0
9673;4939;6422;True;True;True;0
9674;4939;6423;True;True;True;0
9675;4940;6423;True;True;True;0
9676;4941;6424;True;False;True;0
9677;4951;6424;False;False;True;0
9678;4943;6424;True;False;True;0
9679;4943;6425;True;False;True;0
9680;4944;6425;True;True;True;0
9681;4944;6426;True;True;True;0
9682;4953;6426;False;False;True;0
9683;4946;6426;True;False;True;0
9684;4946;6428;True;False;True;0
9685;4773;6428;False;False;True;0
9686;4947;6428;True;False;True;0
9687;4947;6429;True;False;True;0
9688;4948;6429;True;False;True;0
9689;4942;6430;True;False;True;0
9690;4954;6430;True;True;True;0
9691;4954;6431;True;True;True;0
9692;4955;6431;True;True;True;0
9693;4955;6432;True;True;True;0
9694;4949;6432;True;False;True;0
9695;4940;6433;True;True;True;0
9696;4956;6433;True;True;True;0
9697;4956;6434;True;True;True;0
9698;4957;6434;True;True;True;0
9699;4957;6435;True;True;True;0
9700;4958;6435;True;True;True;0
9701;4958;6436;True;True;True;0
9702;4959;6436;True;True;True;0
9703;4959;6437;True;True;True;0
9704;4960;6437;True;True;True;0
9705;4960;6438;True;True;True;0
9706;4961;6438;True;True;True;0
9707;4961;6439;True;True;True;0
9708;4962;6439;True;True;True;0
9709;4962;6440;True;True;True;0
9710;4963;6440;True;True;True;0
9711;4963;6441;True;True;True;0
9712;4964;6441;True;True;True;0
9713;4964;6442;True;True;True;0
9714;4965;6442;True;True;True;0
9715;4965;6443;True;True;True;0
9716;4966;6443;True;True;True;0
9717;4966;6444;True;True;True;0
9718;4967;6444;True;True;True;0
9719;4967;6445;True;True;True;0
9720;4968;6445;True;True;True;0
9721;4968;6446;True;True;True;0
9722;4969;6446;True;True;True;0
9723;4969;6447;True;True;True;0
9724;4970;6447;True;True;True;0
9725;4970;6448;True;True;True;0
9726;4971;6448;True;True;True;0
9727;4971;6449;True;True;True;0
9728;4972;6449;True;True;True;0
9729;4972;6450;True;True;True;0
9730;4973;6450;True;True;True;0
9731;4973;6451;True;True;True;0
9732;5082;6451;False;False;True;0
9733;5083;6451;False;False;True;0
9734;4974;6451;True;True;True;0
9735;4974;6452;True;True;True;0
9736;4975;6452;True;True;True;0
9737;4975;6453;True;True;True;0
9738;4976;6453;True;True;True;0
9739;4976;6454;True;True;True;0
9740;4977;6454;True;True;True;0
9741;4977;6455;True;True;True;0
9742;4978;6455;True;True;True;0
9743;4978;6456;True;True;True;0
9744;4979;6456;True;True;True;0
9745;4979;6457;True;True;True;0
9746;4980;6457;True;True;True;0
9747;4980;6458;True;True;True;0
9748;4981;6458;True;True;True;0
9749;4981;6459;True;True;True;0
9750;4982;6459;True;True;True;0
9751;4982;6460;True;True;True;0
9752;4983;6460;True;True;True;0
9753;4983;6461;True;True;True;0
9754;4984;6461;True;True;True;0
9755;4984;6462;True;True;True;0
9756;4985;6462;True;True;True;0
9757;4985;6463;True;True;True;0
9758;4986;6463;True;True;True;0
9759;4986;6464;True;True;True;0
9760;4987;6464;True;True;True;0
9761;4987;6465;True;True;True;0
9762;5110;6465;False;False;True;0
9763;4988;6465;True;True;True;0
9764;4988;6466;True;True;True;0
9765;4989;6466;True;True;True;0
9766;4989;6467;True;True;True;0
9767;4990;6467;True;True;True;0
9768;4990;6468;True;True;True;0
9769;4991;6468;True;True;True;0
9770;4991;6469;True;True;True;0
9771;5121;6469;False;False;True;0
9772;4992;6469;True;True;True;0
9773;4992;6470;True;True;True;0
9774;5100;6470;False;False;True;0
9775;4993;6470;True;True;True;0
9776;4993;6471;True;True;True;0
9777;4994;6471;True;True;True;0
9778;4994;6472;True;True;True;0
9779;4995;6472;True;True;True;0
9780;4995;6473;True;True;True;0
9781;4996;6473;True;True;True;0
9782;4996;6474;True;True;True;0
9783;4997;6474;True;True;True;0
9784;4997;6475;True;True;True;0
9785;5167;6475;False;False;True;0
9786;4998;6475;True;True;True;0
9787;4998;6476;True;True;True;0
9788;4999;6476;True;True;True;0
9789;4999;6477;True;True;True;0
9790;5184;6477;False;False;True;0
9791;5000;6477;True;True;True;0
9792;5000;6478;True;True;True;0
9793;5001;6478;True;True;True;0
9794;5001;6479;True;True;True;0
9795;5185;6479;False;False;True;0
9796;5002;6479;True;True;True;0
9797;5002;6480;True;True;True;0
9798;5003;6480;True;True;True;0
9799;5003;6481;True;True;True;0
9800;5004;6481;True;True;True;0
9801;5004;6482;True;True;True;0
9802;5005;6482;True;True;True;0
9803;5005;6483;True;True;True;0
9804;5190;6483;False;False;True;0
9805;5006;6483;True;True;True;0
9806;5006;6484;True;True;True;0
9807;5198;6484;False;False;True;0
9808;5007;6484;True;True;True;0
9809;5007;6485;True;True;True;0
9810;5008;6485;True;True;True;0
9811;5008;6486;True;True;True;0
9812;5009;6486;True;True;True;0
9813;5009;6487;True;True;True;0
9814;5010;6487;True;True;True;0
9815;5010;6488;True;True;True;0
9816;5011;6488;True;True;True;0
9817;5011;6489;True;True;True;0
9818;5012;6489;True;True;True;0
9819;5012;6490;True;True;True;0
9820;5013;6490;True;True;True;0
9821;5013;6491;True;True;True;0
9822;5014;6491;True;True;True;0
9823;5014;6492;True;True;True;0
9824;5015;6492;True;True;True;0
9825;5015;6493;True;True;True;0
9826;5016;6493;True;True;True;0
9827;5016;6494;True;True;True;0
9828;5128;6494;False;False;True;0
9829;5017;6494;True;True;True;0
9830;5017;6495;True;True;True;0
9831;5129;6495;False;False;True;0
9832;5018;6495;True;True;True;0
9833;5018;6496;True;True;True;0
9834;5019;6496;True;True;True;0
9835;5019;6497;True;True;True;0
9836;5020;6497;True;True;True;0
9837;5020;6498;True;True;True;0
9838;5021;6498;True;True;True;0
9839;5021;6499;True;True;True;0
9840;5022;6499;True;True;True;0
9841;5022;6500;True;True;True;0
9842;5023;6500;True;True;True;0
9843;5023;6501;True;True;True;0
9844;5024;6501;True;True;True;0
9845;5024;6502;True;True;True;0
9846;5025;6502;True;True;True;0
9847;5025;6503;True;True;True;0
9848;5026;6503;True;True;True;0
9849;5026;6504;True;True;True;0
9850;5027;6504;True;True;True;0
9851;5027;6505;True;True;True;0
9852;5028;6505;True;True;True;0
9853;5028;6506;True;True;True;0
9854;5029;6506;True;True;True;0
9855;5029;6507;True;True;True;0
9856;5130;6507;False;False;True;0
9857;5030;6507;True;True;True;0
9858;5030;6508;True;True;True;0
9859;5031;6508;True;True;True;0
9860;5031;6509;True;True;True;0
9861;5131;6509;False;False;True;0
9862;5032;6509;True;True;True;0
9863;5032;6510;True;True;True;0
9864;5033;6510;True;True;True;0
9865;5033;6511;True;True;True;0
9866;5034;6511;True;True;True;0
9867;5034;6512;True;True;True;0
9868;5035;6512;True;True;True;0
9869;5035;6513;True;True;True;0
9870;5036;6513;True;True;True;0
9871;5036;6514;True;True;True;0
9872;5037;6514;True;True;True;0
9873;5037;6515;True;True;True;0
9874;5038;6515;True;True;True;0
9875;5038;6516;True;True;True;0
9876;5039;6516;True;True;True;0
9877;5039;6517;True;True;True;0
9878;5040;6517;True;True;True;0
9879;5040;6518;True;True;True;0
9880;5041;6518;True;True;True;0
9881;5041;6519;True;True;True;0
9882;5132;6519;False;False;True;0
9883;5042;6519;True;True;True;0
9884;5042;6520;True;True;True;0
9885;5043;6520;True;True;True;0
9886;5043;6521;True;True;True;0
9887;5044;6521;True;True;True;0
9888;5044;6522;True;True;True;0
9889;5133;6522;False;False;True;0
9890;5045;6522;True;True;True;0
9891;5045;6523;True;True;True;0
9892;5046;6523;True;True;True;0
9893;5046;6524;True;True;True;0
9894;5047;6524;True;True;True;0
9895;5047;6525;True;True;True;0
9896;5048;6525;True;True;True;0
9897;5048;6526;True;True;True;0
9898;5140;6526;False;False;True;0
9899;5049;6526;True;True;True;0
9900;5049;6527;True;True;True;0
9901;5149;6527;False;False;True;0
9902;5050;6527;True;True;True;0
9903;5050;6528;True;True;True;0
9904;5051;6528;True;True;True;0
9905;5051;6529;True;True;True;0
9906;5052;6529;True;True;True;0
9907;5052;6530;True;True;True;0
9908;5053;6530;True;True;True;0
9909;5053;6531;True;True;True;0
9910;5054;6531;True;True;True;0
9911;5054;6532;True;True;True;0
9912;5055;6532;True;True;True;0
9913;5055;6533;True;True;True;0
9914;5056;6533;True;True;True;0
9915;5056;6534;True;True;True;0
9916;5150;6534;False;False;True;0
9917;5057;6534;True;True;True;0
9918;5057;6535;True;True;True;0
9919;5058;6535;True;True;True;0
9920;5058;6536;True;True;True;0
9921;5059;6536;True;True;True;0
9922;5059;6537;True;True;True;0
9923;5060;6537;True;True;True;0
9924;5060;6538;True;True;True;0
9925;5061;6538;True;True;True;0
9926;5061;6539;True;True;True;0
9927;5201;6539;False;False;True;0
9928;5062;6539;True;True;True;0
9929;5062;6540;True;True;True;0
9930;5063;6540;True;True;True;0
9931;5063;6541;True;True;True;0
9932;5064;6541;True;True;True;0
9933;5064;6542;True;True;True;0
9934;5065;6542;True;True;True;0
9935;5065;6543;True;True;True;0
9936;5066;6543;True;True;True;0
9937;5066;6544;True;True;True;0
9938;5067;6544;True;True;True;0
9939;5067;6545;True;True;True;0
9940;5068;6545;True;True;True;0
9941;5068;6546;True;True;True;0
9942;5069;6546;True;True;True;0
9943;5069;6547;True;True;True;0
9944;5070;6547;True;True;True;0
9945;5070;6548;True;True;True;0
9946;5071;6548;True;True;True;0
9947;5071;6549;True;True;True;0
9948;5072;6549;True;True;True;0
9949;5072;6550;True;True;True;0
9950;5207;6550;False;False;True;0
9951;5208;6550;False;False;True;0
9952;5073;6550;True;True;True;0
9953;5073;6551;True;True;True;0
9954;5074;6551;True;True;True;0
9955;5074;6552;True;True;True;0
9956;5075;6552;True;True;True;0
9957;5075;6553;True;True;True;0
9958;5076;6553;True;True;True;0
9959;5076;6554;True;True;True;0
9960;5077;6554;True;True;True;0
9961;5077;6555;True;True;True;0
9962;5078;6555;True;True;True;0
9963;5078;6556;True;True;True;0
9964;5079;6556;True;True;True;0
9965;5079;6557;True;True;True;0
9966;5080;6557;True;True;True;0
9967;5080;6558;True;True;True;0
9968;5081;6558;True;True;True;0
9969;5084;6559;True;False;True;0
9970;5085;6559;True;True;True;0
9971;5085;6560;True;True;True;0
9972;5087;6560;False;False;True;0
9973;5088;6560;False;False;True;0
9974;5101;6560;False;False;True;0
9975;5086;6560;True;False;True;0
9976;5086;6561;True;False;True;0
9977;5089;6561;True;True;True;0
9978;5090;6562;True;False;True;0
9979;5091;6562;True;True;True;0
9980;5091;6563;True;True;True;0
9981;5092;6563;True;True;True;0
9982;5092;6564;True;True;True;0
9983;5094;6564;False;False;True;0
9984;5093;6564;True;False;True;0
9985;5093;6565;True;False;True;0
9986;5095;6565;True;True;True;0
9987;5095;6566;True;True;True;0
9988;5096;6566;True;True;True;0
9989;5096;6567;True;True;True;0
9990;5097;6567;True;True;True;0
9991;5097;6568;True;True;True;0
9992;5099;6568;False;False;True;0
9993;5098;6568;True;False;True;0
9994;5101;6569;True;False;True;0
9995;5102;6569;True;True;True;0
9996;5102;6570;True;True;True;0
9997;5094;6570;False;False;True;0
9998;5104;6570;False;False;True;0
9999;5103;6570;True;True;True;0
10000;5104;6571;True;False;True;0
10001;5105;6571;True;False;True;0
10002;5103;6572;True;True;True;0
10003;5106;6572;True;True;True;0
10004;5106;6573;True;True;True;0
10005;5107;6573;True;True;True;0
10006;5107;6574;True;True;True;0
10007;5108;6574;True;True;True;0
10008;5108;6575;True;True;True;0
10009;5109;6575;False;False;True;0
10010;5099;6575;True;False;True;0
10011;5110;6576;True;False;True;0
10012;5087;6576;False;False;True;0
10013;5111;6576;True;False;True;0
10014;5111;6577;True;False;True;0
10015;5088;6577;False;False;True;0
10016;5112;6577;True;False;True;0
10017;5112;6578;True;False;True;0
10018;5114;6578;False;False;True;0
10019;5113;6578;True;True;True;0
10020;5113;6579;True;True;True;0
10021;5115;6579;True;True;True;0
10022;5115;6580;True;True;True;0
10023;5117;6580;False;False;True;0
10024;5116;6580;True;False;True;0
10025;5116;6581;True;False;True;0
10026;5118;6581;True;True;True;0
10027;5118;6582;True;True;True;0
10028;5119;6582;True;False;True;0
10029;5119;6583;True;False;True;0
10030;5120;6583;True;False;True;0
10031;5120;6584;True;False;True;0
10032;5122;6584;False;False;True;0
10033;5121;6584;True;False;True;0
10034;5114;6585;True;False;True;0
10035;5123;6585;True;True;True;0
10036;5117;6586;True;False;True;0
10037;5124;6586;True;False;True;0
10038;5124;6587;True;False;True;0
10039;5105;6587;False;False;True;0
10040;5125;6587;True;False;True;0
10041;5125;6588;True;False;True;0
10042;5126;6588;True;True;True;0
10043;5126;6589;True;True;True;0
10044;5127;6589;True;True;True;0
10045;5127;6590;True;True;True;0
10046;5109;6590;False;False;True;0
10047;5122;6590;True;False;True;0
10048;5133;6591;True;False;True;0
10049;5135;6591;True;True;True;0
10050;5135;6592;True;True;True;0
10051;5136;6592;True;True;True;0
10052;5136;6593;True;True;True;0
10053;5137;6593;True;True;True;0
10054;5137;6594;True;True;True;0
10055;5138;6594;True;True;True;0
10056;5138;6595;True;True;True;0
10057;5139;6595;True;True;True;0
10058;5139;6596;True;True;True;0
10059;5140;6596;True;False;True;0
10060;5141;6597;True;False;True;0
10061;5142;6597;True;True;True;0
10062;5142;6598;True;True;True;0
10063;5143;6598;True;True;True;0
10064;5143;6599;True;True;True;0
10065;5144;6599;True;True;True;0
10066;5144;6600;True;True;True;0
10067;5145;6600;True;True;True;0
10068;5145;6601;True;True;True;0
10069;5146;6601;True;True;True;0
10070;5146;6602;True;True;True;0
10071;5147;6602;True;True;True;0
10072;5147;6603;True;True;True;0
10073;5148;6603;True;False;True;0
10074;5150;6604;True;False;True;0
10075;5151;6604;True;False;True;0
10076;5151;6605;True;False;True;0
10077;5152;6605;True;True;True;0
10078;5152;6606;True;True;True;0
10079;5153;6606;True;True;True;0
10080;5153;6607;True;True;True;0
10081;5154;6607;True;False;True;0
10082;5154;6608;True;False;True;0
10083;5155;6608;True;False;True;0
10084;5155;6609;True;False;True;0
10085;5156;6609;True;False;True;0
10086;5157;6610;True;False;True;0
10087;5158;6610;True;False;True;0
10088;5158;6611;True;False;True;0
10089;5159;6611;True;True;True;0
10090;5159;6612;True;True;True;0
10091;5160;6612;True;True;True;0
10092;5160;6613;True;True;True;0
10093;5161;6613;True;True;True;0
10094;5161;6614;True;True;True;0
10095;5162;6614;True;True;True;0
10096;5162;6615;True;True;True;0
10097;5163;6615;True;True;True;0
10098;5165;6616;True;True;True;0
10099;5164;6616;True;False;True;0
10100;5166;6617;True;True;True;0
10101;5165;6617;True;True;True;0
10102;5168;6618;True;True;True;0
10103;5167;6618;True;False;True;0
10104;5169;6619;True;True;True;0
10105;5168;6619;True;True;True;0
10106;5170;6620;True;True;True;0
10107;5169;6620;True;True;True;0
10108;5171;6621;True;True;True;0
10109;5170;6621;True;True;True;0
10110;5172;6622;True;True;True;0
10111;5171;6622;True;True;True;0
10112;5173;6623;True;True;True;0
10113;5172;6623;True;True;True;0
10114;5174;6624;True;True;True;0
10115;5173;6624;True;True;True;0
10116;5175;6625;True;False;True;0
10117;5174;6625;True;True;True;0
10118;5176;6626;True;True;True;0
10119;5175;6626;True;False;True;0
10120;5178;6627;True;True;True;0
10121;5177;6627;True;False;True;0
10122;5179;6628;True;True;True;0
10123;5178;6628;True;True;True;0
10124;5180;6629;True;True;True;0
10125;5179;6629;True;True;True;0
10126;5181;6630;True;True;True;0
10127;5180;6630;True;True;True;0
10128;5182;6631;True;True;True;0
10129;5181;6631;True;True;True;0
10130;5183;6632;True;False;True;0
10131;5182;6632;True;True;True;0
10132;5185;6633;True;False;True;0
10133;5186;6633;True;True;True;0
10134;5186;6634;True;True;True;0
10135;5187;6634;True;True;True;0
10136;5187;6635;True;True;True;0
10137;5188;6635;True;True;True;0
10138;5188;6636;True;True;True;0
10139;5189;6636;True;True;True;0
10140;5189;6637;True;True;True;0
10141;5190;6637;True;False;True;0
10142;5191;6638;True;False;True;0
10143;5192;6638;True;True;True;0
10144;5192;6639;True;True;True;0
10145;5193;6639;True;True;True;0
10146;5193;6640;True;True;True;0
10147;5194;6640;True;True;True;0
10148;5194;6641;True;True;True;0
10149;5195;6641;True;True;True;0
10150;5195;6642;True;True;True;0
10151;5196;6642;True;True;True;0
10152;5196;6643;True;True;True;0
10153;5197;6643;True;False;True;0
10154;5199;6644;True;True;True;0
10155;5166;6644;True;True;True;0
10156;5200;6645;True;True;True;0
10157;5199;6645;True;True;True;0
10158;5202;6646;True;True;True;0
10159;5201;6646;True;False;True;0
10160;5203;6647;True;True;True;0
10161;5202;6647;True;True;True;0
10162;5204;6648;True;True;True;0
10163;5203;6648;True;True;True;0
10164;5205;6649;True;True;True;0
10165;5204;6649;True;True;True;0
10166;5206;6650;True;True;True;0
10167;5205;6650;True;True;True;0
10168;5209;6651;True;True;True;0
10169;5210;6651;True;True;True;0
10170;4913;6652;True;True;True;0
10171;5209;6652;True;True;True;0
10172;5211;6653;True;True;True;0
10173;5212;6653;True;True;True;0
10174;5081;6654;True;True;True;0
10175;5211;6654;True;True;True;0
10176;5210;6655;True;True;True;0
10177;5213;6655;True;True;True;0
10178;5214;6656;True;True;True;0
10179;5215;6656;True;True;True;0
10180;5213;6657;True;True;True;0
10181;5214;6657;True;True;True;0
10182;5215;6658;True;True;True;0
10183;5216;6658;True;True;True;0
10184;5216;6659;True;True;True;0
10185;5217;6659;True;True;True;0
10186;5217;6660;True;True;True;0
10187;5218;6660;True;True;True;0
10188;5218;6661;True;True;True;0
10189;5240;6661;False;False;True;0
10190;5219;6661;True;True;True;0
10191;5219;6662;True;True;True;0
10192;5220;6662;True;True;True;0
10193;5220;6663;True;True;True;80.5
10194;5370;6663;False;False;True;161
10195;5221;6663;True;False;True;80.5
10196;5222;6664;True;True;True;40
10197;4432;6664;True;True;True;40
10198;5212;6665;True;True;True;0
10199;5223;6665;True;False;True;0
10200;5224;6666;True;True;True;0
10201;5223;6666;False;False;True;0
10202;5225;6666;True;True;True;0
10203;5225;6667;True;True;True;0
10204;5226;6667;True;True;True;0
10205;5226;6668;True;True;True;0
10206;5227;6668;True;True;True;0
10207;5227;6669;True;True;True;0
10208;5228;6669;True;True;True;0
10209;5228;6670;True;True;True;0
10210;5229;6670;True;True;True;0
10211;5229;6671;True;True;True;0
10212;5230;6671;True;True;True;0
10213;5230;6672;True;True;True;0
10214;5240;6672;False;False;True;0
10215;5231;6672;True;False;True;0
10216;5231;6673;True;False;True;0
10217;5272;6673;False;False;True;0
10218;5246;6673;False;False;True;0
10219;5239;6673;False;False;True;0
10220;5232;6673;True;False;True;0
10221;5232;6674;True;False;True;0
10222;5241;6674;False;False;True;0
10223;5233;6674;True;True;True;0
10224;5233;6675;True;True;True;30
10225;5234;6675;True;True;True;30
10226;5234;6676;True;True;True;40
10227;5235;6676;True;True;True;40
10228;5235;6677;True;True;True;0
10229;5236;6677;False;False;True;0
10230;5222;6677;True;True;True;0
10231;5237;6678;True;True;True;40
10232;5236;6678;True;True;True;40
10233;5239;6679;True;False;True;41.5
10234;5238;6679;True;False;True;41.5
10235;5242;6680;True;False;True;80.5
10236;5249;6680;False;False;True;161
10237;5241;6680;True;False;True;80.5
10238;5243;6681;True;False;True;43
10239;5242;6681;True;False;True;43
10240;5244;6682;True;True;True;98.5
10241;5245;6682;False;False;True;197
10242;5243;6682;True;False;True;98.5
10243;5247;6683;True;False;True;35.5
10244;5249;6683;False;False;True;71
10245;5246;6683;True;False;True;35.5
10246;5248;6684;True;True;True;0
10247;5245;6684;False;False;True;0
10248;5247;6684;True;False;True;0
10249;5250;6685;True;False;True;70.5
10250;5251;6685;False;False;True;141
10251;5244;6685;True;True;True;70.5
10252;5254;6686;True;False;True;40
10253;5252;6686;False;False;True;80
10254;5250;6686;True;False;True;40
10255;5253;6687;True;False;True;0
10256;5252;6687;True;False;True;0
10257;5255;6688;True;False;False;0
10258;5254;6688;True;False;False;0
10259;5256;6689;True;False;True;40
10260;5257;6689;False;True;True;80
10261;5251;6689;True;False;True;40
10262;5258;6690;True;False;True;0
10263;5256;6690;True;False;True;0
10264;5259;6691;True;True;True;0
10265;5257;6691;True;True;True;0
10266;5260;6692;True;True;True;0
10267;5261;6692;False;False;True;0
10268;5248;6692;True;True;True;0
10269;5262;6693;True;False;True;0
10270;5265;6693;False;False;True;0
10271;5261;6693;True;False;True;0
10272;5263;6694;True;True;True;48
10273;5262;6694;True;False;True;48
10274;5264;6695;True;True;True;30
10275;5263;6695;True;True;True;30
10276;5266;6696;True;True;True;51
10277;5265;6696;True;False;True;51
10278;5267;6697;True;True;True;30
10279;5266;6697;True;True;True;30
10280;5268;6698;True;False;True;0
10281;5269;6698;False;False;True;0
10282;5260;6698;True;True;True;0
10283;5270;6699;True;False;False;0
10284;5269;6699;True;False;False;0
10285;5271;6700;True;True;True;60
10286;5268;6700;True;False;True;60
10287;5273;6701;True;False;True;0
10288;5274;6701;False;False;True;0
10289;5272;6701;True;False;True;0
10290;5275;6702;True;False;False;0
10291;5273;6702;True;False;False;0
10292;5276;6703;True;False;True;0
10293;5277;6703;False;True;True;0
10294;5274;6703;True;False;True;0
10295;5278;6704;True;False;True;62
10296;5277;6704;True;True;True;62
10297;5279;6705;True;True;True;40
10298;5253;6705;True;False;True;40
10299;5280;6706;True;False;False;0
10300;5275;6706;True;False;False;0
10301;5281;6707;True;False;False;0
10302;5276;6707;True;False;False;0
10303;5282;6708;True;False;False;0
10304;5281;6708;True;False;False;0
10305;5283;6709;True;True;True;0
10306;5278;6709;True;False;True;0
10307;5284;6710;True;False;True;40
10308;5283;6710;True;True;True;40
10309;5285;6711;True;True;True;30
10310;5271;6711;True;True;True;30
10311;5286;6712;True;True;True;40
10312;5285;6712;True;True;True;40
10313;5287;6713;True;False;False;0
10314;5270;6713;True;False;False;0
10315;5288;6714;True;False;False;0
10316;5287;6714;True;False;False;0
10317;5289;6715;True;True;True;40
10318;5264;6715;True;True;True;40
10319;5290;6716;True;True;False;0
10320;5267;6716;True;False;False;0
10321;5291;6717;True;True;True;40
10322;5258;6717;True;False;True;40
10323;5292;6718;True;True;False;40
10324;5259;6718;True;True;False;40
10325;5293;6719;True;False;False;0
10326;5255;6719;True;False;False;0
10327;5294;6720;True;False;True;30
10328;5279;6720;True;True;True;30
10329;5295;6721;True;False;False;0
10330;5294;6721;True;False;False;0
10331;5296;6722;True;False;False;0
10332;5293;6722;True;False;False;0
10333;5297;6723;True;False;False;0
10334;5296;6723;True;False;False;0
10335;5297;6724;True;False;False;0
10336;5295;6724;False;False;False;0
10337;5298;6724;True;True;False;0
10338;5298;6725;True;True;True;46
10339;6116;3042;True;False;False;0
10340;5299;6725;True;False;True;46
10341;5299;6726;True;False;True;0
10342;5301;6726;True;False;True;0
10343;5302;6727;True;True;True;30
10344;5292;6727;True;True;True;30
10345;5303;6728;True;False;True;53
10346;5302;6728;True;True;True;53
10347;5304;6729;True;True;True;30
10348;5291;6729;True;True;True;30
10349;5305;6730;True;False;False;0
10350;5304;6730;True;True;False;0
10351;5305;6731;True;False;True;0
10352;5303;6731;False;False;True;0
10353;5306;6731;True;False;True;0
10354;5307;6732;True;False;True;30
10355;5290;6732;True;True;True;30
10356;5308;6733;True;True;True;40
10357;5307;6733;True;False;True;40
10358;5309;6734;True;True;True;30
10359;5289;6734;True;True;True;30
10360;5310;6735;True;False;True;40
10361;5309;6735;True;True;True;40
10362;5310;6736;True;False;True;30
10363;5308;6736;False;True;True;0
10364;5311;6736;True;False;True;30
10365;5311;6737;True;False;False;0
10366;5306;6737;False;False;False;0
10367;5312;6737;True;False;False;0
10368;5312;6738;True;False;False;0
10369;6118;7376;False;False;True;0
10370;5313;6738;True;False;False;0
10371;5313;6739;True;False;False;0
10372;6123;7375;False;False;True;0
10373;5315;6739;True;False;False;0
10374;5316;6740;True;False;False;0
10375;5288;6740;True;False;False;0
10376;5317;6741;True;False;False;0
10377;5286;6741;True;True;False;0
10378;5317;6742;True;False;False;0
10379;5316;6742;False;False;False;0
10380;5318;6742;True;False;False;0
10381;5319;6743;True;False;True;0
10382;5284;6743;True;False;True;0
10383;5320;6744;True;False;True;31.5
10384;5319;6744;True;False;True;31.5
10385;5321;6745;True;False;False;0
10386;5282;6745;True;False;False;0
10387;5322;6746;True;False;False;0
10388;5321;6746;True;False;False;0
10389;5323;6747;True;False;False;0
10390;5280;6747;True;False;False;0
10391;5324;6748;True;False;False;0
10392;5323;6748;True;False;False;0
10393;5322;6749;True;False;True;0
10394;5324;6749;False;False;True;0
10395;5320;6749;False;False;True;0
10396;5318;6749;False;False;True;0
10397;5325;6749;True;False;True;0
10398;5325;6750;True;False;True;40
10399;4127;3043;True;False;True;555
10400;5326;6750;True;False;True;40
10401;5326;6751;True;False;True;0
10402;5351;6751;False;False;True;0
10403;5327;6751;True;False;True;0
10404;5327;6752;True;False;False;0
10405;5328;6752;True;False;False;0
10406;5328;6753;True;False;False;0
10407;5352;6753;False;False;False;0
10408;5329;6753;True;False;False;0
10409;5329;6754;True;False;False;0
10410;5353;6754;False;False;False;0
10411;5330;6754;True;False;False;0
10412;5330;6755;True;False;False;0
10413;5331;6755;True;False;False;0
10414;5331;6756;True;False;False;0
10415;5332;6756;True;False;False;0
10416;5315;6757;True;False;False;0
10417;5350;6757;False;False;False;0
10418;5333;6757;True;False;False;0
10419;5333;6758;True;False;False;0
10420;5351;6758;False;False;False;0
10421;5334;6758;True;False;False;0
10422;5334;6759;True;False;False;0
10423;5335;6759;True;False;False;0
10424;5335;6760;True;False;False;0
10425;5352;6760;False;False;False;0
10426;5336;6760;True;False;False;0
10427;5336;6761;True;False;False;0
10428;5353;6761;False;False;False;0
10429;5337;6761;True;False;False;0
10430;5337;6762;True;False;False;0
10431;5338;6762;True;False;False;0
10432;5338;6763;True;False;False;0
10433;5339;6763;True;False;False;0
10434;5339;6764;True;False;False;0
10435;5340;6764;True;False;False;0
10436;5340;6765;True;False;False;0
10437;5341;6765;True;False;False;0
10438;5341;6766;True;False;False;0
10439;5342;6766;True;False;False;0
10440;5301;6767;True;False;True;40
10441;5350;6767;False;False;True;80
10442;5343;6767;True;False;True;40
10443;5343;6768;True;True;True;30
10444;5344;6768;True;True;True;30
10445;5344;6769;True;True;True;35
10446;5345;6769;True;True;True;35
10447;5345;6770;True;True;True;30
10448;5346;6770;True;True;True;30
10449;5346;6771;True;True;True;35
10450;5347;6771;True;True;True;35
10451;5347;6772;True;True;True;30
10452;5348;6772;True;True;True;30
10453;5348;6773;True;True;True;40
10454;5349;6773;True;True;True;40
10455;5349;6774;True;True;True;30
10456;5371;6774;False;False;True;0
10457;5354;6774;True;True;True;30
10458;5354;6775;True;True;True;40
10459;5355;6775;True;True;True;40
10460;5355;6776;True;True;True;30
10461;5356;6776;True;True;True;30
10462;5356;6777;True;True;True;40
10463;5372;6777;False;False;True;80
10464;5357;6777;True;True;True;40
10465;5357;6778;True;True;True;30
10466;5358;6778;True;True;True;30
10467;5358;6779;True;True;True;35
10468;5359;6779;True;True;True;35
10469;5359;6780;True;True;True;30
10470;5360;6780;True;False;True;30
10471;5342;6781;True;False;False;0
10472;5371;6781;False;False;False;0
10473;5361;6781;True;False;False;0
10474;5361;6782;True;False;False;0
10475;5362;6782;True;False;False;0
10476;5362;6783;True;False;False;0
10477;5363;6783;True;False;False;0
10478;5363;6784;True;False;False;0
10479;5372;6784;False;False;False;0
10480;5364;6784;True;False;False;0
10481;5364;6785;True;False;False;0
10482;5365;6785;True;False;False;0
10483;5365;6786;True;False;False;0
10484;5366;6786;True;False;False;0
10485;5366;6787;True;False;False;0
10486;5367;6787;True;False;False;0
10487;5367;6788;True;False;True;30
10488;5368;6788;True;True;True;30
10489;5368;6789;True;True;True;30
10490;5369;6789;True;True;True;30
10491;5369;6790;True;True;False;40
10492;5370;6790;True;False;False;40
10493;5373;6791;True;True;True;30
10494;5374;6791;True;True;True;30
10495;5374;6792;True;True;True;52
10496;5375;6792;True;True;True;52
10497;5375;6793;True;True;True;30
10498;5376;6793;True;True;True;30
10499;5376;6794;True;True;True;40.5
10500;5377;6794;True;False;True;40.5
10501;5377;6795;True;False;True;31
10502;5378;6795;True;False;True;31
10503;5378;6796;True;False;True;41
10504;5379;6796;True;False;True;41
10505;5379;6797;True;False;True;30.5
10506;5380;6797;True;True;True;30.5
10507;5380;6798;True;True;True;40
10508;5381;6798;True;True;True;40
10509;5381;6799;True;True;True;30
10510;5382;6799;True;True;True;30
10511;5382;6800;True;True;True;40
10512;5383;6800;True;True;True;40
10513;5383;6801;True;True;True;30
10514;5384;6801;True;True;True;30
10515;5384;6802;True;True;True;40
10516;5385;6802;True;True;True;40
10517;5385;6803;True;True;True;30
10518;5386;6803;True;True;True;30
10519;5386;6804;True;True;True;40
10520;5387;6804;True;True;True;40
10521;5387;6805;True;True;True;30
10522;5388;6805;True;True;True;30
10523;5388;6806;True;True;True;40.5
10524;5389;6806;True;False;True;40.5
10525;5389;6807;True;False;True;31
10526;5390;6807;True;False;True;31
10527;5390;6808;True;False;True;40.5
10528;5391;6808;True;True;True;40.5
10529;5391;6809;True;True;True;30
10530;5392;6809;True;True;True;30
10531;5392;6810;True;True;True;40.5
10532;5393;6810;True;False;True;40.5
10533;5393;6811;True;False;True;0
10534;5394;6811;True;False;True;0
10535;5394;6812;True;False;True;40
10536;5614;6812;False;True;True;0
10537;5395;6812;True;False;True;40
10538;5395;6813;True;False;True;30.5
10539;5396;6813;True;True;True;30.5
10540;5396;6814;True;True;True;42
10541;5397;6814;True;False;True;42
10542;5397;6815;True;False;True;0
10543;5398;6815;True;False;True;0
10544;5398;6816;True;False;True;41
10545;5615;6816;False;True;True;82
10546;5399;6816;True;False;True;41
10547;5399;6817;True;False;True;30.5
10548;5400;6817;True;True;True;30.5
10549;5400;6818;True;True;True;40
10550;5401;6818;True;True;True;40
10551;5401;6819;True;True;True;30
10552;5402;6819;True;True;True;30
10553;5402;6820;True;True;True;40
10554;5403;6820;True;True;True;40
10555;5403;6821;True;True;True;30
10556;5404;6821;True;True;True;30
10557;5404;6822;True;True;True;40
10558;5405;6822;True;True;True;40
10559;5405;6823;True;True;True;30
10560;5406;6823;True;True;True;30
10561;5406;6824;True;True;True;40
10562;5407;6824;True;True;True;40
10563;5407;6825;True;True;True;30
10564;5408;6825;True;True;True;30
10565;5408;6826;True;True;True;40
10566;5409;6826;True;True;True;40
10567;5409;6827;True;True;True;30
10568;5410;6827;True;True;True;30
10569;5410;6828;True;True;True;40.5
10570;5411;6828;True;False;True;40.5
10571;5411;6829;True;False;True;0
10572;5412;6829;True;False;True;0
10573;5412;6830;True;False;True;41
10574;5616;6830;False;True;True;82
10575;5617;6830;False;True;True;82
10576;5413;6830;True;False;True;41
10577;5413;6831;True;False;True;31
10578;5414;6831;True;False;True;31
10579;5414;6832;True;False;True;44.5
10580;5415;6832;True;False;True;44.5
10581;5415;6833;True;False;True;31
10582;5416;6833;True;False;True;31
10583;5416;6834;True;False;True;41
10584;5618;6834;False;True;True;82
10585;5417;6834;True;False;True;41
10586;5417;6835;True;False;True;0
10587;5418;6835;True;False;True;0
10588;5418;6836;True;False;True;41
10589;5419;6836;True;False;True;41
10590;5419;6837;True;False;True;30.5
10591;5420;6837;True;True;True;30.5
10592;5420;6838;True;True;True;37
10593;5421;6838;True;False;True;37
10594;5421;6839;True;False;True;31
10595;5620;6839;False;True;True;62
10596;5422;6839;True;False;True;31
10597;5422;6840;True;False;True;41
10598;5423;6840;True;False;True;41
10599;5423;6841;True;False;True;30.5
10600;5424;6841;True;True;True;30.5
10601;5424;6842;True;True;True;40
10602;5425;6842;True;True;True;40
10603;5425;6843;True;True;True;30
10604;5426;6843;True;True;True;30
10605;5426;6844;True;True;True;40
10606;5427;6844;True;True;True;40
10607;5427;6845;True;True;True;30.5
10608;5428;6845;True;False;True;30.5
10609;5428;6846;True;False;True;40.5
10610;5429;6846;True;True;True;40.5
10611;5429;6847;True;True;True;30.5
10612;5430;6847;True;False;True;30.5
10613;5430;6848;True;False;True;41
10614;5431;6848;True;False;True;41
10615;5431;6849;True;False;True;31
10616;5623;6849;False;True;True;62
10617;5624;6849;False;True;True;62
10618;5432;6849;True;False;True;31
10619;5432;6850;True;False;True;41
10620;5433;6850;True;False;True;41
10621;5433;6851;True;False;True;31
10622;5434;6851;True;False;True;31
10623;5434;6852;True;False;True;40.5
10624;5435;6852;True;True;True;40.5
10625;5435;6853;True;True;True;30.5
10626;5436;6853;True;False;True;30.5
10627;5436;6854;True;False;True;40.5
10628;5437;6854;True;True;True;40.5
10629;5437;6855;True;True;True;30
10630;5438;6855;True;True;True;30
10631;5438;6856;True;True;True;40
10632;5439;6856;True;True;True;40
10633;5439;6857;True;True;True;30
10634;5440;6857;True;True;True;30
10635;5440;6858;True;True;True;40
10636;5441;6858;True;True;True;40
10637;5441;6859;True;True;True;30
10638;5442;6859;True;True;True;30
10639;5442;6860;True;True;True;40
10640;5443;6860;True;True;True;40
10641;5443;6861;True;True;True;30
10642;5444;6861;True;True;True;30
10643;5444;6862;True;True;True;40
10644;5445;6862;True;True;True;40
10645;5445;6863;True;True;True;30
10646;5446;6863;True;True;True;30
10647;5446;6864;True;True;True;40
10648;5447;6864;True;True;True;40
10649;5447;6865;True;True;True;30
10650;5448;6865;True;True;True;30
10651;5448;6866;True;True;True;40
10652;5449;6866;True;True;True;40
10653;5449;6867;True;True;True;30
10654;5450;6867;True;True;True;30
10655;5450;6868;True;True;True;40
10656;5451;6868;True;True;True;40
10657;5451;6869;True;True;True;30
10658;5452;6869;True;True;True;30
10659;5452;6870;True;True;True;40
10660;5453;6870;True;True;True;40
10661;5453;6871;True;True;True;30
10662;5454;6871;True;True;True;30
10663;5454;6872;True;True;True;40.5
10664;5455;6872;True;False;True;40.5
10665;5455;6873;True;False;True;31
10666;5625;6873;False;True;True;62
10667;5626;6873;False;True;True;62
10668;5456;6873;True;False;True;31
10669;5456;6874;True;False;True;0
10670;5457;6874;True;False;True;0
10671;5457;6875;True;False;True;30.5
10672;5458;6875;True;True;True;30.5
10673;5458;6876;True;True;True;40
10674;5459;6876;True;True;True;40
10675;5459;6877;True;True;True;30
10676;5460;6877;True;True;True;30
10677;5460;6878;True;True;True;40
10678;5461;6878;True;True;True;40
10679;5461;6879;True;True;True;30.5
10680;5462;6879;True;False;True;30.5
10681;5462;6880;True;False;True;41
10682;5463;6880;True;False;True;41
10683;5463;6881;True;False;True;30.5
10684;5464;6881;True;True;True;30.5
10685;5464;6882;True;True;True;40
10686;5465;6882;True;True;True;40
10687;5465;6883;True;True;True;30
10688;5466;6883;True;True;True;30
10689;5466;6884;True;True;True;40.5
10690;5467;6884;True;False;True;40.5
10691;5467;6885;True;False;True;30
10692;5468;6885;True;True;True;30
10693;5468;6886;True;True;True;40
10694;5469;6886;True;True;True;40
10695;5469;6887;True;True;True;30
10696;5470;6887;True;True;True;30
10697;5470;6888;True;True;True;40.5
10698;5471;6888;True;False;True;40.5
10699;5471;6889;True;False;True;30.5
10700;5472;6889;True;True;True;30.5
10701;5472;6890;True;True;True;40
10702;5473;6890;True;True;True;40
10703;5473;6891;True;True;True;30
10704;5474;6891;True;True;True;30
10705;5474;6892;True;True;True;40
10706;5475;6892;True;True;True;40
10707;5475;6893;True;True;True;30.5
10708;5476;6893;True;False;True;30.5
10709;5476;6894;True;False;True;41
10710;5477;6894;True;False;True;41
10711;5477;6895;True;False;True;30.5
10712;5478;6895;True;True;True;30.5
10713;5478;6896;True;True;True;40
10714;5479;6896;True;True;True;40
10715;5479;6897;True;True;True;30
10716;5480;6897;True;True;True;30
10717;5480;6898;True;True;True;40
10718;5481;6898;True;True;True;40
10719;5481;6899;True;True;True;30
10720;5482;6899;True;True;True;30
10721;5482;6900;True;True;True;40.5
10722;5483;6900;True;False;True;40.5
10723;5483;6901;True;False;True;31
10724;5627;6901;False;True;True;62
10725;5484;6901;True;False;True;31
10726;5484;6902;True;False;True;41
10727;5485;6902;True;False;True;41
10728;5485;6903;True;False;True;31
10729;5486;6903;True;False;True;31
10730;5486;6904;True;False;True;41
10731;5487;6904;True;False;True;41
10732;5487;6905;True;False;True;30
10733;5629;6905;False;True;True;62
10734;5488;6905;True;False;True;30
10735;5488;6906;True;False;True;40.5
10736;5489;6906;True;True;True;40.5
10737;5489;6907;True;True;True;30
10738;5490;6907;True;True;True;30
10739;5490;6908;True;True;True;40
10740;5491;6908;True;True;True;40
10741;5491;6909;True;True;True;26
10742;5492;6909;True;True;True;26
10743;5492;6910;True;True;True;40
10744;5493;6910;True;True;True;40
10745;5494;6911;True;True;True;40
10746;5495;6911;True;True;True;40
10747;5495;6912;True;True;True;30
10748;5496;6912;True;True;True;30
10749;5496;6913;True;True;True;39.5
10750;5497;6913;True;True;True;39.5
10751;5497;6914;True;True;True;30
10752;5498;6914;True;True;True;30
10753;5498;6915;True;True;True;40.5
10754;5499;6915;True;False;True;40.5
10755;5499;6916;True;False;True;31
10756;5500;6916;True;False;True;31
10757;5500;6917;True;False;True;40.5
10758;5501;6917;True;True;True;40.5
10759;5501;6918;True;True;True;30
10760;5502;6918;True;True;True;30
10761;5502;6919;True;True;True;40
10762;5503;6919;True;True;True;40
10763;5503;6920;True;True;True;30
10764;5504;6920;True;True;True;30
10765;5504;6921;True;True;True;40
10766;5505;6921;True;True;True;40
10767;5505;6922;True;True;True;30
10768;5506;6922;True;True;True;30
10769;5506;6923;True;True;True;40
10770;5507;6923;True;True;True;40
10771;5507;6924;True;True;True;30
10772;5508;6924;True;True;True;30
10773;5508;6925;True;True;True;40
10774;5509;6925;True;True;True;40
10775;5509;6926;True;True;True;30.5
10776;5510;6926;True;False;True;30.5
10777;5510;6927;True;False;True;40.5
10778;5511;6927;True;True;True;40.5
10779;5511;6928;True;True;True;30
10780;5512;6928;True;True;True;30
10781;5512;6929;True;True;True;40
10782;5513;6929;True;True;True;40
10783;5513;6930;True;True;True;30.5
10784;5514;6930;True;False;True;30.5
10785;5514;6931;True;False;True;41
10786;5614;6931;False;True;True;82
10787;5515;6931;True;False;True;41
10788;5515;6932;True;False;True;31
10789;5516;6932;True;False;True;31
10790;5516;6933;True;False;True;41.5
10791;5517;6933;True;False;True;41.5
10792;5517;6934;True;False;True;31
10793;5518;6934;True;False;True;31
10794;5518;6935;True;False;True;41
10795;5615;6935;False;True;True;82
10796;5519;6935;True;False;True;41
10797;5519;6936;True;False;True;30.5
10798;5520;6936;True;True;True;30.5
10799;5520;6937;True;True;True;40
10800;5521;6937;True;True;True;40
10801;5521;6938;True;True;True;30
10802;5522;6938;True;True;True;30
10803;5522;6939;True;True;True;40.5
10804;5523;6939;True;False;True;40.5
10805;5523;6940;True;False;True;30.5
10806;5524;6940;True;True;True;30.5
10807;5524;6941;True;True;True;40
10808;5525;6941;True;True;True;40
10809;5525;6942;True;True;True;30
10810;5526;6942;True;True;True;30
10811;5526;6943;True;True;True;40
10812;5527;6943;True;True;True;40
10813;5527;6944;True;True;True;30
10814;5528;6944;True;True;True;30
10815;5528;6945;True;True;True;40
10816;5529;6945;True;True;True;40
10817;5529;6946;True;True;True;30
10818;5530;6946;True;True;True;30
10819;5530;6947;True;True;True;40
10820;5531;6947;True;True;True;40
10821;5531;6948;True;True;True;30.5
10822;5532;6948;True;False;True;30.5
10823;5532;6949;True;False;True;41
10824;5533;6949;True;False;True;41
10825;5533;6950;True;False;True;31
10826;5534;6950;True;False;True;31
10827;5534;6951;True;False;True;41
10828;5616;6951;False;True;True;82
10829;5535;6951;True;False;True;41
10830;5535;6952;True;False;True;31
10831;5617;6952;False;True;True;62
10832;5536;6952;True;False;True;31
10833;5536;6953;True;False;True;41
10834;5537;6953;True;False;True;41
10835;5537;6954;True;False;True;31
10836;5538;6954;True;False;True;31
10837;5538;6955;True;False;True;41
10838;5539;6955;True;False;True;41
10839;5539;6956;True;False;True;31
10840;5619;6956;False;True;True;62
10841;5540;6956;True;False;True;31
10842;5540;6957;True;False;True;0
10843;5541;6957;True;False;True;0
10844;5541;6958;True;False;True;31
10845;5542;6958;True;False;True;31
10846;5542;6959;True;False;True;40.5
10847;5543;6959;True;True;True;40.5
10848;5543;6960;True;True;True;30.5
10849;5544;6960;True;False;True;30.5
10850;5544;6961;True;False;True;41
10851;5621;6961;False;True;True;82
10852;5545;6961;True;False;True;41
10853;5545;6962;True;False;True;31
10854;5546;6962;True;False;True;31
10855;5546;6963;True;False;True;41
10856;5547;6963;True;False;True;41
10857;5547;6964;True;False;True;30.5
10858;5548;6964;True;True;True;30.5
10859;5548;6965;True;True;True;40.5
10860;5549;6965;True;False;True;40.5
10861;5549;6966;True;False;True;31
10862;5550;6966;True;False;True;31
10863;5550;6967;True;False;True;41
10864;5622;6967;False;False;True;82
10865;5551;6967;True;False;True;41
10866;5551;6968;True;False;True;30.5
10867;5552;6968;True;True;True;30.5
10868;5552;6969;True;True;True;40
10869;5553;6969;True;True;True;40
10870;5553;6970;True;True;True;30
10871;5554;6970;True;True;True;30
10872;5554;6971;True;True;True;40.5
10873;5555;6971;True;False;True;40.5
10874;5555;6972;True;False;True;31
10875;5623;6972;False;True;True;62
10876;5556;6972;True;False;True;31
10877;5556;6973;True;False;True;41
10878;5624;6973;False;True;True;82
10879;5557;6973;True;False;True;41
10880;5557;6974;True;False;True;30.5
10881;5558;6974;True;True;True;30.5
10882;5558;6975;True;True;True;40
10883;5559;6975;True;True;True;40
10884;5559;6976;True;True;True;30.5
10885;5560;6976;True;False;True;30.5
10886;5560;6977;True;False;True;41
10887;5561;6977;True;False;True;41
10888;5561;6978;True;False;True;30.5
10889;5562;6978;True;True;True;30.5
10890;5562;6979;True;True;True;40
10891;5563;6979;True;True;True;40
10892;5563;6980;True;True;True;30
10893;5564;6980;True;True;True;30
10894;5564;6981;True;True;True;40
10895;5565;6981;True;True;True;40
10896;5565;6982;True;True;True;30
10897;5566;6982;True;True;True;30
10898;5566;6983;True;True;True;40
10899;5567;6983;True;True;True;40
10900;5567;6984;True;True;True;30
10901;5568;6984;True;True;True;30
10902;5568;6985;True;True;True;40
10903;5569;6985;True;True;True;40
10904;5569;6986;True;True;True;30
10905;5570;6986;True;True;True;30
10906;5570;6987;True;True;True;40
10907;5571;6987;True;True;True;40
10908;5571;6988;True;True;True;30
10909;5572;6988;True;True;True;30
10910;5572;6989;True;True;True;40
10911;5573;6989;True;True;True;40
10912;5573;6990;True;True;True;30
10913;5574;6990;True;True;True;30
10914;5574;6991;True;True;True;40
10915;5575;6991;True;True;True;40
10916;5575;6992;True;True;True;30
10917;5576;6992;True;True;True;30
10918;5576;6993;True;True;True;40
10919;5577;6993;True;True;True;40
10920;5577;6994;True;True;True;30
10921;5578;6994;True;True;True;30
10922;5578;6995;True;True;True;40.5
10923;5579;6995;True;False;True;40.5
10924;5579;6996;True;False;True;31
10925;5625;6996;False;True;True;62
10926;5580;6996;True;False;True;31
10927;5580;6997;True;False;True;41
10928;5626;6997;False;True;True;82
10929;5581;6997;True;False;True;41
10930;5581;6998;True;False;True;30.5
10931;5582;6998;True;True;True;30.5
10932;5582;6999;True;True;True;40
10933;5583;6999;True;True;True;40
10934;5583;7000;True;True;True;30
10935;5584;7000;True;True;True;30
10936;5584;7001;True;True;True;40
10937;5585;7001;True;True;True;40
10938;5585;7002;True;True;True;30
10939;5586;7002;True;True;True;30
10940;5586;7003;True;True;True;40
10941;5587;7003;True;True;True;40
10942;5587;7004;True;True;True;30
10943;5588;7004;True;True;True;30
10944;5588;7005;True;True;True;40
10945;5589;7005;True;True;True;40
10946;5589;7006;True;True;True;30
10947;5590;7006;True;True;True;30
10948;5590;7007;True;True;True;40.5
10949;5591;7007;True;False;True;40.5
10950;5591;7008;True;False;True;30.5
10951;5592;7008;True;True;True;30.5
10952;5592;7009;True;True;True;40
10953;5593;7009;True;True;True;40
10954;5593;7010;True;True;True;30
10955;5594;7010;True;True;True;30
10956;5594;7011;True;True;True;40
10957;5595;7011;True;True;True;40
10958;5595;7012;True;True;True;30.5
10959;5596;7012;True;False;True;30.5
10960;5596;7013;True;False;True;41
10961;5597;7013;True;False;True;41
10962;5597;7014;True;False;True;30.5
10963;5598;7014;True;True;True;30.5
10964;5598;7015;True;True;True;40
10965;5599;7015;True;True;True;40
10966;5599;7016;True;True;True;30
10967;5600;7016;True;True;True;30
10968;5600;7017;True;True;True;40
10969;5601;7017;True;True;True;40
10970;5601;7018;True;True;True;30
10971;5602;7018;True;True;True;30
10972;5602;7019;True;True;True;40.5
10973;5603;7019;True;False;True;40.5
10974;5603;7020;True;False;True;31
10975;5628;7020;False;True;True;62
10976;5604;7020;True;False;True;31
10977;5604;7021;True;False;True;41
10978;5605;7021;True;False;True;41
10979;5605;7022;True;False;True;31
10980;5606;7022;True;False;True;31
10981;5606;7023;True;False;True;41
10982;5607;7023;True;False;True;41
10983;5607;7024;True;False;True;31
10984;5630;7024;False;True;True;62
10985;5608;7024;True;False;True;31
10986;5608;7025;True;False;True;40.5
10987;5609;7025;True;True;True;40.5
10988;5609;7026;True;True;True;30
10989;5610;7026;True;True;True;30
10990;5610;7027;True;True;True;40
10991;5611;7027;True;True;True;40
10992;5611;7028;True;True;True;26
10993;5612;7028;True;True;True;26
10994;5612;7029;True;True;True;40
10995;5613;7029;True;True;True;40
10996;4316;7030;True;True;True;40
10997;5631;7030;True;True;True;40
10998;5631;7031;True;True;True;35
10999;5815;7031;False;False;True;70
11000;5633;7031;False;False;True;70
11001;5632;7031;True;False;True;35
11002;5633;7032;True;False;True;40
11003;5634;7032;True;True;True;40
11004;5634;7033;True;True;True;30
11005;5635;7033;True;True;True;30
11006;5635;7034;True;True;True;40
11007;5636;7034;True;True;True;40
11008;5636;7035;True;True;True;67.5
11009;5637;7035;True;True;True;67.5
11010;5637;7036;True;True;True;40
11011;5638;7036;True;True;True;40
11012;5638;7037;True;True;True;30
11013;5639;7037;True;True;True;30
11014;5639;7038;True;True;True;40
11015;5640;7038;True;True;True;40
11016;5640;7039;True;True;True;0
11017;5641;7039;True;False;True;0
11018;5641;7040;True;False;True;59.5
11019;5642;7040;True;True;True;59.5
11020;5642;7041;True;True;True;30
11021;5643;7041;True;True;True;30
11022;5643;7042;True;True;True;40
11023;5644;7042;True;True;True;40
11024;5644;7043;True;True;True;0
11025;5645;7043;True;True;True;0
11026;5645;7044;True;True;True;40
11027;5679;7044;False;False;True;80
11028;5646;7044;True;True;True;40
11029;5646;7045;True;True;True;76
11030;5647;7045;True;True;True;76
11031;5647;7046;True;True;True;40
11032;5648;7046;True;True;True;40
11033;5648;7047;True;True;True;30
11034;5649;7047;True;True;True;30
11035;5649;7048;True;True;True;59
11036;5650;7048;True;True;True;59
11037;5650;7049;True;True;True;30
11038;5651;7049;True;True;True;30
11039;5651;7050;True;True;True;40
11040;5858;7050;False;False;True;80
11041;5652;7050;True;True;True;40
11042;5652;7051;True;True;True;36
11043;5653;7051;True;True;True;36
11044;5653;7052;True;True;True;40
11045;5688;7052;False;False;True;80
11046;5654;7052;True;True;True;40
11047;5654;7053;True;True;True;30
11048;5655;7053;True;True;True;30
11049;5655;7054;True;True;True;54
11050;5656;7054;True;True;True;54
11051;5656;7055;True;True;True;30
11052;5657;7055;True;True;True;30
11053;5657;7056;True;True;True;40
11054;5658;7056;True;True;True;40
11055;5658;7057;True;True;True;30
11056;5659;7057;True;True;True;30
11057;5659;7058;True;True;True;45
11058;5748;7058;False;False;True;90
11059;5660;7058;True;False;True;45
11060;5660;7059;True;False;True;98
11061;5705;7059;False;False;True;196
11062;5661;7059;True;True;True;98
11063;5661;7060;True;True;True;39.5
11064;5662;7060;True;True;True;39.5
11065;5662;7061;True;True;True;94
11066;5706;7061;False;False;True;188
11067;5663;7061;True;False;True;94
11068;5632;7062;True;False;True;10
11069;5817;7062;False;False;True;10
11070;5664;7062;True;True;True;10
11071;5664;7063;True;True;True;30
11072;5665;7063;True;True;True;30
11073;1441;3043;True;False;True;555
11074;4191;3044;True;False;True;0
11075;4127;3044;True;False;True;0
11076;5667;7065;True;False;True;30
11077;5668;7065;True;True;True;30
11078;5668;7066;True;True;True;90
11079;5820;7066;False;False;True;180
11080;5669;7066;True;True;True;90
11081;5669;7067;True;True;True;30
11082;5670;7067;True;True;True;30
11083;5670;7068;True;True;True;40
11084;5671;7068;True;True;True;40
11085;5671;7069;True;True;True;30
11086;5672;7069;True;True;True;30
11087;5672;7070;True;True;True;40
11088;5673;7070;True;True;True;40
11089;5673;7071;True;True;True;30
11090;5674;7071;True;True;True;30
11091;5674;7072;True;True;True;40
11092;5675;7072;True;True;True;40
11093;5675;7073;True;True;True;67.5
11094;5824;7073;False;False;True;135
11095;5676;7073;True;True;True;67.5
11096;5676;7074;True;True;True;40
11097;5677;7074;True;True;True;40
11098;5677;7075;True;True;True;0
11099;5679;7075;False;False;True;0
11100;5678;7075;True;True;True;0
11101;5678;7076;True;True;True;48.5
11102;5680;7076;True;True;True;48.5
11103;5680;7077;True;True;True;0
11104;5681;7077;True;False;True;0
11105;5681;7078;True;False;True;45.5
11106;5682;7078;True;True;True;45.5
11107;5682;7079;True;True;True;48.5
11108;5683;7079;True;True;True;48.5
11109;5683;7080;True;True;True;40
11110;5684;7080;True;True;True;40
11111;5684;7081;True;True;True;40
11112;5685;7081;True;True;True;40
11113;5685;7082;True;True;True;55
11114;5686;7082;True;True;True;55
11115;5686;7083;True;True;True;91
11116;5688;7083;False;False;True;182
11117;5687;7083;True;False;True;91
11118;5687;7084;True;False;True;30
11119;5689;7084;True;True;True;30
11120;5689;7085;True;True;True;45
11121;5690;7085;True;True;True;45
11122;5690;7086;True;True;True;40
11123;5691;7086;True;True;True;40
11124;5691;7087;True;True;True;40
11125;5692;7087;True;True;True;40
11126;5692;7088;True;True;True;40
11127;5693;7088;True;True;True;40
11128;5693;7089;True;True;True;70
11129;5695;7089;False;False;True;140
11130;5694;7089;True;False;True;70
11131;5695;7090;True;False;True;40
11132;5696;7090;True;True;True;40
11133;5696;7091;True;True;True;30
11134;5697;7091;True;True;True;30
11135;5697;7092;True;True;True;40
11136;5698;7092;True;False;True;40
11137;5698;7093;True;False;True;56.5
11138;5700;7093;False;False;True;113
11139;5699;7093;True;False;True;56.5
11140;5701;7094;True;False;False;0
11141;5700;7094;True;False;False;0
11142;5694;7095;True;False;True;50
11143;5705;7095;False;False;True;100
11144;5702;7095;True;False;True;50
11145;5702;7096;True;False;True;0
11146;5706;7096;False;False;True;0
11147;5703;7096;True;True;True;0
11148;5703;7097;True;True;True;40.5
11149;5704;7097;True;False;True;40.5
11150;5699;7098;True;False;True;50
11151;5708;7098;False;False;True;100
11152;5707;7098;True;False;True;50
11153;5707;7099;True;False;True;0
11154;5709;7099;True;True;True;0
11155;5709;7100;True;True;True;40
11156;5710;7100;True;True;True;40
11157;5708;7101;True;False;False;0
11158;5711;7101;True;True;False;0
11159;5711;7102;True;True;False;0
11160;5712;7102;True;True;False;0
11161;5704;7103;True;False;True;0
11162;5701;7103;False;False;True;0
11163;5714;7103;False;False;True;0
11164;5713;7103;True;True;True;0
11165;5714;7104;True;False;True;0
11166;5716;7104;False;True;True;0
11167;5715;7104;True;False;True;0
11168;5716;7105;True;True;True;55
11169;5717;7105;True;True;True;55
11170;5717;7106;True;True;True;32.5
11171;5718;7106;True;False;True;32.5
11172;5718;7107;True;False;True;30
11173;5719;7107;True;True;True;30
11174;5715;7108;True;True;True;30
11175;5720;7108;True;True;True;30
11176;5720;7109;True;True;True;40
11177;5721;7109;True;True;True;40
11178;5713;7110;True;True;True;0
11179;5723;7110;False;False;True;0
11180;5722;7110;True;False;True;0
11181;5723;7111;True;False;False;0
11182;5724;7111;True;False;False;0
11183;5724;7112;True;False;False;0
11184;5725;7112;True;True;False;0
11185;5722;7113;True;False;True;30
11186;5726;7113;True;False;True;30
11187;5726;7114;True;False;True;40
11188;5727;7114;True;True;True;40
11189;5663;7115;True;False;True;40
11190;5728;7115;True;False;True;40
11191;5728;7116;True;False;True;54.5
11192;5730;7116;False;False;True;109
11193;5729;7116;True;False;True;54.5
11194;5729;7117;True;False;True;40
11195;5732;7117;False;True;True;80
11196;5731;7117;True;False;True;40
11197;5731;7118;True;True;True;30
11198;5733;7118;True;True;True;30
11199;5733;7119;True;True;True;40
11200;5734;7119;True;True;True;40
11201;5732;7120;True;True;True;30
11202;5735;7120;True;True;True;30
11203;5735;7121;True;True;True;40
11204;5736;7121;True;True;True;40
11205;5730;7122;True;False;True;85
11206;5738;7122;False;False;True;170
11207;5737;7122;True;False;True;85
11208;5737;7123;True;False;True;55.5
11209;5740;7123;False;False;True;111
11210;5739;7123;True;False;True;55.5
11211;5739;7124;True;True;True;30
11212;5741;7124;True;True;True;30
11213;5741;7125;True;True;True;40
11214;5742;7125;True;True;True;40
11215;5740;7126;True;False;False;0
11216;5743;7126;True;True;False;0
11217;5743;7127;True;True;False;0
11218;5744;7127;True;False;False;0
11219;5745;7128;True;False;False;0
11220;5746;7128;True;False;False;0
11221;5746;7129;True;False;True;30
11222;5748;7129;False;False;True;60
11223;5747;7129;True;False;True;30
11224;5747;7130;True;False;True;40
11225;5749;7130;True;True;True;40
11226;5749;7131;True;True;True;30
11227;5750;7131;True;True;True;30
11228;5750;7132;True;True;True;0
11229;5738;7132;True;False;True;0
11230;4434;7133;True;True;False;0
11231;5813;7133;False;False;False;0
11232;5751;7133;True;True;False;0
11233;5751;7134;True;True;False;0
11234;5755;7134;False;False;False;0
11235;5752;7134;True;False;False;0
11236;5752;7135;True;False;False;0
11237;5816;7135;False;False;False;0
11238;5753;7135;True;False;False;0
11239;5753;7136;True;False;False;0
11240;5756;7136;False;True;False;0
11241;5754;7136;True;False;False;0
11242;5756;7137;True;True;True;0
11243;5757;7137;True;True;True;0
11244;5757;7138;True;True;True;40
11245;5759;7138;False;False;True;0
11246;5758;7138;True;True;True;40
11247;5758;7139;True;True;True;0
11248;5760;7139;True;True;True;0
11249;5760;7140;True;True;True;29
11250;5761;7140;True;True;True;29
11251;5761;7141;True;True;True;40
11252;5762;7141;True;True;True;40
11253;5762;7142;True;True;True;40
11254;5764;7142;False;False;True;0
11255;5763;7142;True;False;True;40
11256;5763;7143;True;False;True;59
11257;5766;7143;False;False;True;118
11258;5765;7143;True;False;True;59
11259;5765;7144;True;False;True;40
11260;5767;7144;True;False;True;40
11261;5755;7145;True;False;True;40
11262;5768;7145;True;True;True;40
11263;5768;7146;True;True;True;30
11264;5769;7146;True;True;True;30
11265;5769;7147;True;True;True;45
11266;5759;7147;False;False;True;90
11267;5770;7147;True;True;True;45
11268;5770;7148;True;True;True;63.5
11269;5771;7148;True;True;True;63.5
11270;5771;7149;True;True;True;40
11271;5772;7149;True;True;True;40
11272;5772;7150;True;True;True;26
11273;5773;7150;True;True;True;26
11274;5773;7151;True;True;True;40
11275;5774;7151;True;True;True;40
11276;5774;7152;True;True;True;76
11277;5764;7152;False;False;True;152
11278;5775;7152;True;True;True;76
11279;5775;7153;True;True;True;50
11280;5818;7153;False;False;True;100
11281;5776;7153;True;True;True;50
11282;5776;7154;True;True;True;61
11283;5777;7154;True;True;True;61
11284;5766;7155;True;False;True;40
11285;5778;7155;True;False;True;40
11286;5778;7156;True;True;True;30
11287;5779;7156;True;True;True;30
11288;5779;7157;True;False;True;50
11289;5781;7157;False;False;True;100
11290;5780;7157;True;False;True;50
11291;5781;7158;True;False;False;0
11292;5782;7158;True;True;False;0
11293;5782;7159;True;True;False;0
11294;5783;7159;True;False;False;0
11295;5780;7160;True;False;True;0
11296;5784;7160;True;True;True;0
11297;5784;7161;True;True;True;40
11298;5785;7161;True;False;True;40
11299;5767;7162;True;False;True;0
11300;5787;7162;False;False;True;0
11301;5786;7162;True;False;True;0
11302;5787;7163;True;False;True;0
11303;5789;7163;False;True;True;0
11304;5788;7163;True;False;True;0
11305;5789;7164;True;True;True;30
11306;5790;7164;True;True;True;30
11307;5788;7165;True;True;True;38
11308;5791;7165;True;True;True;38
11309;5791;7166;True;True;True;40
11310;5792;7166;True;True;True;40
11311;5786;7167;True;False;False;0
11312;5794;7167;False;False;False;0
11313;5793;7167;True;False;False;0
11314;5794;7168;True;False;False;0
11315;5795;7168;True;True;False;0
11316;5795;7169;True;True;False;0
11317;5796;7169;True;False;False;0
11318;5793;7170;True;False;False;0
11319;5797;7170;True;True;False;0
11320;5797;7171;True;True;False;0
11321;5798;7171;True;False;False;0
11322;5777;7172;True;True;True;53.5
11323;5799;7172;True;True;True;53.5
11324;5799;7173;True;True;True;61.5
11325;5801;7173;False;False;True;123
11326;5800;7173;True;True;True;61.5
11327;5800;7174;True;True;True;0
11328;5803;7174;False;False;True;0
11329;5802;7174;True;False;True;0
11330;5802;7175;True;False;False;0
11331;5804;7175;True;True;False;0
11332;5804;7176;True;True;False;0
11333;5805;7176;True;False;False;0
11334;5803;7177;True;False;True;30.5
11335;5806;7177;True;True;True;30.5
11336;5806;7178;True;True;True;40
11337;5807;7178;True;True;True;40
11338;5801;7179;True;False;True;38.5
11339;5808;7179;True;True;True;38.5
11340;5808;7180;True;True;True;30
11341;5810;7180;False;False;True;0
11342;5809;7180;True;False;True;30
11343;5809;7181;True;False;True;35
11344;5811;7181;True;False;True;35
11345;5810;7182;True;False;False;0
11346;5812;7182;True;False;False;0
11347;5813;7183;True;False;False;0
11348;5815;7183;False;False;False;0
11349;5814;7183;True;True;False;0
11350;5814;7184;True;True;False;0
11351;5817;7184;False;False;False;0
11352;5816;7184;True;False;False;0
11353;5783;7185;True;False;False;0
11354;5712;7185;True;True;False;0
11355;5785;7186;True;False;True;10
11356;5710;7186;True;True;True;10
11357;5790;7187;True;True;False;0
11358;5719;7187;True;True;False;0
11359;5792;7188;True;True;True;30
11360;5721;7188;True;True;True;30
11361;5796;7189;True;False;False;0
11362;5725;7189;True;True;False;0
11363;5798;7190;True;False;False;0
11364;5727;7190;True;True;False;0
11365;5805;7191;True;False;False;0
11366;5734;7191;True;True;False;0
11367;5807;7192;True;True;True;10
11368;5736;7192;True;True;True;10
11369;5811;7193;True;False;True;10
11370;5742;7193;True;True;True;10
11371;5812;7194;True;False;False;0
11372;5744;7194;True;False;False;0
11373;5818;7195;True;False;True;0
11374;5819;7195;True;False;True;0
11375;5820;7196;True;True;True;30
11376;5821;7196;True;True;True;30
11377;5821;7197;True;True;True;35
11378;5822;7197;True;True;True;35
11379;5822;7198;True;True;True;30
11380;5823;7198;True;False;True;30
11381;5823;7199;True;False;True;45
11382;5824;7199;True;True;True;45
11383;5618;7200;True;True;True;34.5
11384;5826;7200;False;True;True;60
11385;5825;7200;True;True;True;34.5
11386;5825;7201;True;True;True;40
11387;5827;7201;True;True;True;40
11388;5827;7202;True;True;True;30
11389;5828;7202;True;True;True;30
11390;5828;7203;True;True;True;40
11391;5620;7203;True;True;True;40
11392;5619;7204;True;True;True;35.03
11393;5829;7204;True;True;True;35.03
11394;5829;7205;True;True;True;30
11395;5830;7205;True;True;True;30
11396;5830;7206;True;True;True;43.37
11397;5831;7206;True;True;True;43.37
11398;5831;7207;True;True;True;30
11399;5832;7207;False;False;True;60
11400;5621;7207;True;True;True;30
11401;5832;7208;True;True;True;40
11402;5833;7208;True;True;True;40
11403;5833;7209;True;False;True;0
11404;5834;7209;True;False;True;0
11405;5834;7210;True;True;True;27
11406;5835;7210;True;True;True;27
11407;5835;7211;True;True;True;40
11408;5836;7211;True;True;True;40
11409;5836;7212;True;True;True;30
11410;5837;7212;True;True;True;30
11411;5627;7213;True;True;True;40
11412;5839;7213;False;True;True;34
11413;5838;7213;True;True;True;40
11414;5838;7214;True;True;True;30
11415;5841;7214;False;True;True;0
11416;5840;7214;True;True;True;30
11417;5840;7215;True;True;True;46
11418;5842;7215;True;True;True;46
11419;5842;7216;True;True;True;30
11420;5843;7216;True;True;True;30
11421;5843;7217;True;True;True;40
11422;5845;7217;False;True;True;90
11423;5844;7217;True;True;True;40
11424;5844;7218;True;True;True;77.5
11425;5846;7218;True;True;True;77.5
11426;5846;7219;True;True;True;43.5
11427;5847;7219;False;True;True;80
11428;5629;7219;True;True;True;43.5
11429;5628;7220;True;True;True;40
11430;5849;7220;False;True;True;80
11431;5848;7220;True;True;True;40
11432;5849;7221;False;True;True;78.5
11433;5841;7221;False;True;True;78.5
11434;5848;7222;True;True;True;77.5
11435;5850;7222;True;True;True;77.5
11436;5850;7223;True;True;True;40
11437;5852;7223;False;True;True;80
11438;5851;7223;True;True;True;40
11439;5839;7221;True;True;True;30
11440;5852;7221;True;True;True;30
11441;5851;7225;True;True;True;30
11442;5853;7225;True;True;True;30
11443;5853;7226;True;True;True;35
11444;5854;7226;True;True;True;35
11445;5854;7227;True;True;True;30
11446;5856;7227;False;True;True;0
11447;5855;7227;True;True;True;30
11448;5856;7228;False;True;True;78.5
11449;5847;7228;False;True;True;78.5
11450;5855;7229;True;True;True;40
11451;5857;7229;False;True;True;80
11452;5630;7229;True;True;True;40
11453;5845;7228;True;True;True;78.5
11454;5857;7228;True;True;True;78.5
11455;5859;7231;True;False;False;0
11456;5858;7231;False;False;False;0
11457;5860;7231;True;False;False;0
11458;5861;7232;True;False;True;30
11459;5862;7232;True;False;True;30
11460;4245;3045;True;False;True;0
11461;4191;3045;True;False;True;0
11462;5863;7234;True;True;True;26.366
11463;5622;7234;True;True;True;26.366
11464;5864;7235;True;True;True;52.2
11465;5863;7235;True;False;True;52.2
11466;5865;7236;True;True;True;30
11467;5864;7236;True;True;True;30
11468;5866;7237;True;True;True;59.1
11469;5865;7237;True;False;True;59.1
11470;5867;7238;True;False;True;0
11471;5868;7238;True;False;True;0
11472;5867;6812;False;False;True;0
11473;5869;7239;True;False;True;0
11474;5870;7239;True;False;True;0
11475;5870;6873;False;False;True;62
11476;3776;7240;True;True;True;30
11477;5871;7240;True;False;True;30
11478;5871;7241;True;False;True;40
11479;5872;7241;True;False;True;40
11480;5872;7242;True;False;True;30
11481;5873;7242;True;False;True;30
11482;5873;7243;True;False;True;40
11483;5874;7243;True;False;True;40
11484;5874;7244;True;False;True;30
11485;5875;7244;True;False;True;30
11486;5877;7245;True;True;True;40
11487;5878;7245;True;True;True;40
11488;5878;7246;True;False;True;52
11489;5879;7246;True;False;True;52
11490;5879;7247;True;True;True;40
11491;5880;7247;True;True;True;40
11492;5880;7248;True;False;True;30
11493;5881;7248;True;False;True;30
11494;5881;7249;True;False;True;40
11495;5882;7249;True;False;True;40
11496;5882;7250;True;False;True;30
11497;5883;7250;True;False;True;30
11498;5877;7244;False;False;False;0
11499;4116;7232;False;True;True;60
11500;5883;7251;True;False;True;40
11501;5884;7251;True;False;True;40
11502;4248;3046;True;False;True;55
11503;3787;7251;False;False;True;80
11504;5884;7252;True;False;True;30
11505;5885;7252;True;False;True;30
11506;5885;7253;True;False;True;40
11507;5886;7253;True;False;True;40
11508;4116;7254;True;True;True;40
11509;5887;7254;True;True;True;40
11510;5887;7255;True;True;True;52
11511;5888;7255;True;True;True;52
11512;5888;7256;True;False;True;40
11513;5889;7256;True;True;True;40
11514;5889;7257;True;True;True;30
11515;5890;7257;True;True;True;30
11516;5892;7249;False;False;True;80
11517;5893;7250;False;False;True;60
11518;5890;7258;True;True;True;40
11519;5891;7258;True;True;True;40
11520;900;3046;True;False;True;55
11521;4254;3047;True;False;True;64
11522;4248;3047;True;False;True;64
11523;5893;7258;False;False;True;80
11524;5892;7258;False;False;True;80
11525;5891;7259;True;True;True;86
11526;5894;7259;True;True;True;86
11527;5894;7260;True;False;True;40
11528;5895;7260;True;False;True;40
11529;5895;7261;True;False;True;30
11530;5896;7261;True;True;True;30
11531;4109;7262;True;True;True;30
11532;5897;7262;True;False;True;30
11533;5897;7263;True;False;True;40
11534;5898;7263;True;False;True;40
11535;5898;7264;True;False;True;30
11536;4110;7264;True;False;True;30
11537;5896;7265;True;False;True;0
11538;5899;7265;True;False;False;0
11539;5886;7266;True;False;True;0
11540;5900;7266;True;False;False;0
11541;5901;7267;True;True;True;95.5
11542;2430;7267;True;False;False;95.5
11543;5902;7268;True;True;False;88.5
11544;5901;7268;True;False;False;88.5
11545;5903;7269;True;True;True;30
11546;5904;7269;True;False;True;30
11547;5906;7270;True;True;True;40
11548;5903;7270;True;True;True;40
11549;5904;7271;True;False;True;40
11550;5905;7271;True;False;True;40
11551;5905;7272;True;False;True;30
11552;5907;7272;True;False;True;30
11553;5907;7273;True;False;True;40
11554;5908;7273;True;False;True;40
11555;5908;7274;True;False;True;30
11556;5909;7274;True;False;True;30
11557;5909;7275;True;False;True;40
11558;5910;7275;True;False;True;40
11559;5910;7276;True;False;True;30
11560;5911;7276;True;False;True;30
11561;5911;7277;True;False;True;40
11562;5912;7277;True;False;True;40
11563;5912;7278;True;False;True;0
11564;5913;7278;True;False;True;0
11565;5913;7279;True;False;True;40
11566;5914;7279;True;False;True;40
11567;5914;7280;True;False;True;30
11568;5915;7280;True;False;True;30
11569;5915;7281;True;False;True;40
11570;5916;7281;True;False;True;40
11571;5916;7282;True;True;True;30
11572;5917;7282;True;True;True;30
11573;5917;7283;True;True;True;40
11574;5918;7283;True;True;True;40
11575;5918;7284;True;True;True;30
11576;5919;7284;True;True;True;30
11577;5919;7285;True;True;True;40
11578;5920;7285;True;True;True;40
11579;5920;7286;True;True;True;30
11580;5921;7286;True;True;True;30
11581;5921;7287;True;True;True;40
11582;5922;7287;True;True;True;40
11583;5922;7288;True;True;True;30
11584;5923;7288;True;True;True;30
11585;5923;7289;True;True;True;40
11586;5924;7289;True;True;True;40
11587;5924;7290;True;True;True;30
11588;5925;7290;True;True;True;30
11589;5925;7291;True;True;True;40
11590;5926;7291;True;True;True;40
11591;5926;7292;True;True;True;88
11592;5927;7292;True;True;True;88
11593;5927;7293;True;True;True;40
11594;5928;7293;True;True;True;40
11595;5928;7294;True;True;True;30
11596;5929;7294;True;True;True;30
11597;5929;7295;True;True;True;40
11598;5930;7295;True;False;True;40
11599;5930;3049;True;False;True;30
11600;5931;3049;True;False;True;30
11601;5931;7297;True;False;True;40
11602;5932;7297;True;False;True;40
11603;5932;7298;True;False;True;30
11604;5933;7298;True;True;True;30
11605;5933;7299;True;True;True;40
11606;5934;7299;True;True;True;40
11607;5934;7300;True;True;True;30
11608;5935;7300;True;True;True;30
11609;5935;7301;True;True;True;40
11610;5936;7301;True;True;True;40
11611;5936;7302;True;True;True;30
11612;5937;7302;True;True;True;30
11613;5937;7303;True;True;True;40
11614;5938;7303;True;True;True;40
11615;5939;7304;True;False;True;30
11616;5940;7304;True;False;True;30
11617;5940;7305;True;False;True;40
11618;5941;7305;True;False;True;40
11619;5941;7306;True;False;True;30
11620;5942;7306;True;False;True;30
11621;5942;7307;True;False;True;40
11622;5943;7307;True;False;True;40
11623;5943;7308;True;False;True;30
11624;5944;7308;True;True;True;30
11625;5944;7309;True;True;True;40
11626;5945;7309;True;True;True;40
11627;5945;7310;True;True;True;30
11628;5946;7310;True;True;True;30
11629;5946;7311;True;True;True;40
11630;5947;7311;True;True;True;40
11631;5947;7312;True;True;True;30
11632;5948;7312;True;True;True;30
11633;5948;7313;True;True;True;40
11634;5949;7313;True;True;True;40
11635;5949;7314;True;True;True;30
11636;5950;7314;True;True;True;30
11637;5950;7315;True;True;True;40
11638;5951;7315;True;True;True;40
11639;5951;7316;True;True;True;30
11640;5952;7316;True;True;True;30
11641;5952;7317;True;True;True;40
11642;5953;7317;True;True;True;40
11643;5953;7318;True;True;True;30
11644;5954;7318;True;True;True;30
11645;5954;7319;True;True;True;40
11646;5955;7319;True;True;True;40
11647;5955;7320;True;True;True;30
11648;5956;7320;True;True;True;30
11649;5956;7321;True;True;True;40
11650;5957;7321;True;False;True;40
11651;5957;7322;True;False;True;30
11652;5958;7322;True;True;True;30
11653;5958;7323;True;True;True;40
11654;5959;7323;True;True;True;40
11655;5959;7324;True;True;True;30
11656;5960;7324;True;False;True;30
11657;4280;3049;False;False;True;60
11658;5960;3050;True;False;True;40
11659;5961;7326;True;False;True;0
11660;5962;7326;True;False;True;0
11661;5962;7327;True;False;True;40
11662;5963;7327;True;False;True;40
11663;5963;7328;True;False;True;30
11664;5964;7328;True;True;True;90
11665;5964;7329;True;True;True;40
11666;5965;7329;True;True;True;40
11667;5965;7330;True;True;True;30
11668;5966;7330;True;True;True;30
11669;5966;7331;True;True;True;40
11670;5967;7331;True;True;True;40
11671;5938;7332;True;True;True;30
11672;5968;7332;True;True;True;30
11673;5967;7333;True;True;True;30
11674;5969;7333;True;True;True;30
11675;5969;7334;True;True;True;40
11676;5970;7334;True;True;True;40
11677;5968;7335;True;True;True;40
11678;5971;7335;True;True;True;40
11679;5971;7336;True;True;True;30
11680;5972;7336;True;False;True;30
11681;5970;7337;True;True;True;30
11682;5973;7337;True;True;True;30
11683;5972;7338;True;False;True;40
11684;5974;7338;True;True;True;40
11685;5973;7339;True;True;True;40
11686;5975;7339;True;True;True;40
11687;5974;7340;True;True;True;30
11688;5976;7340;True;False;True;30
11689;5976;7341;True;False;True;40
11690;5977;7341;True;True;True;40
11691;5975;7342;True;True;True;30
11692;5978;7342;True;True;True;30
11693;5977;7343;True;True;True;30
11694;5979;7343;True;True;True;30
11695;5978;7344;True;True;True;40
11696;5980;7344;True;True;True;40
11697;5979;7345;True;True;True;40
11698;5981;7345;True;True;True;40
11699;5980;7346;True;True;True;30
11700;5982;7346;True;True;True;30
11701;5981;7347;True;True;True;30
11702;5983;7347;True;True;True;30
11703;5983;7348;True;True;True;40
11704;5984;7348;True;True;True;40
11705;5982;7349;True;True;True;40
11706;5985;7349;True;False;True;40
11707;5985;7350;True;False;True;30
11708;5986;7350;True;True;True;30
11709;5984;7351;True;True;True;87
11710;5987;7351;True;False;True;30
11711;5986;7352;True;True;True;40
11712;5988;7352;True;True;True;40
11713;5988;7353;True;True;True;30
11714;5989;7353;True;True;True;30
11715;5987;7354;True;False;True;40
11716;5990;7354;True;True;True;40
11717;5989;7355;True;True;True;40
11718;5991;7355;True;True;True;40
11719;5990;7356;True;True;True;30
11720;5992;7356;True;True;True;30
11721;5991;7357;True;True;True;30
11722;5993;7357;True;False;True;30
11723;5992;7358;True;True;True;40
11724;5994;7358;True;False;True;40
11725;5993;7359;True;False;True;40
11726;5995;7359;True;False;True;40
11727;5994;7360;True;False;True;30
11728;5996;7360;True;False;True;30
11729;5996;7361;True;False;True;0
11730;5997;7361;True;False;True;0
11731;5995;7362;True;False;True;30
11732;5998;7362;True;False;True;30
11733;5997;7363;True;False;True;30
11734;5999;7363;True;False;True;30
11735;5998;7364;True;False;True;40
11736;6000;7364;True;False;True;40
11737;5999;7365;True;False;True;0
11738;6001;7365;True;False;True;0
11739;6000;7366;True;False;True;30
11740;6002;7366;True;False;True;30
11741;6001;7367;True;False;True;30
11742;6003;7367;True;False;True;30
11743;6002;7368;True;False;True;40
11744;6004;7368;True;False;True;40
11745;6004;7369;True;False;True;30
11746;6005;7369;True;True;True;30
11747;6003;7370;True;False;True;40
11748;6006;7370;True;True;True;40
11749;6005;7371;True;True;True;40
11750;6007;7371;True;False;True;40
11751;6007;7372;True;False;True;0
11752;6008;7372;True;False;True;0
11753;6006;7373;True;True;True;30
11754;6009;7373;True;False;True;30
11755;6009;7374;True;False;True;0
11756;6010;7374;True;False;True;0
11757;6008;7375;True;False;True;40
11758;6011;7375;True;False;True;40
11759;6010;7376;True;False;True;30
11760;6012;7376;True;False;True;30
11761;6011;7377;True;False;True;30
11762;6013;7377;True;True;True;30
11763;6012;7378;True;False;True;40
11764;6014;7378;True;True;True;40
11765;6013;7379;True;True;True;40
11766;6015;7379;True;True;True;40
11767;6014;7380;True;True;True;30
11768;6016;7380;True;True;True;30
11769;6016;7381;True;True;True;40
11770;6017;7381;True;True;True;40
11771;6015;7382;True;True;True;30
11772;6018;7382;True;False;True;30
11773;6018;7383;True;False;True;0
11774;6019;7383;True;False;True;0
11775;6017;7384;True;True;True;30
11776;6020;7384;True;True;True;30
11777;6019;7385;True;False;True;30
11778;6021;7385;True;True;True;30
11779;6020;7386;True;True;True;40
11780;6022;7386;True;False;True;40
11781;6022;7387;True;False;True;30
11782;6023;7387;True;True;True;30
11783;6021;7388;True;True;True;40
11784;6024;7388;True;True;True;40
11785;6023;7389;True;True;True;40
11786;6025;7389;True;True;True;40
11787;6024;7390;True;True;True;30
11788;6026;7390;True;True;True;30
11789;6026;7391;True;True;True;40
11790;6027;7391;True;False;True;40
11791;6025;7392;True;True;True;30
11792;6028;7392;True;False;True;30
11793;6027;7393;True;False;True;30
11794;6029;7393;True;True;True;30
11795;6028;7394;True;False;True;40
11796;6030;7394;True;False;True;40
11797;6029;7395;True;True;True;40
11798;6031;7395;True;True;True;40
11799;6030;7396;True;False;True;30
11800;6032;7396;True;True;True;30
11801;6032;7397;True;True;True;40
11802;6033;7397;True;True;True;40
11803;6033;7398;True;True;True;30
11804;6034;7398;True;True;True;30
11805;6031;7399;True;True;True;30
11806;6035;7399;True;False;True;30
11807;6035;7400;True;False;True;40
11808;6036;7400;True;True;True;40
11809;6036;7401;True;True;True;30
11810;6037;7401;True;True;True;30
11811;6034;7402;True;True;True;40
11812;6038;7402;True;True;True;40
11813;6037;7403;True;True;True;40
11814;6039;7403;True;False;True;40
11815;6038;7404;True;True;True;30
11816;6040;7404;True;True;True;30
11817;6039;7405;True;False;True;30
11818;6041;7405;True;False;True;30
11819;6041;7406;True;False;True;40
11820;6042;7406;True;False;True;40
11821;6040;7407;True;True;True;40
11822;6043;7407;True;False;True;40
11823;6042;7408;True;False;True;0
11824;6044;7408;True;False;True;0
11825;6043;7409;True;False;True;30
11826;6045;7409;True;False;True;30
11827;6044;7410;True;False;True;40
11828;6046;7410;True;False;True;40
11829;6045;7411;True;False;True;40
11830;6047;7411;True;False;True;40
11831;6047;7412;True;False;True;0
11832;6048;7412;True;False;True;0
11833;6046;7413;True;False;True;30
11834;6049;7413;True;True;True;30
11835;6048;7414;True;False;True;40
11836;6050;7414;True;True;True;40
11837;6049;7415;True;True;True;40
11838;6051;7415;True;True;True;40
11839;6050;7416;True;True;True;30
11840;6052;7416;True;False;True;30
11841;6052;7417;True;False;True;40
11842;6053;7417;True;False;True;40
11843;6053;7418;True;False;True;30
11844;6054;7418;True;False;True;30
11845;6051;7419;True;True;True;30
11846;6055;7419;True;True;True;30
11847;6055;7420;True;True;True;40
11848;6056;7420;True;True;True;40
11849;6054;7421;True;False;True;40
11850;6057;7421;True;False;True;40
11851;6057;7422;True;False;True;30
11852;6058;7422;True;True;True;30
11853;6058;7423;True;True;True;40
11854;6059;7423;True;False;True;40
11855;6056;7424;True;True;True;87
11856;6060;7424;True;True;True;87
11857;6060;7425;True;True;True;40
11858;6061;7425;True;True;True;40
11859;6059;7426;True;False;True;30
11860;6062;7426;True;False;True;30
11861;6062;7427;True;False;True;40
11862;6063;7427;True;False;True;40
11863;6061;7428;True;True;True;30
11864;6064;7428;True;False;True;30
11865;6063;7429;True;False;True;30
11866;6065;7429;True;False;True;30
11867;6064;7430;True;False;True;40
11868;6066;7430;True;False;True;40
11869;6065;7431;True;False;True;40
11870;6067;7431;True;True;True;40
11871;6066;7432;True;False;True;30
11872;6068;7432;True;True;True;90
11873;6067;7433;True;True;True;30
11874;6069;7433;True;False;True;30
11875;6068;7434;True;True;True;40
11876;6070;7434;True;False;True;40
11877;6069;7435;True;False;True;40
11878;6071;7435;True;False;True;40
11879;6071;7436;True;False;True;30
11880;6072;7436;True;True;True;30
11881;6070;7437;True;False;True;30
11882;6073;7437;True;False;True;30
11883;6073;7438;True;False;True;40
11884;6074;7438;True;False;True;40
11885;6072;7439;True;True;True;40
11886;6075;7439;True;True;True;40
11887;6074;7440;True;False;True;30
11888;6076;7440;True;False;True;30
11889;6075;7441;True;True;True;30
11890;6077;7441;True;True;True;30
11891;6076;7442;True;False;True;40
11892;6078;7442;True;True;True;40
11893;6078;7443;True;True;True;30
11894;6079;7443;True;True;True;30
11895;6077;7444;True;True;True;40
11896;6080;7444;True;True;True;40
11897;6079;7445;True;True;True;40
11898;6081;7445;True;True;True;40
11899;6080;7446;True;True;True;30
11900;6082;7446;True;True;True;30
11901;6081;7447;True;True;True;30
11902;6083;7447;True;False;True;30
11903;6083;7448;True;False;True;40
11904;6084;7448;True;False;True;40
11905;6084;7449;True;False;True;30
11906;6085;7449;True;False;True;30
11907;6082;7450;True;True;True;40
11908;6086;7450;True;True;True;40
11909;6085;7451;True;False;True;40
11910;6087;7451;True;False;True;40
11911;6086;7452;True;True;True;30
11912;6088;7452;True;True;True;30
11913;6087;7453;True;False;True;30
11914;6089;7453;True;False;True;30
11915;6089;7454;True;False;True;40
11916;6090;7454;True;True;True;40
11917;6090;7455;True;True;True;90
11918;6091;7455;True;True;True;90
11919;6088;7456;True;True;True;40
11920;6092;7456;True;False;True;40
11921;6091;7457;True;True;True;40
11922;6093;7457;True;False;True;40
11923;6092;7458;True;False;True;30
11924;6094;7458;True;False;True;30
11925;6093;7459;True;False;True;30
11926;6095;7459;True;True;True;30
11927;6094;7460;True;False;False;0
11928;6096;7460;True;False;False;0
11929;6095;7461;True;False;False;0
11930;6097;7461;True;False;False;0
11931;6099;7462;True;False;True;30
11932;6098;7462;True;False;True;30
11933;6100;7463;True;False;True;40
11934;6099;7463;True;False;True;40
11935;6101;7464;True;False;True;30
11936;6100;7464;True;False;True;30
11937;6102;7465;True;True;True;40
11938;6101;7465;True;False;True;40
11939;6098;7466;True;False;True;40
11940;5939;7466;True;False;True;40
11941;4257;3048;True;False;True;45
11942;340;3048;True;True;False;45
11943;5961;3050;True;False;True;40
11944;4280;3050;False;False;True;80
11945;4283;3050;False;False;True;80
11946;4283;7297;False;False;True;60
11947;4312;7360;False;True;True;0
11948;4560;7367;False;True;True;0
11949;4312;3051;True;True;True;4967
11950;4313;3051;True;True;True;49.67
11951;5862;7470;True;False;False;40
11952;6104;7470;True;False;False;40
11953;6106;7471;True;True;True;30
11954;6105;7471;True;False;True;30
11955;6107;7472;True;True;True;54
11956;6106;7472;True;True;True;54
11957;6108;7473;True;True;True;30
11958;6107;7473;True;True;True;30
11959;6109;7474;True;True;True;40
11960;6108;7474;True;True;True;40
11961;6110;7475;True;False;True;0
11962;6109;7475;True;False;False;0
11963;6111;7476;True;False;False;0
11964;6110;7476;True;False;False;0
11965;6113;7477;True;True;True;30
11966;6112;7477;True;False;True;30
11967;6114;7478;True;True;True;40
11968;6113;7478;True;True;True;40
11969;6115;7479;True;True;True;30
11970;6114;7479;True;True;True;30
11971;6116;7480;True;True;True;59
11972;6115;7480;True;True;True;59
11973;6119;7481;True;False;True;40
11974;6118;7481;True;False;False;40
11975;6120;7482;True;False;True;30
11976;6119;7482;True;False;False;30
11977;6121;7483;True;False;True;40
11978;6120;7483;True;False;False;40
11979;6122;7484;True;False;True;0
11980;6121;7484;True;False;False;0
11981;6124;7485;True;False;False;30
11982;6123;7485;True;False;True;30
11983;6125;7486;True;False;False;36
11984;6124;7486;True;False;True;36
11985;6103;7487;True;True;True;30
11986;5906;7487;True;True;True;30
11987;5875;7488;True;False;True;40
11988;6103;7488;True;True;True;40
11989;6104;7489;True;False;False;30
11990;6126;7489;True;False;False;30
11991;6126;7490;True;False;False;40
11992;6127;7490;True;True;True;40
11993;6127;7491;True;True;True;30
11994;6102;7491;True;True;True;30
11995;476;7492;True;True;True;70
11996;475;7492;True;True;True;70
11997;475;7493;True;True;True;51.5
11998;332;7493;True;False;True;51.5
11999;329;7493;False;False;False;0
12000;330;7494;True;False;True;83
12001;6128;7494;True;False;True;83
12002;6128;7495;True;False;True;55.5
12003;338;7495;True;True;True;55.5
12004;6129;7496;False;True;True;0
12005;2536;7496;True;True;False;0
12006;2112;7496;True;False;False;0
12007;1573;7497;True;False;False;40
12008;1574;7497;True;False;False;40
12009;6129;7498;True;True;True;83
12010;6130;7498;True;False;True;83
12011;6130;7499;True;False;False;0
12012;6132;7499;True;False;True;0
12013;6132;7500;True;False;False;0
12014;6131;7500;True;False;True;0
12015;6131;7501;True;False;False;0
12016;6133;7501;True;False;False;0
12017;4313;3052;True;True;True;59
12018;4314;3052;True;True;True;59
12019;4314;3053;True;True;True;49.33
12020;4560;3053;True;True;True;49.33
12021;4593;7359;False;False;True;0
12022;4593;7360;False;False;True;0
12023;4656;7367;False;False;True;0
12024;4656;7368;False;False;True;0
12025;4661;7306;False;False;True;0
12026;4661;7278;False;False;True;0
12027;4730;7276;False;False;True;0
12028;4730;7305;False;False;True;0
12029;6097;7507;True;False;False;0
12030;6139;7507;True;False;False;0
12031;7115;3054;True;False;True;30
12032;7116;3054;True;False;True;30
12033;7122;3054;False;True;True;0
12034;7112;3054;False;False;True;0
12035;3240;3055;True;False;False;89.5
12036;6142;7510;True;False;False;0
12037;6143;7510;True;False;False;0
12038;6143;7511;True;False;False;0
12039;6144;7511;True;False;False;0
12040;6144;7512;True;False;False;0
12041;6145;7512;True;False;False;0
12042;2467;7513;True;True;True;59
12043;6146;7513;True;False;True;59
12044;2468;7514;True;True;True;59
12045;6147;7514;True;False;True;59
12046;6146;7515;True;False;True;65
12047;6148;7515;True;False;True;65
12048;4731;3055;True;False;False;89.5
12049;4731;3056;True;False;False;95
12050;4732;3056;True;False;False;95
12051;4732;3057;True;False;False;30
12052;336;7518;True;True;True;64
12053;6149;7518;True;False;True;64
12054;6150;7519;False;False;False;43
12055;6149;7519;True;False;True;50.5
12056;6151;7520;True;False;True;93.5
12057;6152;7520;True;True;True;93.5
12058;6150;7521;True;True;True;82
12059;6153;7521;True;True;True;97
12060;6153;7522;True;True;True;40
12061;6154;7522;True;True;True;40
12062;6154;7523;True;True;True;66.5
12063;6155;7523;True;True;True;66.5
12064;6155;7524;True;False;False;0
12065;6156;7524;True;False;False;0
12066;6156;7525;True;False;False;0
12067;6157;7525;True;False;False;0
12068;6157;7526;True;False;False;0
12069;6158;7526;True;False;False;0
12070;6158;7527;True;False;False;0
12071;6159;7527;True;False;False;0
12072;6159;7528;True;False;False;0
12073;6160;7528;True;False;False;0
12074;4770;3057;True;False;False;30
12075;3234;3058;True;False;False;51
12076;4945;3058;True;False;False;51
12077;6161;7530;True;False;True;66.5
12078;6162;7530;True;False;True;66.5
12079;6162;7531;True;False;True;72
12080;6163;7531;True;False;True;72
12081;4945;3059;True;False;False;52
12082;4950;3059;True;False;False;52
12083;4950;3060;True;False;False;67
12084;6164;7533;True;False;True;77.5
12085;6165;7533;True;False;True;77.5
12086;6165;7534;True;False;True;66.5
12087;6166;7534;True;False;True;66.5
12088;470;7535;True;True;True;51.5
12089;6167;7535;True;True;True;51.5
12090;329;7535;False;False;False;0
12091;6167;7536;True;True;True;90
12092;6168;7536;True;False;True;90
12093;6168;7537;True;False;True;83
12094;6169;7537;True;False;True;83
12095;6169;7538;True;False;True;55.5
12096;6170;7538;True;True;True;55.5
12097;6170;7539;True;True;True;82
12098;6171;7539;True;True;True;82
12099;6172;7540;True;True;True;74
12100;6171;7540;True;True;True;74
12101;6172;7541;True;True;True;87.7
12102;6173;7541;True;False;True;87.7
12103;6151;7519;True;False;True;51.5
12104;6173;7542;True;False;True;40
12105;6174;7542;True;True;True;40
12106;6174;7543;True;True;True;30
12107;6175;7543;True;True;True;30
12108;6177;7544;True;True;True;30
12109;6176;7544;True;True;True;30
12110;6152;7545;True;True;True;40
12111;6177;7545;True;True;True;40
12112;6175;7546;True;True;True;40
12113;6178;7546;True;True;True;40
12114;6178;7547;True;True;True;30
12115;6179;7547;True;True;True;30
12116;6179;7548;True;True;True;40
12117;6180;7548;True;True;True;40
12118;6180;7549;True;True;True;30
12119;6181;7549;True;True;True;30
12120;6181;7550;True;True;True;40
12121;6182;7550;True;True;True;40
12122;6182;7551;True;True;True;30
12123;6183;7551;True;True;True;30
12124;6183;7552;True;True;True;40
12125;6184;7552;True;True;True;40
12126;6186;7553;True;True;True;40
12127;6185;7553;True;True;True;40
12128;6187;7554;True;True;True;30
12129;6186;7554;True;True;True;30
12130;6188;7555;True;True;True;40
12131;6187;7555;True;True;True;40
12132;6189;7556;True;False;True;40
12133;6188;7556;True;True;True;40
12134;6190;7557;True;False;True;40
12135;6189;7557;True;False;True;40
12136;6191;7558;True;False;True;30
12137;6190;7558;True;False;True;30
12138;6192;7559;True;True;True;40
12139;6191;7559;True;False;True;40
12140;6193;7560;True;True;True;30
12141;6192;7560;True;True;True;30
12142;6176;7561;True;True;True;40
12143;6193;7561;True;True;True;40
12144;6184;7562;True;True;True;30
12145;6194;7562;True;True;True;30
12146;3102;7563;True;False;False;0
12147;6196;7563;True;False;False;0
12148;6196;7564;True;False;False;0
12149;6197;7564;True;False;False;0
12150;4952;3060;True;False;False;67
12151;4952;3061;True;False;False;34.5
12152;5134;3061;True;False;False;34.5
12153;6200;7566;True;False;True;64.5
12154;6201;7566;True;False;True;64.5
12155;449;3062;True;False;True;44
12156;5300;3062;True;False;True;44
12157;6199;7566;False;True;True;0
12158;6202;7568;True;False;True;30
12159;6203;7568;True;False;True;30
12160;6203;7569;True;False;True;0
12161;6204;7569;True;False;True;0
12162;6204;7570;True;False;True;30
12163;6205;7570;True;False;True;30
12164;6205;7571;True;False;True;63.5
12165;6206;7571;True;False;True;63.5
12166;6206;7572;True;False;True;0
12167;6207;7572;True;False;False;0
12168;5300;3063;True;False;True;52.1666666666667
12169;5314;3063;True;False;True;52.1666666666667
12170;6208;7574;True;False;True;63
12171;6209;7574;True;False;True;63
12172;6209;7575;True;False;True;67.5
12173;6210;7575;True;False;True;67.5
12174;6210;7576;True;False;True;69
12175;6211;7576;True;False;True;69
12176;6211;7577;True;False;True;63.5
12177;6212;7577;True;True;True;63.5
12178;6212;7578;True;True;True;44
12179;6213;7578;True;True;False;44
12184;6215;7581;True;False;True;68.6666666666667
12185;6216;7581;True;False;False;68.6666666666667
12186;6216;7582;True;False;False;36
12187;6217;7582;True;False;True;36
12190;6218;7584;True;False;True;49
12191;6219;7584;True;False;False;49
12192;6219;7585;True;False;False;30
12193;6220;7585;True;False;False;30
12194;6220;7586;True;True;False;0
12195;6221;7586;True;False;False;0
12196;6221;7587;True;False;False;0
12197;6222;7587;True;False;False;0
12200;2846;7589;True;False;True;40
12201;6202;7589;True;False;True;40
12202;6199;7589;False;True;True;0
12203;6194;7590;True;True;True;40
12204;6224;7590;True;False;True;40
12205;6224;7591;True;False;True;30
12206;6225;7591;True;False;True;30
12207;6225;7592;True;False;True;40
12208;6226;7592;True;False;True;40
12209;6226;7593;True;False;True;30
12210;6227;7593;True;False;True;30
12211;6227;7594;True;False;True;40
12212;6228;7594;True;False;True;40
12213;6228;7595;True;False;True;30
12214;6229;7595;True;True;True;30
12215;6229;7596;True;True;True;40
12216;6230;7596;True;True;True;40
12217;6230;7597;True;True;True;30
12218;6231;7597;True;False;True;30
12219;6233;7598;True;True;True;30
12220;6232;7598;True;True;True;30
12221;6234;7599;True;True;True;40
12222;6233;7599;True;True;True;40
12223;6235;7600;True;False;True;30
12224;6234;7600;True;True;True;30
12225;6236;7601;True;False;True;40
12226;6235;7601;True;False;True;40
12227;6237;7602;True;False;True;30
12228;6236;7602;True;False;True;30
12229;6238;7603;True;True;True;40
12230;6237;7603;True;False;True;40
12231;6185;7604;True;True;True;30
12232;6238;7604;True;True;True;30
12233;6239;7605;True;False;True;40
12234;6240;7605;True;True;True;40
12235;6240;7606;True;True;True;30
12236;6241;7606;True;False;True;30
12237;6241;7607;True;False;True;40
12238;6242;7607;True;False;True;40
12239;6242;7608;True;False;True;30
12240;6243;7608;True;True;True;30
12241;6245;7609;True;True;True;30
12242;6244;7609;True;True;True;30
12243;6246;7610;True;True;True;40
12244;6245;7610;True;True;True;40
12245;6247;7611;True;False;True;30
12246;6246;7611;True;True;True;30
12247;6231;7612;True;False;True;40
12248;6248;7612;True;False;True;40
12249;6248;7613;True;False;True;30
12250;6249;7613;True;False;True;30
12251;6249;7614;True;False;True;40
12252;6250;7614;True;False;True;40
12253;6250;7615;True;False;True;30
12254;6251;7615;True;True;True;30
12255;6251;7616;True;True;True;40
12256;6252;7616;True;True;True;40
12257;6257;7617;True;True;True;30
12258;6258;7617;True;True;True;30
12259;6256;7618;True;False;True;40
12260;6257;7618;True;True;True;40
12261;6255;7619;True;False;True;30
12262;6256;7619;True;False;True;30
12263;6254;7620;True;False;True;40
12264;6255;7620;True;False;True;40
12265;6253;7621;True;False;True;30
12266;6254;7621;True;False;True;30
12267;6232;7622;True;True;True;40
12268;6253;7622;True;False;True;40
12269;6259;7623;True;True;True;30
12270;6260;7623;True;True;True;30
12271;6260;7624;True;True;True;40
12272;6261;7624;True;True;True;40
12273;6261;7625;True;True;True;30
12274;6262;7625;True;False;True;30
12275;6262;7626;True;False;True;40
12276;6263;7626;True;False;True;40
12277;6263;7627;True;False;True;30
12278;6264;7627;True;True;True;30
12279;6264;7628;True;True;True;40
12280;6265;7628;True;True;True;40
12281;6265;7629;True;True;True;30
12282;6266;7629;True;False;True;30
12283;6266;7630;True;False;True;40
12284;6267;7630;True;False;True;40
12285;6267;7631;True;False;True;30
12286;6268;7631;True;False;True;30
12287;6268;7632;True;False;True;75
12288;6269;7632;True;False;True;75
12289;6269;7633;True;False;True;30
12290;6270;7633;True;False;True;30
12291;6270;7634;True;False;True;40
12292;6271;7634;True;False;True;40
12293;6271;7635;True;False;True;30
12294;6272;7635;True;False;True;30
12295;6272;7636;True;False;True;40
12296;6273;7636;True;False;True;40
12297;6273;7637;True;False;True;30
12298;6274;7637;True;False;True;30
12299;6276;7638;True;False;True;40
12300;6275;7638;True;False;True;40
12301;6277;7639;True;True;True;30
12302;6276;7639;True;False;True;30
12303;6278;7640;True;False;True;40
12304;6277;7640;True;True;True;40
12305;6279;7641;True;False;True;30
12306;6278;7641;True;False;True;30
12307;6280;7642;True;False;True;40
12308;6279;7642;True;False;True;40
12309;6281;7643;True;False;True;30
12310;6280;7643;True;False;True;30
12311;6282;7644;True;False;True;40
12312;6281;7644;True;False;True;40
12313;6283;7645;True;True;True;30
12314;6282;7645;True;False;True;30
12315;6284;7646;True;True;True;40
12316;6283;7646;True;True;True;40
12317;6285;7647;True;False;True;30
12318;6284;7647;True;True;True;30
12319;6286;7648;True;False;True;40
12320;6285;7648;True;False;True;40
12321;6287;7649;True;True;True;30
12322;6286;7649;True;False;True;30
12323;6288;7650;True;True;True;40
12324;6287;7650;True;True;True;40
12325;6252;7651;True;True;True;30
12326;6290;7651;True;True;True;30
12327;6290;7652;True;True;True;40
12328;6291;7652;True;True;True;40
12329;6291;7653;True;True;True;30
12330;6292;7653;True;True;True;30
12331;6292;7654;True;True;True;40
12332;6293;7654;True;True;True;40
12333;6293;7655;True;True;True;30
12334;6294;7655;True;True;True;30
12335;6294;7656;True;True;True;40
12336;6259;7656;True;True;True;40
12337;6258;7657;True;True;True;40
12338;6295;7657;True;True;True;40
12339;6295;7658;True;True;True;30
12340;6296;7658;True;False;True;30
12341;6296;7659;True;False;True;40
12342;6297;7659;True;False;True;40
12343;6297;7660;True;False;True;30
12344;6298;7660;True;True;True;30
12345;6298;7661;True;True;True;40
12346;6299;7661;True;True;True;40
12347;6299;7662;True;True;True;30
12348;6300;7662;True;True;True;30
12349;6300;7663;True;True;True;40
12350;6301;7663;True;True;True;40
12351;6274;7664;True;False;True;40
12352;6302;7664;True;False;True;40
12353;6302;7665;True;False;True;30
12354;6303;7665;True;False;True;30
12355;6303;7666;True;False;True;40
12356;6304;7666;True;True;True;40
12357;6304;7667;True;True;True;30
12358;6305;7667;True;False;True;30
12359;6305;7668;True;False;True;40
12360;6306;7668;True;True;True;40
12361;6306;7669;True;True;True;30
12362;6307;7669;True;True;True;30
12363;6307;7670;True;True;True;40
12364;6308;7670;True;True;True;40
12365;6308;7671;True;True;True;30
12366;6309;7671;True;True;True;30
12367;6309;7672;True;True;True;40
12368;6310;7672;True;True;True;40
12369;6310;7673;True;True;True;30
12370;6311;7673;True;True;True;30
12371;6313;7674;True;True;True;40
12372;6312;7674;True;True;True;40
12373;6314;7675;True;True;True;30
12374;6313;7675;True;True;True;30
12375;6315;7676;True;True;True;40
12376;6314;7676;True;True;True;40
12377;6316;7677;True;True;True;30
12378;6315;7677;True;True;True;30
12379;6317;7678;True;True;True;40
12380;6316;7678;True;True;True;40
12381;6318;7679;True;True;True;30
12382;6317;7679;True;True;True;30
12383;6319;7680;True;True;True;40
12384;6318;7680;True;True;True;40
12385;6320;7681;True;True;True;30
12386;6319;7681;True;True;True;30
12387;6321;7682;True;True;True;40
12388;6320;7682;True;True;True;40
12389;6275;7683;True;False;True;30
12390;6321;7683;True;True;True;30
12391;6311;7684;True;True;True;40
12392;6322;7684;True;True;True;40
12393;6322;7685;True;True;True;30
12394;6323;7685;True;True;True;30
12395;6323;7686;True;True;True;40
12396;6324;7686;True;False;True;40
12397;6324;7687;True;False;True;30
12398;6325;7687;True;False;True;30
12399;6325;7688;True;False;True;40
12400;6326;7688;True;False;True;40
12401;6326;7689;True;False;True;30
12402;6327;7689;True;False;True;30
12403;6327;7690;True;False;True;40
12404;6328;7690;True;False;True;40
12405;6328;7691;True;False;True;30
12406;6329;7691;True;True;True;30
12407;6329;7692;True;True;True;40
12408;6330;7692;True;True;True;40
12409;6330;7693;True;True;True;30
12410;6331;7693;True;True;True;30
12411;6333;7694;True;True;True;30
12412;6332;7694;True;True;True;30
12413;6334;7695;True;True;True;40
12414;6333;7695;True;True;True;40
12415;6335;7696;True;False;True;30
12416;6334;7696;True;True;True;30
12417;6336;7697;True;False;True;40
12418;6335;7697;True;False;True;40
12419;6337;7698;True;False;True;30
12420;6336;7698;True;False;True;30
12421;6338;7699;True;False;True;76.6666666666667
12422;6337;7699;True;False;True;76.6666666666667
12423;6339;7700;True;False;True;30
12424;6338;7700;True;False;True;30
12427;6341;7702;True;True;True;30
12428;6340;7702;True;False;True;30
12429;6342;7703;True;True;True;40
12430;6341;7703;True;True;True;40
12431;6312;7704;True;True;True;30
12432;6342;7704;True;True;True;30
12433;6331;7705;True;True;True;40
12434;6343;7705;True;True;True;40
12435;6343;7706;True;True;True;30
12436;6344;7706;True;True;True;30
12437;6344;7707;True;True;True;40
12438;6345;7707;True;False;True;40
12439;6345;7708;True;False;True;30
12440;6346;7708;True;True;True;30
12441;6346;7709;True;True;True;40
12442;6347;7709;True;True;True;40
12443;6347;7710;True;True;True;30
12444;6348;7710;True;True;True;30
12445;6348;7711;True;True;True;40
12446;6349;7711;True;True;True;40
12447;6351;7712;True;True;True;40
12448;6350;7712;True;False;True;40
12449;6352;7713;True;True;True;30
12450;6351;7713;True;True;True;30
12451;6353;7714;True;False;True;40
12452;6352;7714;True;True;True;40
12453;6354;7715;True;True;True;30
12454;6353;7715;True;False;True;30
12455;6355;7716;True;False;True;40
12456;6354;7716;True;True;True;40
12457;6356;7717;True;True;True;30
12458;6355;7717;True;False;True;30
12459;6332;7718;True;True;True;40
12460;6356;7718;True;True;True;40
12461;6349;7719;True;True;True;30
12462;6357;7719;True;True;True;30
12463;6357;7720;True;True;True;40
12464;6358;7720;True;True;True;40
12465;6358;7721;True;True;True;30
12466;6359;7721;True;True;True;30
12467;6359;7722;True;True;True;40
12468;6360;7722;True;False;True;40
12469;6360;7723;True;False;True;30
12470;6361;7723;True;False;True;30
12471;6361;7724;True;False;True;40
12472;6362;7724;True;False;True;40
12473;6362;7725;True;False;True;30
12474;6363;7725;True;True;True;30
12475;6363;7726;True;True;True;40
12476;6364;7726;True;True;True;40
12477;6366;7727;True;True;True;30
12478;6365;7727;True;True;True;30
12479;6367;7728;True;True;True;40
12480;6366;7728;True;True;True;40
12481;6368;7729;True;False;True;30
12482;6367;7729;True;True;True;30
12483;6369;7730;True;False;True;40
12484;6368;7730;True;False;True;40
12485;6370;7731;True;False;True;30
12486;6369;7731;True;False;True;30
12487;6371;7732;True;False;True;40
12488;6370;7732;True;False;True;40
12489;6372;7733;True;False;True;30
12490;6371;7733;True;False;True;30
12491;6373;7734;True;False;True;74
12492;6372;7734;True;False;True;74
12493;6374;7735;True;True;True;30
12494;6373;7735;True;False;True;30
12495;6375;7736;True;True;True;40
12496;6374;7736;True;True;True;40
12497;6350;7737;True;False;True;30
12498;6375;7737;True;True;True;30
12499;6364;7738;True;True;True;30
12500;6376;7738;True;True;True;30
12501;6376;7739;True;True;True;40
12502;6377;7739;True;True;True;40
12503;6377;7740;True;True;True;30
12504;6378;7740;True;False;True;30
12505;6378;7741;True;False;True;40
12506;6379;7741;True;False;True;40
12507;6379;7742;True;False;True;30
12508;6380;7742;True;False;True;30
12509;6380;7743;True;False;True;40
12510;6381;7743;True;False;True;40
12511;6381;7744;True;False;True;30
12512;6382;7744;True;False;True;30
12513;6382;7745;True;False;True;40
12514;6383;7745;True;False;True;40
12515;6385;7746;True;False;True;30
12516;6384;7746;True;True;True;30
12517;6386;7747;True;False;True;40
12518;6385;7747;True;False;True;40
12519;6387;7748;True;False;True;30
12520;6386;7748;True;False;True;30
12521;6388;7749;True;False;True;40
12522;6387;7749;True;False;True;40
12523;6389;7750;True;False;True;30
12524;6388;7750;True;False;True;30
12525;6390;7751;True;False;True;40
12526;6389;7751;True;False;True;40
12527;6391;7752;True;False;True;30
12528;6390;7752;True;False;True;30
12529;6365;7753;True;True;True;40
12530;6391;7753;True;False;True;40
12531;6392;7754;True;False;True;30
12532;6393;7754;True;False;True;30
12533;6393;7755;True;False;True;54
12534;6394;7755;True;True;True;54
12535;6394;7756;True;True;True;30
12536;6395;7756;True;True;True;30
12537;6395;7757;True;True;True;40
12538;6396;7757;True;True;True;40
12539;6396;7758;True;True;True;30
12540;6397;7758;True;True;True;30
12541;6397;7759;True;True;True;40
12542;6398;7759;True;True;True;40
12543;6398;7760;True;True;True;30
12544;6399;7760;True;True;True;30
12545;6400;7761;True;False;True;30
12546;6401;7761;True;False;True;30
12547;6401;7762;True;False;True;40
12548;6402;7762;True;True;True;40
12549;6402;7763;True;True;True;30
12550;6403;7763;True;True;True;30
12551;6403;7764;True;True;True;40
12552;6404;7764;True;True;True;40
12553;6404;7765;True;True;True;30
12554;6405;7765;True;True;True;30
12555;6405;7766;True;True;True;40
12556;6406;7766;True;True;True;40
12557;6406;7767;True;True;True;30
12558;6407;7767;True;True;True;30
12559;6407;7768;True;True;True;40
12560;6408;7768;True;True;True;40
12561;6408;7769;True;True;True;30
12562;6409;7769;True;True;True;30
12563;6410;7770;True;True;True;30
12564;6411;7770;True;True;True;30
12565;6411;7771;True;True;True;40
12566;6412;7771;True;True;True;40
12567;6412;7772;True;True;True;30
12568;6413;7772;True;True;True;30
12569;6413;7773;True;True;True;40
12570;6414;7773;True;True;True;40
12571;6416;7774;True;True;True;40
12572;6415;7774;True;True;True;40
12573;6417;7775;True;False;True;30
12574;6416;7775;True;True;True;30
12575;6418;7776;True;True;True;40
12576;6417;7776;True;False;True;40
12577;6419;7777;True;True;True;30
12578;6418;7777;True;True;True;30
12579;6420;7778;True;False;True;40
12580;6419;7778;True;True;True;40
12581;6421;7779;True;False;True;30
12582;6420;7779;True;False;True;30
12583;6414;7780;True;True;True;30
12584;6422;7780;True;True;True;30
12585;6422;7781;True;True;True;40
12586;6423;7781;True;False;True;40
12587;6424;7782;True;False;True;40
12588;6425;7782;True;True;True;40
12589;6425;7783;True;True;True;30
12590;6426;7783;True;True;True;30
12591;6426;7784;True;True;True;40
12592;6427;7784;True;False;True;40
12593;6427;7785;True;False;True;30
12594;6428;7785;True;False;True;30
12595;6429;7786;True;False;True;30
12596;6430;7786;True;True;True;30
12597;6432;7787;True;False;True;30
12598;6431;7787;True;True;True;30
12599;6433;7788;True;False;True;40
12600;6432;7788;True;False;True;40
12601;6434;7789;True;False;True;30
12602;6433;7789;True;False;True;30
12603;6435;7790;True;False;True;40
12604;6434;7790;True;False;True;40
12605;6436;7791;True;False;True;30
12606;6435;7791;True;False;True;30
12607;6437;7792;True;False;True;40
12608;6436;7792;True;False;True;40
12609;6438;7793;True;False;True;30
12610;6437;7793;True;False;True;30
12611;6440;7794;True;True;True;30
12612;6439;7794;True;False;True;30
12613;6441;7795;True;True;True;40
12614;6440;7795;True;True;True;40
12615;6415;7796;True;True;True;30
12616;6441;7796;True;True;True;30
12617;6430;7797;True;True;True;40
12618;6442;7797;True;True;True;40
12619;6442;7798;True;True;True;30
12620;6443;7798;True;True;True;30
12621;6443;7799;True;True;True;40
12622;6444;7799;True;False;True;40
12623;6444;7800;True;False;True;30
12624;6445;7800;True;False;True;30
12625;6445;7801;True;False;True;40
12626;6446;7801;True;False;True;40
12627;6446;7802;True;False;True;30
12628;6447;7802;True;False;True;30
12629;6447;7803;True;False;True;40
12630;6448;7803;True;True;True;40
12631;6448;7804;True;True;True;30
12632;6449;7804;True;False;True;30
12633;6449;7805;True;False;True;40
12634;6450;7805;True;True;True;40
12635;6450;7806;True;True;True;30
12636;6451;7806;True;True;True;30
12637;6453;7807;True;True;True;40
12638;6452;7807;True;True;True;40
12639;6454;7808;True;True;True;30
12640;6453;7808;True;True;True;30
12641;6455;7809;True;True;True;40
12642;6454;7809;True;True;True;40
12643;6456;7810;True;False;True;30
12644;6455;7810;True;True;True;30
12645;6457;7811;True;False;True;40
12646;6456;7811;True;False;True;40
12647;6458;7812;True;False;True;30
12648;6457;7812;True;False;True;30
12649;6459;7813;True;False;True;40
12650;6458;7813;True;False;True;40
12651;6460;7814;True;False;True;30
12652;6459;7814;True;False;True;30
12653;6431;7815;True;True;True;40
12654;6460;7815;True;False;True;40
12655;6451;7816;True;True;True;40
12656;6461;7816;True;True;True;40
12657;6461;7817;True;True;True;30
12658;6462;7817;True;True;True;30
12659;6462;7818;True;True;True;40
12660;6463;7818;True;True;True;40
12661;6463;7819;True;True;True;30
12662;6464;7819;True;True;True;30
12663;6464;7820;True;True;True;40
12664;6465;7820;True;True;True;40
12665;6465;7821;True;True;True;30
12666;6466;7821;True;True;True;30
12667;6466;7822;True;True;True;40
12668;6467;7822;True;True;True;40
12669;6467;7823;True;True;True;30
12670;6468;7823;True;True;True;30
12671;6468;7824;True;True;True;40
12672;6469;7824;True;True;True;40
12673;6469;7825;True;True;True;30
12674;6470;7825;True;True;True;30
12675;6472;7826;True;True;True;30
12676;6471;7826;True;True;True;30
12677;6473;7827;True;True;True;40
12678;6472;7827;True;True;True;40
12679;6474;7828;True;True;True;30
12680;6473;7828;True;True;True;30
12681;6475;7829;True;True;True;40
12682;6474;7829;True;True;True;40
12683;6476;7830;True;True;True;30
12684;6475;7830;True;True;True;30
12685;6477;7831;True;True;True;40
12686;6476;7831;True;True;True;40
12687;6478;7832;True;True;True;30
12688;6477;7832;True;True;True;30
12689;6479;7833;True;True;True;40
12690;6478;7833;True;True;True;40
12691;6452;7834;True;True;True;30
12692;6479;7834;True;True;True;30
12693;6470;7835;True;True;True;40
12694;6480;7835;True;True;True;40
12695;6480;7836;True;True;True;30
12696;6481;7836;True;True;True;30
12697;6481;7837;True;True;True;40
12698;6482;7837;True;True;True;40
12699;6482;7838;True;True;True;30
12700;6483;7838;True;True;True;30
12701;6483;7839;True;True;True;40
12702;6484;7839;True;False;True;40
12703;6484;7840;True;False;True;30
12704;6485;7840;True;True;True;30
12705;6485;7841;True;True;True;40
12706;6486;7841;True;True;True;40
12707;6486;7842;True;True;True;30
12708;6487;7842;True;True;True;30
12709;6487;7843;True;True;True;40
12710;6488;7843;True;True;True;40
12711;6488;7844;True;True;True;30
12712;6489;7844;True;True;True;30
12713;6491;7845;True;True;True;30
12714;6490;7845;True;True;True;30
12715;6492;7846;True;True;True;40
12716;6491;7846;True;True;True;40
12717;6493;7847;True;True;True;30
12718;6492;7847;True;True;True;30
12719;6494;7848;True;True;True;40
12720;6493;7848;True;True;True;40
12721;6495;7849;True;False;True;30
12722;6494;7849;True;True;True;30
12723;6496;7850;True;True;True;40
12724;6495;7850;True;False;True;40
12725;6497;7851;True;True;True;30
12726;6496;7851;True;True;True;30
12727;6498;7852;True;True;True;40
12728;6497;7852;True;True;True;40
12729;6499;7853;True;True;True;30
12730;6498;7853;True;True;True;30
12731;6471;7854;True;True;True;40
12732;6499;7854;True;True;True;40
12733;6489;7855;True;True;True;40
12734;6500;7855;True;True;True;40
12735;6500;7856;True;True;True;30
12736;6501;7856;True;True;True;30
12737;6501;7857;True;True;True;40
12738;6502;7857;True;True;True;40
12739;6502;7858;True;True;True;30
12740;6503;7858;True;False;True;30
12743;6504;7860;True;False;True;30
12744;6505;7860;True;False;True;30
12745;6505;7861;True;False;True;40
12746;6506;7861;True;False;True;40
12747;6506;7862;True;False;True;30
12748;6507;7862;True;False;True;30
12749;6507;7863;True;False;True;40
12750;6508;7863;True;False;True;40
12751;6508;7864;True;False;True;30
12752;6509;7864;True;True;True;30
12753;6509;7865;True;True;True;40
12754;6510;7865;True;True;True;40
12755;6510;7866;True;True;True;30
12756;6511;7866;True;True;True;30
12757;6513;7867;True;True;True;30
12758;6512;7867;True;True;True;30
12759;6514;7868;True;False;True;40
12760;6513;7868;True;True;True;40
12761;6515;7869;True;False;True;30
12762;6514;7869;True;False;True;30
12763;6516;7870;True;False;True;40
12764;6515;7870;True;False;True;40
12765;6517;7871;True;False;True;30
12766;6516;7871;True;False;True;30
12767;6518;7872;True;False;True;40
12768;6517;7872;True;False;True;40
12769;6519;7873;True;False;True;30
12770;6518;7873;True;False;True;30
12771;6520;7874;True;False;True;40
12772;6519;7874;True;False;True;40
12773;6521;7875;True;True;True;30
12774;6520;7875;True;False;True;30
12775;6522;7876;True;True;True;40
12776;6521;7876;True;True;True;40
12777;6523;7877;True;True;True;30
12778;6522;7877;True;True;True;30
12779;6490;7878;True;True;True;40
12780;6523;7878;True;True;True;40
12785;6525;7880;True;True;True;40
12786;6526;7880;True;True;True;40
12787;6529;7881;True;False;True;0
12788;6528;7881;True;False;True;30.5
12789;6511;7882;True;True;True;40
12790;6530;7882;True;True;True;40
12791;6530;7883;True;True;True;30
12792;6531;7883;True;True;True;30
12793;6531;7884;True;True;True;40
12794;6532;7884;True;True;True;40
12795;6532;7885;True;True;True;30
12796;6533;7885;True;True;True;30
12797;6533;7886;True;True;True;40
12798;6534;7886;True;False;True;40
12799;6534;7887;True;False;True;30
12800;6535;7887;True;True;True;30
12801;6535;7888;True;True;True;40
12802;6536;7888;True;True;True;40
12803;6536;7889;True;True;True;30
12804;6537;7889;True;True;True;30
12805;6537;7890;True;True;True;40
12806;6538;7890;True;True;True;40
12807;6538;7891;True;True;True;30
12808;6539;7891;True;True;True;30
12809;6541;7892;True;True;True;30
12810;6540;7892;True;True;True;30
12811;6542;7893;True;True;True;40
12812;6541;7893;True;True;True;40
12813;6543;7894;True;True;True;30
12814;6542;7894;True;True;True;30
12815;6544;7895;True;True;True;40
12816;6543;7895;True;True;True;40
12817;6545;7896;True;True;True;30
12818;6544;7896;True;True;True;30
12819;6546;7897;True;True;True;40
12820;6545;7897;True;True;True;40
12821;6547;7898;True;True;True;30
12822;6546;7898;True;True;True;30
12823;6548;7899;True;True;True;40
12824;6547;7899;True;True;True;40
12825;6549;7900;True;False;True;30
12826;6548;7900;True;True;True;30
12827;6512;7901;True;True;True;40
12828;6549;7901;True;False;True;40
12829;6539;7902;True;True;True;40
12830;6550;7902;True;True;True;40
12831;6550;7903;True;True;True;30
12832;6551;7903;True;True;True;30
12833;6540;7904;True;True;True;40
12834;6552;7904;True;False;True;40
12835;6552;7905;True;False;True;30
12836;6553;7905;True;False;True;30
12837;6554;7906;True;False;True;30
12838;6555;7906;True;False;True;30
12839;6555;7907;True;False;True;40
12840;6556;7907;True;False;True;40
12841;6556;7908;True;False;True;30
12842;6557;7908;True;False;True;30
12843;6557;7909;True;False;True;40
12844;6558;7909;True;True;True;40
12845;6558;7910;True;True;True;30
12846;6559;7910;True;True;True;30
12847;6559;7911;True;True;True;40
12848;6560;7911;True;True;True;40
12849;6560;7912;True;True;True;30
12850;6561;7912;True;True;True;30
12851;6562;7913;True;True;True;40
12852;6564;7913;True;False;True;40
12853;6564;7914;True;False;True;30
12854;6563;7914;True;False;True;30
12855;6563;7915;True;False;True;40
12856;6565;7915;True;False;True;40
12857;6565;7916;True;False;True;30
12858;6566;7916;True;False;True;30
12859;6566;7917;True;False;True;40
12860;6568;7917;True;True;True;40
12861;6568;7918;True;True;True;30
12862;6567;7918;True;True;True;30
12863;6569;7919;True;False;True;30
12864;6570;7919;True;True;True;30
12865;6570;7920;True;True;True;40
12866;6571;7920;True;True;True;40
12867;6571;7921;True;True;True;30
12868;6572;7921;True;False;True;30
12869;6561;7922;True;True;True;40
12870;6573;7922;True;True;True;40
12871;6573;7923;True;True;True;30
12872;6574;7923;True;False;True;30
12873;6574;7924;True;False;True;40
12874;6575;7924;True;False;True;40
12875;6575;7925;True;False;True;30
12876;6576;7925;True;False;True;30
12877;6576;7926;True;False;True;40
12878;6577;7926;True;True;True;40
12879;6577;7927;True;True;True;30
12880;6578;7927;True;True;True;30
12881;6580;7928;True;True;True;40
12882;6579;7928;True;True;True;40
12883;6581;7929;True;True;True;30
12884;6580;7929;True;True;True;30
12885;6582;7930;True;False;True;40
12886;6581;7930;True;True;True;40
12887;6583;7931;True;False;True;30
12888;6582;7931;True;False;True;30
12889;6584;7932;True;False;True;40
12890;6583;7932;True;False;True;40
12891;6585;7933;True;False;True;30
12892;6584;7933;True;False;True;30
12893;6586;7934;True;False;True;40
12894;6585;7934;True;False;True;40
12895;6587;7935;True;True;True;30
12896;6586;7935;True;False;True;30
12897;6567;7936;True;True;True;40
12898;6587;7936;True;True;True;40
12899;6588;7937;True;False;True;30
12900;6589;7937;True;False;True;30
12901;6589;7938;True;False;True;40
12902;6590;7938;True;True;True;40
12903;6590;7939;True;True;True;30
12904;6591;7939;True;True;True;30
12905;6591;7940;True;True;True;40
12906;6592;7940;True;True;True;40
12907;6592;7941;True;True;True;30
12908;6593;7941;True;True;True;30
12909;6593;7942;True;True;True;40
12910;6594;7942;True;True;True;40
12911;6578;7943;True;True;True;40
12912;6595;7943;True;False;True;40
12913;6595;7944;True;False;True;30
12914;6596;7944;True;True;True;30
12915;6596;7945;True;True;True;40
12916;6597;7945;True;True;True;40
12917;6597;7946;True;True;True;30
12918;6598;7946;True;False;True;30
12919;6598;7947;True;False;True;40
12920;6599;7947;True;False;True;40
12921;6599;7948;True;False;True;30
12922;6600;7948;True;True;True;30
12923;6600;7949;True;True;True;40
12924;6601;7949;True;True;True;40
12925;6601;7950;True;True;True;30
12926;6602;7950;True;True;True;30
12927;6602;7951;True;True;True;40
12928;6603;7951;True;True;True;40
12929;6603;7952;True;True;True;30
12930;6604;7952;True;True;True;30
12931;6606;7953;True;True;True;40
12932;6605;7953;True;True;True;40
12933;6607;7954;True;True;True;30
12934;6606;7954;True;True;True;30
12935;6608;7955;True;True;True;40
12936;6607;7955;True;True;True;40
12937;6609;7956;True;True;True;30
12938;6608;7956;True;True;True;30
12939;6610;7957;True;True;True;40
12940;6609;7957;True;True;True;40
12941;6611;7958;True;True;True;30
12942;6610;7958;True;True;True;30
12943;6612;7959;True;True;True;40
12944;6611;7959;True;True;True;40
12945;6579;7960;True;True;True;30
12946;6612;7960;True;True;True;30
12947;6604;7961;True;True;True;40
12948;6613;7961;True;True;True;40
12949;6613;7962;True;True;True;30
12950;6614;7962;True;False;True;30
12951;6614;7963;True;False;True;40
12952;6615;7963;True;False;True;40
12953;6615;7964;True;False;True;30
12954;6616;7964;True;False;True;30
12955;6616;7965;True;False;True;40
12956;6617;7965;True;False;True;40
12957;6617;7966;True;False;True;30
12958;6618;7966;True;False;True;30
12959;6618;7967;True;False;True;40
12960;6619;7967;True;False;True;40
12961;6619;7968;True;False;True;30
12962;6620;7968;True;False;True;30
12963;6620;7969;True;False;True;40
12964;6621;7969;True;False;True;40
12965;6621;7970;True;False;True;30
12966;6622;7970;True;False;True;30
12967;6622;7971;True;False;True;40
12968;6623;7971;True;True;True;40
12969;6623;7972;True;True;True;30
12970;6624;7972;True;True;True;30
12971;6626;7973;True;False;True;86.6666666666667
12972;6625;7973;True;False;True;86.6666666666667
12973;6627;7974;True;False;True;30
12974;6626;7974;True;False;True;30
12975;6628;7975;True;False;True;40
12976;6627;7975;True;False;True;40
12977;6629;7976;True;False;True;30
12978;6628;7976;True;False;True;30
12979;6630;7977;True;False;True;40
12980;6629;7977;True;False;True;40
12981;6631;7978;True;False;True;30
12982;6630;7978;True;False;True;30
12983;6632;7979;True;False;True;40
12984;6631;7979;True;False;True;40
12985;6633;7980;True;False;True;30
12986;6632;7980;True;False;True;30
12987;6634;7981;True;False;True;40
12988;6633;7981;True;False;True;40
12989;6635;7982;True;False;True;30
12990;6634;7982;True;False;True;30
12991;6636;7983;True;True;True;40
12992;6635;7983;True;False;True;40
12993;6637;7984;True;True;True;30
12994;6636;7984;True;True;True;30
12995;6638;7985;True;True;True;40
12996;6637;7985;True;True;True;40
12997;6605;7986;True;True;True;30
12998;6638;7986;True;True;True;30
12999;6640;7987;True;True;True;40
13000;6639;7987;True;True;True;40
13001;6641;7988;True;False;True;30
13002;6640;7988;True;True;True;30
13003;6645;7989;True;False;True;85.3333333333333
13004;6644;7989;True;False;True;85.3333333333333
13005;6624;7990;True;True;True;40
13006;6646;7990;True;True;True;40
13007;6646;7991;True;True;True;30
13008;6647;7991;True;False;True;30
13009;6647;7992;True;False;True;40
13010;6648;7992;True;False;True;40
13011;6648;7993;True;False;True;30
13012;6649;7993;True;True;True;30
13013;6649;7994;True;True;True;40
13014;6650;7994;True;False;True;40
13015;6650;7995;True;False;True;30
13016;6651;7995;True;False;True;30
13017;6651;7996;True;False;True;40
13018;6652;7996;True;False;True;40
13019;6652;7997;True;False;True;30
13020;6653;7997;True;False;True;30
13021;6655;7998;True;True;True;40
13022;6654;7998;True;True;True;40
13023;6656;7999;True;True;True;30
13024;6655;7999;True;True;True;30
13025;6657;8000;True;True;True;40
13026;6656;8000;True;True;True;40
13027;6658;8001;True;True;True;30
13028;6657;8001;True;True;True;30
13029;6659;8002;True;True;True;40
13030;6658;8002;True;True;True;40
13031;6625;8003;True;False;True;30
13032;6659;8003;True;True;True;30
13033;6653;8004;True;False;True;40
13034;6660;8004;True;False;True;40
13035;6660;8005;True;False;True;30
13036;6661;8005;True;False;True;30
13037;6661;8006;True;False;True;40
13038;6662;8006;True;False;True;40
13039;6662;8007;True;False;True;30
13040;6663;8007;True;False;True;30
13041;6663;8008;True;False;True;40
13042;6664;8008;True;True;True;40
13043;6664;8009;True;True;True;30
13044;6665;8009;True;True;True;30
13045;6667;8010;True;True;True;40
13046;6666;8010;True;True;True;40
13047;6668;8011;True;True;True;30
13048;6667;8011;True;True;True;30
13049;6669;8012;True;True;True;40
13050;6668;8012;True;True;True;40
13051;6670;8013;True;False;True;30
13052;6669;8013;True;True;True;30
13053;6671;8014;True;False;True;40
13054;6670;8014;True;False;True;40
13055;6672;8015;True;False;True;30
13056;6671;8015;True;False;True;30
13057;6673;8016;True;True;True;40
13058;6672;8016;True;False;True;40
13059;6654;8017;True;True;True;30
13060;6673;8017;True;True;True;30
13061;6674;8018;True;False;True;40
13062;6675;8018;True;True;True;40
13063;6675;8019;True;True;True;30
13064;6676;8019;True;True;True;30
13065;6676;8020;True;True;True;40
13066;6677;8020;True;True;True;40
13067;6677;8021;True;True;True;30
13068;6678;8021;True;True;True;30
13069;6678;8022;True;True;True;40
13070;6679;8022;True;True;True;40
13071;6679;8023;True;True;True;30
13072;6680;8023;True;True;True;30
13073;6680;8024;True;True;True;40
13074;6681;8024;True;True;True;40
13075;6683;8025;True;True;True;40
13076;6682;8025;True;True;True;40
13077;6684;8026;True;True;True;30
13078;6683;8026;True;True;True;30
13079;6685;8027;True;True;True;40
13080;6684;8027;True;True;True;40
13081;6686;8028;True;True;True;30
13082;6685;8028;True;True;True;30
13083;6687;8029;True;True;True;40
13084;6686;8029;True;True;True;40
13085;6688;8030;True;False;True;30
13086;6687;8030;True;True;True;30
13087;6665;8031;True;True;True;40
13088;6689;8031;True;True;True;40
13089;6689;8032;True;True;True;30
13090;6690;8032;True;True;True;30
13091;6690;8033;True;True;True;40
13092;6691;8033;True;True;True;40
13093;6691;8034;True;True;True;30
13094;6692;8034;True;True;True;30
13095;6692;8035;True;True;True;40
13096;6693;8035;True;True;True;40
13097;6693;8036;True;True;True;30
13098;6694;8036;True;False;True;30
13099;6696;8037;True;True;True;30
13100;6695;8037;True;True;True;30
13101;6697;8038;True;True;True;40
13102;6696;8038;True;True;True;40
13103;6698;8039;True;True;True;30
13104;6697;8039;True;True;True;30
13105;6699;8040;True;True;True;40
13106;6698;8040;True;True;True;40
13107;6666;8041;True;True;True;30
13108;6699;8041;True;True;True;30
13109;6694;8042;True;False;True;40
13110;6700;8042;True;True;True;40
13111;6700;8043;True;True;True;30
13112;6701;8043;True;True;True;30
13113;6701;8044;True;True;True;40
13114;6702;8044;True;False;True;40
13115;6702;8045;True;False;True;30
13116;6703;8045;True;False;True;30
13117;6703;8046;True;False;True;76.6666666666667
13118;6704;8046;True;False;True;76.6666666666667
13119;6704;8047;True;False;True;30
13120;6705;8047;True;False;True;30
13121;6705;8048;True;False;True;40
13122;6706;8048;True;True;True;40
13123;6706;8049;True;True;True;30
13124;6707;8049;True;True;True;30
13125;6707;8050;True;True;True;40
13126;6708;8050;True;True;True;40
13127;6708;8051;True;True;True;30
13128;6709;8051;True;True;True;30
13129;6711;8052;True;True;True;40
13130;6710;8052;True;False;True;40
13131;6712;8053;True;True;True;30
13132;6711;8053;True;True;True;30
13133;6713;8054;True;True;True;40
13134;6712;8054;True;True;True;40
13135;6714;8055;True;True;True;30
13136;6713;8055;True;True;True;30
13137;6715;8056;True;False;True;40
13138;6714;8056;True;True;True;40
13139;6716;8057;True;False;True;30
13140;6715;8057;True;False;True;30
13141;6717;8058;True;False;True;40
13142;6716;8058;True;False;True;40
13143;6718;8059;True;False;True;30
13144;6717;8059;True;False;True;30
13145;6719;8060;True;False;True;40
13146;6718;8060;True;False;True;40
13147;6720;8061;True;False;True;30
13148;6719;8061;True;False;True;30
13149;6695;8062;True;True;True;40
13150;6720;8062;True;False;True;40
13151;6709;8063;True;True;True;40
13152;6721;8063;True;False;True;40
13153;6721;8064;True;False;True;30
13154;6722;8064;True;False;True;30
13155;6722;8065;True;False;True;40
13156;6723;8065;True;True;True;40
13157;6723;8066;True;True;True;30
13158;6724;8066;True;True;True;30
13159;6724;8067;True;True;True;40
13160;6725;8067;True;True;True;40
13161;6725;8068;True;True;True;30
13162;6726;8068;True;True;True;30
13163;6710;8069;True;False;True;30
13164;6727;8069;True;True;True;30
13165;6727;8070;True;True;True;40
13166;6728;8070;True;False;True;40
13167;6728;8071;True;False;True;30
13168;6729;8071;True;False;True;30
13169;6729;8072;True;False;True;40
13170;6730;8072;True;True;True;40
13171;6730;8073;True;True;True;30
13172;6731;8073;True;True;True;30
13173;6731;8074;True;True;True;40
13174;6732;8074;True;False;True;40
13175;6732;8075;True;False;True;30
13176;6733;8075;True;True;True;30
13177;6726;8076;True;True;True;40
13178;6734;8076;True;True;True;40
13179;6734;8077;True;True;True;30
13180;6735;8077;True;True;True;30
13181;6735;8078;True;True;True;40
13182;6736;8078;True;True;True;40
13183;6736;8079;True;True;True;30
13184;6737;8079;True;False;True;30
13185;6737;8080;True;False;True;40
13186;6738;8080;True;False;True;40
13187;6738;8081;True;False;True;30
13188;6739;8081;True;True;True;30
13189;6739;8082;True;True;True;40
13190;6740;8082;True;True;True;40
13191;6740;8083;True;True;True;30
13192;6741;8083;True;True;True;30
13193;6741;8084;True;True;True;40
13194;6742;8084;True;True;True;40
13195;6742;8085;True;False;True;30
13196;6743;8085;True;True;True;30
13197;6733;8086;True;True;True;40
13198;6744;8086;True;True;True;40
13199;6744;8087;True;True;True;30
13200;6745;8087;True;True;True;30
13201;6745;8088;True;True;True;40
13202;6746;8088;True;False;True;40
13203;6746;8089;True;False;True;30
13204;6747;8089;True;True;True;30
13205;6747;8090;True;True;True;40
13206;6748;8090;True;True;True;40
13207;6748;8091;True;True;True;30
13208;6749;8091;True;True;True;30
13209;6749;8092;True;True;True;40
13210;6750;8092;True;True;True;40
13211;6743;8093;True;True;True;40
13212;6751;8093;True;True;True;40
13213;6751;8094;True;True;True;30
13214;6752;8094;True;False;True;30
13215;6752;8095;True;False;True;40
13216;6753;8095;True;False;True;40
13219;6754;8097;True;False;True;40
13220;6755;8097;True;False;True;40
13221;6755;8098;True;False;True;30
13222;6756;8098;True;False;True;30
13223;6756;8099;True;False;True;40
13224;6757;8099;True;False;True;40
13225;6757;8100;True;False;True;30
13226;6758;8100;True;False;True;30
13227;6758;8101;True;False;True;40
13228;6759;8101;True;False;True;40
13229;6759;8102;True;False;True;30
13230;6760;8102;True;True;True;30
13231;6760;8103;True;True;True;40
13232;6761;8103;True;True;True;40
13233;6761;8104;True;True;True;30
13234;6762;8104;True;False;True;30
13235;6762;8105;True;False;True;40
13236;6763;8105;True;False;True;40
13237;6765;8106;True;False;True;40
13238;6764;8106;True;False;True;40
13239;6766;8107;True;True;True;30
13240;6765;8107;True;False;True;30
13241;6767;8108;True;True;True;40
13242;6766;8108;True;True;True;40
13243;6768;8109;True;False;True;30
13244;6767;8109;True;True;True;30
13245;6769;8110;True;False;True;40
13246;6768;8110;True;False;True;40
13247;6770;8111;True;False;True;30
13248;6769;8111;True;False;True;30
13249;6771;8112;True;False;True;40
13250;6770;8112;True;False;True;40
13251;6772;8113;True;False;True;30
13252;6771;8113;True;False;True;30
13253;6773;8114;True;False;True;40
13254;6772;8114;True;False;True;40
13255;6774;8115;True;True;True;30
13256;6773;8115;True;False;True;30
13257;6775;8116;True;True;True;40
13258;6774;8116;True;True;True;40
13259;6750;8117;True;True;True;30
13260;6775;8117;True;True;True;30
13265;6777;8119;True;True;True;30
13266;6778;8119;True;True;True;30
13269;6763;8121;True;False;True;30
13270;6780;8121;True;False;True;30
13271;6780;8122;True;False;True;40
13272;6781;8122;True;True;True;40
13273;6781;8123;True;True;True;30
13274;6782;8123;True;False;True;30
13275;6782;8124;True;False;True;40
13276;6783;8124;True;False;True;40
13277;6783;8125;True;False;True;30
13278;6784;8125;True;False;True;30
13279;6784;8126;True;False;True;40
13280;6785;8126;True;False;True;40
13281;6785;8127;True;False;True;30
13282;6786;8127;True;True;True;30
13283;6786;8128;True;True;True;40
13284;6787;8128;True;True;True;40
13285;6787;8129;True;True;True;30
13286;6788;8129;True;True;True;30
13287;6788;8130;True;True;True;40
13288;6789;8130;True;True;True;40
13289;6789;8131;True;True;True;30
13290;6790;8131;True;True;True;30
13291;6790;8132;True;True;True;40
13292;6791;8132;True;False;True;40
13293;6791;8133;True;False;True;30
13294;6792;8133;True;True;True;30
13295;6794;8134;True;True;True;30
13296;6793;8134;True;False;True;30
13297;6795;8135;True;False;True;40
13298;6794;8135;True;True;True;40
13299;6796;8136;True;True;True;30
13300;6795;8136;True;False;True;30
13301;6797;8137;True;True;True;40
13302;6796;8137;True;True;True;40
13303;6798;8138;True;True;True;30
13304;6797;8138;True;True;True;30
13305;6799;8139;True;True;True;40
13306;6798;8139;True;True;True;40
13307;6800;8140;True;False;True;30
13308;6799;8140;True;True;True;30
13309;6801;8141;True;False;True;40
13310;6800;8141;True;False;True;40
13311;6802;8142;True;False;True;30
13312;6801;8142;True;False;True;30
13313;6803;8143;True;False;True;40
13314;6802;8143;True;False;True;40
13315;6804;8144;True;True;True;30
13316;6803;8144;True;False;True;30
13317;6805;8145;True;True;True;40
13318;6804;8145;True;True;True;40
13319;6764;8146;True;False;True;30
13320;6805;8146;True;True;True;30
13321;6792;8147;True;True;True;40
13322;6806;8147;True;True;True;40
13323;6806;8148;True;True;True;30
13324;6807;8148;True;True;True;30
13325;6807;8149;True;True;True;40
13326;6808;8149;True;True;True;40
13327;6808;8150;True;True;True;30
13328;6809;8150;True;False;True;30
13329;6809;8151;True;False;True;40
13330;6810;8151;True;False;True;40
13331;6810;8152;True;False;True;30
13332;6811;8152;True;False;True;30
13333;6811;8153;True;False;True;40
13334;6812;8153;True;True;True;40
13335;6812;8154;True;True;True;30
13336;6813;8154;True;True;True;30
13337;6813;8155;True;True;True;40
13338;6814;8155;True;True;True;40
13339;6814;8156;True;True;True;30
13340;6815;8156;True;True;True;30
13341;6817;8157;True;True;True;40
13342;6816;8157;True;True;True;40
13343;6818;8158;True;True;True;30
13344;6817;8158;True;True;True;30
13345;6819;8159;True;True;True;40
13346;6818;8159;True;True;True;40
13347;6820;8160;True;False;True;30
13348;6819;8160;True;True;True;30
13349;6821;8161;True;False;True;40
13350;6820;8161;True;False;True;40
13351;6822;8162;True;False;True;30
13352;6821;8162;True;False;True;30
13353;6823;8163;True;True;True;40
13354;6822;8163;True;False;True;40
13355;6824;8164;True;True;True;30
13356;6823;8164;True;True;True;30
13357;6825;8165;True;False;True;80.3333333333333
13358;6824;8165;True;True;True;80.3333333333333
13359;6826;8166;True;True;True;30
13360;6825;8166;True;False;True;30
13361;6793;8167;True;False;True;40
13362;6826;8167;True;True;True;40
13363;6815;8168;True;True;True;40
13364;6827;8168;True;True;True;40
13365;6827;8169;True;True;True;30
13366;6828;8169;True;True;True;30
13367;6828;8170;True;True;True;40
13368;6829;8170;True;True;True;40
13369;6829;8171;True;True;True;30
13370;6830;8171;True;True;True;30
13371;6830;8172;True;True;True;40
13372;6831;8172;True;True;True;40
13373;6831;8173;True;True;True;30
13374;6832;8173;True;True;True;30
13375;6832;8174;True;True;True;40
13376;6833;8174;True;True;True;40
13377;6833;8175;True;True;True;30
13378;6834;8175;True;True;True;30
13379;6836;8176;True;True;True;30
13380;6835;8176;True;True;True;30
13381;6835;8177;True;True;True;40
13382;6837;8177;True;True;True;40
13383;6838;8178;True;True;True;40
13384;6836;8178;True;True;True;40
13385;6839;8179;True;True;True;30
13386;6838;8179;True;True;True;30
13387;6840;8180;True;True;True;40
13388;6839;8180;True;True;True;40
13389;6841;8181;True;True;True;30
13390;6840;8181;True;True;True;30
13391;6842;8182;True;True;True;40
13392;6841;8182;True;True;True;40
13393;6843;8183;True;False;True;30
13394;6842;8183;True;True;True;30
13395;6844;8184;True;True;True;40
13396;6843;8184;True;False;True;40
13397;6816;8185;True;True;True;30
13398;6844;8185;True;True;True;30
13399;6834;8186;True;True;True;40
13400;6845;8186;True;False;True;40
13401;6845;8187;True;False;True;30
13402;6846;8187;True;False;True;30
13403;6846;8188;True;False;True;40
13404;6847;8188;True;True;True;40
13405;6847;8189;True;True;True;30
13406;6848;8189;True;True;True;30
13407;6848;8190;True;True;True;40
13408;6849;8190;True;True;True;40
13409;6849;8191;True;True;True;30
13410;6850;8191;True;True;True;30
13411;6850;8192;True;True;True;93
13412;6851;8192;True;True;True;93
13413;6851;8193;True;True;True;30
13414;6852;8193;True;True;True;30
13417;6855;8195;True;True;True;30
13418;6854;8195;True;True;True;30
13419;6856;8196;True;True;True;40
13420;6855;8196;True;True;True;40
13421;6857;8197;True;True;True;30
13422;6856;8197;True;True;True;30
13423;6858;8198;True;True;True;40
13424;6857;8198;True;True;True;40
13425;6859;8199;True;False;True;30
13426;6858;8199;True;True;True;30
13427;6860;8200;True;True;True;40
13428;6859;8200;True;True;True;40
13429;6837;8201;True;True;True;30
13430;6860;8201;True;True;True;30
13431;6551;8202;True;True;True;40
13432;6861;8202;True;True;True;40
13433;6861;8203;True;True;True;30
13434;6862;8203;True;True;True;30
13435;6862;8204;True;True;True;40
13436;6554;8204;True;False;True;40
13437;6553;8205;True;False;True;40
13438;6863;8205;True;True;True;40
13439;6863;8206;True;True;True;30
13440;6864;8206;True;True;True;30
13441;6864;8207;True;True;True;40
13442;6865;8207;True;True;True;40
13443;6865;8208;True;True;True;30
13444;6562;8208;True;True;True;30
13445;6340;8209;True;False;True;40
13446;6339;8209;True;False;True;40
13447;6874;8210;True;True;True;40
13448;6873;8210;True;True;True;40
13449;6875;8211;True;True;True;30
13450;6874;8211;True;True;True;30
13451;6876;8212;True;True;True;40
13452;6875;8212;True;True;True;40
13453;6877;8213;True;True;True;30
13454;6876;8213;True;True;True;30
13455;6878;8214;True;True;True;49
13456;6877;8214;True;True;True;49
13457;6879;8215;True;True;True;30
13458;6878;8215;True;True;True;30
13459;6880;8216;True;True;True;30
13460;6881;8216;True;True;True;30
13461;6881;8217;True;True;True;40
13462;6882;8217;True;True;True;40
13463;6882;8218;True;True;True;30
13464;6883;8218;True;True;True;30
13465;6884;8219;True;False;True;30
13466;6885;8219;True;False;True;30
13467;6885;8220;True;False;True;40
13468;6886;8220;True;True;True;40
13469;6886;8221;True;True;True;30
13470;6887;8221;True;True;True;30
13471;6887;8222;True;True;True;51.5
13472;6888;8222;True;True;True;51.5
13473;6888;8223;True;True;True;30
13474;6889;8223;True;True;True;30
13475;6891;8224;True;True;True;40
13476;6890;8224;True;True;True;40
13477;6892;8225;True;True;True;30
13478;6891;8225;True;True;True;30
13479;6893;8226;True;True;True;40
13480;6892;8226;True;True;True;40
13481;6894;8227;True;True;True;30
13482;6893;8227;True;True;True;30
13483;6895;8228;True;True;True;40
13484;6894;8228;True;True;True;40
13485;6872;8209;False;True;True;0
13486;6872;7687;False;True;True;0
13487;6896;7697;False;True;True;0
13488;6896;7691;False;True;True;0
13489;6641;7983;False;False;False;0
13490;6779;8100;False;True;True;0
13491;6897;7613;False;False;True;0
13492;6897;7621;False;False;True;0
13493;6898;7613;False;False;True;0
13494;6898;7620;False;False;True;0
13495;6899;7643;False;False;True;0
13496;6899;7631;False;False;True;0
13497;6900;7631;False;False;True;0
13498;6900;7642;False;False;True;0
13499;6901;7732;False;False;True;0
13500;6901;7723;False;False;True;0
13501;6902;7723;False;False;True;0
13502;6902;7731;False;False;True;0
13503;6903;7800;False;False;True;0
13504;6903;7812;False;False;True;0
13505;6904;7812;False;False;True;0
13506;6904;7801;False;False;True;0
13507;6905;7874;False;False;True;0
13509;6906;7863;False;False;True;0
13510;6906;7870;False;False;True;0
13511;6907;7908;False;False;True;0
13512;6907;7915;False;False;True;0
13513;6908;7932;False;False;True;0
13514;6908;7924;False;False;True;0
13515;6909;7964;False;False;True;0
13516;6909;7983;False;False;True;0
13517;6910;7979;False;False;True;0
13518;6910;7968;False;False;True;0
13519;6911;8058;False;False;True;0
13520;6911;8047;False;False;True;0
13521;6912;8047;False;False;True;0
13522;6912;8057;False;False;True;0
13524;6913;8114;False;False;True;0
13525;6914;8124;False;False;True;0
13526;6914;8142;False;False;True;0
13527;6915;8151;False;False;True;0
13528;6915;8162;False;False;True;0
13529;6916;8162;False;False;True;0
13530;6916;8152;False;False;True;0
13531;6383;8229;True;False;True;30
13532;6917;8229;True;True;True;30
13533;6917;8230;True;True;True;40
13534;6918;8230;True;True;True;40
13535;6918;8231;True;True;True;30
13536;6919;8231;True;True;True;30
13537;6919;8232;True;True;True;40
13538;6920;8232;True;False;True;40
13539;6920;8233;True;False;True;30
13540;6921;8233;True;False;True;30
13541;6921;8234;True;False;True;40
13542;6922;8234;True;False;True;40
13543;6922;8235;True;False;True;30
13544;6923;8235;True;False;True;30
13545;6923;8236;True;False;True;40
13546;6410;8236;True;True;True;40
13547;6924;8237;True;False;True;40
13548;6421;8237;True;False;True;40
13549;6925;8238;True;False;True;30
13550;6924;8238;True;False;True;30
13551;6926;8239;True;False;True;40
13552;6925;8239;True;False;True;40
13553;6927;8240;True;False;True;30
13554;6926;8240;True;False;True;30
13555;6928;8241;True;True;True;40
13556;6927;8241;True;False;True;40
13557;6929;8242;True;True;True;30
13558;6928;8242;True;True;True;30
13559;6384;8243;True;True;True;40
13560;6929;8243;True;True;True;40
13561;6930;8234;False;False;True;0
13562;6930;8238;False;False;True;0
13563;6778;8244;True;True;True;40
13564;6779;8244;True;True;True;40
13567;6852;8245;True;True;True;40
13568;6853;8245;True;True;True;40
13569;6423;8246;True;False;True;30
13570;6424;8246;True;False;True;30
13571;6428;8247;True;False;True;40
13572;6429;8247;True;False;True;40
13573;6301;8248;True;True;True;30
13574;6288;8248;True;True;True;30
13575;6503;8249;True;True;True;40
13576;6504;8249;True;True;False;40
13577;6905;8249;False;False;False;0
13580;6753;8250;True;True;True;40
13581;6754;8250;True;True;True;40
13582;6913;8250;False;False;False;0
13583;6931;8250;False;False;False;0
13584;6439;8251;True;False;True;40
13585;6438;8251;True;False;True;40
13586;6163;8252;True;False;True;30
13587;6932;8252;True;False;True;30
13588;6932;8253;True;False;True;73.6666666666667
13589;6933;8253;True;False;True;73.6666666666667
13590;6933;8254;True;False;True;30
13591;6934;8254;True;True;True;90
13592;6934;8255;True;True;True;40
13593;6935;8255;True;True;True;40
13594;6935;8256;True;True;True;88
13595;6936;8256;True;True;True;88
13596;6936;8257;True;True;True;40
13597;6937;8257;True;True;True;40
13598;6166;8258;True;False;True;36
13599;6938;8258;True;True;True;36
13600;6938;8259;True;True;True;30
13601;6939;8259;True;False;True;30
13604;6940;8261;True;False;True;30
13605;6941;8261;True;True;True;30
13606;6941;8262;True;True;True;40
13607;6942;8262;True;True;True;40
13608;6942;8263;True;True;True;30
13609;6943;8263;True;True;True;30
13610;6943;8264;True;True;True;40
13611;6944;8264;True;True;True;40
13612;6944;8265;True;True;True;30
13613;6945;8265;True;True;True;30
13614;6945;8266;True;True;True;40
13615;6946;8266;True;True;True;40
13616;6946;8267;True;True;True;30
13617;6947;8267;True;False;True;30
13618;6947;8268;True;False;True;40
13619;6948;8268;True;True;True;40
13621;6949;8253;False;True;True;0
13622;6937;8269;True;True;True;30
13623;6950;8269;True;True;True;30
13624;6950;8270;True;True;True;40
13625;6951;8270;True;True;True;40
13626;6951;8271;True;True;True;30
13627;6952;8271;True;True;True;30
13628;6952;8272;True;True;True;40
13629;6953;8272;True;True;True;40
13630;6953;8273;True;True;True;30
13631;6954;8273;True;True;True;30
13632;6954;8274;True;True;True;40
13633;6955;8274;True;True;True;40
13634;6955;8275;True;True;True;30
13635;6956;8275;True;True;True;30
13636;6956;8276;True;True;True;40
13637;6957;8276;True;True;True;40
13638;6957;8277;True;True;True;30
13639;6958;8277;True;True;True;30
13640;6948;8278;True;True;True;30
13641;6959;8278;True;True;True;30
13642;6959;8279;True;True;True;40
13643;6960;8279;True;True;True;40
13644;6960;8280;True;True;True;30
13645;6961;8280;True;True;True;30
13646;6961;8281;True;True;True;40
13647;6962;8281;True;True;True;40
13648;6962;8282;True;True;True;30
13649;6963;8282;True;True;True;30
13650;6963;8283;True;True;True;40
13651;6964;8283;True;True;True;40
13652;6964;8284;True;True;True;30
13653;6965;8284;True;True;True;30
13654;6965;8285;True;True;True;40
13655;6966;8285;True;True;True;40
13656;6966;8286;True;True;True;30
13657;6967;8286;True;True;True;30
13658;6967;8287;True;True;True;40
13659;6968;8287;True;True;True;40
13660;6968;8288;True;True;True;30
13661;6969;8288;True;True;True;30
13662;6958;8289;True;True;True;40
13663;6973;8289;True;True;True;40
13664;6973;8290;True;True;True;30
13665;6974;8290;True;False;True;30
13666;6974;8291;True;False;True;50
13667;6975;8291;True;False;True;50
13668;6975;8292;True;False;True;30
13669;6976;8292;True;True;True;30
13670;6970;8291;False;True;True;0
13671;6976;8293;True;True;True;40
13672;6977;8293;True;False;True;40
13675;6978;8295;True;False;True;40
13676;6979;8295;True;False;True;40
13677;6979;8296;True;False;True;30
13678;6980;8296;True;False;True;30
13679;6980;8297;True;False;True;40
13680;6981;8297;True;True;True;40
13681;6981;8298;True;True;True;30
13682;6982;8298;True;True;True;30
13683;6982;8299;True;True;True;40
13684;6983;8299;True;True;True;40
13685;6983;8300;True;True;True;30
13686;6984;8300;True;True;True;30
13687;6971;8295;False;True;True;0
13688;6972;8296;False;True;True;0
13689;6985;8301;True;True;True;40
13690;6986;8301;True;True;True;40
13691;6986;8302;True;True;True;30
13692;6987;8302;True;True;True;30
13693;6987;8303;True;True;True;40
13694;6988;8303;True;True;True;40
13695;6988;8304;True;True;True;30
13696;6989;8304;True;True;True;30
13697;6969;8305;True;True;True;40
13698;6990;8305;True;True;True;40
13699;6990;8306;True;True;True;30
13700;6991;8306;True;True;True;30
13701;6991;8307;True;True;True;40
13702;6992;8307;True;False;True;40
13706;6993;8309;True;False;True;40
13707;6994;8309;True;True;True;40
13708;6994;8310;True;True;True;30
13709;6995;8310;True;False;True;30
13710;6995;8311;True;False;True;40
13711;6996;8311;True;False;True;40
13714;6997;8313;True;False;True;40
13715;6998;8313;True;False;True;40
13716;6998;8314;True;False;True;30
13717;6999;8314;True;False;True;30
13718;6999;8315;True;False;True;40
13719;7000;8315;True;True;True;40
13720;6971;8313;False;True;True;0
13721;6972;8314;False;True;True;0
13722;7000;8316;True;True;True;30
13723;7001;8316;True;True;True;30
13724;7001;8317;True;True;True;40
13725;7002;8317;True;True;True;40
13726;7002;8318;True;True;True;30
13727;7003;8318;True;True;True;30
13728;7003;8319;True;True;True;40
13729;7004;8319;True;True;True;40
13730;7005;8320;True;True;True;37
13731;7006;8320;True;True;True;37
13732;7006;8321;True;True;True;30
13733;7007;8321;True;True;True;30
13734;7007;8322;True;True;True;40
13735;7008;8322;True;True;True;40
13736;7009;8323;True;True;True;39
13737;7010;8323;True;True;True;39
13738;7010;8324;True;True;True;30
13739;7011;8324;True;True;True;30
13740;7011;8325;True;True;True;40
13741;7012;8325;True;True;True;40
13742;7012;8326;True;True;True;30
13743;7013;8326;True;True;True;30
13744;7014;8327;True;True;True;33
13745;7015;8327;True;True;True;33
13746;7014;8313;False;True;True;40
13747;6984;8328;True;True;True;40
13748;7016;8328;True;True;True;40
13749;7016;8329;True;True;True;30
13750;7017;8329;True;True;True;30
13751;7017;8330;True;True;True;40
13752;7018;8330;True;True;True;40
13753;7018;8331;True;True;True;30
13754;7019;8331;True;False;True;30
13755;7019;8332;True;False;True;40
13756;7020;8332;True;True;True;40
13757;7020;8333;True;True;True;30
13758;7021;8333;True;True;True;30
13759;7021;8334;True;True;True;40
13760;7022;8334;True;True;True;40
13761;7022;8335;True;True;True;30
13762;7023;8335;True;True;True;30
13763;7023;8336;True;True;True;40
13764;7024;8336;True;True;True;40
13765;7024;8337;True;True;True;30
13766;7025;8337;True;True;True;30
13767;7004;8338;True;True;True;30
13768;7026;8338;True;True;True;30
13769;7026;8339;True;True;True;40
13770;7027;8339;True;True;True;40
13771;7027;8340;True;True;True;30
13772;7028;8340;True;True;True;30
13773;7028;8341;True;True;True;40
13774;7029;8341;True;False;True;40
13775;7029;8342;True;False;True;30
13776;7030;8342;True;False;True;30
13777;7030;8343;True;False;True;40
13778;7031;8343;True;False;True;40
13779;7031;8344;True;False;True;30
13780;7032;8344;True;False;True;30
13781;7032;8345;True;False;True;40
13782;7033;8345;True;True;True;40
13783;7033;8346;True;True;True;30
13784;7034;8346;True;True;True;30
13785;7034;8347;True;True;True;40
13786;7035;8347;True;False;True;40
13787;7025;8348;True;True;True;40
13788;7036;8348;True;False;True;40
13789;7036;8349;True;False;True;30
13790;7037;8349;True;True;True;30
13791;7037;8350;True;True;True;40
13792;7038;8350;True;True;True;40
13793;7038;8351;True;True;True;30
13794;7039;8351;True;True;True;30
13795;7039;8352;True;True;True;40
13796;7040;8352;True;True;True;40
13797;7040;8353;True;True;True;30
13798;7041;8353;True;True;True;30
13799;7041;8354;True;True;True;40
13800;7042;8354;True;True;True;40
13801;7042;8355;True;True;True;30
13802;7043;8355;True;True;True;30
13803;7043;8356;True;True;True;40
13804;7044;8356;True;True;True;40
13805;7044;8357;True;True;True;30
13806;7045;8357;True;True;True;30
13807;7045;8358;True;True;True;40
13808;7046;8358;True;True;True;40
13809;7035;8359;True;False;True;30
13810;7047;8359;True;True;True;30
13811;7047;8360;True;True;True;40
13812;7048;8360;True;True;True;40
13813;7048;8361;True;True;True;30
13814;7049;8361;True;True;True;30
13815;7049;8362;True;True;True;40
13816;7050;8362;True;False;True;40
13817;7050;8363;True;False;True;30
13818;7051;8363;True;True;True;30
13819;7051;8364;True;True;True;40
13820;7052;8364;True;True;True;40
13821;7052;8365;True;True;True;30
13822;7053;8365;True;True;True;30
13823;7053;8366;True;True;True;40
13824;7054;8366;True;True;True;40
13825;7054;8367;True;True;True;30
13826;7055;8367;True;True;True;30
13827;7055;8368;True;True;True;40
13828;7056;8368;True;True;True;40
13829;7056;8369;True;True;True;30
13830;7057;8369;True;True;True;30
13831;7046;8370;True;True;True;30
13832;7060;8370;True;True;True;30
13833;7060;8371;True;True;True;40
13834;7061;8371;True;True;True;40
13835;7061;8372;True;True;True;30
13836;7062;8372;True;True;True;30
13837;7062;8373;True;True;True;40
13838;7063;8373;True;True;True;40
13839;7063;8374;True;True;True;30
13840;7064;8374;True;False;True;30
13841;7064;8375;True;False;True;40
13842;7065;8375;True;False;True;40
13843;7058;8375;False;True;True;0
13844;7065;8376;True;False;True;30
13845;7066;8376;True;False;True;30
13846;7059;8376;False;True;True;0
13847;7066;8377;True;False;True;40
13848;7067;8377;True;True;True;40
13849;7067;8378;True;True;True;30
13850;7068;8378;True;False;True;30
13853;7069;8380;True;False;True;30
13854;7070;8380;True;True;True;30
13855;7071;8381;True;True;True;28.87
13856;7072;8381;True;True;True;28.87
13857;7072;8382;True;True;True;40
13858;7073;8382;True;True;True;40
13859;7073;8383;True;True;True;30
13860;7074;8383;True;True;True;30
13861;7057;8384;True;True;True;40
13862;7075;8384;True;True;True;40
13863;7075;8385;True;True;True;30
13864;7076;8385;True;True;True;30
13865;7076;8386;True;True;True;40
13866;7077;8386;True;False;True;40
13867;7077;8387;True;False;True;30
13868;7078;8387;True;True;True;30
13869;7078;8388;True;True;True;40
13870;7079;8388;True;False;True;40
13871;7079;8389;True;False;True;0
13872;7080;8389;True;False;True;0
13873;7080;8390;True;False;True;40
13874;7081;8390;True;False;True;40
13875;7058;8390;False;True;True;0
13876;7059;8390;False;True;True;0
13879;7082;8392;True;False;True;40
13880;7083;8392;True;True;True;40
13881;7083;8393;True;True;True;30
13882;7084;8393;True;False;True;30
13883;7084;8394;True;False;True;40
13884;7085;8394;True;False;True;40
13885;7085;8395;True;False;True;30
13886;7086;8395;True;True;True;30
13887;7087;8396;True;True;True;37.7
13888;7088;8396;True;True;True;37.7
13889;7088;8397;True;True;True;30
13890;7089;8397;True;True;True;30
13891;7089;8398;True;True;True;40
13892;7090;8398;True;True;True;40
13893;7090;8399;True;True;True;30
13894;7091;8399;True;True;True;30
13895;7074;8400;True;True;True;40
13896;7092;8400;True;True;True;40
13897;7092;8401;True;True;True;30
13898;7093;8401;True;False;True;30
13899;7093;8402;True;False;True;40
13900;7094;8402;True;True;True;40
13901;7094;8403;True;True;True;25.87
13902;7095;8403;True;True;True;25.87
13903;7095;8404;True;True;True;40
13904;7096;8404;True;True;True;40
13905;7096;8405;True;False;True;30
13906;7097;8405;True;False;True;30
13907;7097;8406;True;False;True;40
13908;7098;8406;True;False;True;40
13909;7071;8407;False;True;True;40
13910;7068;8407;True;False;True;40
13911;7069;8407;True;False;True;40
13912;7087;8408;False;True;True;30
13913;7081;8408;True;False;True;30
13914;7082;8408;True;False;True;30
13915;7005;8409;False;True;True;30
13916;6992;8409;True;False;True;30
13917;6993;8409;True;False;True;30
13918;6970;8409;False;True;True;0
13919;6985;8410;False;True;True;30
13920;6977;8410;True;False;True;30
13921;6978;8410;True;False;True;30
13922;7009;8411;False;True;True;30
13923;6996;8411;True;False;True;30
13924;6997;8411;True;False;True;30
13925;7091;8412;True;True;True;40
13926;7099;8412;True;True;True;40
13927;7099;8413;True;True;True;30
13928;7100;8413;True;False;True;30
13931;7101;8415;True;False;True;30
13932;7102;8415;True;False;True;30
13933;7102;8416;True;False;True;37.5
13934;7103;8416;True;True;True;37.5
13935;7103;8417;True;True;True;25.87
13936;7104;8417;True;True;True;25.87
13937;7104;8418;True;True;True;40
13938;7105;8418;True;True;True;40
13939;7105;8419;True;False;True;30
13940;7106;8419;True;False;True;30
13941;7106;8420;True;False;True;40
13942;7107;8420;True;False;True;40
13943;7108;8421;True;True;True;30
13944;7109;8421;True;True;True;30
13945;7110;8422;True;True;True;40
13946;7108;8422;True;True;True;40
13947;7109;8423;False;True;True;42.83
13948;7100;8423;True;False;True;42.83
13949;7101;8423;True;False;True;42.83
13950;7111;8415;False;True;True;0
13951;7111;8402;False;True;True;0
13952;7070;8424;True;True;True;40
13953;7113;8424;True;True;True;40
13954;7113;8425;True;True;True;30
13955;7114;8425;True;True;True;30
13956;7114;8426;True;True;True;40
13957;7115;8426;True;False;True;40
13961;7116;8428;True;False;True;40
13962;7117;8428;True;True;True;40
13963;7117;8429;True;True;True;30
13964;7118;8429;True;True;True;30
13965;7118;8430;True;True;True;40
13966;7119;8430;True;False;True;40
13967;7119;8431;True;False;True;30
13968;7120;8431;True;True;True;30
13969;7120;8432;True;True;True;40
13970;7121;8432;True;True;True;40
13971;7122;8433;True;True;True;40
13972;7123;8433;True;False;True;40
13973;7123;8434;True;False;True;30
13974;7110;8434;True;True;True;30
13975;7086;8435;True;True;True;40
13976;7124;8435;True;True;True;40
13977;7124;8436;True;True;True;30
13978;7125;8436;True;False;True;30
13979;7125;8437;True;False;True;40
13980;7126;8437;True;False;True;40
13981;7126;8438;True;False;True;30
13982;7127;8438;True;False;True;30
13983;7112;8438;False;True;True;0
13984;7127;8439;True;False;True;40
13985;7128;8439;True;True;True;40
13986;7128;8440;True;True;True;30
13987;7129;8440;True;True;True;30
13988;7129;8441;True;True;True;40
13989;7130;8441;True;True;True;40
13990;7130;8442;True;True;True;30
13991;7131;8442;True;True;True;30
13992;7131;8443;True;True;True;40
13993;7132;8443;True;False;True;40
13994;7121;8444;True;True;True;30
13995;7133;8444;True;True;True;30
13996;7133;8445;True;True;True;40
13997;7134;8445;True;True;True;40
13998;7134;8446;True;True;True;30
13999;7135;8446;True;True;True;30
14000;7135;8447;True;True;True;40
14001;7136;8447;True;True;True;40
14002;7136;8448;True;True;True;90
14003;7137;8448;True;True;True;90
14004;7137;8449;True;True;True;40
14005;7138;8449;True;True;True;40
14006;7138;8450;True;True;True;30
14007;7139;8450;True;True;True;30
14008;7139;8451;True;True;True;40
14009;7140;8451;True;True;True;40
14010;7140;8452;True;True;True;30
14011;7141;8452;True;True;True;30
14012;7141;8453;True;True;True;40
14013;7142;8453;True;True;True;40
14014;7132;8454;True;False;True;30
14015;7143;8454;True;True;True;30
14016;7143;8455;True;True;True;40
14017;7144;8455;True;True;True;40
14018;7144;8456;True;True;True;30
14019;7145;8456;True;True;True;30
14020;7145;8457;True;True;True;40
14021;7146;8457;True;True;True;40
14022;7146;8458;True;True;True;30
14023;7147;8458;True;True;True;30
14024;7147;8459;True;True;True;40
14025;7148;8459;True;True;True;40
14026;7148;8460;True;True;True;30
14027;7149;8460;True;False;True;30
14028;7149;8461;True;False;True;40
14029;7150;8461;True;True;True;40
14030;7150;8462;True;True;True;30
14031;7151;8462;True;True;True;30
14032;7151;8463;True;True;True;40
14033;7152;8463;True;True;True;40
14034;7142;8464;True;True;True;30
14035;7153;8464;True;False;True;30
14036;7153;8465;True;False;True;40
14037;7154;8465;True;True;True;40
14038;7154;8466;True;True;True;30
14039;7155;8466;True;True;True;30
14040;7155;8467;True;True;True;40
14041;7156;8467;True;True;True;40
14042;7156;8468;True;True;True;30
14043;7157;8468;True;True;True;30
14044;7157;8469;True;True;True;40
14045;7158;8469;True;True;True;40
14046;7158;8470;True;True;True;30
14047;7159;8470;True;True;True;30
14048;7152;8471;True;True;True;30
14049;7160;8471;True;True;True;30
14050;7160;8472;True;True;True;40
14051;7161;8472;True;True;True;40
14052;7161;8473;True;True;True;30
14053;7162;8473;True;True;True;30
14054;7162;8474;True;True;True;40
14055;7163;8474;True;True;True;40
14056;7163;8475;True;True;True;30
14057;7164;8475;True;True;True;30
14058;7164;8476;True;True;True;40
14059;7165;8476;True;False;True;40
14060;7165;8477;True;False;True;30
14061;7166;8477;True;True;True;30
14062;7166;8478;True;True;True;40
14063;7167;8478;True;True;True;40
14064;7167;8479;True;True;True;30
14065;7168;8479;True;True;True;30
14066;7159;8480;True;True;True;40
14067;7171;8480;True;False;True;40
14068;7171;8481;True;False;True;30
14069;7172;8481;True;False;True;30
14070;7169;8481;False;True;True;0
14071;7172;8482;True;False;True;40
14072;7173;8482;True;False;True;40
14073;7170;8482;False;True;True;0
14074;7173;8483;True;False;True;30
14075;7174;8483;True;True;True;30
14076;7174;8484;True;True;True;40
14077;7175;8484;True;True;True;40
14078;7175;8485;True;True;True;30
14079;7176;8485;True;True;True;30
14080;7176;8486;True;True;True;40
14081;7177;8486;True;True;True;40
14082;7177;8487;True;True;True;30
14083;7178;8487;True;True;True;30
14084;7178;8488;True;True;True;40
14085;7179;8488;True;False;True;40
14088;7180;8490;True;False;True;40
14089;7181;8490;True;True;True;40
14090;7181;8491;True;True;True;30
14091;7182;8491;True;True;True;30
14092;7183;8492;False;True;True;0
14093;7179;8492;True;False;True;30
14094;7180;8492;True;False;True;30
14095;7183;8493;True;True;True;40
14096;7184;8493;True;True;True;40
14097;7184;8494;True;True;True;30
14098;7185;8494;True;True;True;30
14099;7185;8495;True;True;True;40
14100;7186;8495;True;True;True;40
14101;7186;8496;True;True;True;30
14102;7187;8496;True;True;True;30
14103;7168;8497;True;True;True;40
14104;7188;8497;True;False;True;40
14105;7188;8498;True;False;True;30
14106;7189;8498;True;False;True;30
14107;7169;8498;False;True;True;0
14108;7170;8498;False;True;True;0
14109;7189;8499;True;False;True;0
14110;7190;8499;True;False;True;0
14111;7190;8500;True;False;True;30
14112;7191;8500;True;True;True;30
14113;7191;8501;True;True;True;40
14114;7192;8501;True;True;True;40
14115;7192;8502;True;True;True;30
14116;7193;8502;True;True;True;30
14117;7193;8503;True;True;True;40
14118;7194;8503;True;False;True;40
14121;7195;8505;True;False;True;40
14122;7196;8505;True;True;True;40
14123;7196;8506;True;True;True;30
14124;7197;8506;True;False;True;30
14125;7197;8507;True;False;True;40
14126;7198;8507;True;False;True;40
14127;7198;8508;True;False;True;30
14128;7199;8508;True;False;True;30
14129;7200;8509;True;True;True;35
14130;7201;8509;True;True;True;35
14131;7201;8498;False;True;True;0
14132;7202;8510;True;True;True;40
14133;7203;8510;True;True;True;40
14134;7202;8511;False;True;True;0
14135;7194;8511;True;False;True;30
14136;7195;8511;True;False;True;30
14137;7203;8512;True;True;True;30
14138;7204;8512;True;True;True;30
14139;7204;8513;True;True;True;40
14140;7205;8513;True;True;True;40
14141;7205;8514;True;True;True;30
14142;7206;8514;True;True;True;30
14143;7206;8515;True;True;True;40
14144;7207;8515;True;True;True;40
14145;7182;8516;True;True;True;40
14146;7208;8516;True;False;True;40
14147;7208;8517;True;False;True;30
14148;7209;8517;True;False;True;30
14149;7209;8518;True;False;True;40
14150;7210;8518;True;True;True;40
14151;7210;8519;True;True;True;30
14152;7211;8519;True;True;True;30
14153;7211;8520;True;True;True;40
14154;7212;8520;True;True;True;40
14155;7212;8521;True;True;True;30
14156;7213;8521;True;True;True;30
14157;7213;8522;True;True;True;40
14158;7214;8522;True;False;True;40
14159;7214;8523;True;False;True;30
14160;7215;8523;True;True;True;30
14161;7215;8524;True;True;True;40
14162;7216;8524;True;True;True;40
14163;7216;8525;True;True;True;30
14164;7217;8525;True;True;True;30
14165;7217;8526;True;True;True;40
14166;7218;8526;True;True;True;40
14167;7218;8527;True;True;True;30
14168;7219;8527;True;True;True;30
14169;7199;8528;True;False;True;40
14170;7220;8528;True;True;True;40
14171;7220;8529;True;True;True;30
14172;7221;8529;True;True;True;30
14173;7221;8530;True;True;True;40
14174;7222;8530;True;False;True;40
14175;7222;8531;True;False;True;30
14176;7223;8531;True;False;True;30
14177;7223;8532;True;False;True;40
14178;7224;8532;True;False;True;40
14179;7224;8533;True;False;True;30
14180;7225;8533;True;False;True;30
14181;7225;8534;True;False;True;40
14182;7226;8534;True;True;True;40
14183;7226;8535;True;True;True;30
14184;7227;8535;True;True;True;30
14185;7227;8536;True;True;True;40
14186;7228;8536;True;True;True;40
14187;7228;8537;True;True;True;30
14188;7229;8537;True;True;True;30
14189;7229;8538;True;True;True;40
14190;7230;8538;True;True;True;40
14191;7230;8539;True;True;True;30
14192;7231;8539;True;True;True;30
14193;7219;8540;True;True;True;40
14194;7232;8540;True;True;True;40
14195;7232;8541;True;True;True;30
14196;7233;8541;True;True;True;30
14197;7233;8542;True;True;True;40
14198;7234;8542;True;True;True;40
14199;7234;8543;True;True;True;30
14200;7235;8543;True;False;True;30
14203;7236;8545;True;False;True;30
14204;7237;8545;True;True;True;30
14205;7237;8546;True;True;True;40
14206;7238;8546;True;True;True;40
14207;7238;8547;True;True;True;30
14208;7239;8547;True;True;True;30
14209;7239;8548;True;True;True;40
14210;7240;8548;True;True;True;40
14211;7240;8549;True;True;True;30
14212;7241;8549;True;True;True;30
14213;7242;8550;True;True;True;30
14214;7243;8550;True;True;True;30
14215;7244;8551;True;True;True;40
14216;7242;8551;True;True;True;40
14217;7245;8552;True;True;True;30
14218;7244;8552;True;True;True;30
14219;7246;8553;True;True;True;40
14220;7245;8553;True;True;True;40
14221;7247;8554;True;True;True;30
14222;7246;8554;True;True;True;30
14223;7247;8555;False;True;True;40
14224;7235;8555;True;False;True;40
14225;7236;8555;True;False;True;0
14226;7231;8556;True;True;True;40
14227;7248;8556;True;True;True;40
14228;7248;8557;True;True;True;30
14229;7249;8557;True;True;True;30
14230;7249;8558;True;True;True;40
14231;7250;8558;True;True;True;40
14232;7250;8559;True;True;True;30
14233;7251;8559;True;True;True;30
14234;7251;8560;True;True;True;40
14235;7252;8560;True;False;True;40
14238;7253;8562;True;False;True;40
14239;7254;8562;True;False;True;40
14240;7254;8563;True;False;True;30
14241;7255;8563;True;True;True;30
14242;7255;8564;True;True;True;40
14243;7256;8564;True;True;True;40
14244;7256;8565;True;True;True;30
14245;7257;8565;True;True;True;30
14246;7258;8566;True;True;True;40
14247;7259;8566;True;True;True;40
14248;7260;8567;True;True;True;30
14249;7258;8567;True;True;True;30
14250;7261;8568;True;True;True;40
14251;7260;8568;True;True;True;40
14252;7262;8569;True;True;True;30
14253;7261;8569;True;True;True;30
14254;7263;8570;True;True;True;40
14255;7262;8570;True;True;True;40
14256;7263;8571;False;True;True;30
14257;7252;8571;True;False;True;30
14258;7253;8571;True;False;True;30
14259;7241;8572;True;True;True;40
14260;7266;8572;True;False;True;40
14261;7266;8573;True;False;True;30
14262;7267;8573;True;False;True;30
14263;7264;8573;False;True;True;0
14264;7265;8573;False;True;True;0
14265;7267;8574;True;False;True;40
14266;7268;8574;True;True;True;40
14267;7268;8575;True;True;True;30
14268;7269;8575;True;True;True;30
14269;7269;8576;True;True;True;40
14270;7270;8576;True;True;True;40
14271;7270;8577;True;True;True;30
14272;7271;8577;True;True;True;30
14273;7271;8578;True;True;True;40
14274;7272;8578;True;True;True;40
14275;7272;8579;True;True;True;30
14276;7273;8579;True;True;True;30
14277;7273;8580;True;True;True;40
14278;7274;8580;True;True;True;40
14279;7274;8581;True;True;True;30
14280;7275;8581;True;True;True;30
14281;7257;8582;True;True;True;40
14282;7276;8582;True;False;True;40
14283;7276;8583;True;False;True;30
14284;7277;8583;True;False;True;30
14285;7264;8583;False;True;True;0
14286;7277;8584;True;False;True;40
14287;7278;8584;True;False;True;40
14288;7265;8584;False;True;True;0
14289;7278;8585;True;False;True;30
14290;7279;8585;True;True;True;30
14291;7279;8586;True;True;True;40
14292;7280;8586;True;True;True;40
14293;7280;8587;True;True;True;30
14294;7281;8587;True;True;True;30
14295;7281;8588;True;True;True;40
14296;7282;8588;True;True;True;40
14297;7282;8589;True;True;True;30
14298;7283;8589;True;True;True;30
14299;7283;8590;True;True;True;40
14300;7284;8590;True;True;True;40
14301;7284;8591;True;True;True;30
14302;7285;8591;True;True;True;30
14303;7285;8592;True;True;True;40
14304;7286;8592;True;False;True;40
14305;7286;8593;True;False;True;30
14306;7287;8593;True;True;True;30
14307;7275;8594;True;True;True;40
14308;7288;8594;True;False;True;40
14309;7288;8595;True;False;True;30
14310;7289;8595;True;False;True;30
14311;7289;8596;True;False;True;40
14312;7290;8596;True;False;True;40
14313;7290;8597;True;False;True;30
14314;7291;8597;True;True;True;30
14315;7291;8598;True;True;True;40
14316;7292;8598;True;True;True;40
14317;7292;8599;True;True;True;30
14318;7293;8599;True;True;True;30
14319;7293;8600;True;True;True;40
14320;7294;8600;True;False;True;40
14321;7294;8601;True;False;True;30
14322;7295;8601;True;False;True;30
14323;7295;8602;True;False;True;40
14324;7296;8602;True;False;True;40
14325;7296;8603;True;False;True;30
14326;7297;8603;True;False;True;30
14327;7297;8604;True;False;True;40
14328;7298;8604;True;True;True;40
14329;7287;8605;True;True;True;40
14330;7299;8605;True;True;True;40
14331;7299;8606;True;True;True;30
14332;7300;8606;True;True;True;30
14333;7300;8607;True;True;True;40
14334;7301;8607;True;True;True;40
14335;7301;8608;True;True;True;30
14336;7302;8608;True;True;True;30
14337;7302;8609;True;True;True;40
14338;7303;8609;True;True;True;40
14339;7303;8610;True;True;True;30
14340;7304;8610;True;True;True;30
14341;7304;8611;True;True;True;40
14342;7305;8611;True;True;True;40
14343;7305;8612;True;True;True;30
14344;7306;8612;True;True;True;30
14345;7306;8613;True;True;True;40
14346;7307;8613;True;True;True;40
14347;7307;8614;True;True;True;30
14348;7308;8614;True;True;True;30
14349;7298;8615;True;True;True;30
14350;7311;8615;True;True;True;30
14351;7311;8616;True;True;True;40
14352;7312;8616;True;True;True;40
14353;7312;8617;True;True;True;30
14354;7313;8617;True;True;True;30
14355;7313;8618;True;True;True;40
14356;7314;8618;True;True;True;40
14357;7314;8619;True;True;True;30
14358;7315;8619;True;True;True;30
14359;7315;8620;True;True;True;40
14360;7316;8620;True;True;True;40
14361;7316;8621;True;True;True;30
14362;7317;8621;True;False;True;30
14363;7317;8622;True;False;True;40
14364;7318;8622;True;False;True;40
14365;7309;8622;False;True;True;0
14366;7318;8623;True;False;True;30
14367;7319;8623;True;False;True;30
14368;7310;8623;False;True;True;0
14369;7319;8624;True;False;True;40
14370;7320;8624;True;True;True;40
14371;7320;8625;True;True;True;30
14372;7321;8625;True;True;True;30
14373;7321;8626;True;True;True;40
14374;7322;8626;True;True;True;40
14375;7322;8627;True;True;True;30
14376;7323;8627;True;True;True;30
14377;7323;8628;True;True;True;40
14378;7324;8628;True;True;True;40
14379;7308;8629;True;True;True;40
14380;7325;8629;True;True;True;40
14381;7325;8630;True;True;True;30
14382;7326;8630;True;True;True;30
14383;7326;8631;True;True;True;40
14384;7327;8631;True;True;True;40
14385;7327;8632;True;True;True;30
14386;7328;8632;True;True;True;30
14387;7328;8633;True;True;True;40
14388;7329;8633;True;True;True;40
14389;7329;8634;True;True;True;30
14390;7330;8634;True;True;True;30
14391;7330;8635;True;True;True;40
14392;7331;8635;True;False;True;40
14393;7331;8636;True;False;True;30
14394;7332;8636;True;False;True;30
14395;7309;8636;False;True;True;0
14396;7310;8636;False;True;True;0
14397;7332;8637;True;False;True;0
14398;7333;8637;True;False;True;0
14399;7333;8638;True;False;True;30
14400;7334;8638;True;True;True;30
14401;7334;8639;True;True;True;40
14402;7335;8639;True;True;True;40
14403;7335;8640;True;True;True;30
14404;7336;8640;True;True;True;30
14405;7336;8641;True;True;True;40
14406;7337;8641;True;True;True;40
14407;7338;8642;True;False;True;45.5
14408;7339;8642;True;True;True;45.5
14409;7339;8636;False;True;True;0
14410;7324;8643;True;True;True;30
14411;7340;8643;True;True;True;30
14412;7340;8644;True;True;True;40
14413;7341;8644;True;True;True;40
14414;7341;8645;True;True;True;30
14415;7342;8645;True;True;True;30
14416;7342;8646;True;True;True;40
14417;7343;8646;True;True;True;40
14418;7343;8647;True;True;True;30
14419;7344;8647;True;True;True;30
14420;7344;8648;True;True;True;40
14421;7345;8648;True;True;True;40
14422;7345;8649;True;True;True;30
14423;7346;8649;True;True;True;30
14424;7346;8650;True;True;True;40
14425;7347;8650;True;True;True;40
14426;7347;8651;True;True;True;30
14427;7348;8651;True;True;True;30
14428;7348;8652;True;True;True;40
14429;7349;8652;True;True;True;40
14430;7337;8653;True;True;True;30
14431;7350;8653;True;True;True;30
14432;7350;8654;True;True;True;40
14433;7351;8654;True;True;True;40
14434;7351;8655;True;True;True;30
14435;7352;8655;True;True;True;30
14436;7352;8656;True;True;True;40
14437;7353;8656;True;True;True;40
14438;7353;8657;True;True;True;30
14439;7354;8657;True;True;True;30
14440;7349;8658;True;True;True;30
14441;7356;8658;True;True;True;30
14442;7356;8659;True;True;True;40
14443;7357;8659;True;True;True;40
14444;7357;8660;True;True;True;30
14445;7358;8660;True;False;True;30
14446;7358;8661;True;False;True;40
14447;7359;8661;True;False;True;40
14448;7359;8662;True;False;True;30
14449;7360;8662;True;True;True;30
14450;7360;8663;True;True;True;40
14451;7361;8663;True;True;True;40
14452;7361;8664;True;True;True;29
14453;7362;8664;True;False;True;29
14454;7362;8665;True;False;True;40
14455;7363;8665;True;False;True;40
14456;7363;8666;True;False;True;30
14457;7364;8666;True;False;True;30
14458;7354;8667;True;True;True;40
14459;7365;8667;True;True;True;40
14460;7365;8668;True;True;True;90
14461;7366;8668;True;True;True;90
14462;7366;8669;True;True;True;40
14463;7367;8669;True;False;True;30
14464;7367;8670;True;False;True;25
14465;7368;8670;True;True;True;77
14466;7368;8671;True;True;True;40
14467;7369;8671;True;True;True;40
14468;7369;8672;True;False;True;30
14469;7370;8672;True;False;True;30
14470;7370;8673;True;False;True;40
14471;7371;8673;True;False;True;40
14472;7371;8674;True;False;True;30
14473;7372;8674;True;False;True;30
14474;7355;8668;False;True;True;40
14475;7355;8662;False;True;True;40
14476;7373;8675;True;True;True;30
14477;7374;8675;True;True;True;30
14478;7374;8676;True;True;True;40
14479;7375;8676;True;True;True;40
14480;7375;8677;True;True;True;30
14481;7376;8677;True;True;True;30
14482;7373;8678;False;True;True;40
14483;6939;8678;True;False;True;40
14484;6940;8678;True;False;True;40
14485;6949;8678;False;True;True;0
14486;7380;8679;True;True;True;48
14487;7381;8679;True;False;True;38
14488;7380;8415;False;True;True;48
14489;7382;8680;True;False;True;24.5
14490;7383;8680;True;False;False;30
14491;7383;8420;False;False;False;24.5
14492;6148;8681;True;False;True;98
14493;1209;8681;False;True;True;98
14494;6161;8681;True;False;True;98
14495;6147;8682;True;False;True;87.5
14496;1211;8682;False;True;True;87.5
14497;6164;8682;True;False;True;87.5
14498;7384;8683;False;False;False;0
14499;6140;8683;True;False;False;0
14500;6142;8683;True;False;False;0
14501;6140;8684;True;False;False;0
14502;6139;8684;True;False;False;0
14503;6141;8684;False;False;False;0
14504;6215;8685;False;False;True;47.5
14505;6201;8685;True;False;True;47.5
14506;6208;8685;True;False;True;0
14507;6207;8686;True;False;False;0
14508;7385;8686;True;False;False;0
14511;7386;8688;True;False;False;0
14512;7387;8688;True;False;False;0
14513;7388;8689;True;False;False;0
14514;7389;8689;True;False;False;0
14517;7389;8691;True;False;False;0
14518;7390;8691;True;False;False;0
14519;7391;8692;True;False;False;0
14520;7390;8692;True;False;False;0
14521;7391;8693;True;False;False;75
14522;7392;8693;True;False;True;75
14523;7392;8694;True;False;False;79
14524;7393;8694;True;False;True;79
14525;7393;8695;True;False;False;44.5
14526;7394;8695;True;False;True;44.5
14527;7394;8696;True;False;False;60
14528;7395;8696;True;False;True;60
14529;7395;8697;True;False;False;55.5
14530;7396;8697;True;False;True;55.5
14533;7397;8699;True;False;True;0
14534;7398;8699;True;False;False;0
14537;7399;8701;True;False;False;0
14538;7400;8701;True;False;False;0
14539;7400;8702;True;False;False;0
14540;7401;8702;True;False;True;0
14541;7402;8703;True;False;False;0
14542;7401;8703;True;False;False;0
14543;7402;8704;True;False;False;66
14544;7403;8704;True;False;True;66
14545;7403;8705;True;False;False;43
14546;7404;8705;True;False;True;43
14547;7404;8706;True;False;False;78
14548;7405;8706;True;False;True;78
14549;7405;8707;True;False;False;48
14550;7406;8707;True;False;True;48
14551;7406;8708;True;False;False;35.5
14552;7407;8708;True;False;True;35.5
14553;7407;8709;True;False;False;49.5
14554;7408;8709;True;False;True;49.5
14555;7396;8710;True;False;False;0
14556;7411;8710;True;False;True;0
14557;7409;8711;False;True;True;30
14558;7411;8711;True;False;False;0
14559;7412;8711;True;False;True;0
14560;7412;8712;True;False;False;0
14561;7413;8712;True;False;True;0
14562;7413;8713;True;False;False;0
14563;7414;8713;True;False;True;0
14564;7414;8714;True;False;False;0
14565;7415;8714;True;False;True;0
14566;7410;8715;False;True;True;0
14567;7415;8715;True;False;False;0
14568;7416;8715;True;False;True;0
14569;7416;8716;True;False;False;0
14570;7417;8716;True;False;True;0
14571;7417;8717;True;False;False;50
14572;7418;8717;True;False;True;50
14573;7418;8718;True;False;False;63
14574;7419;8718;True;False;True;63
14575;7419;8719;True;False;False;78
14576;7420;8719;True;False;True;78
14577;7420;8720;True;False;False;32.5
14578;7421;8720;True;False;True;32.5
14579;7421;8721;True;False;False;38
14580;7422;8721;True;False;True;38
14581;7422;8722;True;False;False;53.5
14582;7423;8722;True;False;True;53.5
14583;7423;8723;True;False;False;47.5
14584;7424;8723;True;False;True;47.5
14585;7424;8724;True;False;False;47
14586;7425;8724;True;False;True;47
14587;7425;8725;True;False;False;37
14588;7426;8725;True;False;True;37
14589;7426;8726;True;False;False;49.5
14590;7427;8726;True;False;True;49.5
14591;7427;8727;True;False;False;44
14592;7428;8727;True;False;True;44
14593;7428;8728;True;False;False;62
14594;7429;8728;True;False;False;62
14595;7408;8729;True;False;False;0
14596;7430;8729;True;False;False;0
14597;7409;8730;False;True;True;0
14598;7430;8730;True;False;True;0
14599;7431;8730;True;False;False;0
14600;7431;8731;True;False;True;0
14601;7432;8731;True;False;False;0
14602;7432;8732;True;False;True;0
14603;7433;8732;True;False;False;0
14604;7433;8733;True;False;True;0
14605;7434;8733;True;False;False;0
14606;7434;8734;True;False;True;0
14607;7435;8734;True;False;False;0
14608;7410;8735;False;True;True;0
14609;7435;8735;True;False;True;0
14610;7436;8735;True;False;False;0
14611;7436;8736;True;False;True;0
14612;7437;8736;True;False;False;0
14613;7437;8737;True;False;False;53
14614;7438;8737;True;False;True;53
14615;7438;8738;True;False;False;51.5
14616;7439;8738;True;False;True;51.5
14617;7439;8739;True;False;False;47
14618;7440;8739;True;False;True;47
14619;7440;8740;True;False;False;53
14620;7441;8740;True;False;True;53
14621;7441;8741;True;False;False;38
14622;7442;8741;True;False;True;38
14623;7442;8742;True;False;False;48
14624;7443;8742;True;False;True;48
14625;7443;8743;True;False;False;38
14626;7444;8743;True;False;True;38
14627;7444;8744;True;False;False;46
14628;7445;8744;True;False;True;46
14629;7445;8745;True;False;False;61
14630;7446;8745;True;False;True;61
14631;7446;8746;True;False;False;73
14632;7447;8746;True;False;True;73
14633;7447;8747;True;False;False;59.5
14634;7448;8747;True;False;True;59.5
14635;7448;8748;True;False;False;66.5
14636;7449;8748;True;False;True;66.5
14637;7449;8749;True;False;False;45
14638;7450;8749;True;False;True;45
14639;7450;8750;True;False;True;36.5
14640;7451;8750;True;False;True;36.5
14643;7452;8752;True;False;False;47
14644;7453;8752;True;False;True;47
14645;7453;8753;True;False;False;31.5
14646;7454;8753;True;False;True;31.5
14647;7454;8754;True;False;False;58
14648;7455;8754;True;False;True;58
14649;7455;8755;True;False;False;43
14650;7456;8755;True;False;True;43
14651;7456;8756;True;False;False;42.5
14652;7457;8756;True;False;True;42.5
14653;7457;8757;True;False;False;85.5
14654;7458;8757;True;False;True;85.5
14655;7458;8758;True;False;False;60.5
14656;7459;8758;True;False;True;60.5
14657;7459;8759;True;False;False;38
14658;7460;8759;True;False;True;38
14659;7460;8760;True;False;False;55
14660;7461;8760;True;False;True;55
14661;7461;8761;True;False;False;61
14662;7462;8761;True;False;True;61
14663;7462;8762;True;False;False;48.5
14664;7463;8762;True;False;True;48.5
14665;7464;8763;False;True;True;0
14666;7451;8763;True;False;True;0
14667;7466;8763;True;False;False;0
14668;7465;8764;False;True;True;0
14669;7429;8764;True;False;True;0
14670;7452;8764;True;False;False;0
14671;7464;8764;False;True;True;0
14672;7466;8765;True;False;True;0
14673;7467;8765;True;False;False;0
14674;7465;8765;False;True;True;0
14675;7467;8766;True;False;False;43
14676;7468;8766;True;False;True;43
14677;7468;8767;True;False;False;73.5
14678;7469;8767;True;False;True;73.5
14679;7469;8768;True;False;False;58
14680;7470;8768;True;False;True;58
14681;7470;8769;True;False;False;50
14682;7471;8769;True;False;True;50
14683;7471;8770;True;False;False;79.5
14684;7472;8770;True;False;True;79.5
14685;7472;8771;True;False;False;44
14686;7473;8771;True;False;True;44
14687;7473;8772;True;False;False;58.6666666666667
14688;7474;8772;True;False;True;58.6666666666667
14689;7474;8773;True;False;False;81
14690;7475;8773;True;False;True;81
14691;7475;8774;True;False;False;52.5
14692;7476;8774;True;False;True;52.5
14693;7476;8775;True;False;False;38
14694;7477;8775;True;False;True;38
14695;7477;8776;True;False;False;64
14696;7478;8776;True;False;True;64
14697;7478;8777;True;False;False;55
14698;7479;8777;True;False;True;55
14699;7463;8778;True;False;False;0
14700;7480;8778;True;False;True;0
14701;7480;8779;True;False;False;0
14702;7481;8779;True;False;True;84
14703;7481;8780;True;False;False;30
14704;7482;8780;True;False;False;30
14705;7482;8781;True;False;False;40
14706;7483;8781;True;False;False;40
14707;7483;8782;True;False;False;30
14708;7484;8782;True;False;False;30
14709;7484;8783;True;False;False;73.3333333333333
14710;7485;8783;True;False;False;73.3333333333333
14711;7485;8784;True;False;False;30
14712;7486;8784;True;False;False;30
14713;7486;8785;True;False;False;47
14714;7487;8785;True;False;False;47
14715;7488;8779;False;False;True;0
14716;7491;8782;False;False;False;0
14717;7488;8786;True;False;False;30
14718;7489;8786;True;False;False;30
14719;7489;8787;True;False;False;40
14720;7490;8787;True;False;False;40
14721;7490;8788;True;False;False;30
14722;7492;8788;True;False;False;30
14723;7492;8789;True;False;False;40
14724;7491;8789;True;False;False;40
14726;7493;8779;False;False;True;0
14727;7479;8790;True;False;False;0
14728;7502;8790;True;False;False;0
14729;7502;8791;True;False;True;0
14730;7503;8791;True;False;True;30
14731;7503;8792;True;False;False;59
14732;7504;8792;True;False;False;59
14733;7504;8793;True;False;False;30
14734;7505;8793;True;False;False;30
14735;7505;8794;True;False;False;0
14736;7506;8794;True;False;False;40
14737;7506;8795;True;False;False;0
14738;7507;8795;True;False;False;30
14739;7507;8796;True;False;False;40
14740;7508;8796;True;False;False;40
14741;7508;8797;True;False;False;55
14742;7509;8797;True;False;False;55
14743;7510;8798;True;False;False;63.5
14744;7511;8798;True;False;False;63.5
14745;7510;8791;False;False;False;0
14746;7511;8799;True;False;False;30
14747;7512;8799;True;False;False;30
14748;7512;8800;True;False;False;86
14749;7513;8800;True;False;False;86
14750;7513;8801;True;False;False;55.6666666666667
14751;7514;8801;True;False;False;55.6666666666667
14752;7514;8794;False;False;False;0
14753;7515;8791;False;False;False;0
14754;7515;8802;True;False;True;0
14755;7516;8802;True;False;False;0
14760;7518;8805;True;False;False;30
14761;7519;8805;True;False;False;30
14762;7519;8806;True;False;False;86.6666666666667
14763;7520;8806;True;False;False;86.6666666666667
14768;7522;8809;True;False;False;60
14769;7523;8809;True;False;False;60
14772;7493;8811;True;False;True;0
14773;7494;8811;True;False;False;0
14778;7496;8814;True;False;False;87
14779;7497;8814;True;False;False;87
14780;7497;8815;True;False;False;30
14781;7498;8815;True;False;False;30
14784;7500;8817;True;False;False;40
14785;7501;8817;True;False;False;40
14786;7501;8783;False;False;False;0
14787;7523;8795;False;False;False;0
14788;7495;8818;True;False;False;66.6666666666667
14789;7496;8818;True;False;False;66.6666666666667
14790;7494;8819;True;False;False;67
14791;7495;8819;True;False;False;67
14792;7516;8820;True;False;True;0
14793;7517;8820;True;False;False;0
14794;7517;8821;True;False;True;0
14795;7518;8821;True;False;False;0
14796;7525;8819;False;False;False;0
14797;7527;8818;False;False;False;0
14798;7524;8820;False;False;False;0
14799;7526;8821;False;False;False;0
14800;7498;8822;True;False;False;40
14801;7499;8822;True;False;False;40
14802;7499;8823;True;False;False;30
14803;7500;8823;True;False;False;30
14804;7520;8824;True;False;False;63
14805;7521;8824;True;False;False;63
14806;7521;8825;True;False;False;71
14807;7522;8825;True;False;False;71
14808;7530;8824;False;False;False;0
14809;7528;8822;False;False;False;0
14810;7531;8823;False;False;False;0
14811;7529;8825;False;False;False;0
14812;7533;8826;False;True;True;0
14813;7387;8826;True;False;False;0
14814;7388;8826;True;False;False;30
14815;7532;8827;True;False;True;40
14816;7533;8827;True;True;True;40
14817;7534;8828;True;True;True;30
14818;7532;8828;True;False;True;30
14819;7535;8829;True;True;True;90.6666666666667
14820;7534;8829;True;True;True;90.6666666666667
14821;7536;8830;True;True;True;30
14822;7535;8830;True;True;True;30
14823;7537;8831;True;True;True;40
14824;7536;8831;True;True;True;40
14827;7539;8833;True;False;True;0
14828;7538;8833;True;True;True;0
14829;7540;8834;True;False;True;32
14830;7539;8834;True;False;True;32
14831;7541;8835;True;True;True;30
14832;7540;8835;True;False;True;30
14833;7542;8836;True;True;True;40
14834;7541;8836;True;True;True;40
14835;7543;8837;True;True;True;30
14836;7542;8837;True;True;True;30
14837;7545;8838;True;False;False;34
14838;7544;8838;True;False;False;34
14839;7544;8839;False;False;False;0
14840;7398;8839;True;False;True;0
14841;7399;8839;True;False;False;0
14842;7546;8840;True;True;True;40
14843;7545;8840;True;False;False;40
14844;7547;8841;True;True;True;66
14845;7546;8841;True;True;True;66
14846;7548;8842;True;True;True;51
14847;7547;8842;True;True;True;51
14848;7549;8843;True;True;True;57
14849;7548;8843;True;True;True;57
14850;7550;8844;True;True;True;47
14851;7549;8844;True;True;True;47
14852;7551;8845;True;True;True;43.5
14853;7550;8845;True;True;True;43.5
14854;7552;8846;True;True;True;79.3333333333333
14855;7551;8846;True;True;True;79.3333333333333
14856;7553;8847;True;True;True;66.6666666666667
14857;7552;8847;True;True;True;66.6666666666667
14858;7554;8848;True;True;True;40
14859;7553;8848;True;True;True;40
14860;7555;8847;False;True;True;0
14861;7557;8849;True;True;True;41.5
14862;7556;8849;True;True;True;41.5
14863;7558;8850;True;True;True;30
14864;7557;8850;True;True;True;30
14865;7559;8851;True;True;True;46.5
14866;7558;8851;True;False;True;46.5
14867;7560;8852;True;True;True;51
14868;7559;8852;True;True;True;51
14869;7561;8853;True;False;True;0
14870;7560;8853;True;True;True;0
14871;7562;8854;True;True;True;46
14872;7561;8854;True;False;True;46
14873;7563;8855;True;True;True;57
14874;7562;8855;True;True;True;57
14875;7564;8856;True;True;True;58.5
14876;7563;8856;True;True;True;57
14877;7565;8857;True;True;True;76
14878;7564;8857;True;True;True;76
14879;7566;8858;True;True;True;66.6666666666667
14880;7565;8858;True;True;True;66.6666666666667
14883;7568;8860;True;True;True;30
14884;7567;8860;True;True;True;30
14885;7555;8858;False;True;True;0
14886;7569;8861;True;True;True;30
14887;7570;8861;True;True;True;30
14888;7570;8862;True;True;True;31
14889;7571;8862;True;True;True;31
14890;7571;8863;False;True;True;0
14891;7567;8863;True;True;True;40
14892;7566;8863;True;True;True;40
14893;7572;8688;False;True;True;0
14894;7572;8699;False;True;True;0
14895;7573;8701;False;True;True;0
14896;7573;8691;False;True;True;0
14897;6213;8864;True;False;True;0
14898;7397;8864;True;False;False;0
14899;7487;8865;True;False;False;70.5
14900;7574;8865;True;False;False;70.5
14901;7575;8866;True;True;True;58.5
14902;7574;8866;True;False;False;58.5
14903;7575;8867;True;True;True;30
14904;7576;8867;True;True;True;30
14905;7576;8868;True;True;True;89
14906;7577;8868;True;True;True;89
14907;7509;8869;True;False;False;62.3
14908;7578;8869;True;False;False;58.5
14909;7579;8870;True;True;True;58.5
14910;7578;8870;True;False;False;58.5
14911;7579;8871;True;True;True;40
14912;7580;8871;True;True;True;40
14913;7580;8872;True;True;True;30
14914;7581;8872;True;True;True;30
14915;7581;8873;True;True;True;40
14916;7582;8873;True;True;True;40
14918;6217;8874;True;False;True;30
14919;6218;8874;True;False;True;30
14920;3041;8875;False;True;True;44
14921;3043;8875;True;False;True;44
14922;6200;8875;True;False;True;0
14923;7385;8876;True;False;False;0
14924;7386;8876;True;False;False;0
14925;7538;8876;False;False;False;0
14926;7583;6655;False;False;True;0
14927;7584;6669;False;False;True;0
14928;7585;6659;False;False;True;0
14929;7586;7209;False;False;False;0
