ID;VOIE;PK;TYPE;DEMI_LONGUEUR
0;0;6357;JI;0
1;512;91507;SVAC;10
2;512;92213;CC;15
3;511;111850;SVAC;10
4;511;113232;CC;15
5;512;111850;SVAC;10
6;512;113232;CC;15
7;511;128805;SVAC;10
8;511;129005;CC;15
9;512;128805;SVAC;10
10;512;129002;CC;15
11;511;137654;SVAC;10
12;511;137856;CC;15
13;512;137654;SVAC;10
14;512;137856;CC;15
15;511;159712;SVAC;10
16;511;161104;CC;15
17;512;159712;SVAC;10
18;512;161104;CC;15
19;511;178277;SVAC;10
20;518;178331;JI;0
21;511;178477;CC;15
22;511;187422;SVAC;10
23;511;187884;CC;15
24;512;187422;SVAC;10
25;512;187884;CC;15
26;511;212827;SVAC;10
27;511;213083;CC;15
28;512;212827;SVAC;10
29;512;213083;CC;15
30;863;2130;CC;15
31;6574;2254;JI;0
32;863;2390;CC;15
33;863;25152;SVAC;10
34;863;25718;CC;15
35;864;25259;SVAC;10
36;864;25704;CC;15
37;864;42365;SVAC;10
38;864;43501;CC;15
39;863;47680;SVAC;10
40;863;48580;CC;15
41;864;47680;SVAC;10
42;864;48566;CC;15
43;863;70125;SVAC;10
44;863;70767;CC;15
45;864;70310;SVAC;10
46;864;70753;CC;15
47;864;87482;SVAC;10
48;864;88571;CC;15
49;863;91297;SVAC;10
50;863;91783;CC;15
51;864;90765;SVAC;10
52;864;91783;CC;15
53;863;103255;SVAC;10
54;863;103722;CC;15
55;863;115212;SVAC;10
56;6583;115384;JI;0
57;863;115667;CC;15
58;864;116737;SVAC;10
59;864;117601;CC;15
60;863;137630;SVAC;10
61;863;138402;CC;15
62;864;138389;SVAC;10
63;6585;138560;JI;0
64;864;138700;CC;15
65;864;159151;SVAC;10
66;864;160501;CC;15
67;863;161053;SVAC;10
68;863;161709;CC;15
69;863;181290;SVAC;10
70;863;181649;CC;15
71;864;181157;SVAC;10
72;864;181649;CC;15
73;863;195616;SVAC;10
74;863;197234;CC;15
75;863;201235;SVAC;10
76;863;201790;CC;15
77;864;201790;SVAC;10
78;6591;202017;JI;0
79;8774;202384;JI;0
80;864;202400;CC;15
81;863;225091;SVAC;10
82;6593;225302;JI;0
83;863;225647;CC;15
84;864;224109;SVAC;10
85;864;225091;CC;15
86;863;246368;SVAC;10
87;863;247178;CC;15
88;864;246368;SVAC;10
89;864;246868;CC;15
90;863;254626;SVAC;10
91;863;255695;CC;15
92;864;254589;SVAC;10
93;864;255695;CC;15
94;863;270689;SVAC;10
95;863;271409;CC;15
96;864;271084;SVAC;10
97;864;271394;CC;15
98;8767;273502;JI;0
99;8767;273936;JI;0
100;863;277646;SVAC;10
101;863;278000;CC;15
102;863;280066;SVAC;10
103;863;281021;CC;15
104;864;277646;SVAC;10
105;864;278821;CC;15
106;863;292517;SVAC;10
107;6599;292803;JI;0
108;863;293075;CC;15
109;863;295940;SVAC;10
110;863;297050;CC;15
111;511;39781;SVAC;10
112;511;41746;SVAC;10
113;512;38384;SVAC;10
114;512;40724;SVAC;10
115;511;43486;SVAC;10
116;512;41746;SVAC;10
117;512;43486;SVAC;10
118;511;44613;SVAC;10
119;511;45938;SVAC;10
120;511;48209;SVAC;10
121;512;45938;SVAC;10
122;512;48209;SVAC;10
123;511;50329;SVAC;10
124;512;50329;SVAC;10
125;511;52451;SVAC;10
126;512;52451;SVAC;10
127;511;54538;SVAC;10
128;512;54538;SVAC;10
129;511;56637;SVAC;10
130;864;36624;SVAC;10
131;864;38896;SVAC;10
132;863;40039;SVAC;10
133;863;40934;SVAC;10
134;863;42365;SVAC;10
135;863;43490;SVAC;10
136;864;40039;SVAC;10
137;864;40934;SVAC;10
138;863;44522;SVAC;10
139;863;45606;SVAC;10
140;864;45606;SVAC;10
141;864;46879;SVAC;10
142;864;44522;SVAC;10
143;863;50497;SVAC;10
144;863;51891;SVAC;10
145;864;50497;SVAC;10
146;864;51902;SVAC;10
147;863;52872;SVAC;10
148;863;53914;SVAC;10
149;863;55116;SVAC;10
150;863;56087;SVAC;10
151;864;53914;SVAC;10
152;864;55116;SVAC;10
153;863;57023;SVAC;10
154;863;58461;SVAC;10
155;864;57023;SVAC;10
156;863;59217;SVAC;10
157;863;60837;SVAC;10
158;864;59217;SVAC;10
159;863;61492;SVAC;10
160;863;63289;SVAC;10
161;864;61492;SVAC;10
162;863;65509;SVAC;10
163;864;63649;SVAC;10
164;863;66142;SVAC;10
165;863;67801;SVAC;10
166;864;64453;SVAC;10
167;864;66142;SVAC;10
168;863;68033;SVAC;10
169;864;68033;SVAC;10
170;863;71584;SVAC;10
171;863;72608;SVAC;10
172;863;74889;SVAC;10
173;864;72345;SVAC;10
174;864;74427;SVAC;10
175;863;75850;SVAC;10
176;863;77054;SVAC;10
177;864;74889;SVAC;10
178;864;76674;SVAC;10
179;863;78200;SVAC;10
180;863;79156;SVAC;10
181;863;81404;SVAC;10
182;864;78200;SVAC;10
183;864;78764;SVAC;10
184;512;56637;SVAC;10
185;511;58761;SVAC;10
186;512;58710;SVAC;10
187;511;60968;SVAC;10
188;512;60696;SVAC;10
189;511;63178;SVAC;10
190;512;62979;SVAC;10
191;511;65241;SVAC;10
192;512;65241;SVAC;10
193;511;69828;SVAC;10
194;511;71995;SVAC;10
195;512;69828;SVAC;10
196;512;71995;SVAC;10
197;511;74162;SVAC;10
198;512;74162;SVAC;10
199;511;76314;SVAC;10
200;512;76314;SVAC;10
201;511;78503;SVAC;10
202;512;78503;SVAC;10
203;511;80663;SVAC;10
204;512;80663;SVAC;10
205;511;82830;SVAC;10
206;512;82830;SVAC;10
207;511;84996;SVAC;10
208;512;84996;SVAC;10
209;511;87164;SVAC;10
210;512;87164;SVAC;10
211;511;89331;SVAC;10
212;512;89331;SVAC;10
213;511;91507;SVAC;10
214;511;93588;SVAC;10
215;511;95674;SVAC;10
216;512;93588;SVAC;10
217;512;95674;SVAC;10
218;511;97781;SVAC;10
219;512;97924;SVAC;10
220;511;99897;SVAC;10
221;511;101982;SVAC;10
222;512;100176;SVAC;10
223;511;104128;SVAC;10
224;512;102428;SVAC;10
225;511;106255;SVAC;10
226;512;104680;SVAC;10
227;511;108286;SVAC;10
228;512;106932;SVAC;10
229;511;110151;SVAC;10
230;512;109184;SVAC;10
231;512;110151;SVAC;10
232;511;116380;SVAC;10
233;511;118434;SVAC;10
234;512;116380;SVAC;10
235;512;118517;SVAC;10
236;511;120485;SVAC;10
237;512;120670;SVAC;10
238;511;122624;SVAC;10
239;512;122684;SVAC;10
240;511;124724;SVAC;10
241;512;124724;SVAC;10
242;511;126872;SVAC;10
243;512;126872;SVAC;10
244;511;131495;SVAC;10
245;511;133216;SVAC;10
246;511;135454;SVAC;10
247;512;131295;SVAC;10
248;512;133424;SVAC;10
249;512;135454;SVAC;10
250;30;9072;JI;0
251;9815;60845;JI;0
252;2401;22478;JI;0
253;9816;61786;SVAC;10
254;511;138544;SVAC;10
255;511;140168;SVAC;10
256;512;138544;CC;15
257;512;140168;SVAC;10
258;511;142288;SVAC;10
259;512;142277;SVAC;10
260;511;144357;SVAC;10
261;512;144368;SVAC;10
262;511;146657;SVAC;10
263;512;146657;SVAC;10
264;511;149049;SVAC;10
265;512;149049;SVAC;10
266;511;151156;SVAC;10
267;512;151156;SVAC;10
268;511;153281;SVAC;10
269;512;153281;SVAC;10
270;511;155404;SVAC;10
271;512;155404;SVAC;10
272;511;157562;SVAC;10
273;512;157562;SVAC;10
274;511;163013;SVAC;10
275;511;164826;SVAC;10
276;512;163013;SVAC;10
277;512;164826;SVAC;10
278;511;167210;SVAC;10
279;512;167210;SVAC;10
280;511;169399;SVAC;10
281;512;169399;SVAC;10
282;511;170644;SVAC;10
283;511;172011;SVAC;10
284;512;170644;SVAC;10
285;512;172011;SVAC;10
286;511;174093;SVAC;10
287;512;174093;SVAC;10
288;511;176268;SVAC;10
289;512;176268;SVAC;10
290;512;178688;SVAC;10
291;511;178677;SVAC;10
292;511;180844;SVAC;10
293;512;180844;SVAC;10
294;511;183090;SVAC;10
295;512;183090;SVAC;10
296;511;185307;SVAC;10
297;512;185307;SVAC;10
298;511;189696;SVAC;10
299;511;192008;SVAC;10
300;512;189696;SVAC;10
301;512;192008;SVAC;10
302;511;194328;SVAC;10
303;512;194328;SVAC;10
304;511;196537;SVAC;10
305;512;196536;SVAC;10
306;511;198800;SVAC;10
307;512;198800;SVAC;10
308;511;200892;SVAC;10
309;512;200892;SVAC;10
310;511;203052;SVAC;10
311;512;203052;SVAC;10
312;511;205529;SVAC;10
313;512;205529;SVAC;10
314;511;207899;SVAC;10
315;512;207899;SVAC;10
316;511;210341;SVAC;10
317;512;210341;SVAC;10
318;512;215085;SVAC;10
319;512;215267;CC;15
320;511;215085;SVAC;10
321;511;215268;SVAC;10
322;9816;61954;JI;0
323;9790;147593;JI;0
324;9790;146346;JI;0
325;9783;3754;JI;0
326;9782;3757;JI;0
327;9783;3258;CC;15
328;9783;2282;SV;12
329;4445;217814;JI;0
330;512;219523;CC;15
331;9783;1818;JI;0
332;512;218843;SVAC;10
333;9782;1810;JI;0
334;9782;2652;JI;0
335;9782;3258;JI;0
336;512;222284;SVAC;10
337;9782;1188;JI;0
338;512;221200;SVAC;10
339;9783;1188;JI;0
340;9782;1033;JI;0
341;9783;752;JI;0
342;9783;1070;JI;0
343;9782;600;JI;0
344;9783;600;JI;0
345;9774;1700;JI;0
346;9773;1851;JI;0
347;9773;2168;JI;0
348;9773;1401;JI;0
349;9774;1526;JI;0
350;9774;1000;JI;0
351;9816;60978;JI;0
352;2401;22224;JI;0
353;2401;21812;JI;0
354;797;21571;JI;0
355;864;2390;SVAC;10
356;864;3834;SVAC;10
357;863;3834;SVAC;10
358;863;6051;SVAC;10
359;864;6004;SVAC;10
360;863;7130;SVAC;10
361;863;8212;CC;15
362;864;8089;SVAC;10
363;863;8995;SVAC;10
364;863;10315;SVAC;10
365;864;8995;SVAC;10
366;864;10160;SVAC;10
367;863;12320;SVAC;10
368;864;12320;SVAC;10
369;863;14384;SVAC;10
370;864;14390;SVAC;10
371;863;16447;SVAC;10
372;864;23004;SVAC;10
373;863;26450;SVAC;10
374;863;27396;SVAC;10
375;863;29568;SVAC;10
376;863;31589;SVAC;10
377;864;28251;SVAC;10
378;864;29870;SVAC;10
379;864;27408;SVAC;10
380;863;32143;SVAC;10
381;863;33855;SVAC;10
382;864;31589;SVAC;10
383;864;32143;SVAC;10
384;863;35866;SVAC;10
385;864;34022;SVAC;10
386;863;38038;SVAC;10
387;864;34563;SVAC;10
388;863;83080;SVAC;10
389;863;84291;SVAC;10
390;864;81060;SVAC;10
391;864;82917;SVAC;10
392;863;86100;SVAC;10
393;864;84875;SVAC;10
394;863;87482;SVAC;10
395;863;89032;SVAC;10
396;864;86100;SVAC;10
397;863;89777;SVAC;10
398;863;95040;CC;15
399;863;96085;SVAC;10
400;863;97252;SVAC;10
401;864;95386;SVAC;10
402;864;97303;SVAC;10
403;863;99394;SVAC;10
404;864;99331;SVAC;10
405;863;101327;SVAC;10
406;864;100554;SVAC;10
407;864;101845;SVAC;10
408;863;105016;SVAC;10
409;863;106967;SVAC;10
410;864;103239;SVAC;10
411;864;103722;SVAC;10
412;864;105027;SVAC;10
413;864;106287;SVAC;10
414;863;108999;SVAC;10
415;864;108399;SVAC;10
416;863;109928;SVAC;10
417;863;111415;SVAC;10
418;864;110077;SVAC;10
419;8769;333385;JI;0
420;8769;333763;JI;0
421;8770;334377;JI;0
422;8770;334785;JI;0
423;8766;334295;JI;0
424;8766;334573;JI;0
425;914;1913;JI;0
426;914;2045;JI;0
427;8768;334557;CC;15
428;8768;334840;JI;0
429;8768;334295;JI;0
430;911;246;JI;0
431;1476;409284;JI;0
432;46;409300;JI;0
433;1476;409442;JI;0
434;1477;4816;JI;0
435;1477;6271;JI;0
436;1478;4816;JI;0
437;1478;6271;JI;0
438;1477;7823;JI;0
439;1477;9677;JI;0
440;1478;7823;JI;0
441;1478;9677;JI;0
442;56;21422;JI;0
443;56;21473;JI;0
444;57;29023;JI;0
445;57;29118;JI;0
446;866;386018;SVAC;10
447;866;387040;CC;15
448;865;386018;SVAC;10
449;865;387039;CC;15
450;20;388563;JI;0
451;20;388751;JI;0
452;1475;410161;JI;0
453;1476;410161;JI;0
454;18;410500;JI;0
455;1475;410497;JI;0
456;9098;148989;JI;0
457;9098;149040;JI;0
458;8764;161618;JI;0
459;26;161618;JI;0
460;8764;161765;CC;15
461;863;50033;CC;15
462;8772;50065;JI;0
463;6578;50328;JI;0
464;506;130613;JI;0
465;506;131393;SVAC;10
466;511;14813;JI;0
467;511;15861;SVAC;10
468;512;14813;JI;0
469;512;15861;SVAC;10
470;511;217340;SVAC;10
471;797;21736;JI;0
472;519;216045;JI;0
473;519;216717;JI;0
474;796;22470;JI;0
475;512;217340;SVAC;10
476;512;215880;SVAC;10
477;8767;273351;JI;0
478;911;648;SVAC;10
479;1477;158;JI;0
480;1477;1525;SVAC;10
481;1478;472;JI;0
482;1478;918;SVAC;10
483;1477;11474;SVAC;10
484;1478;11474;SVAC;10
485;1477;11616;JI;0
486;1477;12329;SVAC;10
487;1478;11616;JI;0
488;1478;12329;SVAC;10
489;893;335;JI;0
490;893;1073;SVAC;10
491;892;1447;JI;0
492;892;1699;SVAC;10
493;511;162430;CC;15
494;8764;162482;JI;0
495;4440;162846;JI;0
496;1309;52152;SVAC;10
497;6627;52397;JI;0
498;1309;52523;CC;15
499;863;16832;JI;0
500;1477;39061;CC;15
501;863;17130;SVAC;10
502;516;66232;JI;0
503;516;66309;JI;0
504;863;360920;CC;15
505;6606;361075;JI;0
506;6607;361428;JI;0
507;863;361650;SVAC;10
508;520;214959;JI;0
509;520;215085;SVAC;10
510;864;50195;CC;15
511;864;111839;SVAC;10
512;863;113618;SVAC;10
513;864;113862;SVAC;10
514;864;115225;SVAC;10
515;863;119747;SVAC;10
516;863;121747;SVAC;10
517;864;119280;SVAC;10
518;864;120419;SVAC;10
519;863;123747;SVAC;10
520;864;121126;SVAC;10
521;864;122972;SVAC;10
522;863;125747;SVAC;10
523;863;127813;SVAC;10
524;864;124959;SVAC;10
525;864;125218;SVAC;10
526;863;129796;SVAC;10
527;864;126769;SVAC;10
528;864;127661;SVAC;10
529;863;131872;SVAC;10
530;864;128658;SVAC;10
531;864;130007;SVAC;10
532;863;133791;SVAC;10
533;864;132007;SVAC;10
534;863;135673;SVAC;10
535;864;132366;SVAC;10
536;864;134268;SVAC;10
537;864;135181;SVAC;10
538;864;136553;SVAC;10
539;864;140909;SVAC;10
540;864;141964;SVAC;10
541;863;141625;SVAC;10
542;863;143577;SVAC;10
543;863;145108;SVAC;10
544;864;143577;SVAC;10
545;864;144438;SVAC;10
546;863;146238;SVAC;10
547;863;147921;SVAC;10
548;864;146409;SVAC;10
549;863;149509;SVAC;10
550;864;148528;SVAC;10
551;863;151519;SVAC;10
552;864;150859;SVAC;10
553;863;153581;SVAC;10
554;863;154334;SVAC;10
555;864;153050;SVAC;10
556;863;156025;SVAC;10
557;864;155180;SVAC;10
558;863;157437;SVAC;10
559;863;159140;SVAC;10
560;864;157437;SVAC;10
561;864;158654;SVAC;10
562;864;156025;SVAC;10
563;863;163188;SVAC;10
564;863;165410;SVAC;10
565;864;163188;SVAC;10
566;864;165410;SVAC;10
567;863;167335;SVAC;10
568;863;169125;SVAC;10
569;864;167335;SVAC;10
570;864;167865;SVAC;10
571;863;171437;SVAC;10
572;864;169916;SVAC;10
573;863;173743;SVAC;10
574;864;171961;SVAC;10
575;863;175617;SVAC;10
576;863;176051;SVAC;10
577;864;174293;SVAC;10
578;864;175932;SVAC;10
579;863;177511;SVAC;10
580;863;179170;SVAC;10
581;864;177511;SVAC;10
582;864;178989;SVAC;10
583;863;185150;SVAC;10
584;863;187180;SVAC;10
585;864;184898;SVAC;10
586;864;186705;SVAC;10
587;864;183805;SVAC;10
588;863;189214;SVAC;10
589;864;187052;SVAC;10
590;864;189214;SVAC;10
591;863;190315;SVAC;10
592;863;191616;SVAC;10
593;864;190315;SVAC;10
594;864;191616;SVAC;10
595;863;193842;SVAC;10
596;864;193957;SVAC;10
597;864;194637;SVAC;10
598;864;196136;SVAC;10
599;864;197234;SVAC;10
600;864;198566;SVAC;10
601;864;199712;SVAC;10
602;863;199430;SVAC;10
603;864;200827;SVAC;10
604;863;204593;SVAC;10
605;863;205615;SVAC;10
606;863;207515;SVAC;10
607;864;205615;SVAC;10
608;864;207515;SVAC;10
609;864;204593;SVAC;10
610;863;209297;SVAC;10
611;863;210838;SVAC;10
612;864;209297;SVAC;10
613;863;211909;SVAC;10
614;863;212679;SVAC;10
615;864;210838;SVAC;10
616;864;211909;SVAC;10
617;863;214887;SVAC;10
618;864;212679;SVAC;10
619;864;214887;SVAC;10
620;863;217016;SVAC;10
621;863;217651;SVAC;10
622;863;219629;SVAC;10
623;864;217016;SVAC;10
624;864;217651;SVAC;10
625;864;219629;SVAC;10
626;863;221030;SVAC;10
627;863;222959;SVAC;10
628;864;221409;SVAC;10
629;864;222959;SVAC;10
630;863;226956;SVAC;10
631;863;228901;SVAC;10
632;863;229943;SVAC;10
633;864;226956;SVAC;10
634;864;228901;SVAC;10
635;863;231005;SVAC;10
636;863;232402;SVAC;10
637;864;231005;SVAC;10
638;863;233056;SVAC;10
639;863;235213;SVAC;10
640;864;233067;SVAC;10
641;864;235202;SVAC;10
642;863;237576;SVAC;10
643;864;237576;SVAC;10
644;863;239528;SVAC;10
645;863;240300;SVAC;10
646;863;242202;SVAC;10
647;864;239528;SVAC;10
648;864;240300;SVAC;10
649;864;242205;SVAC;10
650;863;244373;SVAC;10
651;864;244373;SVAC;10
652;863;248734;SVAC;10
653;863;250939;SVAC;10
654;864;248734;SVAC;10
655;864;249573;SVAC;10
656;863;253012;SVAC;10
657;864;251616;SVAC;10
658;864;253102;SVAC;10
659;863;256598;SVAC;10
660;863;257484;SVAC;10
661;863;258888;SVAC;10
662;864;255897;SVAC;10
663;864;257484;SVAC;10
664;863;260535;SVAC;10
665;864;258888;SVAC;10
666;864;260199;SVAC;10
667;863;261900;SVAC;10
668;863;263933;SVAC;10
669;864;261900;SVAC;10
670;864;263933;SVAC;10
671;863;265524;SVAC;10
672;863;266558;SVAC;10
673;864;265531;SVAC;10
674;863;268702;SVAC;10
675;864;266558;SVAC;10
676;864;267992;SVAC;10
677;864;269690;SVAC;10
678;863;276063;SVAC;10
679;863;278821;SVAC;10
680;864;276063;SVAC;10
681;863;281355;SVAC;10
682;863;283187;SVAC;10
683;863;283591;SVAC;10
684;864;280066;SVAC;10
685;864;281355;SVAC;10
686;864;283187;SVAC;10
687;863;285426;SVAC;10
688;863;285600;SVAC;10
689;864;285426;SVAC;10
690;863;287032;SVAC;10
691;863;288058;SVAC;10
692;864;287032;SVAC;10
693;863;289854;SVAC;10
694;863;291089;SVAC;10
695;864;288058;SVAC;10
696;864;289854;SVAC;10
697;864;291833;SVAC;10
698;864;292606;SVAC;10
699;864;295684;SVAC;10
700;864;297050;SVAC;10
701;863;298752;SVAC;10
702;863;300184;SVAC;10
703;864;298752;SVAC;10
704;863;302496;SVAC;10
705;864;300507;SVAC;10
706;863;304429;SVAC;10
707;864;302043;SVAC;10
708;864;302851;SVAC;10
709;864;303774;SVAC;10
710;864;305134;SVAC;10
711;863;306282;SVAC;10
712;863;308272;SVAC;10
713;864;305737;SVAC;10
714;864;307737;SVAC;10
715;863;309712;SVAC;10
716;863;310879;SVAC;10
717;864;309712;SVAC;10
718;864;311815;SVAC;10
719;864;313115;SVAC;10
720;864;315004;SVAC;10
721;864;316105;SVAC;10
722;864;314104;SVAC;10
723;863;315004;SVAC;10
724;863;317328;SVAC;10
725;863;319228;SVAC;10
726;863;320100;SVAC;10
727;863;321787;SVAC;10
728;864;317405;SVAC;10
729;864;318635;SVAC;10
730;863;323080;SVAC;10
731;863;324970;SVAC;10
732;864;321850;SVAC;10
733;864;323080;SVAC;10
734;864;324602;SVAC;10
735;863;326312;SVAC;10
736;863;327456;SVAC;10
737;864;326312;SVAC;10
738;863;329781;SVAC;10
739;864;327197;SVAC;10
740;864;328586;SVAC;10
741;863;330766;SVAC;10
742;864;330043;SVAC;10
743;864;331320;SVAC;10
744;863;338915;SVAC;10
745;863;340713;SVAC;10
746;910;1593;SVAC;10
747;910;2290;SVAC;10
748;909;2290;SVAC;10
749;909;3907;JI;0
750;863;342721;SVAC;10
751;864;338907;SVAC;10
752;864;340881;SVAC;10
753;863;344595;SVAC;10
754;864;342997;SVAC;10
755;863;346757;SVAC;10
756;864;345131;SVAC;10
757;863;348721;SVAC;10
758;863;349457;SVAC;10
759;863;351396;SVAC;10
760;864;347432;SVAC;10
761;864;349451;SVAC;10
762;864;351396;SVAC;10
763;863;353553;SVAC;10
764;863;355700;SVAC;10
765;864;353553;SVAC;10
766;864;354341;SVAC;10
767;863;356590;SVAC;10
768;863;358216;SVAC;10
769;864;355700;SVAC;10
770;864;356590;SVAC;10
771;863;360457;SVAC;10
772;864;358594;SVAC;10
773;863;362516;SVAC;10
774;864;360457;SVAC;10
775;863;363194;SVAC;10
776;863;364815;SVAC;10
777;864;361650;SVAC;10
778;864;363194;SVAC;10
779;863;366740;SVAC;10
780;864;364815;SVAC;10
781;864;365586;SVAC;10
782;863;367625;SVAC;10
783;863;369178;SVAC;10
784;864;367625;SVAC;10
785;863;371016;SVAC;10
786;864;369629;SVAC;10
787;863;373480;SVAC;10
788;864;371534;SVAC;10
789;864;372122;SVAC;10
790;863;375400;SVAC;10
791;864;374016;SVAC;10
792;863;375842;SVAC;10
793;863;377776;SVAC;10
794;864;375842;SVAC;10
795;864;376467;SVAC;10
796;864;378218;SVAC;10
797;863;379719;SVAC;10
798;864;380234;SVAC;10
799;863;382723;SVAC;10
800;863;383956;SVAC;10
801;863;385946;SVAC;10
802;864;383956;SVAC;10
803;864;385366;CC;15
804;863;388077;SVAC;10
805;864;385946;SVAC;10
806;864;388077;SVAC;10
807;863;390156;SVAC;10
808;863;391849;SVAC;10
809;863;393464;SVAC;10
810;863;394089;SVAC;10
811;863;395355;SVAC;10
812;864;390156;SVAC;10
813;864;392571;SVAC;10
814;864;394089;SVAC;10
815;863;397677;SVAC;10
816;864;395629;SVAC;10
817;864;397577;SVAC;10
818;863;399630;SVAC;10
819;863;401586;SVAC;10
820;864;399727;SVAC;10
821;863;403547;SVAC;10
822;864;402244;SVAC;10
823;863;406066;SVAC;10
824;864;404716;SVAC;10
825;863;407991;SVAC;10
826;864;406066;SVAC;10
827;864;407399;SVAC;10
828;863;411970;SVAC;10
829;863;413821;SVAC;10
830;863;415492;SVAC;10
831;864;411959;SVAC;10
832;864;414434;SVAC;10
833;864;416916;SVAC;10
834;863;421435;SVAC;10
835;863;422531;SVAC;10
836;864;419452;SVAC;10
837;864;421531;SVAC;10
838;863;18773;SVAC;10
839;864;16412;SVAC;10
840;863;20868;SVAC;10
841;864;19880;SVAC;10
842;864;20773;SVAC;10
843;863;22991;SVAC;10
844;864;22000;SVAC;10
845;1478;2485;SVAC;10
846;1477;13730;SVAC;10
847;1478;13730;SVAC;10
848;1477;15872;SVAC;10
849;1478;15711;SVAC;10
850;1477;17813;SVAC;10
851;1478;17876;SVAC;10
852;1477;19827;SVAC;10
853;1478;19922;SVAC;10
854;1477;22716;SVAC;10
855;1477;23950;SVAC;10
856;1477;25365;SVAC;10
857;1478;23950;SVAC;10
858;1478;25365;SVAC;10
859;1478;22716;SVAC;10
860;1477;32907;SVAC;10
861;1477;34227;SVAC;10
862;1478;32905;SVAC;10
863;1478;34227;SVAC;10
864;1477;36316;SVAC;10
865;1478;36316;SVAC;10
866;1477;38504;SVAC;10
867;1478;38504;SVAC;10
868;1479;53960;SVAC;10
869;1479;54927;SVAC;10
870;1479;52516;SVAC;10
871;6627;52991;SVAC;10
872;6627;55027;SVAC;10
873;6627;52630;CC;15
874;866;382712;SVAC;10
875;866;384544;SVAC;10
876;892;3271;SVAC;10
877;893;3271;SVAC;10
878;892;4500;SVAC;10
879;892;5836;SVAC;10
880;893;4500;SVAC;10
881;893;5836;SVAC;10
882;892;7666;SVAC;10
883;892;8083;SVAC;10
884;892;10171;SVAC;10
885;893;8069;SVAC;10
886;893;10171;SVAC;10
887;893;7665;SVAC;10
888;892;12369;SVAC;10
889;892;14326;SVAC;10
890;893;12369;JI;0
891;893;14326;SVAC;10
892;512;16003;SVAC;10
893;511;16003;SVAC;10
894;1308;56444;CC;15
895;1308;56598;JI;0
896;1309;56425;CC;15
897;1309;56615;JI;0
898;505;130799;JI;0
899;505;131403;CC;15
900;864;1604;JI;0
901;864;1824;CC;15
902;9277;109;JI;0
903;9277;265;CC;15
904;8772;49057;JI;0
905;8772;49130;JI;0
906;864;117809;JI;0
907;997;1400;JI;0
908;864;118182;CC;15
909;8771;138852;JI;0
910;8775;138832;JI;0
911;8771;138956;CC;15
912;8765;273616;JI;0
913;6571;273560;JI;0
914;8765;274056;CC;15
915;6571;273459;JI;0
916;60;-451;JI;0
917;60;-358;CC;15
918;8766;333847;JI;0
919;8766;334094;SVAC;10
920;8768;333442;JI;0
921;8768;333840;JI;0
922;909;469;JI;0
923;909;800;CC;15
924;910;322;JI;0
925;910;634;CC;15
926;1473;408905;JI;0
927;47;408950;JI;0
928;1473;409302;CC;15
929;1475;408900;JI;0
930;19;408673;JI;0
931;1475;409302;CC;15
932;1476;409708;CC;15
933;867;416897;JI;0
934;867;417659;CC;15
935;868;418188;JI;0
936;868;418765;CC;15
937;865;380844;JI;0
938;865;381719;CC;15
939;866;380884;JI;0
940;866;381783;CC;15
941;6581;91953;JI;0
942;864;92125;CC;15
943;864;115556;CC;15
944;863;93887;CC;15
945;6582;94045;JI;0
946;863;94217;CC;15
947;863;247732;CC;15
948;6596;247910;JI;0
949;863;248078;CC;15
950;506;149961;CC;15
951;4379;150095;JI;0
952;506;150262;CC;15
953;863;313578;CC;15
954;6602;313834;JI;0
955;863;314104;CC;15
956;511;25745;CC;15
957;4427;25912;JI;0
958;4428;26266;JI;0
959;511;26433;CC;15
960;864;182100;CC;15
961;6590;182337;JI;0
962;864;182569;CC;15
963;864;162200;CC;15
964;6588;162425;JI;0
965;864;162590;CC;15
966;6573;1994;JI;0
967;864;2130;CC;15
968;512;66289;CC;15
969;512;66675;CC;15
970;863;334557;CC;15
971;863;334856;CC;15
972;864;247395;CC;15
973;6595;247554;JI;0
974;864;248059;CC;15
975;864;93430;CC;15
976;8773;93481;JI;0
977;864;93873;CC;15
978;863;410481;CC;15
979;1473;410502;JI;0
980;6611;410960;JI;0
981;863;411150;CC;15
982;511;66675;CC;15
983;4431;66842;JI;0
984;8762;67096;JI;0
985;511;67138;CC;15
986;6589;181874;JI;0
987;863;182542;CC;15
988;506;172800;CC;15
989;4381;172973;JI;0
990;506;173140;CC;15
991;864;275312;CC;15
992;6598;275470;JI;0
993;864;275642;CC;15
994;505;148610;CC;15
995;4378;148777;JI;0
996;4375;149031;JI;0
997;505;149073;CC;15
998;863;138900;CC;15
999;41;202391;JI;0
1000;8774;202473;CC;15
1001;512;26089;CC;15
1002;512;26433;CC;15
1003;40;247325;JI;0
1004;1478;26700;CC;15
1005;1479;56453;JI;0
1006;1478;27174;CC;15
1007;6594;225991;JI;0
1008;863;226170;CC;15
1009;8773;92467;JI;0
1010;43;92452;JI;0
1011;8773;92533;CC;15
1012;511;130253;CC;15
1013;517;130359;JI;0
1014;511;130815;CC;15
1015;8763;113653;JI;0
1016;27;113600;JI;0
1017;8763;113746;CC;15
1018;512;138200;CC;15
1019;4438;138377;JI;0
1020;512;213423;CC;15
1021;4444;213604;JI;0
1022;512;213771;CC;15
1023;6612;411346;JI;0
1024;863;411522;CC;15
1025;28;67070;JI;0
1026;8762;67189;CC;15
1027;864;161665;CC;15
1028;1;161700;INC;15
1029;6587;161982;JI;0
1030;864;408275;CC;15
1031;6610;408450;JI;0
1032;864;408929;CC;15
1033;864;335225;CC;15
1034;6605;335430;JI;0
1035;864;335649;CC;15
1036;512;162413;CC;15
1037;4411;162447;JI;0
1038;512;162700;CC;15
1039;864;336064;CC;15
1040;864;274106;CC;15
1041;8767;274193;JI;0
1042;864;274376;CC;15
1043;1477;28370;CC;15
1044;6623;28507;JI;0
1045;6624;28867;JI;0
1046;1477;29053;CC;15
1047;1477;20762;CC;15
1048;6621;20926;JI;0
1049;6622;21289;JI;0
1050;1477;21444;CC;15
1051;505;172452;CC;15
1052;4380;172619;JI;0
1053;505;173140;CC;15
1054;4439;161271;JI;0
1055;511;161687;CC;15
1056;512;114583;CC;15
1057;4436;114717;JI;0
1058;512;114884;CC;15
1059;863;118326;CC;15
1060;6584;118342;JI;0
1061;863;118695;CC;15
1062;863;139872;CC;15
1063;8771;139925;JI;0
1064;863;140062;CC;15
1065;512;68026;CC;15
1066;4432;68160;JI;0
1067;512;68327;CC;15
1068;864;410855;CC;15
1069;864;411522;CC;15
1070;512;92557;CC;15
1071;4434;92734;JI;0
1072;512;92901;CC;15
1073;1478;28687;CC;15
1074;1478;29053;CC;15
1075;512;44269;CC;15
1076;4430;44446;JI;0
1077;512;44613;CC;15
1078;872;417223;JI;0
1079;872;417365;CC;15
1080;1308;51044;CC;15
1081;1479;51295;JI;0
1082;1308;51421;CC;15
1083;1478;21085;CC;15
1084;1478;21931;CC;15
1085;1477;26060;CC;15
1086;6627;55777;JI;0
1087;1477;26614;CC;15
1088;4411;161637;JI;0
1089;4411;161765;JI;0
1090;863;117054;CC;15
1091;996;1764;JI;0
1092;863;117297;CC;15
1093;511;92213;CC;15
1094;4433;92380;JI;0
1095;511;92901;CC;15
1096;505;133724;CC;15
1097;4376;133875;JI;0
1098;4377;134229;JI;0
1099;505;134396;CC;15
1100;863;388742;CC;15
1101;6608;388916;JI;0
1102;6609;389303;JI;0
1103;863;389408;CC;15
1104;6597;271566;JI;0
1105;863;271740;CC;15
1106;6600;293315;JI;0
1107;22;293876;JI;0
1108;863;293890;CC;15
1109;864;225474;CC;15
1110;863;203626;CC;15
1111;6592;203757;JI;0
1112;863;203924;CC;15
1113;863;335649;CC;15
1114;913;1849;JI;0
1115;863;335865;CC;15
1116;4435;113399;JI;0
1117;511;113695;CC;15
1118;863;161955;CC;15
1119;863;162586;CC;15
1120;511;67864;CC;15
1121;8762;67906;JI;0
1122;511;68327;CC;15
1123;864;203392;CC;15
1124;8774;203408;JI;0
1125;864;203916;CC;15
1126;4375;149124;CC;15
1127;864;16865;JI;0
1128;1478;39061;CC;15
1129;864;17129;CC;15
1130;506;134050;CC;15
1131;506;134396;CC;15
1132;864;410481;CC;15
1133;512;188229;CC;15
1134;4442;188406;JI;0
1135;512;188573;CC;15
1136;6577;48738;JI;0
1137;863;49098;CC;15
1138;505;149799;CC;15
1139;4375;149841;JI;0
1140;505;150262;CC;15
1141;4443;213250;JI;0
1142;511;213769;CC;15
1143;863;274106;CC;15
1144;8765;274200;JI;0
1145;863;274376;CC;15
1146;864;389108;CC;15
1147;864;389477;CC;15
1148;511;114421;CC;15
1149;8763;114463;JI;0
1150;511;114884;CC;15
1151;863;332311;CC;15
1152;6604;332388;JI;0
1153;863;332620;CC;15
1154;864;26040;CC;15
1155;6576;26229;JI;0
1156;864;26450;CC;15
1157;864;71150;CC;15
1158;6580;71408;JI;0
1159;864;71584;CC;15
1160;4441;188051;JI;0
1161;511;188573;CC;15
1162;864;334824;CC;15
1163;863;418720;CC;15
1164;871;418736;JI;0
1165;863;419112;CC;15
1166;517;130186;JI;0
1167;511;215880;SVAC;10
1168;6584;117805;JI;0
1169;25;202281;JI;0
1170;25;202402;JI;0
1171;23;247220;JI;0
1172;23;247332;JI;0
1173;8765;273438;JI;0
1174;59;116;JI;0
1175;59;304;JI;0
1176;21;293881;JI;0
1177;21;294002;JI;0
1178;21;293823;JI;0
1179;21;294600;JI;0
1180;8766;333442;JI;0
1181;6579;70925;JI;0
1182;4437;138023;JI;0
1183;864;140462;CC;15
1184;6586;140677;JI;0
1185;892;7886;CC;15
1186;6697;7911;JI;0
1187;6575;25876;JI;0
1188;864;361250;CC;15
1189;511;43925;CC;15
1190;4429;44092;JI;0
1191;1308;50129;CC;15
1192;1309;53116;CC;15
1193;1308;49740;CC;15
1194;1308;49406;CC;15
1195;1308;48400;CC;15
1196;1309;48400;CC;15
1197;1309;49406;CC;15
1198;1309;49740;CC;15
1199;506;133708;CC;15
1200;505;149263;CC;15
1201;505;149607;CC;15
1202;4375;149748;CC;15
1203;506;148911;CC;15
1204;506;149263;CC;15
1205;506;148610;CC;15
1206;506;149607;CC;15
1207;506;172452;CC;15
1208;2402;22358;JI;0
1209;507;179970;JI;0
1210;796;21855;JI;0
1211;508;179652;JI;0
1212;512;25745;CC;15
1213;512;43925;CC;15
1214;511;67337;CC;15
1215;511;67665;CC;15
1216;8762;67813;CC;15
1217;512;66976;CC;15
1218;512;67337;CC;15
1219;512;67665;CC;15
1220;511;113894;CC;15
1221;511;114221;CC;15
1222;8763;114370;CC;15
1223;512;113533;CC;15
1224;512;113894;CC;15
1225;512;114221;CC;15
1226;511;129254;CC;15
1227;511;131156;CC;15
1228;512;130253;CC;15
1229;512;130629;CC;15
1230;512;129216;CC;15
1231;511;161887;CC;15
1232;511;162230;CC;15
1233;8764;162319;CC;15
1234;512;161405;CC;15
1235;512;161671;CC;15
1236;512;161868;CC;15
1237;512;162221;CC;15
1238;4411;162319;JI;0
1239;511;214683;CC;15
1240;519;214884;JI;0
1241;512;214683;CC;15
1242;864;43805;CC;15
1243;863;49335;CC;15
1244;863;49570;CC;15
1245;863;49839;CC;15
1246;8772;49570;CC;15
1247;8772;49992;JI;0
1248;864;48871;CC;15
1249;864;49335;CC;15
1250;864;49839;CC;15
1251;864;89032;CC;15
1252;864;89777;CC;15
1253;863;92111;CC;15
1254;863;92686;CC;15
1255;863;93230;CC;15
1256;864;92686;CC;15
1257;864;92973;CC;15
1258;864;92486;CC;15
1259;864;94203;CC;15
1260;864;93230;CC;15
1261;8773;92929;CC;15
1262;8773;93386;CC;15
1263;864;115973;CC;15
1264;909;1593;CC;15
1265;864;338079;CC;15
1266;864;338308;CC;15
1267;864;337725;CC;15
1268;864;336757;CC;15
1269;864;336305;CC;15
1270;910;3907;SV;12
1271;910;4325;JI;0
1272;864;360903;CC;15
1273;864;360703;CC;15
1274;863;380445;CC;15
1275;863;380965;CC;15
1276;863;381783;CC;15
1277;864;382010;CC;15
1278;864;382723;CC;15
1279;863;115973;CC;15
1280;863;116520;CC;15
1281;863;117685;CC;15
1282;996;1435;CC;15
1283;996;1618;CC;15
1284;997;1060;CC;15
1285;997;1278;CC;15
1286;997;663;CC;15
1287;863;139073;CC;15
1288;863;139404;CC;15
1289;863;139702;CC;15
1290;8771;139404;CC;15
1291;8771;139818;CC;15
1292;864;139073;CC;15
1293;863;140447;CC;15
1294;863;140909;CC;15
1295;864;139702;CC;15
1296;864;160868;CC;15
1297;864;161053;CC;15
1298;863;183318;CC;15
1299;864;183201;CC;15
1300;863;183805;CC;15
1301;863;197508;CC;15
1302;863;198550;CC;15
1303;863;202203;CC;15
1304;863;202573;CC;15
1305;863;203323;CC;15
1306;864;202573;CC;15
1307;864;203222;CC;15
1308;864;202900;CC;15
1309;8774;202900;CC;15
1310;8774;203329;CC;15
1311;864;225820;CC;15
1312;864;226150;CC;15
1313;863;255897;CC;15
1314;863;272227;CC;15
1315;863;273193;CC;15
1316;863;273454;CC;15
1317;863;273627;CC;15
1318;863;273936;CC;15
1319;864;273186;CC;15
1320;864;273454;CC;15
1321;864;272227;CC;15
1322;864;271725;CC;15
1323;864;273627;CC;15
1324;863;275281;CC;15
1325;863;275642;CC;15
1326;863;275863;CC;15
1327;864;273936;CC;15
1328;864;279021;CC;15
1329;863;294276;CC;15
1330;863;294600;CC;15
1331;863;297659;CC;15
1332;864;294276;CC;15
1333;864;294600;CC;15
1334;863;311815;CC;15
1335;863;312694;CC;15
1336;863;313116;CC;15
1337;6601;313369;JI;0
1338;864;320400;CC;15
1339;864;320619;CC;15
1340;864;320100;CC;15
1341;864;319889;CC;15
1342;863;331306;CC;15
1343;6603;331538;JI;0
1344;863;331602;CC;15
1345;863;331802;CC;15
1346;863;332110;CC;15
1347;863;333188;CC;15
1348;863;333458;CC;15
1349;863;333898;CC;15
1350;863;334105;CC;15
1351;863;334372;CC;15
1352;864;333458;CC;15
1353;864;333898;CC;15
1354;864;333188;CC;15
1355;864;332602;CC;15
1356;864;332110;CC;15
1357;864;331802;CC;15
1358;863;335198;CC;15
1359;863;336305;CC;15
1360;864;334557;CC;15
1361;864;334372;CC;15
1362;864;334105;CC;15
1363;8768;334090;CC;15
1364;863;337875;CC;15
1365;863;338226;CC;15
1366;864;380900;CC;15
1367;864;380445;CC;15
1368;864;388742;CC;15
1369;863;408275;CC;15
1370;863;408556;CC;15
1371;863;408929;CC;15
1372;863;409428;CC;15
1373;864;409428;CC;15
1374;863;409982;CC;15
1375;864;409982;CC;15
1376;1475;409982;CC;15
1377;1476;409967;CC;15
1378;863;416622;CC;15
1379;863;416950;CC;15
1380;863;417677;CC;15
1381;871;417435;CC;15
1382;871;417811;CC;15
1383;863;417957;CC;15
1384;863;419877;CC;15
1385;864;418300;CC;15
1386;872;418382;JI;0
1387;864;418756;CC;15
1388;864;417908;CC;15
1389;863;420223;CC;15
1390;864;18466;CC;15
1391;864;18773;CC;15
1392;1477;21931;CC;15
1393;1478;20759;CC;15
1394;519;215441;SVAC;10
1395;1477;27718;CC;15
1396;1478;27718;CC;15
1397;1477;28166;CC;15
1398;1477;30017;CC;15
1399;1478;30017;CC;15
1400;1478;28296;CC;15
1401;1477;38760;CC;15
1402;1478;38756;CC;15
1403;865;384238;CC;15
1404;865;384544;CC;15
1405;1475;409428;CC;15
1406;1473;409708;CC;15
1407;1473;409982;CC;15
1408;868;418907;CC;15
1409;1473;409428;CC;15
1410;1475;409708;CC;15
1411;871;417965;CC;15
1412;863;409708;CC;15
1413;864;409708;CC;15
1414;505;133524;CC;15
1415;1477;20512;CC;15
1416;863;389634;CC;15
1417;1473;410170;CC;15
1418;1308;47529;JI;0
1419;1309;47934;JI;0
1420;507;180585;JI;0
1421;4412;67979;JI;0
1422;9092;114536;JI;0
1423;4413;162561;JI;0
1424;9277;430;JI;0
1425;8776;139944;JI;0
1426;6572;274155;JI;0
1427;60;304;JI;0
1428;913;1709;JI;0
1429;17;410573;JI;0
1430;45;410080;JI;0
1431;868;419475;JI;0
1432;864;16715;CC;15
1433;6627;55234;CC;15
1434;1479;56164;CC;15
1435;1479;51555;CC;15
1436;9097;149914;JI;0
1437;867;417801;JI;0
1438;864;329388;CC;15
1439;863;336757;SVAC;10
1440;864;346757;SVAC;10
1441;863;1605;JI;0
1442;863;1808;CC;15
1443;9278;300;JI;0
1444;193;31650;SVAC;9.8
1445;193;33052;SVAC;9.8
1446;194;30876;SVAC;9.8
1447;194;32525;SVAC;9.8
1448;193;34313;SVAC;9.8
1449;194;34730;SVAC;9.8
1450;193;36025;SVAC;9.8
1451;194;36100;SVAC;9.8
1452;193;37806;SVAC;9.8
1453;194;37521;SVAC;9.8
1454;194;38304;SVAC;9.8
1455;194;40086;SVAC;9.8
1456;194;40873;SVAC;9.8
1457;193;40905;SVAC;9.8
1458;193;42444;SVAC;9.8
1459;24;203390;JI;0
1460;42;93507;JI;0
1461;1308;55727;SVAC;10
1462;1309;55724;SVAC;10
1463;505;131952;SVAC;10
1464;505;135591;SVAC;10
1465;506;135593;SVAC;10
1466;505;151736;SVAC;10
1467;506;151736;SVAC;10
1468;505;173652;SVAC;10
1469;506;173652;SVAC;10
1470;508;180604;SVAC;10
1471;511;18293;CC;15
1472;511;19546;SVAC;10
1473;511;27679;SVAC;10
1474;512;27679;SVAC;10
1475;194;42509;SVAC;10
1476;193;43968;SVAC;9.8
1477;194;44188;SVAC;10
1478;193;45567;SVAC;9.8
1479;194;45854;SVAC;9.8
1480;193;47657;SVAC;9.8
1481;194;47194;SVAC;9.8
1482;193;49669;SVAC;9.8
1483;194;48502;SVAC;9.8
1484;193;51221;SVAC;9.8
1485;194;49964;SVAC;9.8
1486;193;52605;SVAC;9.8
1487;193;54111;SVAC;9.8
1488;193;55768;SVAC;9.8
1489;194;53531;SVAC;9.8
1490;194;55026;SVAC;9.8
1491;193;57277;SVAC;9.8
1492;194;58292;SVAC;9.8
1493;194;59077;SVAC;9.8
1494;193;60247;SVAC;9.8
1495;193;62129;SVAC;9.8
1496;193;63561;SVAC;9.8
1497;194;61639;SVAC;9.8
1498;194;63323;SVAC;9.8
1499;193;65074;SVAC;9.8
1500;194;64869;SVAC;9.8
1501;193;66808;SVAC;9.8
1502;194;66238;SVAC;9.8
1503;193;68099;SVAC;9.8
1504;194;68269;SVAC;9.8
1505;193;69481;SVAC;9.8
1506;194;70050;SVAC;9.8
1507;193;71029;SVAC;9.8
1508;194;71528;SVAC;9.8
1509;193;72725;SVAC;9.8
1510;194;72961;SVAC;9.8
1511;193;74607;SVAC;9.8
1512;194;75581;SVAC;9.8
1513;194;76165;SVAC;9.8
1514;194;77698;SVAC;9.8
1515;193;77711;SVAC;9.8
1516;193;79461;SVAC;9.8
1517;194;79135;SVAC;9.8
1518;193;80973;SVAC;9.8
1519;194;80701;SVAC;9.8
1520;193;82364;SVAC;9.8
1521;194;82527;SVAC;9.8
1522;863;305134;CC;15
1523;864;313920;CC;15
1524;1477;31000;SVAC;10
1525;1478;31000;SVAC;10
1526;1477;32166;CC;15
1527;1478;32166;CC;15
1528;865;382712;SVAC;10
1529;194;206822;SVAC;9.8
1530;194;207743;CC;16
1531;181;2100;CC;16
1532;181;2519;JI;0
1533;193;207174;SVAC;9.8
1534;193;207832;CC;16
1535;194;200105;SVAC;9.8
1536;194;201571;CC;16
1537;178;2767;SVAC;9.8
1538;178;3509;CC;16
1539;180;370;CC;16
1540;180;1090;SVAC;9.8
1541;179;2438;SVAC;9.8
1542;179;3390;CC;16
1543;178;7448;SVAC;9.8
1544;178;8039;CC;16
1545;179;7448;SVAC;9.8
1546;179;8039;CC;16
1547;178;13164;SVAC;9.8
1548;178;14498;CC;16
1549;179;13164;SVAC;9.8
1550;179;14498;CC;16
1551;179;15860;SVAC;9.8
1552;179;16788;CC;16
1553;178;29465;SVAC;9.8
1554;178;30946;CC;16
1555;179;29372;SVAC;9.8
1556;179;30946;CC;16
1557;178;54782;SVAC;9.8
1558;178;55531;CC;16
1559;179;54587;SVAC;9.8
1560;179;55472;SVAC;10
1561;178;78623;SVAC;9.8
1562;178;80189;CC;16
1563;179;80065;SVAC;9.8
1564;179;80804;SVAC;10
1565;178;97752;SVAC;9.8
1566;178;99340;CC;16
1567;179;98266;SVAC;9.8
1568;179;99761;CC;16
1569;178;108948;SVAC;9.8
1570;178;109509;CC;16
1571;179;107489;SVAC;9.8
1572;179;108230;CC;16
1573;179;108832;SVAC;9.8
1574;179;110302;CC;16
1575;193;5907;SVAC;9.8
1576;193;6800;CC;16
1577;194;6970;SVAC;9.8
1578;9242;7155;JI;0
1579;194;7348;CC;16
1580;194;10699;SVAC;9.8
1581;194;11162;CC;16
1582;193;12266;SVAC;9.8
1583;193;13821;CC;16
1584;194;12402;SVAC;9.8
1585;194;13443;CC;16
1586;193;16918;SVAC;9.8
1587;193;17663;CC;16
1588;194;17604;SVAC;9.8
1589;9238;17778;JI;0
1590;194;17971;CC;16
1591;193;38363;CC;16
1592;9237;38477;JI;0
1593;194;38592;CC;16
1594;194;51311;CC;16
1595;194;56570;CC;16
1596;193;58859;CC;16
1597;194;59811;SVAC;9.8
1598;194;60236;CC;16
1599;2354;59250;JI;0
1600;194;59444;CC;16
1601;194;74322;CC;16
1602;193;74890;CC;16
1603;194;74847;SVAC;9.8
1604;2356;75020;JI;0
1605;194;75214;CC;16
1606;194;85662;SVAC;9.8
1607;194;87151;CC;16
1608;193;87059;SVAC;9.8
1609;193;87488;CC;16
1610;194;87429;SVAC;9.8
1611;2358;87602;JI;0
1612;194;87780;CC;16
1613;193;96527;SVAC;9.8
1614;193;97736;CC;16
1615;193;107619;SVAC;9.8
1616;193;109249;CC;16
1617;194;109552;SVAC;9.8
1618;2360;109725;JI;0
1619;194;110145;CC;16
1620;194;112134;SVAC;9.8
1621;194;112400;CC;16
1622;194;126858;SVAC;9.8
1623;194;127382;CC;16
1624;193;126813;SVAC;9.8
1625;193;127533;CC;16
1626;194;127714;SVAC;9.8
1627;2362;127887;JI;0
1628;194;128081;CC;16
1629;193;141536;SVAC;9.8
1630;193;142134;CC;16
1631;194;141316;SVAC;9.8
1632;194;142075;SVAC;10
1633;194;146114;SVAC;9.8
1634;194;147059;CC;16
1635;193;148091;SVAC;9.8
1636;193;148748;CC;16
1637;194;152255;SVAC;9.8
1638;194;153484;CC;16
1639;193;161357;SVAC;9.8
1640;193;161684;CC;16
1641;193;162519;CC;16
1642;193;162893;SVAC;9.8
1643;194;161337;SVAC;9.8
1644;194;162049;CC;16
1645;194;164952;SVAC;9.8
1646;194;166163;CC;16
1647;193;166205;SVAC;9.8
1648;193;166968;CC;16
1649;193;181045;SVAC;9.8
1650;193;181730;CC;16
1651;194;180864;SVAC;9.8
1652;194;181671;SVAC;10
1653;193;190964;SVAC;9.8
1654;193;192764;CC;16
1655;194;193610;SVAC;9.8
1656;2375;193790;JI;0
1657;194;193982;CC;16
1658;193;197616;SVAC;9.8
1659;193;197876;CC;16
1660;194;196897;SVAC;9.8
1661;194;197784;CC;16
1662;193;200802;SVAC;9.8
1663;193;201564;CC;16
1664;1308;3390;CC;16
1665;1308;3762;SVAC;9.8
1666;1309;3353;CC;16
1667;1309;3762;SVAC;9.8
1668;1308;533;CC;16
1669;1308;937;SVAC;10
1670;1309;525;CC;16
1671;1309;1661;SVAC;9.8
1672;1308;44364;CC;16
1673;1308;45427;SVAC;9.8
1674;1309;43620;CC;16
1675;2403;43786;JI;0
1676;2404;44146;JI;0
1677;1309;44283;SVAC;9.8
1678;1308;32695;CC;16
1679;1308;33473;SVAC;9.8
1680;1309;32695;CC;16
1681;1309;33713;SVAC;9.8
1682;1308;26047;CC;16
1683;2396;26227;JI;0
1684;1308;26394;SVAC;9.8
1685;1309;22675;CC;16
1686;1309;23194;SVAC;9.8
1687;1308;19437;CC;16
1688;1308;20856;SVAC;9.8
1689;1309;19587;CC;16
1690;1309;21050;SVAC;9.8
1691;1308;12596;CC;16
1692;1308;13228;SVAC;9.8
1693;1308;8217;CC;16
1694;1308;8854;SVAC;9.8
1695;1309;8242;CC;16
1696;1309;9372;SVAC;9.8
1697;863;426763;SVAC;9.8
1698;863;427222;CC;16
1699;864;428288;SVAC;9.8
1700;864;428525;CC;16
1701;864;427554;SVAC;9.8
1702;6613;427727;JI;0
1703;864;427920;CC;16
1704;864;439062;SVAC;9.8
1705;864;440418;CC;16
1706;864;453209;SVAC;9.8
1707;864;454625;CC;16
1708;863;454625;SVAC;9.8
1709;863;454920;CC;16
1710;864;454920;SVAC;9.8
1711;6615;455094;JI;0
1712;864;455290;CC;16
1713;863;474322;SVAC;9.8
1714;863;475360;CC;16
1715;864;475360;SVAC;9.8
1716;6617;475533;JI;0
1717;864;475647;CC;16
1718;182;471;SVAC;9.8
1719;182;731;JI;0
1720;179;114350;SVAC;9.8
1721;179;114646;JI;0
1722;198;7717;SVAC;10
1723;198;8286;JI;0
1724;199;796;SVAC;9.8
1725;199;1032;JI;0
1726;197;7715;SVAC;9.8
1727;197;8284;JI;0
1728;179;762;SVAC;9.8
1729;178;4316;SVAC;9.8
1730;178;5937;SVAC;9.8
1731;179;4216;SVAC;9.8
1732;179;5906;SVAC;9.8
1733;179;14725;SVAC;9.8
1734;178;18643;SVAC;9.8
1735;178;20053;SVAC;9.8
1736;179;18661;SVAC;9.8
1737;179;20326;SVAC;9.8
1738;178;21574;SVAC;9.8
1739;179;21829;SVAC;9.8
1740;178;23247;SVAC;9.8
1741;179;23321;SVAC;9.8
1742;178;24858;SVAC;9.8
1743;179;24779;SVAC;9.8
1744;178;26370;SVAC;9.8
1745;179;26301;SVAC;9.8
1746;178;27922;SVAC;9.8
1747;179;27842;SVAC;9.8
1748;178;32573;SVAC;9.8
1749;178;34200;SVAC;9.8
1750;179;32507;SVAC;9.8
1751;179;34020;SVAC;9.8
1752;178;35778;SVAC;9.8
1753;179;35555;SVAC;9.8
1754;178;37351;SVAC;9.8
1755;179;37100;SVAC;9.8
1756;178;38873;SVAC;9.8
1757;179;38675;SVAC;9.8
1758;178;40491;SVAC;9.8
1759;179;40230;SVAC;9.8
1760;178;42028;SVAC;9.8
1761;179;41887;SVAC;9.8
1762;178;43634;SVAC;9.8
1763;179;43500;SVAC;9.8
1764;178;45134;SVAC;9.8
1765;179;45174;SVAC;9.8
1766;178;46592;SVAC;9.8
1767;179;46942;SVAC;9.8
1768;178;48298;SVAC;9.8
1769;179;48400;SVAC;9.8
1770;178;50041;SVAC;9.8
1771;179;49882;SVAC;9.8
1772;178;51609;SVAC;9.8
1773;179;51438;SVAC;9.8
1774;178;53166;SVAC;9.8
1775;179;53029;SVAC;9.8
1776;178;58057;SVAC;9.8
1777;178;59607;SVAC;9.8
1778;178;61209;SVAC;9.8
1779;179;59429;SVAC;9.8
1780;179;61017;SVAC;9.8
1781;178;62706;SVAC;9.8
1782;179;62665;SVAC;9.8
1783;178;64414;SVAC;9.8
1784;179;64173;SVAC;9.8
1785;178;65889;SVAC;9.8
1786;179;65848;SVAC;9.8
1787;178;67391;SVAC;9.8
1788;179;67523;SVAC;9.8
1789;178;69030;SVAC;9.8
1790;179;69047;SVAC;9.8
1791;178;70623;SVAC;9.8
1792;179;70600;SVAC;9.8
1793;178;72153;SVAC;9.8
1794;179;72256;SVAC;9.8
1795;178;73730;SVAC;9.8
1796;179;73842;SVAC;9.8
1797;178;75299;SVAC;9.8
1798;179;75417;SVAC;9.8
1799;178;76756;SVAC;9.8
1800;179;77100;SVAC;9.8
1801;179;78527;SVAC;9.8
1802;178;83323;SVAC;9.8
1803;178;85196;SVAC;9.8
1804;179;81834;SVAC;9.8
1805;179;83724;SVAC;9.8
1806;178;86967;SVAC;9.8
1807;179;85063;SVAC;9.8
1808;178;88505;SVAC;9.8
1809;179;86534;SVAC;9.8
1810;178;90047;SVAC;9.8
1811;179;88150;SVAC;9.8
1812;178;91504;SVAC;9.8
1813;179;89804;SVAC;9.8
1814;178;92957;SVAC;9.8
1815;179;91670;SVAC;9.8
1816;178;94694;SVAC;9.8
1817;179;93407;SVAC;9.8
1818;178;96307;SVAC;9.8
1819;179;95048;SVAC;9.8
1820;179;96552;SVAC;9.8
1821;179;101304;SVAC;9.8
1822;179;102881;SVAC;9.8
1823;178;102614;SVAC;9.8
1824;178;104154;SVAC;9.8
1825;179;104505;SVAC;9.8
1826;178;105720;SVAC;9.8
1827;179;106058;SVAC;9.8
1828;178;107504;SVAC;9.8
1829;193;4552;SVAC;9.8
1830;194;5279;SVAC;9.8
1831;194;7715;SVAC;9.8
1832;194;8820;SVAC;9.8
1833;193;20390;SVAC;9.8
1834;193;22234;SVAC;9.8
1835;194;20151;SVAC;9.8
1836;194;21666;SVAC;9.8
1837;193;23569;SVAC;9.8
1838;194;23478;SVAC;9.8
1839;193;25053;SVAC;9.8
1840;194;25055;SVAC;9.8
1841;193;26657;SVAC;9.8
1842;194;26538;SVAC;9.8
1843;193;28178;SVAC;9.8
1844;194;28077;SVAC;9.8
1845;193;30095;SVAC;9.8
1846;194;29409;SVAC;9.8
1847;193;83905;SVAC;9.8
1848;194;84109;SVAC;9.8
1849;193;85480;SVAC;9.8
1850;193;90284;SVAC;9.8
1851;193;91936;SVAC;9.8
1852;194;90284;SVAC;9.8
1853;194;91745;SVAC;9.8
1854;193;93485;SVAC;9.8
1855;194;93351;SVAC;9.8
1856;193;94985;SVAC;9.8
1857;194;94973;SVAC;9.8
1858;194;96540;SVAC;9.8
1859;194;98230;SVAC;9.8
1860;194;99675;SVAC;9.8
1861;193;99703;SVAC;9.8
1862;193;101305;SVAC;9.8
1863;194;101186;SVAC;9.8
1864;193;102831;SVAC;9.8
1865;194;102768;SVAC;9.8
1866;193;104327;SVAC;9.8
1867;194;104455;SVAC;9.8
1868;193;105976;SVAC;9.8
1869;194;105931;SVAC;9.8
1870;194;107423;SVAC;9.8
1871;194;108989;SVAC;9.8
1872;193;112708;SVAC;9.8
1873;193;114370;SVAC;9.8
1874;193;115844;SVAC;9.8
1875;194;113866;SVAC;9.8
1876;194;115493;SVAC;9.8
1877;193;117411;SVAC;9.8
1878;194;117115;SVAC;9.8
1879;193;118859;SVAC;9.8
1880;194;118823;SVAC;9.8
1881;193;120957;SVAC;9.8
1882;194;120181;SVAC;9.8
1883;193;122594;SVAC;9.8
1884;194;121524;SVAC;9.8
1885;193;123940;SVAC;9.8
1886;194;123318;SVAC;9.8
1887;193;125355;SVAC;9.8
1888;194;125395;SVAC;9.8
1889;194;128448;SVAC;9.8
1890;194;128809;SVAC;9.8
1891;194;130720;SVAC;9.8
1892;193;129849;SVAC;9.8
1893;193;131361;SVAC;9.8
1894;194;132114;SVAC;9.8
1895;193;133182;SVAC;9.8
1896;194;133571;SVAC;9.8
1897;193;134785;SVAC;9.8
1898;194;135048;SVAC;9.8
1899;193;136545;SVAC;9.8
1900;194;135867;SVAC;9.8
1901;194;136844;SVAC;9.8
1902;193;138264;SVAC;9.8
1903;194;138264;SVAC;9.8
1904;193;139864;SVAC;9.8
1905;194;139862;SVAC;9.8
1906;193;144593;SVAC;9.8
1907;193;146205;SVAC;9.8
1908;194;144593;SVAC;9.8
1909;193;151080;SVAC;9.8
1910;193;153043;SVAC;9.8
1911;194;149084;SVAC;9.8
1912;194;150784;SVAC;9.8
1913;193;154649;SVAC;9.8
1914;193;156130;SVAC;9.8
1915;193;157594;SVAC;9.8
1916;193;159451;SVAC;9.8
1917;194;155228;SVAC;9.8
1918;194;157066;SVAC;9.8
1919;194;158646;SVAC;9.8
1920;194;159924;SVAC;9.8
1921;197;950;SVAC;9.8
1922;197;2870;SVAC;9.8
1923;198;962;SVAC;9.8
1924;198;2631;SVAC;9.8
1925;197;4393;SVAC;9.8
1926;198;3271;SVAC;9.8
1927;197;6017;SVAC;9.8
1928;198;5153;SVAC;9.8
1929;198;6858;SVAC;9.8
1930;199;665;SVAC;9.8
1931;193;164576;SVAC;9.8
1932;194;163179;SVAC;9.8
1933;193;169526;SVAC;9.8
1934;193;171036;SVAC;9.8
1935;194;169769;SVAC;9.8
1936;194;171420;SVAC;9.8
1937;193;172652;SVAC;9.8
1938;194;173062;SVAC;9.8
1939;193;174357;SVAC;9.8
1940;194;174577;SVAC;9.8
1941;193;176082;SVAC;9.8
1942;194;176144;SVAC;9.8
1943;193;177761;SVAC;9.8
1944;194;177724;SVAC;9.8
1945;193;179467;SVAC;9.8
1946;194;179222;SVAC;9.8
1947;193;184377;SVAC;9.8
1948;193;186018;SVAC;9.8
1949;194;184230;SVAC;9.8
1950;194;185804;SVAC;9.8
1951;193;187664;SVAC;9.8
1952;194;187367;SVAC;9.8
1953;193;189286;SVAC;9.8
1954;194;188869;SVAC;9.8
1955;194;190424;SVAC;9.8
1956;194;192077;SVAC;9.8
1957;194;194349;SVAC;9.8
1958;194;195104;SVAC;9.8
1959;193;195826;SVAC;9.8
1960;193;199246;SVAC;9.8
1961;193;202508;SVAC;9.8
1962;193;204123;SVAC;9.8
1963;194;203018;SVAC;9.8
1964;194;204984;SVAC;9.8
1965;193;205666;SVAC;9.8
1966;1309;5744;SVAC;9.8
1967;1308;2689;SVAC;10
1968;1309;45871;SVAC;9.8
1969;1309;47083;SVAC;9.8
1970;1308;43370;SVAC;9.8
1971;1308;43620;SVAC;9.8
1972;1308;41517;SVAC;9.8
1973;1309;41517;SVAC;9.8
1974;1309;43370;SVAC;9.8
1975;1308;39906;SVAC;9.8
1976;1309;39929;SVAC;9.8
1977;1308;38366;SVAC;9.8
1978;1309;38373;SVAC;9.8
1979;1308;36812;SVAC;9.8
1980;1309;36806;SVAC;9.8
1981;1308;35296;SVAC;9.8
1982;1309;35154;SVAC;9.8
1983;1308;27102;SVAC;9.8
1984;1308;29201;SVAC;9.8
1985;1309;25025;SVAC;9.8
1986;1308;22235;SVAC;9.8
1987;1308;17642;SVAC;9.8
1988;1308;18728;CC;16
1989;1309;17737;SVAC;9.8
1990;1309;18731;CC;15
1991;1308;16173;SVAC;9.8
1992;1309;16091;SVAC;9.8
1993;1308;14688;SVAC;9.8
1994;1309;14462;SVAC;9.8
1995;1309;12783;SVAC;9.8
1996;1309;11020;SVAC;9.8
1997;1308;10336;SVAC;9.8
1998;1308;11730;SVAC;9.8
1999;1308;5744;SVAC;9.8
2000;1308;6213;SVAC;98
2001;864;423441;SVAC;9.8
2002;864;424683;SVAC;9.8
2003;863;425147;SVAC;9.8
2004;864;426763;SVAC;9.8
2005;863;429217;SVAC;9.8
2006;863;430923;SVAC;9.8
2007;863;432706;SVAC;9.8
2008;864;429997;SVAC;9.8
2009;864;431370;SVAC;9.8
2010;863;434488;SVAC;9.8
2011;864;432785;SVAC;9.8
2012;864;434186;SVAC;9.8
2013;863;436134;SVAC;9.8
2014;864;435649;SVAC;9.8
2015;863;437519;SVAC;9.8
2016;864;437385;SVAC;9.8
2017;863;439113;SVAC;9.8
2018;863;440418;SVAC;9.8
2019;863;441856;SVAC;9.8
2020;863;443225;SVAC;9.8
2021;864;441021;SVAC;9.8
2022;864;442808;SVAC;9.8
2023;863;444421;SVAC;9.8
2024;863;445639;SVAC;9.8
2025;864;444421;SVAC;9.8
2026;864;445544;SVAC;9.8
2027;863;447942;SVAC;9.8
2028;864;446944;SVAC;9.8
2029;863;449313;SVAC;9.8
2030;863;450887;SVAC;9.8
2031;864;448123;SVAC;9.8
2032;864;449313;SVAC;9.8
2033;864;450504;SVAC;9.8
2034;863;452746;SVAC;9.8
2035;864;451907;SVAC;9.8
2036;864;455654;SVAC;9.8
2037;864;456397;SVAC;9.8
2038;863;456397;SVAC;9.8
2039;863;458049;SVAC;9.8
2040;864;457908;SVAC;9.8
2041;863;459732;SVAC;9.8
2042;864;459395;SVAC;9.8
2043;863;461114;SVAC;9.8
2044;863;462307;SVAC;9.8
2045;864;461369;SVAC;9.8
2046;863;463550;SVAC;9.8
2047;863;465377;SVAC;9.8
2048;864;462307;SVAC;9.8
2049;864;463926;SVAC;9.8
2050;863;466853;SVAC;9.8
2051;864;465344;SVAC;9.8
2052;863;468645;SVAC;9.8
2053;864;466998;SVAC;9.8
2054;864;468455;SVAC;9.8
2055;863;469684;SVAC;9.8
2056;863;471347;SVAC;9.8
2057;864;469684;SVAC;9.8
2058;864;470947;SVAC;9.8
2059;863;472802;SVAC;9.8
2060;864;472603;SVAC;9.8
2061;864;474322;SVAC;9.8
2062;864;477142;SVAC;9.8
2063;864;477917;SVAC;9.8
2064;863;477917;SVAC;9.8
2065;863;479620;SVAC;9.8
2066;864;479485;SVAC;9.8
2067;863;481591;SVAC;9.8
2068;864;480908;SVAC;9.8
2069;863;483719;SVAC;9.8
2070;864;482365;SVAC;9.8
2071;863;485439;SVAC;9.8
2072;864;483733;SVAC;9.8
2073;864;485199;SVAC;9.8
2074;863;487189;SVAC;9.8
2075;864;486623;SVAC;9.8
2076;863;489014;SVAC;9.8
2077;864;488058;SVAC;9.8
2078;863;490555;SVAC;9.8
2079;864;489633;SVAC;9.8
2080;863;492015;SVAC;9.8
2081;864;491396;SVAC;9.8
2082;864;493170;SVAC;9.8
2083;194;209267;CC;16
2084;2380;209381;JI;0
2085;194;209564;CC;16
2086;180;2856;JI;0
2087;194;201955;CC;16
2088;193;201884;CC;16
2089;178;340;JI;0
2090;178;1156;CC;16
2091;181;185;JI;0
2092;181;370;CC;16
2093;179;11167;JI;0
2094;2320;11225;JI;0
2095;2309;11360;JI;0
2096;179;11403;CC;16
2097;2308;11487;JI;0
2098;2308;11710;CC;16
2099;2310;11487;JI;0
2100;2310;11710;CC;16
2101;2309;11487;JI;0
2102;2309;11710;CC;16
2103;2311;11487;JI;0
2104;2311;11710;CC;16
2105;2305;55871;JI;0
2106;2327;55943;JI;0
2107;2305;56126;CC;16
2108;2306;112286;JI;0
2109;2306;112408;JI;0
2110;2307;112287;JI;0
2111;2307;112425;JI;0
2112;179;111288;JI;0
2113;179;112074;CC;16
2114;346;285503;JI;0
2115;346;285682;CC;16
2116;179;113009;JI;0
2117;2307;113005;JI;0
2118;179;113217;CC;16
2119;178;114115;JI;0
2120;9370;114182;JI;0
2121;178;114503;CC;16
2122;3412;287254;CC;16
2123;3412;287616;CC;16
2124;3410;287687;JI;0
2125;3410;288117;CC;16
2126;193;2972;JI;0
2127;193;3631;CC;16
2128;194;3529;JI;0
2129;194;4188;CC;16
2130;2341;38775;JI;0
2131;37;38703;JI;0
2132;2341;38958;CC;16
2133;8777;110346;JI;0
2134;35;110393;JI;0
2135;8777;110534;CC;16
2136;2347;142474;JI;0
2137;2365;142546;JI;0
2138;2342;142729;CC;16
2139;198;340;JI;0
2140;198;594;CC;16
2141;2348;182070;JI;0
2142;2372;182142;JI;0
2143;2343;182325;CC;16
2144;1306;105;JI;0
2145;1306;473;CC;16
2146;1306;1968;CC;16
2147;1306;2203;JI;0
2148;1307;714;CC;16
2149;1307;993;JI;0
2150;1308;47283;CC;16
2151;2382;32220;CC;16
2152;2383;32583;JI;0
2153;2382;32490;JI;0
2154;2388;31915;CC;16
2155;2388;32063;JI;0
2156;2389;32220;JI;0
2157;2385;31963;CC;16
2158;2386;32583;JI;0
2159;2385;32490;JI;0
2160;2385;31320;CC;16
2161;2385;31599;JI;0
2162;2388;30716;CC;16
2163;5944;677;JI;0
2164;2397;30820;JI;0
2165;2388;30926;JI;0
2166;2381;7487;CC;16
2167;2381;7743;JI;0
2168;2387;7487;CC;16
2169;2387;7744;JI;0
2170;2384;7487;CC;16
2171;2384;7743;JI;0
2172;2390;7487;CC;16
2173;2390;7743;JI;0
2174;863;423442;JI;0
2175;863;424280;CC;16
2176;1474;475833;JI;0
2177;15;475766;JI;0
2178;1474;475945;CC;16
2179;193;14101;CC;16
2180;1308;340;JI;0
2181;193;14488;CC;16
2182;1308;2874;CC;16
2183;2391;3115;JI;0
2184;1308;3205;CC;16
2185;193;167208;CC;16
2186;2369;167322;JI;0
2187;2370;167709;JI;0
2188;193;167856;CC;16
2189;2371;181844;JI;0
2190;193;182184;CC;16
2191;179;56966;CC;16
2192;2329;57080;JI;0
2193;179;57293;CC;16
2194;2317;8178;JI;0
2195;2318;8423;JI;0
2196;179;8562;CC;16
2197;1308;6560;CC;16
2198;2393;6740;JI;0
2199;2381;7034;JI;0
2200;1308;7081;CC;16
2201;178;10382;CC;16
2202;2895;249661;JI;0
2203;178;10536;CC;16
2204;1308;47083;CC;16
2205;33;47179;JI;0
2206;2364;142248;JI;0
2207;193;142588;CC;16
2208;1308;30507;CC;16
2209;2382;30688;JI;0
2210;1308;30819;CC;16
2211;178;11098;CC;16
2212;2308;11360;JI;0
2213;178;11403;CC;16
2214;194;143569;CC;16
2215;2367;143683;JI;0
2216;194;143857;SVAC;10
2217;193;127773;CC;16
2218;2363;128274;JI;0
2219;193;128389;CC;16
2220;178;8327;CC;16
2221;178;8562;CC;16
2222;2346;74950;JI;0
2223;2357;75407;JI;0
2224;193;75522;CC;16
2225;863;427554;CC;16
2226;6614;428114;JI;0
2227;863;428288;CC;16
2228;2368;162164;JI;0
2229;194;162473;CC;16
2230;193;109610;CC;16
2231;193;110425;CC;16
2232;178;99830;CC;16
2233;2333;99944;JI;0
2234;2334;100331;JI;0
2235;178;100453;CC;16
2236;194;183165;CC;16
2237;2374;183280;JI;0
2238;194;183453;SVAC;10
2239;2387;7124;JI;0
2240;2387;7230;JI;0
2241;2384;7034;JI;0
2242;2390;7124;JI;0
2243;2384;7126;JI;0
2244;16;454929;JI;0
2245;16;455010;JI;0
2246;179;10972;CC;16
2247;2319;11035;JI;0
2248;1348;250337;JI;0
2249;2385;30529;JI;0
2250;2388;30619;JI;0
2251;2385;30716;CC;15
2252;2398;31722;JI;0
2253;179;340;JI;0
2254;182;346;JI;0
2255;179;114177;JI;0
2256;197;332;JI;0
2257;199;515;JI;0
2258;178;12080;CC;16
2259;2308;12123;JI;0
2260;2321;12258;JI;0
2261;178;12311;CC;16
2262;193;38817;CC;16
2263;1309;3024;CC;16
2264;2392;3300;JI;0
2265;193;182940;CC;16
2266;2373;182982;JI;0
2267;193;183394;CC;16
2268;178;80863;CC;16
2269;2330;80977;JI;0
2270;2331;81364;JI;0
2271;2332;81442;JI;0
2272;178;81495;CC;16
2273;1308;7893;CC;16
2274;2381;7940;JI;0
2275;2394;8131;JI;0
2276;9239;18165;JI;0
2277;194;18365;CC;16
2278;193;59136;CC;16
2279;2355;59637;JI;0
2280;193;59752;CC;16
2281;178;56741;CC;16
2282;2328;56783;JI;0
2283;178;57206;CC;16
2284;194;167516;CC;16
2285;194;167883;SVAC;10
2286;193;7040;CC;16
2287;9243;7542;JI;0
2288;193;7656;CC;16
2289;178;31233;CC;16
2290;8621;31284;JI;0
2291;2324;31363;JI;0
2292;2325;31750;JI;0
2293;178;31865;CC;16
2294;2382;31599;CC;16
2295;2399;31723;JI;0
2296;2382;31787;CC;16
2297;193;111219;CC;16
2298;8777;111282;JI;0
2299;2361;111960;JI;0
2300;193;112081;CC;16
2301;1309;25730;CC;16
2302;2395;25867;JI;0
2303;34;26360;JI;0
2304;1309;26608;CC;16
2305;179;100138;CC;16
2306;179;100539;CC;16
2307;179;31557;CC;16
2308;179;31924;SVAC;10
2309;2326;55645;JI;0
2310;178;55985;CC;16
2311;2359;87989;JI;0
2312;193;88104;CC;16
2313;193;193675;CC;16
2314;2376;194175;JI;0
2315;193;194290;CC;16
2316;179;3622;CC;16
2317;1309;346;JI;0
2318;194;13833;CC;16
2319;1308;25667;CC;16
2320;179;12080;CC;16
2321;2309;12123;JI;0
2322;179;12461;CC;16
2323;193;39573;CC;16
2324;2341;39615;JI;0
2325;9236;39912;JI;0
2326;193;40027;CC;16
2327;193;143344;CC;16
2328;2366;143386;JI;0
2329;193;143806;CC;16
2330;1309;30352;CC;16
2331;1309;30716;CC;16
2332;6616;455481;JI;0
2333;863;455654;CC;16
2334;194;88220;CC;16
2335;179;81171;CC;16
2336;179;81537;SVAC;9.8
2337;863;476629;CC;16
2338;1474;476669;JI;0
2339;6618;476968;JI;0
2340;863;477142;CC;16
2341;863;475872;CC;16
2342;2322;14648;JI;0
2343;178;14788;CC;16
2344;2323;16864;JI;0
2345;179;17003;CC;16
2346;193;18279;CC;16
2347;193;162279;CC;16
2348;178;16623;CC;16
2349;3209;10027;JI;0
2350;178;16941;CC;16
2351;194;51571;CC;16
2352;195;3;JI;0
2353;194;51835;CC;16
2354;345;287824;JI;0
2355;345;287960;CC;16
2356;864;422531;JI;0
2357;1308;43966;CC;16
2358;864;476853;CC;16
2359;8798;165;JI;0
2360;1308;19037;CC;16
2361;194;111499;CC;16
2362;194;39798;CC;16
2363;180;185;JI;0
2364;178;3819;CC;16
2365;194;111215;CC;16
2366;2345;111234;JI;0
2367;9473;248529;JI;0
2368;9473;248629;JI;0
2369;9473;249112;JI;0
2370;9467;249041;JI;0
2371;9467;249129;JI;0
2372;29;249368;JI;0
2373;9467;249561;JI;0
2374;2310;11420;JI;0
2375;2308;11420;JI;0
2376;2895;249569;JI;0
2377;2311;11420;JI;0
2378;2309;11420;JI;0
2379;1348;250290;JI;0
2380;1348;249881;JI;0
2381;2309;11996;JI;0
2382;2309;12064;JI;0
2383;2311;11996;JI;0
2384;2311;12063;JI;0
2385;2308;11996;JI;0
2386;2308;12064;JI;0
2387;2310;12063;JI;0
2388;2310;11996;JI;0
2389;3206;8734;JI;0
2390;3206;8829;JI;0
2391;3209;9964;JI;0
2392;2312;31197;JI;0
2393;61;31300;JI;0
2394;182;230;JI;0
2395;2332;81531;JI;0
2396;345;288074;JI;0
2397;345;288182;JI;0
2398;195;147;JI;0
2399;195;391;JI;0
2400;2346;74854;JI;0
2401;196;67;JI;0
2402;196;140;JI;0
2403;196;601;JI;0
2404;2345;110410;JI;0
2405;2345;110549;JI;0
2406;2345;111064;JI;0
2407;2392;3388;JI;0
2408;33;47298;JI;0
2409;2399;31830;JI;0
2410;2382;30834;JI;0
2411;34;26483;JI;0
2412;2381;7848;JI;0
2413;2387;7850;JI;0
2414;2390;7850;JI;0
2415;2384;7848;JI;0
2416;2384;7940;JI;0
2417;2384;7230;JI;0
2418;2390;7230;JI;0
2419;2381;7126;JI;0
2420;2381;7231;JI;0
2421;864;293532;SVAC;10
2422;909;4338;CC;15
2423;508;180887;JI;0
2424;516;65912;SVAC;10
2425;518;177927;SVAC;10
2426;518;178237;JI;0
2427;519;216902;JI;0
2428;1477;3096;JI;0
2429;1478;3614;JI;0
2430;521;217513;JI;0
2431;1308;54180;SVAC;10
2432;1308;52516;SVAC;10
2433;1309;54180;SVAC;10
2434;1309;50129;SVAC;10
2435;506;133524;SVAC;10
2436;505;138025;SVAC;10
2437;506;138025;SVAC;10
2438;505;140254;SVAC;10
2439;506;140254;SVAC;10
2440;505;142586;SVAC;10
2441;505;147264;SVAC;10
2442;506;147264;SVAC;10
2443;505;171554;SVAC;10
2444;506;171554;SVAC;10
2445;506;142586;SVAC;10
2446;505;144916;SVAC;10
2447;506;144916;SVAC;10
2448;505;153967;SVAC;10
2449;506;153967;SVAC;10
2450;505;156344;SVAC;10
2451;506;156344;SVAC;10
2452;505;158579;SVAC;10
2453;506;158590;SVAC;10
2454;505;160405;SVAC;10
2455;505;162252;SVAC;10
2456;506;161004;SVAC;10
2457;505;164142;SVAC;10
2458;506;163431;SVAC;10
2459;505;165441;SVAC;10
2460;505;166999;SVAC;10
2461;506;165441;SVAC;10
2462;506;166999;SVAC;10
2463;505;169469;SVAC;10
2464;506;169469;SVAC;10
2465;505;175891;SVAC;10
2466;506;175695;SVAC;10
2467;505;178172;SVAC;10
2468;506;178172;SVAC;10
2469;511;16392;SVAC;10
2470;511;16640;SVAC;10
2471;511;17896;SVAC;10
2472;512;16392;SVAC;10
2473;512;16640;SVAC;10
2474;512;18293;SVAC;10
2475;511;21414;SVAC;10
2476;512;18770;SVAC;10
2477;512;20871;SVAC;10
2478;511;23560;SVAC;10
2479;512;22910;SVAC;10
2480;511;25292;SVAC;10
2481;512;25292;SVAC;10
2482;511;29737;SVAC;10
2483;511;30434;SVAC;10
2484;512;29737;SVAC;10
2485;511;32581;SVAC;10
2486;512;31773;SVAC;10
2487;511;34781;SVAC;10
2488;512;34175;SVAC;10
2489;511;36966;SVAC;10
2490;512;36348;SVAC;10
2491;511;38184;SVAC;10
2492;181;1393;CC;16
2493;178;8887;CC;16
2494;179;8887;CC;16
2495;178;9181;CC;16
2496;178;9335;CC;16
2497;178;9700;CC;16
2498;178;10211;CC;16
2499;179;9876;CC;16
2500;179;10222;CC;16
2501;179;9722;CC;16
2502;178;10927;CC;16
2503;178;11555;CC;16
2504;178;11741;CC;16
2505;178;11927;CC;16
2506;179;10802;CC;16
2507;179;11741;CC;16
2508;179;11927;CC;16
2509;179;11555;CC;16
2510;178;15245;CC;16
2511;178;15415;CC;16
2512;178;15860;CC;16
2513;179;31190;SVAC;10
2514;178;56225;CC;16
2515;178;56501;CC;16
2516;2305;56670;CC;16
2517;179;55760;CC;15
2518;179;56225;CC;16
2519;179;57788;CC;16
2520;179;56501;CC;16
2521;179;58205;CC;16
2522;179;58482;CC;16
2523;178;80475;CC;16
2524;178;100991;CC;16
2525;178;101304;CC;16
2526;178;110685;SVAC;10
2527;9371;110852;JI;0
2528;178;111217;CC;16
2529;178;112074;CC;16
2530;178;112303;CC;16
2531;178;112473;CC;16
2532;178;112807;CC;16
2533;2306;112882;JI;0
2534;179;112303;CC;16
2535;179;110731;CC;16
2536;179;111019;SVAC;10
2537;178;112988;CC;16
2538;2306;113005;JI;0
2539;178;113217;CC;16
2540;178;113500;CC;16
2541;178;113976;CC;16
2542;179;113721;CC;16
2543;179;112473;CC;16
2544;179;112865;CC;16
2545;2307;112882;JI;0
2546;178;114676;CC;16
2547;3412;288157;CC;16
2548;178;114853;CC;16
2549;178;115177;CC;16
2550;193;8403;CC;16
2551;193;9297;CC;16
2552;193;10163;CC;16
2553;193;10568;CC;16
2554;193;10824;CC;16
2555;1307;120;JI;0
2556;194;11402;CC;16
2557;193;15348;SVAC;9.8
2558;194;14118;CC;16
2559;194;15640;SVAC;9.8
2560;194;16937;CC;16
2561;194;17273;CC;16
2562;193;18552;CC;16
2563;193;18821;CC;16
2564;193;39059;CC;16
2565;193;39334;CC;16
2566;2341;39502;CC;16
2567;194;39059;CC;16
2568;194;39334;CC;16
2569;194;56810;CC;16
2570;193;75791;CC;16
2571;193;76126;CC;16
2572;193;88344;CC;16
2573;193;88719;CC;16
2574;194;88686;CC;16
2575;193;98030;CC;16
2576;193;110665;CC;16
2577;193;110979;CC;16
2578;8777;111079;CC;16
2579;194;110429;CC;16
2580;194;110668;CC;16
2581;194;110976;CC;16
2582;193;128809;CC;16
2583;193;142828;CC;16
2584;193;143104;CC;16
2585;2342;143273;CC;16
2586;194;142363;CC;16
2587;194;142828;CC;16
2588;194;143104;CC;16
2589;194;147495;CC;16
2590;193;149178;CC;16
2591;193;149544;CC;16
2592;194;148026;CC;16
2593;194;148451;CC;16
2594;194;166611;CC;16
2595;3412;288256;JI;0
2596;179;113873;CC;16
2597;184;113900;JI;0
2598;3410;288256;JI;0
2599;36;39650;JI;0
2600;38;111250;JI;0
2601;2350;143458;JI;0
2602;2343;182869;CC;16
2603;2351;183054;JI;0
2604;1307;373;CC;16
2605;5944;883;JI;0
2606;2388;31039;SVAC;10
2607;194;168183;CC;16
2608;194;167149;SVAC;10
2609;193;168123;CC;16
2610;194;181959;CC;16
2611;194;182424;CC;16
2612;194;182700;CC;16
2613;193;193435;CC;16
2614;193;195179;CC;16
2615;193;198298;CC;16
2616;194;198188;CC;16
2617;194;198510;CC;16
2618;1306;950;CC;16
2619;1306;1544;CC;16
2620;1306;1127;CC;16
2621;1308;32375;CC;16
2622;1308;31955;CC;16
2623;1308;31722;CC;16
2624;1308;31039;CC;16
2625;2382;31973;CC;16
2626;9244;32132;JI;0
2627;1309;32204;CC;16
2628;1309;32427;CC;16
2629;1309;31039;CC;16
2630;1309;31722;CC;16
2631;2388;31705;CC;16
2632;2388;31320;CC;16
2633;2388;31599;CC;16
2634;960;15853;JI;0
2635;2385;31039;CC;16
2636;2382;31320;CC;16
2637;2382;31039;CC;16
2638;1309;29345;CC;16
2639;1309;27987;CC;16
2640;1309;28977;CC;16
2641;1309;27102;CC;16
2642;961;15875;JI;0
2643;1474;476556;CC;16
2644;14;476735;JI;0
2645;346;285840;CC;16
2646;346;286068;JI;0
2647;2405;6380;JI;0
2648;178;1378;CC;16
2649;1308;25343;CC;16
2650;1308;25025;CC;16
2651;1308;23775;CC;16
2652;1308;23438;CC;16
2653;1308;23064;CC;16
2654;8800;327;JI;0
2655;1309;22274;CC;16
2656;8801;327;JI;0
2657;1309;19222;CC;16
2658;1308;7487;CC;16
2659;1308;7722;CC;16
2660;1308;7253;CC;16
2661;1309;7893;CC;16
2662;178;12461;CC;16
2663;178;17319;CC;16
2664;179;17376;CC;16
2665;178;32093;CC;16
2666;1309;6243;CC;16
2667;1309;6877;CC;16
2668;863;476113;CC;16
2669;863;476386;CC;16
2670;864;476113;CC;16
2671;864;476386;CC;16
2672;1309;6076;CC;16
2673;178;99590;CC;16
2674;179;110546;CC;16
2675;1309;19037;CC;16
2676;178;81735;CC;16
2677;1309;7253;CC;16
2678;1309;7487;CC;16
2679;193;182700;CC;16
2680;1309;7722;CC;16
2681;193;182424;CC;16
2682;1309;2859;CC;16
2683;193;59992;CC;16
2684;1309;7081;CC;16
2685;194;153732;CC;16
2686;193;98270;CC;16
2687;863;455897;CC;16
2688;863;428533;CC;16
2689;1309;25530;CC;16
2690;194;18623;CC;16
2691;2305;56855;JI;0
2692;960;15362;JI;0
2693;8458;6454;SVAC;9.8
2694;8458;7954;SVAC;9.8
2695;8459;6572;SVAC;9.8
2696;8459;7945;SVAC;9.8
2697;863;641643;SVAC;9.8
2698;863;643258;CC;16
2699;864;641575;SVAC;9.8
2700;864;643195;CC;16
2701;863;651444;SVAC;9.8
2702;863;652150;CC;16
2703;863;654664;SVAC;9.8
2704;863;655316;CC;16
2705;864;655918;SVAC;9.8
2706;864;656660;CC;16
2707;8799;165;JI;0
2708;863;493345;CC;16
2709;864;493832;SVAC;9.8
2710;864;494147;CC;16
2711;864;493398;CC;16
2712;863;501877;SVAC;9.8
2713;863;502578;CC;16
2714;864;505710;SVAC;9.8
2715;864;506488;CC;16
2716;863;512447;SVAC;9.8
2717;863;513333;CC;16
2718;863;515815;SVAC;9.8
2719;863;516135;CC;16
2720;864;515769;SVAC;9.8
2721;864;516281;CC;16
2722;864;520954;SVAC;9.8
2723;864;521728;CC;16
2724;864;522553;SVAC;9.8
2725;864;524133;CC;16
2726;863;525048;SVAC;9.8
2727;863;525702;CC;16
2728;863;529409;SVAC;9.8
2729;863;529998;CC;16
2730;863;530845;SVAC;9.8
2731;863;532288;CC;16
2732;864;531552;SVAC;9.8
2733;864;531879;CC;16
2734;864;539219;SVAC;9.8
2735;864;539962;CC;16
2736;863;540550;SVAC;9.8
2737;863;540870;CC;16
2738;864;543697;SVAC;9.8
2739;864;544498;CC;16
2740;864;551598;SVAC;9.8
2741;864;551925;CC;16
2742;863;551921;SVAC;9.8
2743;863;552852;CC;16
2744;863;555150;SVAC;9.8
2745;863;555751;CC;16
2746;8451;556438;JI;0
2747;9;556378;SVAC;9.8
2748;8451;556615;CC;16
2749;864;555116;SVAC;9.8
2750;864;555873;CC;16
2751;864;563008;SVAC;9.8
2752;864;563735;CC;16
2753;864;567358;SVAC;9.8
2754;864;568115;CC;16
2755;864;570032;SVAC;9.8
2756;864;570427;CC;16
2757;864;573394;SVAC;9.8
2758;864;574304;CC;16
2759;863;574930;SVAC;9.8
2760;863;576467;CC;16
2761;864;574886;SVAC;9.8
2762;864;576385;CC;16
2763;864;580355;SVAC;9.8
2764;864;580670;CC;16
2765;863;580481;SVAC;9.8
2766;863;581040;CC;16
2767;863;586670;SVAC;9.8
2768;863;588178;CC;16
2769;863;594402;SVAC;9.8
2770;863;594965;CC;16
2771;864;594256;SVAC;9.8
2772;864;595087;CC;16
2773;863;606044;SVAC;9.8
2774;863;606863;CC;16
2775;864;608927;SVAC;9.8
2776;864;609253;CC;16
2777;863;609320;SVAC;9.8
2778;863;610820;CC;16
2779;863;611121;SVAC;9.8
2780;863;612640;CC;16
2781;864;612607;SVAC;9.8
2782;864;612927;CC;16
2783;863;615891;SVAC;9.8
2784;863;616702;CC;16
2785;864;615763;SVAC;9.8
2786;864;616632;CC;16
2787;863;623103;SVAC;9.8
2788;863;623567;CC;16
2789;864;623138;SVAC;9.8
2790;864;623425;CC;16
2791;864;629858;SVAC;9.8
2792;864;631102;CC;16
2793;863;633482;SVAC;9.8
2794;863;634313;CC;16
2795;864;702674;SVAC;9.8
2796;864;703674;SVAC;9.8
2797;864;704844;SVAC;9.8
2798;864;705584;SVAC;9.8
2799;864;704129;SVAC;9.8
2800;863;704900;SVAC;9.8
2801;863;705750;SVAC;9.8
2802;863;706700;SVAC;9.8
2803;863;707676;SVAC;9.8
2804;864;706287;SVAC;9.8
2805;864;707039;SVAC;9.8
2806;863;708507;SVAC;9.8
2807;863;709227;SVAC;9.8
2808;864;707612;SVAC;9.8
2809;864;708494;SVAC;9.8
2810;864;709227;SVAC;9.8
2811;8461;2690;SVAC;9.8
2812;8461;4381;SVAC;9.8
2813;8460;2703;SVAC;9.8
2814;8460;4441;SVAC;9.8
2815;864;666171;SVAC;9.8
2816;864;667430;CC;16
2817;864;668743;SVAC;9.8
2818;864;670121;CC;16
2819;863;673469;SVAC;9.8
2820;863;674464;CC;16
2821;864;673469;SVAC;9.8
2822;864;674585;CC;16
2823;863;681838;SVAC;9.8
2824;863;683117;CC;16
2825;864;684960;SVAC;9.8
2826;864;685513;CC;16
2827;864;687531;SVAC;9.8
2828;864;688327;CC;16
2829;863;696205;SVAC;9.8
2830;863;696813;CC;16
2831;864;697209;SVAC;9.8
2832;864;698000;CC;16
2833;864;700934;CC;16
2834;864;702268;SVAC;9.8
2835;8459;2402;SVAC;9.8
2836;8459;3876;CC;16
2837;8459;11117;SVAC;9.8
2838;8459;12252;CC;16
2839;8458;15569;SVAC;9.8
2840;8458;17077;CC;16
2841;8459;20553;SVAC;9.8
2842;8459;21256;CC;16
2843;8459;22889;SVAC;9.8
2844;8459;24015;CC;16
2845;8458;24267;SVAC;9.8
2846;8458;24980;CC;16
2847;863;709951;JI;0
2848;864;709951;JI;0
2849;8460;5090;JI;0
2850;8461;4901;JI;0
2851;863;498878;SVAC;9.8
2852;863;500379;SVAC;9.8
2853;864;499056;SVAC;9.8
2854;864;500636;SVAC;9.8
2855;864;502430;SVAC;9.8
2856;864;504137;SVAC;9.8
2857;863;503287;SVAC;9.8
2858;863;504758;SVAC;9.8
2859;863;506394;SVAC;9.8
2860;863;508043;SVAC;9.8
2861;864;507282;SVAC;9.8
2862;864;508847;SVAC;9.8
2863;863;509541;SVAC;9.8
2864;863;511003;SVAC;9.8
2865;864;510505;SVAC;9.8
2866;864;512237;SVAC;9.8
2867;864;513939;SVAC;9.8
2868;863;514134;SVAC;9.8
2869;864;517452;SVAC;9.8
2870;864;519355;SVAC;9.8
2871;863;519111;SVAC;9.8
2872;863;521077;SVAC;9.8
2873;863;523427;SVAC;9.8
2874;863;526484;SVAC;9.8
2875;863;527977;SVAC;9.8
2876;864;525713;SVAC;9.8
2877;864;527800;SVAC;9.8
2878;864;529657;SVAC;9.8
2879;863;532800;SVAC;9.8
2880;863;535090;SVAC;9.8
2881;864;533330;SVAC;9.8
2882;864;534800;SVAC;9.8
2883;863;537096;SVAC;9.8
2884;864;536270;SVAC;9.8
2885;863;538867;SVAC;9.8
2886;864;537748;SVAC;9.8
2887;863;543796;SVAC;9.8
2888;863;545436;SVAC;9.8
2889;863;547032;SVAC;9.8
2890;864;545216;SVAC;9.8
2891;864;546828;SVAC;9.8
2892;863;548830;SVAC;9.8
2893;864;548338;SVAC;9.8
2894;863;550420;SVAC;9.8
2895;864;549858;SVAC;9.8
2896;863;553495;SVAC;9.8
2897;864;553459;SVAC;9.8
2898;863;558719;SVAC;9.8
2899;863;560431;SVAC;9.8
2900;863;562397;SVAC;9.8
2901;864;560112;SVAC;9.8
2902;864;561561;SVAC;9.8
2903;863;564113;SVAC;9.8
2904;863;566241;SVAC;9.8
2905;864;564458;SVAC;9.8
2906;864;565909;SVAC;9.8
2907;863;568110;SVAC;9.8
2908;863;569775;SVAC;9.8
2909;863;571453;SVAC;9.8
2910;863;573118;SVAC;9.8
2911;864;571921;SVAC;9.8
2912;864;578607;SVAC;9.8
2913;864;582733;SVAC;9.8
2914;864;584386;SVAC;9.8
2915;863;583627;SVAC;9.8
2916;863;585148;SVAC;9.8
2917;864;586031;SVAC;9.8
2918;864;587676;SVAC;9.8
2919;864;589317;SVAC;9.8
2920;864;590966;SVAC;9.8
2921;864;592606;SVAC;9.8
2922;863;597839;SVAC;9.8
2923;863;599502;SVAC;9.8
2924;864;597641;SVAC;9.8
2925;864;599265;SVAC;9.8
2926;863;601123;SVAC;9.8
2927;864;600860;SVAC;9.8
2928;863;602768;SVAC;9.8
2929;864;602454;SVAC;9.8
2930;863;604406;SVAC;9.8
2931;864;604039;SVAC;9.8
2932;864;605654;SVAC;9.8
2933;864;607253;SVAC;9.8
2934;863;607682;SVAC;9.8
2935;864;610776;SVAC;9.8
2936;863;619168;SVAC;9.8
2937;863;620938;SVAC;9.8
2938;863;621238;SVAC;9.8
2939;864;621305;SVAC;9.8
2940;863;630219;SVAC;9.8
2941;863;631851;SVAC;9.8
2942;864;631529;SVAC;9.8
2943;864;633195;SVAC;9.8
2944;864;634855;SVAC;9.8
2945;863;635114;SVAC;9.8
2946;863;636734;SVAC;9.8
2947;864;636636;SVAC;9.8
2948;863;638376;SVAC;9.8
2949;864;638283;SVAC;9.8
2950;863;640007;SVAC;9.8
2951;864;639929;SVAC;9.8
2952;864;644841;SVAC;9.8
2953;864;646454;SVAC;9.8
2954;863;646632;SVAC;9.8
2955;863;648168;SVAC;9.8
2956;864;647985;SVAC;9.8
2957;863;649828;SVAC;9.8
2958;864;649595;SVAC;9.8
2959;864;651174;SVAC;9.8
2960;864;652808;SVAC;9.8
2961;863;653117;SVAC;9.8
2962;864;654359;SVAC;9.8
2963;863;659393;SVAC;9.8
2964;863;660966;SVAC;9.8
2965;864;659362;SVAC;9.8
2966;864;660929;SVAC;9.8
2967;863;662488;SVAC;9.8
2968;864;662554;SVAC;9.8
2969;863;664014;SVAC;9.8
2970;864;664290;SVAC;9.8
2971;863;665542;SVAC;9.8
2972;863;667069;SVAC;9.8
2973;863;668584;SVAC;9.8
2974;863;670123;SVAC;9.8
2975;863;671823;SVAC;9.8
2976;864;672096;SVAC;9.8
2977;864;680728;SVAC;9.8
2978;864;683198;SVAC;9.8
2979;863;686900;SVAC;9.8
2980;863;689337;SVAC;9.8
2981;863;690400;SVAC;9.8
2982;863;691562;SVAC;9.8
2983;864;688809;SVAC;9.8
2984;864;690400;SVAC;9.8
2985;864;691685;SVAC;9.8
2986;863;693121;SVAC;9.8
2987;864;693690;SVAC;9.8
2988;863;694663;SVAC;9.8
2989;864;695388;SVAC;9.8
2990;863;701069;SVAC;9.8
2991;863;702268;SVAC;9.8
2992;863;702797;SVAC;9.8
2993;863;703795;SVAC;9.8
2994;863;704118;SVAC;9.8
2995;8458;9552;SVAC;9.8
2996;8459;9526;SVAC;9.8
2997;8458;10817;SVAC;9.8
2998;8458;12276;SVAC;9.8
2999;8458;14022;SVAC;9.8
3000;8459;12708;SVAC;9.8
3001;8459;14288;SVAC;9.8
3002;8459;15897;SVAC;9.8
3003;8459;17505;SVAC;9.8
3004;8458;18574;SVAC;9.8
3005;8458;19917;SVAC;9.8
3006;8459;19179;SVAC;9.8
3007;8458;21264;SVAC;9.8
3008;8458;22717;SVAC;9.8
3009;870;493753;JI;0
3010;870;494630;CC;16
3011;8450;494847;JI;0
3012;8450;495194;CC;16
3013;869;494904;SVAC;10
3014;869;495070;CC;16
3015;8446;494870;JI;0
3016;44;494900;JI;0
3017;8446;495224;CC;16
3018;8455;235;JI;0
3019;8455;407;CC;16
3020;8456;432;JI;0
3021;8456;654;CC;16
3022;8452;595592;JI;0
3023;7;595518;JI;0
3024;8452;595745;CC;16
3025;8458;4045;CC;16
3026;8458;4918;CC;16
3027;8461;241;JI;0
3028;8458;5191;CC;16
3029;8458;5790;CC;16
3030;8459;5191;CC;16
3031;8459;5790;CC;16
3032;8459;4918;CC;16
3033;8460;235;JI;0
3034;8459;4167;CC;16
3035;8460;950;CC;16
3036;8460;1477;CC;16
3037;8458;17532;CC;16
3038;8459;21960;CC;16
3039;8459;24405;CC;16
3040;960;16294;JI;0
3041;8445;327;JI;0
3042;8445;916;CC;16
3043;8459;24681;CC;16
3044;6888;15748;JI;0
3045;9494;1234;JI;0
3046;960;16771;JI;0
3047;6889;16002;JI;0
3048;961;15381;JI;0
3049;863;576735;CC;16
3050;863;577017;CC;16
3051;864;556489;CC;16
3052;864;556739;CC;16
3053;864;581664;CC;16
3054;864;581910;CC;16
3055;8445;1771;CC;16
3056;8445;1892;CC;16
3057;863;517131;CC;16
3058;863;517382;CC;16
3059;864;557025;CC;16
3060;864;557281;CC;16
3061;863;497075;CC;16
3062;863;497360;CC;16
3063;8445;1173;CC;16
3064;961;15645;JI;0
3065;863;556465;CC;16
3066;863;556739;CC;16
3067;863;557025;CC;16
3068;863;557306;CC;16
3069;863;541120;CC;16
3070;870;494992;SVAC;10
3071;870;495136;JI;0
3072;869;495365;JI;0
3073;8446;496118;CC;16
3074;12;496425;JI;0
3075;8446;496430;JI;0
3076;8450;496143;CC;16
3077;13;496272;JI;0
3078;8450;496337;JI;0
3079;8455;1518;CC;16
3080;8455;2518;JI;0
3081;8456;1400;CC;16
3082;8456;1518;JI;0
3083;8452;596335;CC;16
3084;6;596555;JI;0
3085;8452;596487;JI;0
3086;8453;625424;CC;16
3087;49;625600;JI;0
3088;8453;625626;JI;0
3089;8447;625432;CC;16
3090;48;625700;JI;0
3091;8447;625626;JI;0
3092;8448;658019;CC;16
3093;53;658257;JI;0
3094;8448;658183;JI;0
3095;8678;699408;CC;16
3096;54;699570;JI;0
3097;8678;699574;JI;0
3098;8449;699408;CC;16
3099;55;699570;JI;0
3100;8449;699574;JI;0
3101;8445;1480;JI;0
3102;8445;2623;JI;0
3103;961;16294;JI;0
3104;8759;698232;JI;0
3105;864;698392;CC;16
3106;8742;555978;JI;0
3107;864;524452;CC;16
3108;8454;67;JI;0
3109;864;524700;CC;16
3110;864;494534;CC;16
3111;864;494864;CC;16
3112;8744;577244;JI;0
3113;863;577652;CC;16
3114;863;494251;CC;16
3115;8736;494367;JI;0
3116;863;494887;CC;16
3117;864;643515;CC;16
3118;8753;643742;JI;0
3119;864;644017;CC;16
3120;864;577834;CC;16
3121;8745;578061;JI;0
3122;864;578287;CC;16
3123;8749;613154;JI;0
3124;864;613352;CC;16
3125;864;624036;CC;16
3126;8751;624225;JI;0
3127;864;624385;CC;16
3128;864;596435;CC;16
3129;8748;596815;JI;0
3130;864;597042;CC;16
3131;8747;595192;JI;0
3132;864;595644;CC;16
3133;863;578287;CC;16
3134;863;578663;CC;16
3135;8740;541226;JI;0
3136;8741;541622;JI;0
3137;10;541734;JI;0
3138;863;541849;CC;16
3139;863;496351;CC;16
3140;8737;496848;JI;0
3141;869;493641;JI;0
3142;863;493865;CC;16
3143;8755;656887;JI;0
3144;864;656992;CC;16
3145;8453;624699;CC;16
3146;3;624739;JI;0
3147;8453;624892;CC;16
3148;8447;624699;JI;0
3149;5;624649;JI;0
3150;8447;624892;CC;16
3151;8448;657287;JI;0
3152;50;657213;JI;0
3153;8448;657460;CC;16
3154;8449;698706;JI;0
3155;8449;698872;CC;16
3156;8678;698706;JI;0
3157;8678;698872;CC;16
3158;8458;326;JI;0
3159;8458;816;CC;16
3160;8459;1345;JI;0
3161;8459;1800;CC;16
3162;8461;1071;CC;16
3163;863;643578;CC;16
3164;51;643630;JI;0
3165;8754;644224;JI;0
3166;863;644451;CC;16
3167;864;541424;CC;16
3168;864;541849;CC;16
3169;864;577139;CC;16
3170;8456;1030;CC;16
3171;39;1178;JI;0
3172;8456;1179;CC;16
3173;864;496744;CC;16
3174;864;497075;CC;16
3175;863;612990;CC;16
3176;4;613042;JI;0
3177;8750;613550;JI;0
3178;863;613655;CC;16
3179;8451;557333;JI;0
3180;8743;557793;JI;0
3181;864;558020;CC;16
3182;864;644451;CC;16
3183;864;625609;CC;16
3184;864;625939;CC;16
3185;863;558020;CC;16
3186;8457;599;JI;0
3187;863;652401;CC;16
3188;863;698127;CC;16
3189;863;698723;CC;16
3190;864;496320;CC;16
3191;11;516187;JI;0
3192;8738;516508;JI;0
3193;8739;516904;JI;0
3194;863;674925;CC;16
3195;52;675053;JI;0
3196;8757;675165;JI;0
3197;8758;675561;JI;0
3198;863;675666;CC;16
3199;863;699557;CC;16
3200;8760;700047;JI;0
3201;863;700153;CC;16
3202;863;581502;CC;16
3203;8746;581607;JI;0
3204;863;581748;CC;16
3205;864;613777;CC;16
3206;864;581294;CC;16
3207;863;623925;CC;16
3208;863;624716;CC;16
3209;863;658131;CC;16
3210;8756;658511;JI;0
3211;863;658616;CC;16
3212;864;628220;CC;16
3213;8752;628325;JI;0
3214;864;628552;CC;16
3215;864;699929;CC;16
3216;864;700280;CC;16
3217;864;516706;CC;16
3218;864;517131;CC;16
3219;864;699557;CC;16
3220;864;623736;CC;16
3221;864;675363;CC;16
3222;864;675793;CC;16
3223;863;596710;CC;16
3224;863;597042;CC;16
3225;864;658406;CC;16
3226;864;658738;CC;16
3227;869;493777;CC;15
3228;11;516073;JI;0
3229;8454;182;JI;0
3230;8454;542;JI;0
3231;10;541833;JI;0
3232;39;1198;JI;0
3233;4;612893;JI;0
3234;960;16979;JI;0
3235;4;612573;JI;0
3236;51;643531;JI;0
3237;8457;388;JI;0
3238;52;674949;JI;0
3239;961;16821;JI;0
3240;961;18132;JI;0
3241;863;625609;CC;16
3242;863;625939;CC;16
3243;863;495206;CC;16
3244;863;495618;CC;16
3245;864;495206;CC;16
3246;8446;495464;CC;16
3247;8446;495734;CC;16
3248;8450;495464;CC;16
3249;8450;495734;CC;16
3250;863;496000;CC;16
3251;8446;495889;CC;16
3252;864;497467;CC;16
3253;864;495618;CC;16
3254;863;497680;CC;16
3255;863;657881;CC;16
3256;864;657881;CC;16
3257;864;657589;CC;16
3258;864;668117;CC;16
3259;864;670723;CC;16
3260;864;674925;CC;16
3261;863;675882;CC;16
3262;863;676098;CC;16
3263;864;676077;CC;16
3264;864;676979;CC;16
3265;863;517710;CC;16
3266;863;518438;CC;16
3267;864;540678;CC;16
3268;863;542168;CC;16
3269;864;542168;CC;16
3270;864;540998;CC;16
3271;863;676845;CC;16
3272;863;677615;CC;16
3273;863;678353;CC;16
3274;863;678762;CC;16
3275;863;679042;CC;16
3276;864;678762;CC;16
3277;864;679042;CC;16
3278;864;678353;CC;16
3279;864;677613;CC;16
3280;863;680485;CC;16
3281;864;679865;CC;16
3282;863;680900;CC;16
3283;863;683458;CC;16
3284;863;684480;CC;16
3285;863;684753;CC;16
3286;863;685023;CC;16
3287;863;685300;CC;16
3288;864;685782;CC;16
3289;864;686237;CC;16
3290;864;558345;CC;16
3291;8451;557155;CC;16
3292;864;559289;CC;16
3293;864;568858;CC;16
3294;863;578981;CC;16
3295;864;576735;CC;16
3296;8455;1382;CC;16
3297;863;582048;CC;16
3298;864;582160;CC;16
3299;8456;782;CC;16
3300;863;588603;CC;16
3301;863;589749;CC;16
3302;863;590526;CC;16
3303;863;591327;CC;16
3304;863;592469;CC;16
3305;863;592905;CC;16
3306;863;595297;CC;16
3307;863;595913;CC;16
3308;863;596170;CC;16
3309;864;595913;CC;16
3310;864;596170;CC;16
3311;863;613905;CC;16
3312;863;614220;CC;16
3313;864;614212;CC;16
3314;863;617406;CC;16
3315;864;617413;CC;16
3316;863;617721;CC;16
3317;863;618085;CC;16
3318;864;619089;CC;16
3319;864;619498;CC;16
3320;864;618725;CC;16
3321;864;618375;CC;16
3322;864;620744;CC;16
3323;863;624945;CC;16
3324;863;625162;CC;16
3325;863;625379;CC;16
3326;864;624716;CC;16
3327;864;624945;CC;16
3328;8447;625162;CC;16
3329;8453;625162;CC;16
3330;864;626442;CC;16
3331;864;625379;CC;16
3332;864;625162;CC;16
3333;863;627121;CC;16
3334;864;627261;CC;16
3335;863;627450;CC;16
3336;863;628097;CC;16
3337;863;628552;CC;16
3338;864;629017;CC;16
3339;863;629527;CC;16
3340;863;697755;CC;16
3341;863;698930;CC;16
3342;863;699140;CC;16
3343;863;699350;CC;16
3344;8449;699140;CC;16
3345;864;698723;CC;16
3346;864;698930;CC;16
3347;8678;699140;CC;16
3348;863;644697;CC;16
3349;863;645015;CC;16
3350;863;656295;CC;16
3351;863;656782;CC;16
3352;863;657339;CC;16
3353;863;657589;CC;16
3354;864;699350;CC;16
3355;864;699140;CC;16
3356;8458;1117;CC;16
3357;8458;3280;CC;16
3358;8461;1477;CC;16
3359;8;557393;SVAC;9.8
3360;8458;2562;SVAC;9.8
3361;1478;4144;JI;0
3362;960;13380;JI;0
3363;960;13570;JI;0
3364;1305;215;JI;0
3365;1305;1215;JI;0
3366;960;13730;JI;0
3367;960;14041;JI;0
3368;960;82432;JI;0
3369;1478;7255;JI;0
3370;6620;7432;JI;0
3371;1478;7589;JI;0
3372;1478;3890;JI;0
3373;6625;1628;JI;0
3374;1477;3614;JI;0
3375;2353;1488;JI;0
3376;1305;1530;JI;0
3377;1477;3890;JI;0
3378;6626;1630;JI;0
3379;1477;4144;JI;0
3380;193;1650;JI;0
3381;193;2872;JI;0
3382;194;1835;JI;0
3383;194;3429;JI;0
3384;961;82432;JI;0
3385;193;1205;JI;0
3386;960;81994;JI;0
3387;194;1367;JI;0
3388;9898;82697;JI;0
3389;6625;851;JI;0
3390;6625;1356;JI;0
3391;1477;6921;JI;0
3392;1477;7589;JI;0
3393;6619;7078;JI;0
3394;1478;6921;JI;0
3395;6626;870;JI;0
3396;6626;1354;JI;0
3397;961;82825;JI;0
3398;961;83020;JI;0
3399;960;83020;JI;0
3400;9886;100;JI;0
3401;9887;380;JI;0
3402;193;208286;CC;16
3403;193;208526;CC;16
3404;2377;207946;JI;0
3405;2378;208244;JI;0
3406;193;209042;CC;16
3407;2379;209088;JI;0
3408;193;209510;CC;16
3409;2344;208971;CC;16
3410;2352;209156;JI;0
3411;194;208469;CC;16
3412;194;208803;CC;16
3413;194;208061;CC;16
3414;193;210550;SVAC;10
3415;193;208803;CC;16
3416;2344;208421;CC;16
3417;2349;208172;JI;0
3418;194;210550;SVAC;10
3419;180;2671;CC;15
3420;8802;1070;JI;0
3421;8802;1961;CC;16
3422;8802;2601;CC;16
3423;8802;2771;CC;16
3424;8802;3226;CC;16
3425;8802;3967;CC;16
3426;8802;5179;SVAC;9.8
3427;8802;7099;SVAC;9.8
3428;8802;15347;SVAC;9.8
3429;8802;16965;SVAC;9.8
3430;8802;17634;CC;16
3431;9108;17855;JI;0
3432;8802;17971;CC;16
3433;8802;18459;CC;16
3434;8802;18743;SVAC;9.8
3435;8802;19230;SVAC;9.8
3436;9110;19347;JI;0
3437;8802;19568;SVAC;9.8
3438;8802;20500;SVAC;9.8
3439;8802;20770;CC;16
3440;8802;21500;SVAC;9.8
3441;8802;22220;SVAC;9.8
3442;8802;22517;CC;16
3443;8802;24065;SVAC;9.8
3444;8802;25910;SVAC;9.8
3445;8802;27755;SVAC;9.8
3446;8802;29600;SVAC;9.8
3447;8802;31276;SVAC;9.8
3448;8802;31650;CC;16
3449;8802;32665;CC;16
3450;8802;33480;SVAC;9.8
3451;8802;34864;CC;16
3452;8802;35310;SVAC;9.8
3453;8802;36954;SVAC;9.8
3454;8802;37482;CC;16
3455;8802;38698;CC;16
3456;8802;39249;CC;16
3457;8802;40249;CC;16
3458;8802;40982;SVAC;9.8
3459;8802;42347;CC;16
3460;8802;42797;CC;16
3461;8802;43945;CC;16
3462;8802;44575;CC;16
3463;8802;45046;CC;16
3464;8804;45162;JI;0
3465;8805;45549;JI;0
3466;8802;45770;CC;16
3467;8802;46020;CC;16
3468;8802;46447;CC;16
3469;8802;47817;SVAC;9.8
3470;8802;48863;CC;16
3471;8802;49547;SVAC;9.8
3472;8802;50883;CC;16
3473;8802;51247;CC;16
3474;8802;52733;CC;16
3475;8802;53117;CC;15
3476;8802;54617;SVAC;9.8
3477;8802;56717;SVAC;9.8
3478;8802;58458;SVAC;9.8
3479;8802;58742;CC;16
3480;8802;60417;SVAC;9.8
3481;8802;62253;SVAC;9.8
3482;8802;64256;SVAC;9.8
3483;8802;65419;CC;16
3484;8802;66117;CC;16
3485;8802;75281;SVAC;9.8
3486;8802;77107;SVAC;9.8
3487;8802;78687;SVAC;9.8
3488;8802;80078;SVAC;9.8
3489;8802;81615;CC;16
3490;8802;81994;CC;16
3491;8802;83068;SVAC;9.8
3492;8802;84558;SVAC;9.8
3493;8802;85173;SVAC;9.8
3494;8802;86778;SVAC;9.8
3495;8802;87189;CC;16
3496;8802;88587;SVAC;9.8
3497;8802;89190;CC;16
3498;8802;89860;CC;16
3499;8808;89977;JI;0
3500;8802;90170;CC;16
3501;8809;90364;JI;0
3502;8825;90467;JI;0
3503;8802;90716;CC;16
3504;8802;91267;CC;16
3505;8802;91646;CC;16
3506;8802;92790;CC;16
3507;8802;93366;SVAC;9.8
3508;8802;95100;SVAC;9.8
3509;8802;96643;SVAC;9.8
3510;8825;90611;JI;0
3511;8802;97765;SVAC;9.8
3512;8802;99077;SVAC;9.8
3513;8802;100414;SVAC;9.8
3514;8802;101600;SVAC;9.8
3515;8802;102959;SVAC;9.8
3516;8802;104987;SVAC;9.8
3517;8802;107003;SVAC;9.8
3518;8802;107482;CC;16
3519;8802;117027;SVAC;9.8
3520;8802;118577;SVAC;9.8
3521;8802;120327;SVAC;9.8
3522;8802;122097;SVAC;9.8
3523;8802;123747;SVAC;9.8
3524;8802;125397;SVAC;9.8
3525;8802;127047;SVAC;9.8
3526;8802;128697;SVAC;9.8
3527;8802;130347;SVAC;9.8
3528;8802;131810;CC;16
3529;8802;132292;CC;16
3530;8802;133298;SVAC;9.8
3531;8802;134312;CC;16
3532;8802;134698;CC;16
3533;8802;136167;SVAC;9.8
3534;8802;137956;SVAC;9.8
3535;8802;139536;SVAC;9.8
3536;8802;140313;CC;16
3537;8811;140430;JI;0
3538;8812;140816;JI;0
3539;8802;141036;CC;16
3540;8802;141588;CC;16
3541;8802;142510;SVAC;9.8
3542;8802;143599;CC;16
3543;8802;144079;CC;16
3544;8802;144503;CC;16
3545;9115;235;JI;0
3546;8802;144832;CC;16
3547;8802;145601;SVAC;9.8
3548;8802;147371;SVAC;9.8
3549;8802;149141;SVAC;9.8
3550;8802;150911;SVAC;9.8
3551;9115;1082;SVAC;9.8
3552;9115;1206;SVAC;9.8
3553;9115;1388;JI;0
3554;8802;152611;SVAC;9.8
3555;8802;154311;SVAC;9.8
3556;8802;156011;SVAC;9.8
3557;8802;157711;SVAC;9.8
3558;8802;159411;SVAC;9.8
3559;8802;161136;SVAC;9.8
3560;8802;173233;SVAC;9.8
3561;8802;174933;SVAC;9.8
3562;8802;176593;SVAC;9.8
3563;8802;178657;SVAC;9.8
3564;8802;180483;SVAC;9.8
3565;8802;182093;SVAC;9.8
3566;8802;183830;SVAC;9.8
3567;8802;185530;SVAC;9.8
3568;8802;187238;SVAC;9.8
3569;8802;187937;CC;16
3570;8815;188157;JI;0
3571;8802;188351;CC;16
3572;8816;188544;JI;0
3573;8802;188764;CC;16
3574;8802;189065;SVAC;9.8
3575;8802;190800;SVAC;9.8
3576;8802;192650;SVAC;9.8
3577;8802;194560;SVAC;9.8
3578;8802;196435;SVAC;9.8
3579;8802;198200;SVAC;9.8
3580;8802;200050;SVAC;9.8
3581;8802;201890;SVAC;9.8
3582;8802;203259;SVAC;9.8
3583;8802;204729;SVAC;9.8
3584;8802;206265;SVAC;9.8
3585;8802;207765;SVAC;9.8
3586;8802;218807;SVAC;9.8
3587;8802;220507;SVAC;9.8
3588;8802;222239;SVAC;9.8
3589;8802;222900;CC;16
3590;8802;224097;SVAC;9.8
3591;8802;226272;SVAC;9.8
3592;8802;228477;SVAC;9.8
3593;8802;230265;SVAC;9.8
3594;8802;232054;SVAC;9.8
3595;8802;233930;SVAC;9.8
3596;8802;234283;CC;16
3597;8802;234642;CC;16
3598;8838;234862;JI;0
3599;8802;235056;CC;16
3600;8819;235249;JI;0
3601;8802;235470;CC;16
3602;8802;235872;SVAC;9.8
3603;8802;237832;SVAC;9.8
3604;8802;239772;SVAC;9.8
3605;8802;240283;SVAC;9.8
3606;8802;241831;SVAC;9.8
3607;8802;243724;SVAC;9.8
3608;8802;245887;SVAC;9.8
3609;8802;247787;SVAC;9.8
3610;8802;249687;SVAC;9.8
3611;8802;251592;SVAC;9.8
3612;8802;253478;SVAC;9.8
3613;8802;255289;SVAC;9.8
3614;8802;256782;SVAC;9.8
3615;8802;258338;SVAC;9.8
3616;8802;259952;SVAC;9.8
3617;8802;261221;SVAC;9.8
3618;8802;262670;CC;16
3619;8802;263128;CC;16
3620;8820;263244;JI;0
3621;8821;263631;JI;0
3622;8802;263839;CC;16
3623;8802;264159;CC;16
3624;8802;265787;SVAC;9.8
3625;8802;284412;SVAC;9.8
3626;8802;285959;SVAC;9.8
3627;8802;287319;SVAC;9.8
3628;8802;289098;SVAC;9.8
3629;8802;290478;SVAC;9.8
3630;8802;291914;SVAC;9.8
3631;8802;293529;SVAC;9.8
3632;8802;295249;SVAC;9.8
3633;8802;9123;SVAC;9.8
3634;8802;10441;SVAC;9.8
3635;8802;11319;CC;16
3636;8799;2361;JI;0
3637;8802;11612;CC;16
3638;8802;11828;CC;16
3639;8802;12075;CC;16
3640;8802;12400;CC;16
3641;8800;4616;JI;0
3642;8802;12820;CC;16
3643;8802;13523;SVAC;9.8
3644;8799;1091;CC;16
3645;8799;2117;CC;16
3646;8800;1254;SVAC;9.8
3647;8800;2647;SVAC;9.8
3648;8800;3598;CC;16
3649;8800;4325;CC;16
3650;8802;66417;SVAC;9.8
3651;8802;67943;CC;16
3652;8802;68271;CC;16
3653;8802;69359;CC;16
3654;8802;70129;CC;16
3655;8802;71015;CC;16
3656;8806;71130;JI;0
3657;8824;71450;JI;0
3658;8802;71501;CC;16
3659;8802;71735;CC;16
3660;8802;72019;CC;16
3661;8802;72252;CC;16
3662;8824;72304;JI;0
3663;8807;72623;JI;0
3664;8802;72844;CC;16
3665;8802;73351;CC;16
3666;8802;73741;CC;16
3667;8824;71605;CC;16
3668;8824;72149;CC;16
3669;8802;108996;SVAC;9.8
3670;8802;110647;SVAC;9.8
3671;8802;111243;CC;16
3672;8810;111360;JI;0
3673;8802;111580;CC;16
3674;8802;111879;CC;16
3675;8802;112249;CC;16
3676;8802;112913;SVAC;9.8
3677;8827;113229;JI;0
3678;8802;113246;CC;16
3679;8802;113474;CC;16
3680;8802;113848;CC;16
3681;8802;114076;CC;16
3682;8827;114093;JI;0
3683;8829;114576;JI;0
3684;9112;166;JI;0
3685;8802;114948;CC;16
3686;8802;115452;SVAC;9.8
3687;65;113234;JI;0
3688;8827;113392;SVAC;9.8
3689;8827;113932;SVAC;9.8
3690;9112;414;JI;0
3691;8802;162841;SVAC;9.8
3692;8802;164544;SVAC;9.8
3693;8802;165437;CC;16
3694;8813;165553;JI;0
3695;8830;165873;JI;0
3696;8802;165924;CC;16
3697;8802;166157;CC;16
3698;8802;166441;CC;16
3699;8802;166675;CC;16
3700;8830;166725;JI;0
3701;8814;167045;JI;0
3702;8802;167266;CC;16
3703;8802;167516;CC;16
3704;8802;168133;SVAC;9.8
3705;8802;169833;SVAC;9.8
3706;8802;171553;SVAC;9.8
3707;64;165751;JI;0
3708;8830;166027;CC;16
3709;8830;166571;CC;16
3710;8802;208968;SVAC;9.8
3711;8802;210702;SVAC;9.8
3712;8802;212229;CC;16
3713;8802;212564;CC;16
3714;8817;212680;JI;0
3715;8831;213163;JI;0
3716;8802;213180;CC;16
3717;8802;213408;CC;16
3718;8802;213782;CC;16
3719;8802;214013;CC;16
3720;8831;214030;JI;0
3721;8818;214508;JI;0
3722;8802;214729;CC;16
3723;8802;215004;CC;16
3724;8802;215303;SVAC;9.8
3725;8802;216967;CC;16
3726;8802;217283;CC;16
3727;63;213166;JI;0
3728;8831;213328;CC;16
3729;8831;213863;CC;16
3730;9117;214013;JI;0
3731;8802;266300;CC;16
3732;8802;267175;CC;16
3733;8802;268042;CC;16
3734;8839;235;JI;0
3735;8802;268371;CC;16
3736;8802;268859;SVAC;9.8
3737;8802;270789;SVAC;9.8
3738;8802;271095;CC;16
3739;8802;271501;CC;16
3740;8802;271795;CC;16
3741;8802;272545;SVAC;9.8
3742;8802;274200;SVAC;9.8
3743;8802;276080;SVAC;9.8
3744;8839;705;CC;16
3745;8839;1106;CC;16
3746;8841;148;JI;0
3747;8839;1348;CC;16
3748;8839;1621;CC;16
3749;8839;1832;SVAC;9.8
3750;8839;1962;SVAC;9.8
3751;8839;2117;SVAC;9.8
3752;8839;2700;SVAC;9.8
3753;8839;3305;JI;0
3754;8841;432;SVAC;9.8
3755;8841;542;SVAC;9.8
3756;8841;963;SVAC;9.8
3757;8841;1261;JI;0
3758;8802;278339;SVAC;9.8
3759;8802;279967;SVAC;9.8
3760;8802;280294;CC;16
3761;9118;280409;JI;0
3762;9119;280892;JI;0
3763;8802;280909;CC;16
3764;8802;281137;CC;16
3765;8802;281511;CC;16
3766;8802;281743;SVAC;9.8
3767;9119;281760;JI;0
3768;9121;282238;JI;0
3769;8802;282458;CC;16
3770;8802;282712;CC;16
3771;8802;283047;CC;16
3772;62;280896;JI;0
3773;9119;281061;SVAC;98
3774;9119;281596;SVAC;98
3775;9267;281752;JI;0
3776;8802;296909;SVAC;9.8
3777;5949;13590;JI;0
3778;9886;175;JI;0
3779;9888;1358;JI;0
3780;9888;892;JI;0
3781;9888;483;JI;0
3782;9888;190;JI;0
3783;954;778215;JI;0
3784;954;778375;JI;0
3785;954;778548;JI;0
3786;954;778850;JI;0
3787;8989;200;JI;0
3788;9889;525;JI;0
3789;9890;778405;JI;0
3790;8989;382;SVAC;9.8
3791;8989;1518;SVAC;9.8
3792;8989;2982;SVAC;9.8
3793;8989;3865;JI;0
3794;8803;6670;SVAC;9.8
3795;8803;8192;SVAC;9.8
3796;8803;9910;SVAC;9.8
3797;8803;11223;CC;16
3798;8798;2377;JI;0
3799;8803;11517;CC;16
3800;8803;11738;CC;16
3801;8803;12062;CC;16
3802;8801;3481;JI;0
3803;8803;12489;CC;16
3804;8803;13397;SVAC;9.8
3805;8803;15233;SVAC;9.8
3806;954;780431;JI;0
3807;8798;2133;CC;16
3808;8801;1156;SVAC;9.8
3809;8801;3023;SVAC;9.8
3810;8803;16868;CC;16
3811;8803;17214;CC;16
3812;8803;17481;CC;16
3813;8803;17739;CC;16
3814;9109;18175;JI;0
3815;8803;18226;CC;16
3816;8803;18459;CC;16
3817;8803;18743;SVAC;9.8
3818;8803;18977;SVAC;9.8
3819;9109;19028;JI;0
3820;8803;19463;SVAC;9.8
3821;8803;20500;SVAC;9.8
3822;8803;20795;CC;16
3823;8803;22208;CC;16
3824;8803;22664;CC;16
3825;8803;23997;CC;16
3826;9109;18329;SVAC;9.8
3827;9109;18873;SVAC;9.8
3828;9305;19153;SVAC;9.8
3829;8803;33673;SVAC;9.8
3830;8803;34186;CC;16
3831;8803;35423;CC;16
3832;8803;36182;CC;16
3833;8803;37212;CC;16
3834;8803;37512;CC;16
3835;8803;38690;CC;16
3836;8822;1120;JI;0
3837;8803;38935;CC;16
3838;8803;39305;CC;16
3839;8803;39830;CC;16
3840;8803;40368;CC;16
3841;8803;41473;SVAC;9.8
3842;8803;43193;SVAC;9.8
3843;8822;292;JI;0
3844;8822;825;SVAC;9.8
3845;8822;953;SVAC;9.8
3846;8803;107298;SVAC;9.8
3847;8803;108376;CC;16
3848;8803;108942;CC;16
3849;8803;110183;CC;16
3850;8803;110483;CC;16
3851;8803;111139;CC;16
3852;8803;111475;CC;16
3853;8803;112002;CC;16
3854;8803;112913;SVAC;9.8
3855;8828;113229;JI;0
3856;8803;113246;CC;16
3857;8803;113474;CC;16
3858;8803;113848;CC;16
3859;8803;114076;CC;16
3860;8828;114093;JI;0
3861;8803;114460;CC;16
3862;8803;114790;CC;16
3863;9113;235;JI;0
3864;8803;115096;CC;16
3865;8803;115452;SVAC;9.8
3866;8803;117390;SVAC;9.8
3867;8828;113392;SVAC;9.8
3868;8828;113932;SVAC;9.8
3869;9113;520;SVAC;9.8
3870;9113;638;SVAC;9.8
3871;9113;1238;JI;0
3872;8803;207468;SVAC;9.8
3873;8803;209729;SVAC;9.8
3874;8803;211426;SVAC;9.8
3875;8803;212460;CC;16
3876;8803;212847;CC;16
3877;8832;213158;JI;0
3878;8803;213175;CC;16
3879;8803;213408;CC;16
3880;8803;213782;CC;16
3881;8803;214010;CC;16
3882;8832;214027;JI;0
3883;8803;214393;CC;16
3884;8803;214729;CC;16
3885;8803;215460;SVAC;9.8
3886;8803;216917;CC;16
3887;8803;217324;CC;16
3888;8803;218765;SVAC;9.8
3889;8832;213328;CC;16
3890;8832;213863;CC;16
3891;8803;265662;SVAC;9.8
3892;8803;266189;CC;16
3893;8803;266875;CC;16
3894;8803;268093;CC;16
3895;8842;235;JI;0
3896;8803;268422;CC;16
3897;8803;269305;SVAC;9.8
3898;8803;270789;SVAC;9.8
3899;8803;271095;CC;16
3900;8803;271501;CC;16
3901;8803;271795;SVAC;9.8
3902;8803;272587;SVAC;9.8
3903;8803;274688;SVAC;9.8
3904;8803;276183;SVAC;9.8
3905;8840;161;JI;0
3906;8840;417;SVAC;9.8
3907;8840;547;SVAC;9.8
3908;8840;721;SVAC;9.8
3909;8840;1131;SVAC;9.8
3910;8840;1469;JI;0
3911;8840;1635;SVAC;9.8
3912;8840;2002;JI;0
3913;8842;607;CC;16
3914;8842;862;CC;16
3915;8842;1432;SVAC;9.8
3916;8842;1542;SVAC;9.8
3917;8842;2243;SVAC;9.8
3918;8842;3025;JI;0
3919;8803;277581;SVAC;9.8
3920;8803;279241;SVAC;9.8
3921;8803;280189;CC;16
3922;8803;280576;CC;16
3923;9120;280888;JI;0
3924;8803;280905;CC;16
3925;8803;281137;CC;16
3926;8803;281511;CC;16
3927;8803;281739;CC;16
3928;9120;281756;JI;0
3929;8803;282122;CC;16
3930;8803;282458;CC;16
3931;8803;283027;SVAC;9.8
3932;8803;285045;SVAC;9.8
3933;9120;281061;SVAC;9.8
3934;9120;281596;SVAC;9.8
3935;8803;1118;JI;0
3936;8803;1961;CC;16
3937;8803;2731;SVAC;9.8
3938;8803;4147;SVAC;9.8
3939;8803;5146;CC;16
3940;8803;5969;CC;16
3941;8803;24562;CC;16
3942;8803;25847;SVAC;9.8
3943;8803;27697;SVAC;9.8
3944;8803;29397;SVAC;9.8
3945;8803;31522;SVAC;9.8
3946;8803;32019;SVAC;9.8
3947;8803;44025;CC;16
3948;8803;44826;CC;16
3949;8803;45355;CC;16
3950;8803;45770;CC;16
3951;8803;46590;SVAC;9.8
3952;8803;48648;SVAC;9.8
3953;8803;50495;SVAC;9.8
3954;8803;52253;SVAC;9.8
3955;8803;54053;SVAC;9.8
3956;8803;55878;SVAC;9.8
3957;8803;57683;SVAC;9.8
3958;8803;59378;SVAC;9.8
3959;8803;61398;SVAC;9.8
3960;8803;63073;SVAC;9.8
3961;8803;64548;CC;16
3962;8803;64932;CC;16
3963;8803;66478;SVAC;9.8
3964;8803;67980;SVAC;9.8
3965;8803;68607;SVAC;9.8
3966;8803;70123;SVAC;9.8
3967;8803;70910;CC;16
3968;8803;71247;CC;16
3969;8803;71735;CC;16
3970;8803;72019;CC;16
3971;8803;72507;CC;16
3972;8803;72844;CC;16
3973;8803;73583;SVAC;9.8
3974;8803;75304;SVAC;9.8
3975;8803;77037;SVAC;9.8
3976;8803;78769;SVAC;9.8
3977;8803;80502;SVAC;9.8
3978;8803;82230;SVAC;9.8
3979;8803;83974;SVAC;9.8
3980;8803;85784;SVAC;9.8
3981;8803;86681;CC;16
3982;8803;87513;CC;16
3983;8803;87813;CC;16
3984;8803;89394;SVAC;9.8
3985;8803;89756;CC;16
3986;8803;90170;CC;16
3987;8803;90716;CC;16
3988;8803;91629;CC;16
3989;8803;92053;CC;16
3990;8803;93400;SVAC;9.8
3991;8803;94676;SVAC;9.8
3992;8803;96226;SVAC;9.8
3993;8803;97656;SVAC;9.8
3994;8803;98914;SVAC;9.8
3995;8803;101309;SVAC;9.8
3996;8803;103353;SVAC;9.8
3997;8803;104723;SVAC;9.8
3998;8803;105965;SVAC;9.8
3999;8803;119029;SVAC;9.8
4000;8803;120453;SVAC;9.8
4001;8803;121327;CC;16
4002;8803;121857;SVAC;9.8
4003;8803;123399;SVAC;9.8
4004;8803;124988;SVAC;9.8
4005;8803;126536;SVAC;9.8
4006;8803;128114;SVAC;9.8
4007;8803;129614;SVAC;9.8
4008;8803;131305;SVAC;9.8
4009;8803;133004;SVAC;9.8
4010;8803;134829;SVAC;9.8
4011;8803;136609;SVAC;9.8
4012;8803;138193;SVAC;9.8
4013;8803;139345;CC;16
4014;8803;139883;CC;16
4015;8803;140209;CC;16
4016;8803;140623;CC;16
4017;8803;141036;CC;16
4018;8803;141721;SVAC;9.8
4019;8803;143454;SVAC;9.8
4020;8803;145038;SVAC;9.8
4021;8803;146143;CC;16
4022;9116;234;JI;0
4023;8803;146471;CC;16
4024;8803;146846;SVAC;9.8
4025;8803;148479;SVAC;9.8
4026;8803;150064;SVAC;9.8
4027;8803;151864;SVAC;9.8
4028;9116;432;SVAC;9.8
4029;9116;600;SVAC;9.8
4030;9116;768;JI;0
4031;8803;153664;SVAC;9.8
4032;8803;155464;SVAC;9.8
4033;8803;157264;SVAC;9.8
4034;8803;159064;SVAC;9.8
4035;8803;160864;SVAC;9.8
4036;8803;162664;SVAC;9.8
4037;8803;164464;SVAC;9.8
4038;8803;165333;CC;16
4039;8803;165669;CC;16
4040;8803;166157;CC;16
4041;8803;166441;CC;16
4042;8803;166929;CC;16
4043;8803;167266;CC;16
4044;8803;167944;SVAC;9.8
4045;8803;169705;SVAC;9.8
4046;8803;171417;SVAC;9.8
4047;8803;173215;SVAC;9.8
4048;8803;175027;SVAC;9.8
4049;8803;176725;SVAC;9.8
4050;8803;178480;SVAC;9.8
4051;8803;180275;SVAC;9.8
4052;8803;181970;SVAC;9.8
4053;8803;183745;SVAC;9.8
4054;8803;185500;SVAC;9.8
4055;8803;187255;SVAC;9.8
4056;8803;188041;CC;16
4057;8803;188764;CC;16
4058;8803;189024;SVAC;9.8
4059;8803;190850;SVAC;9.8
4060;8803;192690;SVAC;9.8
4061;8803;194560;SVAC;9.8
4062;8803;196435;SVAC;9.8
4063;8803;198240;SVAC;9.8
4064;8803;200090;SVAC;9.8
4065;8803;201940;SVAC;9.8
4066;8803;203790;SVAC;9.8
4067;8803;205640;SVAC;9.8
4068;8803;220953;SVAC;9.8
4069;8803;222441;CC;16
4070;8803;222900;CC;16
4071;8803;224024;SVAC;9.8
4072;8803;225544;SVAC;9.8
4073;8803;226834;SVAC;9.8
4074;8803;228229;SVAC;9.8
4075;8803;230079;SVAC;9.8
4076;8803;231940;SVAC;9.8
4077;8803;234035;SVAC;9.8
4078;8803;234707;CC;16
4079;8833;234759;JI;0
4080;8803;235470;CC;16
4081;8803;235732;CC;16
4082;8803;236075;SVAC;9.8
4083;8803;237894;SVAC;9.8
4084;8803;240287;SVAC;9.8
4085;8833;234610;JI;0
4086;8803;241736;SVAC;9.8
4087;8803;243547;SVAC;9.8
4088;8803;245041;SVAC;9.8
4089;8803;246637;SVAC;9.8
4090;8803;248236;SVAC;9.8
4091;8803;249935;SVAC;9.8
4092;8803;251632;SVAC;9.8
4093;8803;253335;SVAC;9.8
4094;8803;255037;SVAC;9.8
4095;8803;256833;SVAC;9.8
4096;8803;258392;SVAC;9.8
4097;8803;260423;SVAC;9.8
4098;8803;262366;SVAC;9.8
4099;8803;263023;CC;16
4100;8803;263437;CC;16
4101;8803;263839;CC;16
4102;8803;264114;CC;16
4103;8803;286594;SVAC;9.8
4104;8803;288313;SVAC;9.8
4105;8803;289965;SVAC;9.8
4106;8803;291725;SVAC;9.8
4107;8803;293195;SVAC;9.8
4108;8803;294537;SVAC;9.8
4109;8803;296263;SVAC;9.8
4110;8803;298159;CC;15
4111;9891;780512;JI;0
4112;954;780120;JI;0
4113;9893;117;JI;0
4114;954;780740;JI;0
4115;5977;379324;JI;0
4116;9126;247;JI;0
4117;5983;379712;JI;0
4118;9762;1739;JI;0
4119;8802;952;CC;15
4120;8802;260;JI;0
4121;8802;110;JI;0
4122;9006;129;JI;0
4123;796;22610;JI;0
4124;796;22923;JI;0
4125;8803;5;JI;0
4126;8803;205;JI;0
4127;863;994;JI;0
4128;8803;1000;JI;0
4129;8822;1;INC;0
4130;9411;304;JI;0
4131;9112;539;JI;0
4132;9112;619;JI;0
4133;9115;1710;SVAC;10
4134;8798;574;CC;16
4135;8799;750;CC;16
4136;8799;315;CC;16
4137;8798;1047;CC;16
4138;8798;1262;CC;16
4139;9577;16909;JI;0
4140;9577;17445;SVAC;10
4141;9577;18830;SVAC;10
4142;9577;20779;SVAC;10
4143;9577;22539;SVAC;10
4144;9577;24141;SVAC;10
4145;9577;25707;SVAC;10
4146;9577;27403;SVAC;10
4147;9577;29084;SVAC;10
4148;9577;30885;SVAC;10
4149;9577;32666;SVAC;10
4150;9577;34416;SVAC;10
4151;9577;36151;SVAC;10
4152;9577;37782;SVAC;10
4153;9577;39334;SVAC;10
4154;9577;40836;SVAC;10
4155;9577;41114;CC;15
4156;9577;41467;CC;15
4157;9577;42606;SVAC;10
4158;9577;43740;CC;15
4159;9577;44093;CC;15
4160;9577;44368;SVAC;10
4161;9577;45974;SVAC;10
4162;9577;47635;SVAC;10
4163;9577;49345;SVAC;10
4164;9577;51095;SVAC;10
4165;9577;52735;SVAC;10
4166;9577;54405;SVAC;10
4167;9577;56055;SVAC;10
4168;9577;57785;SVAC;10
4169;9577;59455;SVAC;10
4170;9577;61086;SVAC;10
4171;9577;61788;CC;15
4172;9577;62127;CC;15
4173;9577;62702;CC;15
4174;9577;63051;CC;15
4175;9577;63703;SVAC;10
4176;9577;65166;SVAC;10
4177;9577;66885;SVAC;10
4178;9577;68497;SVAC;10
4179;9577;70230;SVAC;10
4180;9577;72020;SVAC;10
4181;9577;73937;SVAC;10
4182;9577;74438;CC;15
4183;9577;75184;CC;15
4184;9577;75510;CC;15
4185;9577;76028;SVAC;10
4186;9577;77843;SVAC;10
4187;9577;79624;SVAC;10
4188;9577;81403;SVAC;10
4189;9577;83174;SVAC;10
4190;9577;85035;SVAC;10
4191;863;645;JI;0
4192;9578;16909;JI;0
4193;9578;17445;SVAC;10
4194;9578;18848;SVAC;10
4195;9578;20779;SVAC;10
4196;9578;22651;SVAC;10
4197;9578;24252;SVAC;10
4198;9578;25877;SVAC;10
4199;9578;27460;SVAC;10
4200;9578;29009;SVAC;10
4201;9578;30560;SVAC;10
4202;9578;32064;SVAC;10
4203;9578;33724;SVAC;10
4204;9578;35331;SVAC;10
4205;9578;36780;SVAC;10
4206;9578;38520;SVAC;10
4207;9578;40336;SVAC;10
4208;9578;40724;CC;15
4209;9578;41343;CC;15
4210;9578;41891;SVAC;10
4211;9578;43427;SVAC;10
4212;9578;43864;CC;15
4213;9578;44571;CC;15
4214;9578;44950;SVAC;10
4215;9578;46560;SVAC;10
4216;9578;48129;SVAC;10
4217;9578;49765;SVAC;10
4218;9578;51533;SVAC;10
4219;9578;53096;SVAC;10
4220;9578;54886;SVAC;10
4221;9578;56436;SVAC;10
4222;9578;58045;SVAC;10
4223;9578;59650;SVAC;10
4224;9578;61316;SVAC;10
4225;9578;61658;CC;15
4226;9578;61898;CC;15
4227;9578;62362;CC;15
4228;9578;62931;CC;15
4229;9578;63221;SVAC;10
4230;9578;64748;SVAC;10
4231;9578;66220;SVAC;10
4232;9578;67840;SVAC;10
4233;9578;69463;SVAC;10
4234;9578;71111;SVAC;10
4235;9578;72634;SVAC;10
4236;9578;74195;SVAC;10
4237;9578;74954;CC;15
4238;9578;75309;CC;15
4239;9578;75963;SVAC;10
4240;9578;77843;SVAC;10
4241;9578;79624;SVAC;10
4242;9578;81403;SVAC;10
4243;9578;83174;SVAC;10
4244;9578;85035;SVAC;10
4245;863;188;JI;0
4246;511;214900;CC;15
4247;520;216005;JI;0
4248;864;994;JI;0
4249;520;216615;JI;0
4250;520;217140;JI;0
4251;520;217230;INC;0
4252;520;217389;INC;0
4253;512;14639;JI;0
4254;864;66;JI;0
4255;512;14105;JI;0
4256;512;13868;JI;0
4257;9782;752;JI;0
4258;512;13580;JI;0
4259;512;12585;JI;0
4260;512;12209;JI;0
4261;512;11874;JI;0
4262;4426;12047;JI;0
4263;512;11538;JI;0
4264;4425;11702;JI;0
4265;512;11345;JI;0
4266;512;10348;SV;12
4267;512;9305;SV;13
4268;512;8454;SV;12
4269;512;7695;JI;0
4270;512;7023;SV;12
4271;512;6239;JI;0
4272;512;6004;JI;0
4273;4424;6075;JI;0
4274;512;5937;JI;0
4275;512;5530;JI;0
4276;512;5415;JI;0
4277;512;5190;JI;0
4278;512;4695;JI;0
4279;511;14639;JI;0
4280;1231;330919;JI;0
4281;511;14105;JI;0
4282;511;13868;JI;0
4283;1232;331307;JI;0
4284;511;13580;JI;0
4285;511;12585;JI;0
4286;511;12211;JI;0
4287;511;11541;JI;0
4288;4409;14705;JI;0
4289;4409;14636;JI;0
4290;9579;14775;JI;0
4291;4409;14100;JI;0
4292;514;1734;INC;0
4293;4409;14020;JI;0
4294;4410;14020;JI;0
4295;515;1734;INC;0
4296;4410;14100;JI;0
4297;4410;14636;JI;0
4298;9582;14775;JI;0
4299;4410;14707;JI;0
4300;511;11345;JI;0
4301;511;10348;SV;12
4302;511;9319;SV;12
4303;511;8454;SV;12
4304;511;7695;JI;0
4305;511;7023;SV;12
4306;511;6239;JI;0
4307;511;5985;JI;0
4308;4423;5566;JI;0
4309;511;5530;JI;0
4310;511;5190;JI;0
4311;511;4695;JI;0
4312;1233;357448;SVAC;10
4313;1233;357607;SVAC;10
4314;1233;358135;SVAC;10
4315;9583;60242;SVAC;10
4316;9583;60441;SVAC;10
4317;9583;59779;SVAC;10
4318;9583;59315;SVAC;10
4319;9583;59076;SVAC;10
4320;9583;58852;SVAC;10
4321;9583;58389;SVAC;10
4322;9583;57926;SVAC;10
4323;9583;57650;SVAC;10
4324;9583;57459;SVAC;10
4325;9583;56970;SVAC;10
4326;9583;56507;SVAC;10
4327;9583;56244;SVAC;10
4328;9583;56044;SVAC;10
4329;9583;55562;SVAC;10
4330;9583;55086;SVAC;10
4331;9583;54866;SVAC;10
4332;9583;54624;SVAC;10
4333;9583;54162;SVAC;10
4334;9583;53700;SVAC;10
4335;9583;53405;SVAC;10
4336;9583;53214;SVAC;10
4337;9583;52718;SVAC;10
4338;9583;52222;SVAC;10
4339;9583;52010;SVAC;10
4340;9583;51734;SVAC;10
4341;9583;51271;SVAC;10
4342;9583;50808;SVAC;10
4343;9583;50568;SVAC;10
4344;9583;50345;SVAC;10
4345;9583;49881;SVAC;10
4346;9583;49403;SVAC;10
4347;9583;49145;SVAC;10
4348;9583;48921;SVAC;10
4349;9583;48434;SVAC;10
4350;9583;47916;SVAC;10
4351;9583;47399;SVAC;10
4352;9583;46882;SVAC;10
4353;9583;46365;SVAC;10
4354;9583;45849;SVAC;10
4355;9583;45668;SVAC;10
4356;9583;45354;SVAC;10
4357;9583;45158;SVAC;10
4358;9583;44825;SVAC;10
4359;9583;44619;SVAC;10
4360;9583;44299;SVAC;10
4361;9583;44062;SVAC;10
4362;9583;43807;SVAC;10
4363;9583;43544;SVAC;10
4364;9583;43310;SVAC;10
4365;9583;43024;SVAC;10
4366;9583;42807;SVAC;10
4367;9583;42311;SVAC;10
4368;9583;41798;SVAC;10
4369;9583;41286;SVAC;10
4370;9583;40791;SVAC;10
4371;9583;40539;SVAC;10
4372;9583;40288;SVAC;10
4373;9583;39800;SVAC;10
4374;9583;39321;SVAC;10
4375;9583;39071;SVAC;10
4376;9583;38839;SVAC;10
4377;9583;38360;SVAC;10
4378;9583;37873;SVAC;10
4379;9583;37611;SVAC;10
4380;9583;37386;SVAC;10
4381;9583;36901;SVAC;10
4382;9583;36415;SVAC;10
4383;9583;36166;SVAC;10
4384;9583;35929;SVAC;10
4385;9583;35444;SVAC;10
4386;9583;34886;SVAC;10
4387;9583;34361;SVAC;10
4388;9583;33838;SVAC;10
4389;9583;33313;SVAC;10
4390;9583;32788;SVAC;10
4391;9583;32265;SVAC;10
4392;9583;31740;SVAC;10
4393;9583;31195;SVAC;10
4394;9583;30623;SVAC;10
4395;9583;30048;SVAC;10
4396;9583;29474;SVAC;10
4397;9583;28900;SVAC;10
4398;9583;28326;SVAC;10
4399;9583;27764;SVAC;10
4400;9583;27519;SVAC;10
4401;9583;27202;SVAC;10
4402;9583;26995;SVAC;10
4403;9583;26659;SVAC;10
4404;9583;26451;SVAC;10
4405;9583;26156;SVAC;10
4406;9583;25805;SVAC;10
4407;9583;25651;SVAC;10
4408;9583;25149;SVAC;10
4409;9583;24620;SVAC;10
4410;9583;24086;SVAC;10
4411;9583;23551;SVAC;10
4412;9583;23013;SVAC;10
4413;9583;22437;SVAC;10
4414;9583;21862;SVAC;10
4415;9583;21307;SVAC;10
4416;9583;20758;SVAC;10
4417;9583;20208;SVAC;10
4418;9583;19658;SVAC;10
4419;9583;19110;SVAC;10
4420;9583;18538;SVAC;10
4421;9583;17960;SVAC;10
4422;9583;17384;SVAC;10
4423;9583;16809;SVAC;10
4424;9583;16232;SVAC;10
4425;9583;15655;SVAC;10
4426;9583;15080;SVAC;10
4427;9583;14502;SVAC;10
4428;9583;13930;SVAC;10
4429;9583;13355;SVAC;10
4430;9583;12779;SVAC;10
4431;9583;12205;SVAC;10
4432;9583;11624;SVAC;10
4433;9584;60210;SVAC;10
4434;9584;60452;SVAC;10
4435;9584;59889;SVAC;10
4436;9584;59747;SVAC;10
4437;9584;59277;SVAC;10
4438;9584;58714;SVAC;10
4439;9584;58149;SVAC;10
4440;9584;57582;SVAC;10
4441;9584;57048;SVAC;10
4442;9584;56473;SVAC;10
4443;9584;55896;SVAC;10
4444;9584;55359;SVAC;10
4445;9584;54792;SVAC;10
4446;9584;54215;SVAC;10
4447;9584;53638;SVAC;10
4448;9584;53102;SVAC;10
4449;9584;52576;SVAC;10
4450;9584;52052;SVAC;10
4451;9584;51506;SVAC;10
4452;9584;50930;SVAC;10
4453;9584;50356;SVAC;10
4454;9584;49782;SVAC;10
4455;9584;49235;SVAC;10
4456;9584;48692;SVAC;10
4457;9584;48168;SVAC;10
4458;9584;47664;SVAC;10
4459;9584;47421;SVAC;10
4460;9584;47162;SVAC;10
4461;9584;46659;SVAC;10
4462;9584;46155;SVAC;10
4463;9584;45993;SVAC;10
4464;9584;45650;SVAC;10
4465;9584;45343;SVAC;10
4466;9584;45140;SVAC;10
4467;9584;44807;SVAC;10
4468;9584;44601;SVAC;10
4469;9584;44281;SVAC;10
4470;9584;44049;SVAC;10
4471;9584;43535;SVAC;10
4472;9584;43021;SVAC;10
4473;9584;42507;SVAC;10
4474;9584;41993;SVAC;10
4475;9584;41479;SVAC;10
4476;9584;40965;SVAC;10
4477;9584;40451;SVAC;10
4478;9584;39934;SVAC;10
4479;9584;39387;SVAC;10
4480;9584;38841;SVAC;10
4481;9584;38295;SVAC;10
4482;9584;37758;SVAC;10
4483;9584;37234;SVAC;10
4484;9584;36709;SVAC;10
4485;9584;36185;SVAC;10
4486;9584;35659;SVAC;10
4487;9584;35140;SVAC;10
4488;9584;34646;SVAC;10
4489;9584;34490;SVAC;10
4490;9584;34152;SVAC;10
4491;9584;33831;SVAC;10
4492;9584;33658;SVAC;10
4493;9584;33164;SVAC;10
4494;9584;32670;SVAC;10
4495;9584;32431;SVAC;10
4496;9584;32173;SVAC;10
4497;9584;31682;SVAC;10
4498;9584;31197;SVAC;10
4499;9584;30999;SVAC;10
4500;9584;30734;SVAC;10
4501;9584;30272;SVAC;10
4502;9584;29812;SVAC;10
4503;9584;29585;SVAC;10
4504;9584;29353;SVAC;10
4505;9584;28893;SVAC;10
4506;9584;28433;SVAC;10
4507;9584;28280;SVAC;10
4508;9584;27974;SVAC;10
4509;9584;27728;SVAC;10
4510;9584;27496;SVAC;10
4511;9584;27178;SVAC;10
4512;9584;26972;SVAC;10
4513;9584;26636;SVAC;10
4514;9584;26434;SVAC;10
4515;9584;25916;SVAC;10
4516;9584;25390;SVAC;10
4517;9584;24868;SVAC;10
4518;9584;24371;SVAC;10
4519;9584;24130;SVAC;10
4520;9584;23874;SVAC;10
4521;9584;23377;SVAC;10
4522;9584;22884;SVAC;10
4523;9584;22684;SVAC;10
4524;9584;22413;SVAC;10
4525;9584;21942;SVAC;10
4526;9584;21463;SVAC;10
4527;9584;21220;SVAC;10
4528;9584;20978;SVAC;10
4529;9584;20491;SVAC;10
4530;9584;20004;SVAC;10
4531;9584;19766;SVAC;10
4532;9584;19514;SVAC;10
4533;9584;19031;SVAC;10
4534;9584;18559;SVAC;10
4535;9584;18331;SVAC;10
4536;9584;18086;SVAC;10
4537;9584;17616;SVAC;10
4538;9584;17147;SVAC;10
4539;9584;16918;SVAC;10
4540;9584;16674;SVAC;10
4541;9584;16205;SVAC;10
4542;9584;15734;SVAC;10
4543;9584;15505;SVAC;10
4544;9584;15263;SVAC;10
4545;9584;14792;SVAC;10
4546;9584;14321;SVAC;10
4547;9584;14093;SVAC;10
4548;9584;13850;SVAC;10
4549;9584;13378;SVAC;10
4550;9584;12908;SVAC;10
4551;9584;12758;SVAC;10
4552;9584;12437;SVAC;10
4553;9584;12131;SVAC;10
4554;9584;11966;SVAC;10
4555;9584;11502;SVAC;10
4556;9584;10942;SVAC;10
4557;9584;10759;SVAC;10
4558;9584;10482;SVAC;10
4559;9584;10184;SVAC;10
4560;1233;358293;SVAC;10
4561;9585;27048;JI;0
4562;9585;27125;JI;0
4563;9587;44677;JI;0
4564;9587;44749;JI;0
4565;9588;44695;JI;0
4566;9588;44731;JI;0
4567;9586;27071;JI;0
4568;9586;27102;JI;0
4569;1069;826;JI;0
4570;1069;1042;SVAC;10
4571;1069;1381;SV;12
4572;1069;1822;SVAC;10
4573;1069;2233;SV;12
4574;1069;2744;SVAC;10
4575;1069;4075;JI;0
4576;1069;4274;SVAC;10
4577;1069;4859;SV;12
4578;1069;5377;SVAC;10
4579;1069;5737;SV;12
4580;1069;6478;SVAC;10
4581;1069;7482;SV;12
4582;1069;7955;SVAC;10
4583;1069;8561;SV;12
4584;1069;9043;JI;0
4585;1069;9096;JI;0
4586;1069;9488;JI;0
4587;1069;9518;JI;0
4588;1069;9697;JI;0
4589;7649;9488;JI;0
4590;1069;9932;JI;0
4591;1069;9962;JI;0
4592;1069;10077;JI;0
4593;1234;357095;JI;0
4594;1069;10280;JI;0
4595;1069;10342;JI;0
4596;7649;9518;JI;0
4597;7649;9693;JI;0
4598;7649;9932;JI;0
4599;7649;9962;JI;0
4600;1069;10500;SV;12
4601;1069;10839;SVAC;10
4602;1069;11560;SV;12
4603;1069;12245;SVAC;10
4604;1069;12822;SV;12
4605;1069;13719;SVAC;10
4606;1069;14125;SV;12
4607;1069;14387;SVAC;10
4608;1069;15953;SV;12
4609;1069;16664;SVAC;10
4610;1069;17417;SV;12
4611;1069;17780;JI;0
4612;1069;18136;JI;0
4613;1069;18464;JI;0
4614;7650;18370;JI;0
4615;1069;18918;JI;0
4616;1069;19032;JI;0
4617;7650;18918;JI;0
4618;7650;18464;JI;0
4619;7650;18575;JI;0
4620;1069;19256;SV;12
4621;1069;20245;SV;12
4622;1069;20617;SVAC;10
4623;1069;21003;SV;12
4624;1069;21880;SVAC;10
4625;1069;22506;SV;12
4626;1069;23162;SVAC;10
4627;1069;24688;SV;12
4628;1069;24921;JI;0
4629;1069;25009;JI;0
4630;1069;25039;JI;0
4631;1069;25451;JI;0
4632;1069;25481;JI;0
4633;1069;25756;JI;0
4634;9589;25009;JI;0
4635;9589;25039;JI;0
4636;9589;25451;JI;0
4637;9589;25481;JI;0
4638;1069;27087;SVAC;10
4639;1069;27385;SVAC;10
4640;1069;29223;SVAC;10
4641;1069;29412;SVAC;10
4642;1069;29915;JI;0
4643;1069;31396;JI;0
4644;1069;32550;SV;12
4645;1069;32940;JI;0
4646;1069;32990;JI;0
4647;1069;33053;JI;0
4648;1069;33621;JI;0
4649;1069;33750;JI;0
4650;7651;32990;JI;0
4651;7651;33662;JI;0
4652;7651;33094;JI;0
4653;7651;33124;JI;0
4654;7651;33225;JI;0
4655;7651;33561;JI;0
4656;1236;358647;JI;0
4657;9590;33094;JI;0
4658;9590;33561;JI;0
4659;9590;33124;JI;0
4660;9590;33225;JI;0
4661;1237;307762;JI;0
4662;1069;35305;JI;0
4663;1069;35535;JI;0
4664;1069;36595;SV;12
4665;1069;37037;SVAC;10
4666;1069;37345;SV;12
4667;1069;37844;INC;0
4668;1069;38407;SV;12
4669;1069;38909;SVAC;10
4670;1069;39781;SV;12
4671;1069;40055;SVAC;10
4672;1069;40196;SV;12
4673;1069;40906;SVAC;10
4674;1069;42153;SV;12
4675;1069;42294;SV;12
4676;1069;43012;SV;12
4677;1069;43506;SV;12
4678;1069;43664;SV;12
4679;1069;44363;SVAC;10
4680;1069;45323;SV;12
4681;1069;46918;SVAC;10
4682;1069;47644;SV;12
4683;1069;48887;JI;0
4684;1069;49059;JI;0
4685;9591;49059;JI;0
4686;1069;49091;JI;0
4687;1069;49511;JI;0
4688;1069;49543;JI;0
4689;1069;49649;JI;0
4690;9591;49543;JI;0
4691;9591;49091;JI;0
4692;9591;49419;JI;0
4693;9591;49511;JI;0
4694;1069;49946;JI;0
4695;1069;50046;JI;0
4696;1069;50250;SVAC;10
4697;1069;50616;SV;12
4698;1069;50938;SVAC;10
4699;1069;51399;SV;12
4700;1069;52234;SV;12
4701;1069;52921;SV;12
4702;1069;53215;SVAC;10
4703;1069;53403;SV;12
4704;1069;54812;SVAC;10
4705;1069;54980;SV;12
4706;1069;55214;SVAC;10
4707;1069;55445;SV;12
4708;1069;55811;SVAC;10
4709;1069;56640;SV;12
4710;1069;57409;SVAC;10
4711;1069;58334;JI;0
4712;1069;58903;JI;0
4713;9592;58903;JI;0
4714;1069;58933;JI;0
4715;1069;59326;JI;0
4716;1069;59356;JI;0
4717;1069;59447;JI;0
4718;9592;59356;JI;0
4719;9592;58933;JI;0
4720;9592;59326;JI;0
4721;1069;59740;SVAC;10
4722;1069;60560;SV;12
4723;1069;60944;SVAC;10
4724;1069;61323;SV;12
4725;1069;62392;SVAC;10
4726;1069;62520;SV;12
4727;1069;63935;JI;0
4728;866;387746;CC;15
4729;193;209749;CC;15
4730;1238;307375;JI;0
4731;961;19611;JI;0
4732;961;20101;JI;0
4733;9593;1516;SVAC;10
4734;9593;1667;SVAC;10
4735;9593;2040;SVAC;10
4736;9593;2439;SVAC;10
4737;9593;2900;SVAC;10
4738;9593;3380;SVAC;10
4739;9593;3650;SVAC;10
4740;9593;3950;SVAC;10
4741;9593;4265;SVAC;10
4742;9593;4720;SVAC;10
4743;9593;5145;SVAC;10
4744;9593;5520;SVAC;10
4745;9593;6030;SVAC;10
4746;9593;6800;SVAC;10
4747;9593;7289;SVAC;10
4748;9593;7940;SVAC;10
4749;9593;8574;SVAC;10
4750;9593;9044;SVAC;10
4751;9593;9336;SVAC;10
4752;9595;9182;JI;0
4753;9596;9282;JI;0
4754;9593;9506;SVAC;10
4755;9593;9688;SVAC;10
4756;9593;9846;JI;0
4757;9593;10178;SVAC;10
4758;9602;9623;JI;0
4759;9595;9896;JI;0
4760;9596;9987;JI;0
4761;9604;10074;JI;0
4762;9595;9273;JI;0
4763;9595;9364;SVAC;10
4764;9595;9704;JI;0
4765;9595;9814;JI;0
4766;9603;9895;JI;0
4767;9597;9349;JI;0
4768;9597;9496;SVAC;10
4769;9597;9610;SVAC;10
4770;961;21698;JI;0
4771;9596;9409;SVAC;10
4772;9596;9860;SVAC;10
4773;9604;9848;JI;0
4774;9603;9983;JI;0
4775;9603;10078;JI;0
4776;9593;10635;SVAC;10
4777;9593;11100;SVAC;10
4778;9593;11673;SVAC;10
4779;9593;12573;SVAC;10
4780;9593;13462;SVAC;10
4781;9593;13900;SVAC;10
4782;9593;14351;SVAC;10
4783;9593;15298;SVAC;10
4784;9593;16270;SVAC;10
4785;9593;17242;SVAC;10
4786;9593;18239;SVAC;10
4787;9593;19245;SVAC;10
4788;9593;20100;SVAC;10
4789;9593;20470;SVAC;10
4790;9593;21000;SVAC;10
4791;9593;21450;SVAC;10
4792;9593;21750;SVAC;10
4793;9593;22143;SVAC;10
4794;9593;22506;SVAC;10
4795;9593;23200;SVAC;10
4796;9593;23484;SVAC;10
4797;9593;24548;SVAC;10
4798;9593;25520;SVAC;10
4799;9593;25939;SVAC;10
4800;9593;26345;SVAC;10
4801;9593;26640;SVAC;10
4802;9593;27829;SVAC;10
4803;9593;28781;SVAC;10
4804;9593;29839;SVAC;10
4805;9593;30897;SVAC;10
4806;9593;31730;SVAC;10
4807;9593;32250;SVAC;10
4808;9593;32569;SVAC;10
4809;9593;33400;SVAC;10
4810;9593;33770;SVAC;10
4811;9593;34709;SVAC;10
4812;9593;34970;SVAC;10
4813;9593;35445;SVAC;10
4814;9593;35700;SVAC;10
4815;9593;35943;SVAC;10
4816;9593;36400;SVAC;10
4817;9593;36908;SVAC;10
4818;9593;37173;SVAC;10
4819;9593;37552;SVAC;10
4820;9593;37873;SVAC;10
4821;9593;38600;SVAC;10
4822;9593;39015;SVAC;10
4823;9593;39810;SVAC;10
4824;9593;40201;SVAC;10
4825;9593;40561;SVAC;10
4826;9593;40890;SVAC;10
4827;9593;41118;SVAC;10
4828;9593;41362;SVAC;10
4829;9593;42082;SVAC;10
4830;9593;42360;SVAC;10
4831;9593;42741;SVAC;10
4832;9593;43040;SVAC;10
4833;9593;44150;SVAC;10
4834;9593;44700;SVAC;10
4835;9593;45755;SVAC;10
4836;9593;47045;SVAC;10
4837;9593;47549;SVAC;10
4838;9593;48595;SVAC;10
4839;9593;49250;SVAC;10
4840;9593;49851;SVAC;10
4841;9593;51510;SVAC;10
4842;9593;52178;SVAC;10
4843;9593;52567;SVAC;10
4844;9593;52995;SVAC;10
4845;9593;53850;SVAC;10
4846;9593;55450;SVAC;10
4847;9593;56800;SVAC;10
4848;9593;57200;SVAC;10
4849;9593;58150;SVAC;10
4850;9593;59342;SVAC;10
4851;9593;59690;SVAC;10
4852;9593;61055;SVAC;10
4853;9593;62943;SVAC;10
4854;9593;63840;SVAC;10
4855;9593;64516;SVAC;10
4856;9593;65270;SVAC;10
4857;9593;65847;SVAC;10
4858;9593;66205;SVAC;10
4859;9593;66608;SVAC;10
4860;9593;66908;SVAC;10
4861;9593;68020;SVAC;10
4862;9593;69229;SVAC;10
4863;9593;69850;SVAC;10
4864;9593;71400;SVAC;10
4865;9593;73200;SVAC;10
4866;9593;74790;SVAC;10
4867;9593;75631;SVAC;10
4868;9593;75931;SVAC;10
4869;9593;76545;SVAC;10
4870;9593;77038;SVAC;10
4871;9593;77283;SVAC;10
4872;9593;77765;SVAC;10
4873;9593;78670;SVAC;10
4874;9593;79165;SVAC;10
4875;9593;79431;SVAC;10
4876;9593;79731;SVAC;10
4877;9593;80556;SVAC;10
4878;9593;82050;SVAC;10
4879;9593;83604;SVAC;10
4880;9593;84924;SVAC;10
4881;9593;86250;SVAC;10
4882;9593;86880;SVAC;10
4883;9593;87450;SVAC;10
4884;9593;87727;SVAC;10
4885;9593;88250;SVAC;10
4886;9593;88504;SVAC;10
4887;9593;89000;SVAC;10
4888;9593;89400;SVAC;10
4889;9593;90320;SVAC;10
4890;9593;90740;SVAC;10
4891;9593;91855;SVAC;10
4892;9593;92150;SVAC;10
4893;9593;92385;SVAC;10
4894;9593;92771;SVAC;10
4895;9593;93752;SVAC;10
4896;9593;95320;SVAC;10
4897;9593;96830;SVAC;10
4898;9593;98262;SVAC;10
4899;9593;98680;SVAC;10
4900;9593;99847;SVAC;10
4901;9593;100270;SVAC;10
4902;9593;101380;SVAC;10
4903;9593;102440;SVAC;10
4904;9593;102950;SVAC;10
4905;9593;103229;SVAC;10
4906;9593;103607;SVAC;10
4907;9593;104008;SVAC;10
4908;9593;104450;SVAC;10
4909;9593;105445;SVAC;10
4910;9593;105745;SVAC;10
4911;9593;106081;SVAC;10
4912;9593;107150;SVAC;10
4913;9593;108300;SVAC;10
4914;9594;1538;SVAC;10
4915;9594;1691;SVAC;10
4916;9594;2420;SVAC;10
4917;9594;3669;SVAC;10
4918;9594;4859;SVAC;10
4919;9594;5480;SVAC;10
4920;9594;5908;SVAC;10
4921;9594;6791;SVAC;10
4922;9594;7270;SVAC;10
4923;9594;7755;SVAC;10
4924;9594;8280;SVAC;10
4925;9594;8645;SVAC;10
4926;9594;9047;SVAC;10
4927;9594;9339;SVAC;10
4928;9594;9509;SVAC;10
4929;9594;9691;SVAC;10
4930;9594;9849;SVAC;10
4931;9594;10181;SVAC;10
4932;9594;10650;SVAC;10
4933;9594;10879;SVAC;10
4934;9594;11350;SVAC;10
4935;9594;11764;SVAC;10
4936;9594;12723;SVAC;10
4937;9594;13280;SVAC;10
4938;9594;13742;SVAC;10
4939;9594;14761;SVAC;10
4940;9594;15733;SVAC;10
4941;9598;9186;JI;0
4942;9599;9285;JI;0
4943;9598;9276;JI;0
4944;9598;9367;SVAC;10
4945;960;18681;JI;0
4946;9598;9707;JI;0
4947;9598;9817;JI;0
4948;9598;9899;JI;0
4949;9599;9990;JI;0
4950;960;19585;JI;0
4951;9600;9317;JI;0
4952;960;20419;JI;0
4953;9601;9626;JI;0
4954;9599;9412;SVAC;10
4955;9599;9863;SVAC;10
4956;9594;16650;SVAC;10
4957;9594;17125;SVAC;10
4958;9594;17568;SVAC;10
4959;9594;18477;SVAC;10
4960;9594;19376;SVAC;10
4961;9594;19830;SVAC;10
4962;9594;20310;SVAC;10
4963;9594;20610;SVAC;10
4964;9594;20880;SVAC;10
4965;9594;21200;SVAC;10
4966;9594;22120;SVAC;10
4967;9594;22396;SVAC;10
4968;9594;23072;SVAC;10
4969;9594;23400;SVAC;10
4970;9594;24091;SVAC;10
4971;9594;24400;SVAC;10
4972;9594;25120;SVAC;10
4973;9594;25606;SVAC;10
4974;9594;26273;SVAC;10
4975;9594;26829;SVAC;10
4976;9594;27260;SVAC;10
4977;9594;28339;SVAC;10
4978;9594;29304;SVAC;10
4979;9594;29723;SVAC;10
4980;9594;30196;SVAC;10
4981;9594;31095;SVAC;10
4982;9594;32000;SVAC;10
4983;9594;32418;SVAC;10
4984;9594;33000;SVAC;10
4985;9594;33834;SVAC;10
4986;9594;34654;SVAC;10
4987;9594;34959;SVAC;10
4988;9594;35328;SVAC;10
4989;9594;35550;SVAC;10
4990;9594;36485;SVAC;10
4991;9594;36964;SVAC;10
4992;9594;37252;SVAC;10
4993;9594;37518;SVAC;10
4994;9594;37980;SVAC;10
4995;9594;38486;SVAC;10
4996;9594;39479;SVAC;10
4997;9594;39906;SVAC;10
4998;9594;40201;SVAC;10
4999;9594;40400;SVAC;10
5000;9594;40890;SVAC;10
5001;9594;41118;SVAC;10
5002;9594;41362;SVAC;10
5003;9594;41799;SVAC;10
5004;9594;42082;SVAC;10
5005;9594;42590;SVAC;10
5006;9594;42833;SVAC;10
5007;9594;43133;SVAC;10
5008;9594;43848;SVAC;10
5009;9594;44500;SVAC;10
5010;9594;45422;SVAC;10
5011;9594;47365;SVAC;10
5012;9594;48200;SVAC;10
5013;9594;49100;SVAC;10
5014;9594;50702;SVAC;10
5015;9594;51250;SVAC;10
5016;9594;52270;SVAC;10
5017;9594;52575;SVAC;10
5018;9594;52864;SVAC;10
5019;9594;53995;SVAC;10
5020;9594;55219;SVAC;10
5021;9594;55580;SVAC;10
5022;9594;56905;SVAC;10
5023;9594;58703;SVAC;10
5024;9594;59690;SVAC;10
5025;9594;60530;SVAC;10
5026;9594;61720;SVAC;10
5027;9594;62990;SVAC;10
5028;9594;64512;SVAC;10
5029;9594;65639;SVAC;10
5030;9594;66146;SVAC;10
5031;9594;66516;SVAC;10
5032;9594;66816;SVAC;10
5033;9594;67180;SVAC;10
5034;9594;68000;SVAC;10
5035;9594;69231;SVAC;10
5036;9594;70730;SVAC;10
5037;9594;72155;SVAC;10
5038;9594;73020;SVAC;10
5039;9594;73416;SVAC;10
5040;9594;74622;SVAC;10
5041;9594;75538;SVAC;10
5042;9594;75839;SVAC;10
5043;9594;76270;SVAC;10
5044;9594;77038;SVAC;10
5045;9594;77283;SVAC;10
5046;9594;77710;SVAC;10
5047;9594;78364;SVAC;10
5048;9594;79267;SVAC;10
5049;9594;79525;SVAC;10
5050;9594;79822;SVAC;10
5051;9594;80830;SVAC;10
5052;9594;82320;SVAC;10
5053;9594;83705;SVAC;10
5054;9594;85351;SVAC;10
5055;9594;87018;SVAC;10
5056;9594;88260;SVAC;10
5057;9594;88585;SVAC;10
5058;9594;88900;SVAC;10
5059;9594;90365;SVAC;10
5060;9594;91972;SVAC;10
5061;9594;92405;SVAC;10
5062;9594;92783;SVAC;10
5063;9594;93464;SVAC;10
5064;9594;94210;SVAC;10
5065;9594;94990;SVAC;10
5066;9594;96661;SVAC;10
5067;9594;98221;SVAC;10
5068;9594;99684;SVAC;10
5069;9594;100600;SVAC;10
5070;9594;101129;SVAC;10
5071;9594;102635;SVAC;10
5072;9594;103319;SVAC;10
5073;9594;103914;SVAC;10
5074;9594;104637;SVAC;10
5075;9594;105220;SVAC;10
5076;9594;105621;SVAC;10
5077;9594;105893;SVAC;10
5078;9594;106230;SVAC;10
5079;9594;107200;SVAC;10
5080;9594;107675;SVAC;10
5081;9594;108300;SVAC;10
5082;9605;25722;JI;0
5083;9606;26158;JI;0
5084;9609;35134;JI;0
5085;9609;35317;SVAC;10
5086;9609;35742;JI;0
5087;9612;35406;JI;0
5088;9613;35546;JI;0
5089;9609;36050;SVAC;10
5090;9607;35355;JI;0
5091;9607;35746;SVAC;10
5092;9607;36036;SVAC;10
5093;9607;36206;JI;0
5094;9615;36126;JI;0
5095;9607;36330;SVAC;10
5096;9607;36823;SVAC;10
5097;9607;37018;SVAC;10
5098;9607;37264;JI;0
5099;9608;37108;JI;0
5100;9618;37401;JI;0
5101;9608;35754;JI;0
5102;9608;35976;SVAC;10
5103;9608;36271;SVAC;10
5104;9616;36256;JI;0
5105;9616;36381;JI;0
5106;9608;36446;SVAC;10
5107;9608;36795;SVAC;10
5108;9608;36981;SVAC;10
5109;9617;36996;JI;0
5110;9611;35238;JI;0
5111;9611;35447;JI;0
5112;9611;35631;JI;0
5113;9611;35875;SVAC;10
5114;9610;35824;JI;0
5115;9611;36030;SVAC;10
5116;9611;36225;JI;0
5117;9619;36212;JI;0
5118;9611;36338;SVAC;10
5119;9611;36795;JI;0
5120;9611;36891;JI;0
5121;9611;37054;JI;0
5122;9619;36926;JI;0
5123;9610;36034;SVAC;10
5124;9619;36344;JI;0
5125;9619;36573;JI;0
5126;9619;36625;SVAC;10
5127;9619;36794;SVAC;10
5128;9620;52373;JI;0
5129;9621;52760;JI;0
5130;9622;65743;JI;0
5131;9623;66712;JI;0
5132;9624;75735;JI;0
5133;9626;77213;JI;0
5134;960;21888;JI;0
5135;9626;77355;SVAC;10
5136;9626;77519;SVAC;10
5137;9626;78179;SVAC;10
5138;9626;78380;SVAC;10
5139;9626;79037;SVAC;10
5140;9626;79350;JI;0
5141;9625;77213;JI;0
5142;9625;77342;SVAC;10
5143;9625;77493;SVAC;10
5144;9625;78160;SVAC;10
5145;9625;78314;SVAC;10
5146;9625;79000;SVAC;10
5147;9625;79133;SVAC;10
5148;9625;79257;JI;0
5149;9627;79627;JI;0
5150;9629;88588;JI;0
5151;9629;88678;JI;0
5152;9629;88818;SVAC;10
5153;9629;89143;SVAC;10
5154;9629;89312;INC;0
5155;9629;89478;JI;0
5156;9629;89640;JI;0
5157;9628;88409;JI;0
5158;9628;88543;JI;0
5159;9628;88725;SVAC;10
5160;9628;89090;SVAC;10
5161;9628;89254;SVAC;10
5162;9628;89477;SVAC;10
5163;9628;89640;SVAC;10
5164;9628;92445;JI;0
5165;9628;92194;SVAC;10
5166;9628;91654;SVAC;10
5167;9630;39906;JI;0
5168;9630;39276;SVAC;10
5169;9630;38837;SVAC;10
5170;9630;38312;SVAC;10
5171;9630;37516;SVAC;10
5172;9630;37356;SVAC;10
5173;9630;36725;SVAC;10
5174;9630;36491;SVAC;10
5175;9630;36316;JI;0
5176;9630;35961;SVAC;10
5177;9631;39900;JI;0
5178;9631;38995;SVAC;10
5179;9631;38400;SVAC;10
5180;9631;37686;SVAC;10
5181;9631;37516;SVAC;10
5182;9631;37200;SVAC;10
5183;9631;36725;JI;0
5184;9632;40695;JI;0
5185;9634;41292;JI;0
5186;9634;41451;SVAC;10
5187;9634;41620;SVAC;10
5188;9634;42365;SVAC;10
5189;9634;42518;SVAC;10
5190;9634;42660;JI;0
5191;9633;41292;JI;0
5192;9633;41421;SVAC;10
5193;9633;41588;SVAC;10
5194;9633;42080;SVAC;10
5195;9633;42255;SVAC;10
5196;9633;42431;SVAC;10
5197;9633;42567;JI;0
5198;9635;42937;JI;0
5199;9628;91437;SVAC;10
5200;9628;91342;JI;0
5201;9629;92448;JI;0
5202;9629;92198;SVAC;10
5203;9629;92028;SVAC;10
5204;9629;91658;SVAC;10
5205;9629;91489;SVAC;10
5206;9629;91353;SVAC;10
5207;9636;103423;JI;0
5208;9637;103810;JI;0
5209;9638;7537;SVAC;10
5210;9638;7794;SVAC;10
5211;9639;7492;SVAC;10
5212;9639;7850;SVAC;10
5213;9638;8019;SVAC;10
5214;9584;8366;SVAC;10
5215;9584;8746;SVAC;10
5216;9584;8967;SVAC;10
5217;9584;9227;SVAC;10
5218;9584;9388;SVAC;10
5219;9584;9540;SVAC;10
5220;9584;9751;SVAC;10
5221;9584;9992;JI;0
5222;9583;11057;SVAC;10
5223;9639;8013;JI;0
5224;9583;7930;SVAC;10
5225;9583;8366;SVAC;10
5226;9583;8746;SVAC;10
5227;9583;8888;SVAC;10
5228;9583;9093;SVAC;10
5229;9583;9235;SVAC;10
5230;9583;9482;SVAC;10
5231;9583;9708;JI;0
5232;9583;10043;JI;0
5233;9583;10179;SVAC;10
5234;9583;10483;SVAC;10
5235;9583;10925;SVAC;10
5236;9640;10980;JI;0
5237;9640;10833;JI;0
5238;9641;10107;JI;0
5239;9641;10024;JI;0
5240;9642;9517;JI;0
5241;9681;9988;JI;0
5242;9681;9827;JI;0
5243;9681;9741;JI;0
5244;9681;9534;SVAC;10
5245;9678;9681;JI;0
5246;9680;9860;JI;0
5247;9680;9789;JI;0
5248;9680;9655;SVAC;10
5249;9679;9859;JI;0
5250;9676;9383;JI;0
5251;9674;9360;JI;0
5252;9677;9248;JI;0
5253;9677;9073;JI;0
5254;9676;9248;JI;0
5255;9676;9079;JI;0
5256;9674;9219;JI;0
5257;9675;9204;SVAC;10
5258;9674;9111;JI;0
5259;9675;9110;SVAC;10
5260;9670;9477;SVAC;10
5261;9672;9552;JI;0
5262;9672;9407;JI;0
5263;9672;9301;SVAC;10
5264;9672;9145;JI;0
5265;9673;9413;JI;0
5266;9673;9301;SVAC;10
5267;9673;9138;JI;0
5268;9670;9296;JI;0
5269;9671;9297;JI;0
5270;9671;9174;JI;0
5271;9670;9176;JI;0
5272;9644;9717;JI;0
5273;9667;9514;JI;0
5274;9668;9528;JI;0
5275;9667;9259;JI;0
5276;9668;9337;JI;0
5277;9669;9337;SVAC;10
5278;9669;9203;JI;0
5279;9658;5661;SVAC;10
5280;9648;5666;JI;0
5281;9668;8739;JI;0
5282;9649;5953;JI;0
5283;9669;8724;SVAC;10
5284;9650;5953;JI;0
5285;9670;8715;SVAC;10
5286;9651;5923;JI;0
5287;9671;8699;JI;0
5288;9652;5947;JI;0
5289;9653;5584;JI;0
5290;9654;5604;SVAC;10
5291;9655;5624;SVAC;10
5292;9656;5641;SVAC;10
5293;9657;5642;JI;0
5294;9658;6012;JI;0
5295;9658;6139;JI;0
5296;9657;5994;JI;0
5297;9657;6154;JI;0
5298;9657;6306;SVAC;10
5299;9643;6408;JI;0
5300;865;387742;CC;15
5301;9643;6477;JI;0
5302;9656;5992;JI;0
5303;9656;6098;JI;0
5304;9655;5974;JI;0
5305;9655;6098;JI;0
5306;9655;6203;JI;0
5307;9654;5954;JI;0
5308;9654;6111;SVAC;10
5309;9653;5934;JI;0
5310;9653;6126;JI;0
5311;9653;6235;JI;0
5312;9653;6288;JI;0
5313;9645;6365;SVAC;10
5314;865;388070;JI;0
5315;9645;6449;JI;0
5316;9652;6063;JI;0
5317;9651;6078;JI;0
5318;9651;6187;JI;0
5319;9650;6082;JI;0
5320;9650;6145;JI;0
5321;9649;6033;JI;0
5322;9649;6089;JI;0
5323;9648;5861;JI;0
5324;9648;6043;JI;0
5325;9649;6273;JI;0
5326;9665;6429;JI;0
5327;9665;6639;JI;0
5328;9665;6794;JI;0
5329;9665;6945;JI;0
5330;9665;7095;JI;0
5331;9665;7222;JI;0
5332;9665;7323;JI;0
5333;9645;6564;JI;0
5334;9645;6661;JI;0
5335;9645;6734;JI;0
5336;9645;6957;SVAC;10
5337;9645;7136;JI;0
5338;9645;7264;SVAC;10
5339;9645;7407;SVAC;10
5340;9645;7516;SVAC;10
5341;9645;7784;SVAC;10
5342;9645;7930;SVAC;10
5343;9643;6646;JI;0
5344;9643;6838;SVAC;10
5345;9643;7029;SVAC;10
5346;9643;7221;SVAC;10
5347;9643;7421;SVAC;10
5348;9643;7640;SVAC;10
5349;9643;7876;SVAC;10
5350;9662;6544;JI;0
5351;9661;6560;JI;0
5352;9660;6841;JI;0
5353;9659;7045;JI;0
5354;9643;8120;SVAC;10
5355;9643;8276;SVAC;10
5356;9643;8674;SVAC;10
5357;9643;8902;SVAC;10
5358;9643;9113;SVAC;10
5359;9643;9504;SVAC;10
5360;9643;9899;JI;0
5361;9645;8126;SVAC;10
5362;9645;8462;SVAC;10
5363;9645;8549;SVAC;10
5364;9645;8787;SVAC;10
5365;9645;8878;SVAC;10
5366;9645;8989;SVAC;10
5367;9645;9147;SVAC;10
5368;9645;9302;SVAC;10
5369;9645;9449;SVAC;10
5370;9645;9791;JI;0
5371;9647;8000;JI;0
5372;9686;8726;JI;0
5373;9687;1739;JI;0
5374;9687;2394;SVAC;10
5375;9687;2518;SVAC;10
5376;9687;3528;JI;0
5377;9687;3883;CC;15
5378;9687;4355;CC;15
5379;9687;5171;CC;15
5380;9687;6283;SVAC;10
5381;9687;8070;SVAC;10
5382;9687;9950;SVAC;10
5383;9687;11650;SVAC;10
5384;9687;13347;SVAC;10
5385;9687;15050;SVAC;10
5386;9687;16750;SVAC;10
5387;9687;18483;SVAC;10
5388;9687;20360;SVAC;10
5389;9687;21783;CC;15
5390;9687;22146;CC;15
5391;9687;23559;SVAC;10
5392;9687;25243;SVAC;10
5393;9687;25836;CC;15
5394;9687;26083;CC;15
5395;9687;26677;CC;15
5396;9687;26922;SVAC;10
5397;9687;27196;CC;15
5398;9687;27442;CC;15
5399;9687;27929;CC;15
5400;9687;29093;SVAC;10
5401;9687;30993;SVAC;10
5402;9687;32828;SVAC;10
5403;9687;34693;SVAC;10
5404;9687;36543;SVAC;10
5405;9687;38393;SVAC;10
5406;9687;40243;SVAC;10
5407;9687;42093;SVAC;10
5408;9687;43943;SVAC;10
5409;9687;45667;SVAC;10
5410;9687;47325;SVAC;10
5411;9687;47975;CC;15
5412;9687;48214;CC;15
5413;9687;48832;CC;15
5414;9687;50175;CC;15
5415;9687;50469;CC;15
5416;9687;51146;CC;15
5417;9687;51478;CC;15
5418;9687;51724;CC;15
5419;9687;52065;CC;15
5420;9687;52404;SVAC;10
5421;9687;52650;CC;15
5422;9687;52980;CC;15
5423;9687;53618;CC;15
5424;9687;54217;SVAC;10
5425;9687;55917;SVAC;10
5426;9687;57799;SVAC;10
5427;9687;59479;SVAC;10
5428;9687;60249;CC;15
5429;9687;61017;SVAC;10
5430;9687;62540;CC;15
5431;9687;62994;CC;15
5432;9687;63615;CC;15
5433;9687;63965;CC;15
5434;9687;64340;CC;15
5435;9687;65940;SVAC;10
5436;9687;66783;CC;15
5437;9687;67617;SVAC;10
5438;9687;69249;SVAC;10
5439;9687;70975;SVAC;10
5440;9687;72684;SVAC;10
5441;9687;74567;SVAC;10
5442;9687;76511;SVAC;10
5443;9687;78367;SVAC;10
5444;9687;80271;SVAC;10
5445;9687;82067;SVAC;10
5446;9687;83817;SVAC;10
5447;9687;85717;SVAC;10
5448;9687;87367;SVAC;10
5449;9687;89157;SVAC;10
5450;9687;91049;SVAC;10
5451;9687;92683;SVAC;10
5452;9687;94282;SVAC;10
5453;9687;96117;SVAC;10
5454;9687;97940;SVAC;10
5455;9687;98490;CC;15
5456;9687;99298;CC;15
5457;9687;99542;CC;15
5458;9687;99924;SVAC;10
5459;9687;101879;SVAC;10
5460;9687;103583;SVAC;10
5461;9687;104958;SVAC;10
5462;9687;105983;CC;15
5463;9687;106358;CC;15
5464;9687;107543;SVAC;10
5465;9687;108867;SVAC;10
5466;9687;110295;SVAC;10
5467;9687;111143;CC;15
5468;9687;111659;SVAC;10
5469;9687;113118;SVAC;10
5470;9687;114764;SVAC;10
5471;9687;116217;CC;15
5472;9687;116763;SVAC;10
5473;9687;118253;SVAC;10
5474;9687;119837;SVAC;10
5475;9687;121613;SVAC;10
5476;9687;123211;CC;15
5477;9687;123600;CC;15
5478;9687;125017;SVAC;10
5479;9687;126711;SVAC;10
5480;9687;128461;SVAC;10
5481;9687;130157;SVAC;10
5482;9687;132005;SVAC;10
5483;9687;132685;CC;15
5484;9687;133015;CC;15
5485;9687;133575;CC;15
5486;9687;133817;CC;15
5487;9687;134701;CC;15
5488;9687;135028;CC;15
5489;9687;135695;SVAC;10
5490;9687;137449;SVAC;10
5491;9689;1382;SVAC;10
5492;9689;1507;SVAC;10
5493;9689;2211;JI;0
5494;9688;763;JI;0
5495;9688;1300;SVAC;10
5496;9688;2433;SVAC;10
5497;9688;2612;SVAC;10
5498;9688;3528;JI;0
5499;9688;4469;CC;15
5500;9688;5171;CC;15
5501;9688;6319;SVAC;10
5502;9688;8070;SVAC;10
5503;9688;9950;SVAC;10
5504;9688;11650;SVAC;10
5505;9688;13347;SVAC;10
5506;9688;15050;SVAC;10
5507;9688;16750;SVAC;10
5508;9688;18483;SVAC;10
5509;9688;20083;SVAC;10
5510;9688;21017;CC;15
5511;9688;21685;SVAC;10
5512;9688;23544;SVAC;10
5513;9688;25243;SVAC;10
5514;9688;26085;CC;15
5515;9688;26423;CC;15
5516;9688;26920;CC;15
5517;9688;27196;CC;15
5518;9688;27696;CC;15
5519;9688;28034;CC;15
5520;9688;28725;SVAC;10
5521;9688;30437;SVAC;10
5522;9688;32185;SVAC;10
5523;9688;32843;CC;15
5524;9688;33963;SVAC;10
5525;9688;35715;SVAC;10
5526;9688;37265;SVAC;10
5527;9688;39015;SVAC;10
5528;9688;40765;SVAC;10
5529;9688;42467;SVAC;10
5530;9688;44177;SVAC;10
5531;9688;45757;SVAC;10
5532;9688;47375;CC;15
5533;9688;47738;CC;15
5534;9688;48107;CC;15
5535;9688;48522;CC;15
5536;9688;48938;CC;15
5537;9688;50175;CC;15
5538;9688;50625;CC;15
5539;9688;51146;CC;15
5540;9688;51475;CC;15
5541;9688;51724;CC;15
5542;9688;52065;CC;15
5543;9688;52404;SVAC;10
5544;9688;52650;CC;15
5545;9688;52980;CC;15
5546;9688;53618;CC;15
5547;9688;54217;CC;15
5548;9688;55153;SVAC;10
5549;9688;56325;CC;15
5550;9688;56833;CC;15
5551;9688;57284;CC;15
5552;9688;58525;SVAC;10
5553;9688;60455;SVAC;10
5554;9688;62483;SVAC;10
5555;9688;62889;CC;15
5556;9688;63304;CC;15
5557;9688;63719;CC;15
5558;9688;64341;SVAC;10
5559;9688;66044;SVAC;10
5560;9688;67521;CC;15
5561;9688;67855;CC;15
5562;9688;69249;SVAC;10
5563;9688;70975;SVAC;10
5564;9688;72684;SVAC;10
5565;9688;74567;SVAC;10
5566;9688;76511;SVAC;10
5567;9688;78367;SVAC;10
5568;9688;80271;SVAC;10
5569;9688;82067;SVAC;10
5570;9688;83817;SVAC;10
5571;9688;85717;SVAC;10
5572;9688;87367;SVAC;10
5573;9688;89157;SVAC;10
5574;9688;91049;SVAC;10
5575;9688;92683;SVAC;10
5576;9688;94282;SVAC;10
5577;9688;96117;SVAC;10
5578;9688;97940;SVAC;10
5579;9688;98490;CC;15
5580;9688;98986;CC;15
5581;9688;99406;CC;15
5582;9688;100146;SVAC;10
5583;9688;101879;SVAC;10
5584;9688;103583;SVAC;10
5585;9688;105979;SVAC;10
5586;9688;107543;SVAC;10
5587;9688;108867;SVAC;10
5588;9688;111143;SVAC;10
5589;9688;113118;SVAC;10
5590;9688;114764;SVAC;10
5591;9688;116217;CC;15
5592;9688;116763;SVAC;10
5593;9688;118253;SVAC;10
5594;9688;119837;SVAC;10
5595;9688;121613;SVAC;10
5596;9688;123211;CC;15
5597;9688;123600;CC;15
5598;9688;125017;SVAC;10
5599;9688;126711;SVAC;10
5600;9688;128461;SVAC;10
5601;9688;130157;SVAC;10
5602;9688;132005;SVAC;10
5603;9688;132685;CC;15
5604;9688;133015;CC;15
5605;9688;133575;CC;15
5606;9688;133817;CC;15
5607;9688;134701;CC;15
5608;9688;135028;CC;15
5609;9688;135695;SVAC;10
5610;9688;137449;SVAC;10
5611;9690;1382;SVAC;10
5612;9690;1507;SVAC;10
5613;9690;2211;JI;0
5614;9691;26306;JI;0
5615;9694;27813;JI;0
5616;9695;48328;JI;0
5617;9696;48717;JI;0
5618;9699;51461;JI;0
5619;9698;51458;JI;0
5620;9699;52667;JI;0
5621;9698;52667;JI;0
5622;9703;2527;JI;0
5623;9704;63110;JI;0
5624;9705;63498;JI;0
5625;9706;98792;JI;0
5626;9707;99180;JI;0
5627;9708;132926;JI;0
5628;9709;132926;JI;0
5629;9708;134790;JI;0
5630;9709;134790;JI;0
5631;9583;60588;SVAC;10
5632;9583;60877;JI;0
5633;9714;60945;JI;0
5634;9714;61127;SVAC;10
5635;9714;61361;SVAC;10
5636;9714;61745;SVAC;10
5637;9714;61900;SVAC;10
5638;9714;62140;SVAC;10
5639;9714;62561;SVAC;10
5640;9714;62750;SVAC;10
5641;9714;62871;JI;0
5642;9714;63000;SVAC;10
5643;9714;63440;SVAC;10
5644;9714;63631;SVAC;10
5645;9714;63734;SVAC;10
5646;9714;63972;SVAC;10
5647;9714;64144;SVAC;10
5648;9714;64312;SVAC;10
5649;9714;64524;SVAC;10
5650;9714;64662;SVAC;10
5651;9714;64854;SVAC;10
5652;9714;65009;SVAC;10
5653;9714;65101;SVAC;10
5654;9714;65344;SVAC;10
5655;9714;65476;SVAC;10
5656;9714;65604;SVAC;10
5657;9714;65859;SVAC;10
5658;9714;66114;SVAC;10
5659;9714;66252;SVAC;10
5660;9714;66397;JI;0
5661;9714;66538;SVAC;10
5662;9714;66637;SVAC;10
5663;9714;66776;JI;0
5664;9583;61016;SVAC;10
5665;9583;61577;SVAC;10
5667;9716;61825;JI;0
5668;9716;62048;SVAC;10
5669;9716;62235;SVAC;10
5670;9716;62436;SVAC;10
5671;9716;62585;SVAC;10
5672;9716;62754;SVAC;10
5673;9716;62945;SVAC;10
5674;9716;63305;SVAC;10
5675;9716;63487;SVAC;10
5676;9716;63642;SVAC;10
5677;9716;63780;SVAC;10
5678;9716;64025;SVAC;10
5679;9717;63870;JI;0
5680;9716;64142;SVAC;10
5681;9716;64259;JI;0
5682;9716;64360;SVAC;10
5683;9716;64477;SVAC;10
5684;9716;64690;SVAC;10
5685;9716;65019;SVAC;10
5686;9716;65149;SVAC;10
5687;9716;65341;JI;0
5688;9718;65226;JI;0
5689;9716;65488;SVAC;10
5690;9716;65598;SVAC;10
5691;9716;65840;SVAC;10
5692;9716;66082;SVAC;10
5693;9716;66324;SVAC;10
5694;9716;66474;JI;0
5695;9719;66469;JI;0
5696;9719;66607;SVAC;10
5697;9719;66829;SVAC;10
5698;9719;66972;JI;0
5699;9719;67085;JI;0
5700;9720;67000;JI;0
5701;9720;66939;JI;0
5702;9716;66612;JI;0
5703;9716;66755;SVAC;10
5704;9716;66846;JI;0
5705;9732;66527;JI;0
5706;9733;66695;JI;0
5707;9723;67289;JI;0
5708;9722;67289;JI;0
5709;9723;67410;JI;0
5710;9735;63518;SVAC;10
5711;9722;67409;SVAC;10
5712;9734;63514;SVAC;10
5713;9727;67053;SVAC;10
5714;9725;67038;JI;0
5715;9725;67157;JI;0
5716;9724;67173;SVAC;10
5717;9724;67303;SVAC;10
5718;9724;67450;JI;0
5719;9736;63538;SVAC;10
5720;9725;67472;JI;0
5721;9737;63542;SVAC;10
5722;9727;67214;JI;0
5723;9726;67229;JI;0
5724;9726;67477;JI;0
5725;9738;63547;SVAC;10
5726;9727;67479;JI;0
5727;9739;63552;SVAC;10
5728;9714;66921;JI;0
5729;9728;67030;JI;0
5730;9730;67048;JI;0
5731;9728;67151;JI;0
5732;9729;67165;SVAC;10
5733;9728;67449;JI;0
5734;9740;63592;SVAC;10
5735;9729;67447;JI;0
5736;9741;63595;SVAC;10
5737;9730;67165;JI;0
5738;9746;67005;JI;0
5739;9730;67276;JI;0
5740;9731;67277;JI;0
5741;9730;67455;JI;0
5742;9742;63601;JI;0
5743;9731;67458;SVAC;10
5744;9743;63604;JI;0
5745;9747;65069;JI;0
5746;9747;65922;JI;0
5747;9747;66241;JI;0
5748;9748;66272;JI;0
5749;9746;66388;SVAC;10
5750;9746;66869;SVAC;10
5751;9584;60740;SVAC;10
5752;9584;60895;JI;0
5753;9584;61014;JI;0
5754;9584;61162;JI;0
5755;9745;60987;JI;0
5756;9744;61266;SVAC;10
5757;9744;61406;SVAC;10
5758;9744;61660;SVAC;10
5759;9749;61480;JI;0
5760;9744;61796;SVAC;10
5761;9744;61874;SVAC;10
5762;9744;62032;SVAC;10
5763;9744;62205;JI;0
5764;9750;62165;JI;0
5765;9744;62323;JI;0
5766;9735;62356;JI;0
5767;9739;62490;JI;0
5768;9745;61127;SVAC;10
5769;9745;61288;SVAC;10
5770;9745;61480;JI;0
5771;9745;61617;SVAC;10
5772;9745;61853;SVAC;10
5773;9745;61925;SVAC;10
5774;9745;62093;SVAC;10
5775;9745;62255;JI;0
5776;9745;62355;JI;0
5777;9740;62487;SVAC;10
5778;9735;62491;JI;0
5779;9735;62676;JI;0
5780;9735;62831;JI;0
5781;9734;62831;JI;0
5782;9734;62896;SVAC;10
5783;9734;63050;JI;0
5784;9735;62891;SVAC;10
5785;9735;63050;JI;0
5786;9739;62657;JI;0
5787;9737;62672;JI;0
5788;9737;62832;JI;0
5789;9736;62923;SVAC;10
5790;9736;63098;JI;0
5791;9737;62918;SVAC;10
5792;9737;63101;JI;0
5793;9739;62774;JI;0
5794;9738;62787;JI;0
5795;9738;62958;SVAC;10
5796;9738;63104;JI;0
5797;9739;62955;SVAC;10
5798;9739;63109;JI;0
5799;9740;62614;SVAC;10
5800;9740;62757;SVAC;10
5801;9742;62748;JI;0
5802;9740;62900;JI;0
5803;9741;62943;JI;0
5804;9740;63003;SVAC;10
5805;9740;63151;JI;0
5806;9741;63004;JI;0
5807;9741;63153;JI;0
5808;9742;62835;SVAC;10
5809;9742;63013;JI;0
5810;9743;63013;JI;0
5811;9742;63160;JI;0
5812;9743;63163;JI;0
5813;9751;60721;JI;0
5814;9751;60800;SVAC;10
5815;9752;60681;JI;0
5816;9751;60880;JI;0
5817;9753;60919;JI;0
5818;9754;62341;JI;0
5819;9754;62469;JI;0
5820;9755;62217;JI;0
5821;9755;62403;SVAC;10
5822;9755;62737;SVAC;10
5823;9755;63292;JI;0
5824;9755;63504;JI;0
5825;9699;51678;SVAC;10
5826;9697;51508;JI;0
5827;9699;51970;JI;0
5828;9699;52240;SVAC;10
5829;9698;51678;SVAC;10
5830;9698;51970;JI;0
5831;9698;52240;SVAC;10
5832;9700;155;JI;0
5833;9700;514;JI;0
5834;9700;684;JI;0
5835;9700;802;SVAC;10
5836;9700;2000;SVAC;10
5837;9700;2574;JI;0
5838;9708;133235;SVAC;10
5839;9710;133185;JI;0
5840;9708;133585;SVAC;10
5841;9711;133342;JI;0
5842;9708;133883;SVAC;10
5843;9708;134124;SVAC;10
5844;9708;134374;JI;0
5845;9712;134373;JI;0
5846;9708;134529;JI;0
5847;9713;134530;JI;0
5848;9709;133186;JI;0
5849;9711;133185;JI;0
5850;9709;133341;JI;0
5851;9709;133585;SVAC;10
5852;9710;133342;JI;0
5853;9709;133883;SVAC;10
5854;9709;134124;SVAC;10
5855;9709;134481;SVAC;10
5856;9713;134373;JI;0
5857;9712;134530;JI;0
5858;9757;64871;JI;0
5859;9756;64703;JI;0
5860;9756;64845;JI;0
5861;8803;298768;CC;15
5862;8803;299122;CC;15
5863;9703;2359;SVAC;10
5864;9703;2235;SVAC;10
5865;9703;1971;SVAC;10
5866;9703;1843;JI;0
5867;9693;26626;CC;15
5868;9693;26689;CC;15
5869;9758;98395;CC;15
5870;9758;98544;CC;15
5871;8802;297334;CC;15
5872;8802;297759;CC;15
5873;8802;298631;CC;15
5874;8802;299250;CC;15
5875;8802;299594;CC;15
5877;9127;247;JI;0
5878;9127;697;SVAC;10
5879;9127;821;SVAC;10
5880;9127;1133;SVAC;10
5881;9127;2014;SVAC;10
5882;9127;2315;SVAC;10
5883;9127;2619;SVAC;10
5884;9127;2876;SVAC;10
5885;9127;3041;SVAC;10
5886;9127;3566;JI;0
5887;9126;754;SVAC;10
5888;9126;878;SVAC;10
5889;9126;1774;SVAC;10
5890;9126;2022;SVAC;10
5891;9126;2589;SVAC;10
5892;9759;2163;CC;15
5893;9760;2467;CC;15
5894;9126;2791;SVAC;10
5895;9126;3559;SVAC;10
5896;9126;4375;JI;0
5897;8803;297012;CC;15
5898;8803;297759;CC;15
5899;9126;5033;CC;15
5900;9127;4130;CC;15
5901;521;216712;SVAC;10
5902;521;215925;JI;0
5903;8802;303667;SVAC;10
5904;8802;304531;CC;15
5905;8802;305115;CC;15
5906;8802;302128;SVAC;10
5907;8802;305778;CC;15
5908;8802;306107;CC;15
5909;8802;306719;CC;15
5910;8802;306958;CC;15
5911;8802;307261;CC;15
5912;8802;307877;CC;15
5913;8802;308128;CC;15
5914;8802;308578;CC;15
5915;8802;309075;CC;15
5916;8802;310152;SVAC;10
5917;8802;311910;SVAC;10
5918;8802;313342;SVAC;10
5919;8802;314467;SVAC;10
5920;8802;315592;SVAC;10
5921;8802;317024;SVAC;10
5922;8802;318843;SVAC;10
5923;8802;320230;SVAC;10
5924;8802;321716;SVAC;10
5925;8802;323127;SVAC;10
5926;8802;324657;SVAC;10
5927;8802;326327;SVAC;10
5928;8802;328151;SVAC;10
5929;8802;329935;SVAC;10
5930;8802;330697;CC;15
5931;8802;331113;CC;15
5932;8802;331530;CC;15
5933;8802;332140;SVAC;10
5934;8802;333617;SVAC;10
5935;8802;335055;SVAC;10
5936;8802;336590;SVAC;10
5937;8802;338125;SVAC;10
5938;8802;339674;SVAC;10
5939;8803;306582;CC;15
5940;8803;307154;CC;15
5941;8803;307570;CC;15
5942;8803;307986;CC;15
5943;8803;308336;CC;15
5944;8803;308889;SVAC;10
5945;8803;310458;SVAC;10
5946;8803;311832;SVAC;10
5947;8803;313527;SVAC;10
5948;8803;314773;SVAC;10
5949;8803;316346;SVAC;10
5950;8803;317734;SVAC;10
5951;8803;319403;SVAC;10
5952;8803;321173;SVAC;10
5953;8803;322820;SVAC;10
5954;8803;324455;SVAC;10
5955;8803;326010;SVAC;10
5956;8803;327372;SVAC;10
5957;8803;328017;CC;15
5958;8803;328779;SVAC;10
5959;8803;330204;SVAC;10
5960;8803;330804;CC;15
5961;8803;331530;CC;15
5962;8803;331780;CC;15
5963;8803;332112;CC;15
5964;8803;333759;SVAC;10
5965;8803;335464;SVAC;10
5966;8803;337115;SVAC;10
5967;8803;338732;SVAC;10
5968;8802;341284;SVAC;10
5969;8803;340328;SVAC;10
5970;8803;341981;SVAC;10
5971;8802;342827;SVAC;10
5972;8802;343286;CC;15
5973;8803;343593;SVAC;10
5974;8802;344352;SVAC;10
5975;8803;345163;SVAC;10
5976;8802;345293;CC;15
5977;8802;345910;SVAC;10
5978;8803;346863;SVAC;10
5979;8802;347427;SVAC;10
5980;8803;348563;SVAC;10
5981;8802;349042;SVAC;10
5982;8803;350118;SVAC;10
5983;8802;350717;SVAC;10
5984;8802;352267;SVAC;10
5985;8803;351117;CC;15
5986;8803;352007;SVAC;10
5987;8802;352983;CC;15
5988;8803;353509;SVAC;10
5989;8803;354029;SVAC;10
5990;8802;354237;SVAC;10
5991;8803;355550;SVAC;10
5992;8802;355690;SVAC;10
5993;8803;356874;CC;15
5994;8802;356980;CC;15
5995;8803;357210;CC;15
5996;8802;357489;CC;15
5997;8802;357739;CC;15
5998;8803;357739;CC;15
5999;8802;358003;CC;15
6000;8803;358003;CC;15
6001;8802;358253;CC;15
6002;8803;358532;CC;15
6003;8802;358891;CC;15
6004;8803;358891;CC;15
6005;8803;359205;SVAC;10
6006;8802;359737;SVAC;10
6007;8803;360764;CC;15
6008;8803;361046;CC;15
6009;8802;361205;CC;15
6010;8802;361433;CC;15
6011;8803;361379;CC;15
6012;8802;361765;CC;15
6013;8803;362393;SVAC;10
6014;8802;362767;SVAC;10
6015;8803;363963;SVAC;10
6016;8802;364286;SVAC;10
6017;8802;365933;SVAC;10
6018;8803;365391;CC;15
6019;8803;365667;CC;15
6020;8802;367332;SVAC;10
6021;8803;367113;SVAC;10
6022;8802;368185;CC;15
6023;8802;368849;SVAC;10
6024;8803;368713;SVAC;10
6025;8802;370362;SVAC;10
6026;8803;370430;SVAC;10
6027;8803;370834;CC;15
6028;8802;371887;CC;15
6029;8803;372349;SVAC;10
6030;8802;372283;CC;15
6031;8803;373864;SVAC;10
6032;8802;373877;SVAC;10
6033;8802;374680;SVAC;10
6034;8802;376022;SVAC;10
6035;8803;374680;CC;15
6036;8803;375394;SVAC;10
6037;8803;376930;SVAC;10
6038;8802;376750;SVAC;10
6039;8803;377700;CC;15
6040;8802;378335;SVAC;10
6041;8803;378454;CC;15
6042;8803;378957;CC;15
6043;8802;379099;CC;15
6044;8803;379209;CC;15
6045;8802;379518;CC;15
6046;8803;379867;CC;15
6047;8802;379936;CC;15
6048;8802;380163;CC;15
6049;8803;380237;SVAC;10
6050;8802;381760;SVAC;10
6051;8803;381968;SVAC;10
6052;8802;382183;CC;15
6053;8802;383262;CC;15
6054;8802;383783;CC;15
6055;8803;383538;SVAC;10
6056;8803;385183;SVAC;10
6057;8802;384764;CC;15
6058;8802;385403;SVAC;10
6059;8802;386786;CC;15
6060;8803;386733;SVAC;10
6061;8803;387317;CC;15
6062;8802;387133;CC;15
6063;8802;388292;CC;15
6064;8803;388343;CC;15
6065;8802;388818;CC;15
6066;8803;388817;CC;15
6067;8802;389801;SVAC;10
6068;8803;390233;SVAC;10
6069;8802;390932;CC;15
6070;8803;390932;CC;15
6071;8802;391367;CC;15
6072;8802;392683;SVAC;10
6073;8803;391873;CC;15
6074;8803;392587;CC;15
6075;8802;393627;SVAC;10
6076;8803;393423;CC;15
6077;8802;395117;SVAC;10
6078;8803;394117;SVAC;10
6079;8803;395493;SVAC;10
6080;8802;397017;SVAC;10
6081;8803;397013;SVAC;10
6082;8802;398867;SVAC;10
6083;8803;397510;CC;15
6084;8803;398533;CC;15
6085;8803;399257;CC;15
6086;8802;400767;SVAC;10
6087;8803;400056;CC;15
6088;8802;403000;SVAC;10
6089;8803;400897;CC;15
6090;8803;401593;SVAC;10
6091;8803;403117;SVAC;10
6092;8802;403720;CC;15
6093;8803;403720;CC;15
6094;8802;404582;JI;0
6095;8803;404637;JI;0
6096;8802;404700;JI;0
6097;8803;404754;JI;0
6098;8803;306195;CC;15
6099;8803;305275;CC;15
6100;8803;304569;CC;15
6101;8803;303667;CC;15
6102;8803;302646;SVAC;10
6103;8802;300411;SVAC;10
6104;8803;299599;CC;15
6105;9761;3628;JI;0
6106;9761;3158;SVAC;10
6107;9761;3040;SVAC;10
6108;9761;2052;SVAC;10
6109;9761;1934;JI;0
6110;9761;1739;JI;0
6111;9761;1733;JI;0
6112;9762;4195;JI;0
6113;9762;3918;SVAC;10
6114;9762;3800;SVAC;10
6115;9762;2052;SVAC;10
6116;9762;1934;JI;0
6118;9764;1616;JI;0
6119;9764;1218;SVAC;10
6120;9764;1088;SVAC;10
6121;9764;672;JI;0
6122;9764;247;JI;0
6123;9765;1207;JI;0
6124;9765;936;SVAC;10
6125;9765;818;SVAC;10
6126;8803;300339;CC;15
6127;8803;301131;SVAC;10
6128;512;219992;CC;15
6129;183;285504;JI;0
6130;183;285685;CC;15
6131;183;286065;JI;0
6132;183;285842;CC;15
6133;183;286448;JI;0
6139;8803;405850;JI;0
6140;9776;406235;INC;0
6141;112;1258;INC;0
6142;9776;406584;INC;0
6143;9776;407050;INC;0
6144;9776;408011;INC;0
6145;9776;408365;INC;0
6146;505;179291;CC;15
6147;506;179293;CC;15
6148;505;179622;CC;15
6149;9772;618;CC;15
6150;9770;223813;JI;0
6151;9772;819;CC;15
6152;9772;1405;CC;15
6153;9770;224500;SVAC;10
6154;9770;225600;SVAC;10
6155;9770;226543;JI;0
6156;9770;226643;JI;0
6157;9770;227100;JI;0
6158;9770;228100;JI;0
6159;9770;229013;JI;0
6160;9770;229500;JI;0
6161;9779;800;CC;15
6162;9779;1733;CC;15
6163;9779;1977;CC;15
6164;9780;345;CC;15
6165;9780;800;CC;15
6166;9780;1733;CC;15
6167;511;218843;SVAC;10
6168;511;219523;CC;15
6169;511;219989;CC;15
6170;511;221200;SVAC;10
6171;511;222264;SVAC;10
6172;9771;618;SVAC;10
6173;9771;1392;CC;15
6174;9771;2300;SVAC;10
6175;9771;3554;SVAC;10
6176;9772;3554;SVAC;10
6177;9772;2300;SVAC;10
6178;9771;4588;SVAC;10
6179;9771;5624;SVAC;10
6180;9771;6754;SVAC;10
6181;9771;7893;SVAC;10
6182;9771;9687;SVAC;10
6183;9771;11187;SVAC;10
6184;9771;11762;SVAC;10
6185;9772;12725;SVAC;10
6186;9772;11600;SVAC;10
6187;9772;10480;SVAC;10
6188;9772;9405;SVAC;10
6189;9772;8322;CC;15
6190;9772;7991;CC;15
6191;9772;7036;CC;15
6192;9772;6057;SVAC;10
6193;9772;4818;SVAC;10
6194;9771;13712;SVAC;10
6196;8445;2889;JI;0
6197;8445;3137;JI;0
6199;9781;25208;JI;0
6200;8459;25105;CC;15
6201;8459;25434;CC;15
6202;8458;25308;CC;15
6203;8458;26087;CC;15
6204;8458;26254;CC;15
6205;8458;27500;CC;15
6206;8458;28142;JI;0
6207;8458;28178;JI;0
6208;8459;25761;CC;15
6209;8459;26087;CC;15
6210;8459;26322;CC;15
6211;8459;26490;CC;15
6212;8459;28142;SVAC;10
6213;8459;28655;JI;0
6215;9766;236;JI;0
6216;9766;457;CC;15
6217;9766;709;CC;15
6218;9766;993;CC;15
6219;9766;1121;CC;15
6220;9766;2322;JI;0
6221;9766;2515;JI;0
6222;9766;2625;JI;0
6224;9771;14998;CC;15
6225;9771;15680;CC;15
6226;9771;16130;CC;15
6227;9771;16453;CC;15
6228;9771;16884;CC;15
6229;9771;18297;SVAC;10
6230;9771;19500;SVAC;10
6231;9771;20669;CC;15
6232;9772;20334;SVAC;10
6233;9772;18800;SVAC;10
6234;9772;17254;SVAC;10
6235;9772;16167;CC;15
6236;9772;15676;CC;15
6237;9772;14998;CC;15
6238;9772;13900;SVAC;10
6239;9773;2286;JI;0
6240;9773;3280;SVAC;10
6241;9773;4359;CC;15
6242;9773;4762;CC;15
6243;9773;5744;JI;0
6244;9774;4941;JI;0
6245;9774;4228;SVAC;10
6246;9774;2800;SVAC;10
6247;9774;1818;JI;0
6248;9771;21307;CC;15
6249;9771;22169;CC;15
6250;9771;22860;CC;15
6251;9771;24100;SVAC;10
6252;9771;25235;SVAC;10
6253;9772;21201;CC;15
6254;9772;21738;CC;15
6255;9772;22253;CC;15
6256;9772;22874;CC;15
6257;9772;23954;SVAC;10
6258;9772;25033;SVAC;10
6259;9771;32943;SVAC;10
6260;9771;34100;SVAC;10
6261;9771;35051;SVAC;10
6262;9771;36193;CC;15
6263;9771;36613;CC;15
6264;9771;37684;SVAC;10
6265;9771;38890;SVAC;10
6266;9771;39871;CC;15
6267;9771;40488;CC;15
6268;9771;41231;CC;15
6269;9771;41486;CC;15
6270;9771;42120;CC;15
6271;9771;43049;CC;15
6272;9771;44112;CC;15
6273;9771;44483;CC;15
6274;9771;44940;CC;15
6275;9772;44940;CC;15
6276;9772;44580;CC;15
6277;9772;43340;SVAC;10
6278;9772;42120;CC;15
6279;9772;41428;CC;15
6280;9772;40950;CC;15
6281;9772;40488;CC;15
6282;9772;39783;CC;15
6283;9772;39178;SVAC;10
6284;9772;37462;SVAC;10
6285;9772;36674;CC;15
6286;9772;36338;CC;15
6287;9772;35333;SVAC;10
6288;9772;33298;SVAC;10
6290;9771;26400;SVAC;10
6291;9771;27678;SVAC;10
6292;9771;29086;SVAC;10
6293;9771;30403;SVAC;10
6294;9771;31721;SVAC;10
6295;9772;26100;SVAC;10
6296;9772;27283;CC;15
6297;9772;27678;CC;15
6298;9772;29247;SVAC;10
6299;9772;30617;SVAC;10
6300;9772;31283;SVAC;10
6301;9772;33020;SVAC;10
6302;9771;46017;CC;15
6303;9771;46883;CC;15
6304;9771;48012;SVAC;10
6305;9771;49383;CC;15
6306;9771;49963;SVAC;10
6307;9771;51892;SVAC;10
6308;9771;53100;SVAC;10
6309;9771;54192;SVAC;10
6310;9771;55353;SVAC;10
6311;9771;56517;SVAC;10
6312;9772;56517;SVAC;10
6313;9772;55353;SVAC;10
6314;9772;54192;SVAC;10
6315;9772;53000;SVAC;10
6316;9772;51892;SVAC;10
6317;9772;50700;SVAC;10
6318;9772;49497;SVAC;10
6319;9772;48323;SVAC;10
6320;9772;47148;SVAC;10
6321;9772;46016;SVAC;10
6322;9771;57800;SVAC;10
6323;9771;59061;SVAC;10
6324;9771;60487;CC;15
6325;9771;60996;CC;15
6326;9771;61333;CC;15
6327;9771;61593;CC;15
6328;9771;61936;CC;15
6329;9771;62551;SVAC;10
6330;9771;63962;SVAC;10
6331;9771;66017;SVAC;10
6332;9772;66167;SVAC;10
6333;9772;65000;SVAC;10
6334;9772;63962;SVAC;10
6335;9772;62551;CC;15
6336;9772;62215;CC;15
6337;9772;61593;CC;15
6338;9772;61333;CC;15
6339;9772;60717;CC;15
6340;9772;60381;CC;15
6341;9772;58978;SVAC;10
6342;9772;57800;SVAC;10
6343;9771;66583;SVAC;10
6344;9771;68466;SVAC;10
6345;9771;68883;CC;15
6346;9771;70100;SVAC;10
6347;9771;71263;SVAC;10
6348;9771;72400;SVAC;10
6349;9771;73517;SVAC;10
6350;9772;74039;CC;15
6351;9772;73429;SVAC;10
6352;9772;71812;SVAC;10
6353;9772;71267;CC;15
6354;9772;69893;SVAC;10
6355;9772;68617;CC;15
6356;9772;68149;SVAC;10
6357;9771;75459;SVAC;10
6358;9771;76208;SVAC;10
6359;9771;78156;SVAC;10
6360;9771;78912;CC;15
6361;9771;79528;CC;15
6362;9771;80283;CC;15
6363;9771;80660;SVAC;10
6364;9771;82597;SVAC;10
6365;9772;83840;SVAC;10
6366;9772;82469;SVAC;10
6367;9772;80732;SVAC;10
6368;9772;80447;CC;15
6369;9772;79642;CC;15
6370;9772;79220;CC;15
6371;9772;78802;CC;15
6372;9772;78314;CC;15
6373;9772;78062;CC;15
6374;9772;76563;SVAC;10
6375;9772;75407;SVAC;10
6376;9771;82883;SVAC;10
6377;9771;84901;SVAC;10
6378;9771;85965;CC;15
6379;9771;86387;CC;15
6380;9771;86855;CC;15
6381;9771;87253;CC;15
6382;9771;88395;CC;15
6383;9771;89085;CC;15
6384;9772;89175;SVAC;10
6385;9772;88498;CC;15
6386;9772;87253;CC;15
6387;9772;86928;CC;15
6388;9772;86447;CC;15
6389;9772;85770;CC;15
6390;9772;85348;CC;15
6391;9772;84753;CC;15
6392;9784;1067;JI;0
6393;9784;1450;JI;0
6394;9784;1568;SVAC;10
6395;9784;1956;JI;0
6396;9784;2519;SVAC;10
6397;9784;3082;SVAC;10
6398;9784;5014;SVAC;10
6399;9784;5832;JI;0
6400;9785;1208;JI;0
6401;9785;1459;JI;0
6402;9785;1614;SVAC;10
6403;9785;1956;JI;0
6404;9785;2469;SVAC;10
6405;9785;2982;SVAC;10
6406;9785;3638;SVAC;10
6407;9785;4768;SVAC;10
6408;9785;5740;SVAC;10
6409;9785;6448;JI;0
6410;9771;95308;SVAC;10
6411;9771;97283;SVAC;10
6412;9771;97956;SVAC;10
6413;9771;99683;SVAC;10
6414;9771;100221;SVAC;10
6415;9772;101393;SVAC;10
6416;9772;99695;SVAC;10
6417;9772;99241;CC;15
6418;9772;97743;SVAC;10
6419;9772;96900;SVAC;10
6420;9772;95480;CC;15
6421;9772;94972;CC;15
6422;9771;102222;SVAC;10
6423;9771;103417;CC;15
6424;9771;103839;CC;15
6425;9771;104825;SVAC;10
6426;9771;105990;SVAC;10
6427;9771;107201;CC;15
6428;9771;107829;CC;15
6429;9771;108158;CC;15
6430;9771;109375;SVAC;10
6431;9772;110192;SVAC;10
6432;9772;109386;CC;15
6433;9772;108604;CC;15
6434;9772;108083;CC;15
6435;9772;107201;CC;15
6436;9772;106518;CC;15
6437;9772;106197;CC;15
6438;9772;105521;CC;15
6439;9772;105187;CC;15
6440;9772;103670;SVAC;10
6441;9772;101743;SVAC;10
6442;9771;110600;SVAC;10
6443;9771;111823;SVAC;10
6444;9771;112606;CC;15
6445;9771;113023;CC;15
6446;9771;113440;CC;15
6447;9771;114061;CC;15
6448;9771;115190;SVAC;10
6449;9771;116321;CC;15
6450;9771;116760;SVAC;10
6451;9771;118525;SVAC;10
6452;9772;118422;SVAC;10
6453;9772;117371;SVAC;10
6454;9772;116321;SVAC;10
6455;9772;115200;SVAC;10
6456;9772;114147;CC;15
6457;9772;113329;CC;15
6458;9772;112713;CC;15
6459;9772;112120;CC;15
6460;9772;111823;CC;15
6461;9771;119188;SVAC;10
6462;9771;120599;SVAC;10
6463;9771;121730;SVAC;10
6464;9771;122753;SVAC;10
6465;9771;124343;SVAC;10
6466;9771;124787;SVAC;10
6467;9771;126561;SVAC;10
6468;9771;127008;SVAC;10
6469;9771;128897;SVAC;10
6470;9771;129312;SVAC;10
6471;9772;129312;SVAC;10
6472;9772;128170;SVAC;10
6473;9772;127030;SVAC;10
6474;9772;125955;SVAC;10
6475;9772;124915;SVAC;10
6476;9772;123810;SVAC;10
6477;9772;122683;SVAC;10
6478;9772;120606;SVAC;10
6479;9772;119553;SVAC;10
6480;9771;131201;SVAC;10
6481;9771;131637;SVAC;10
6482;9771;133711;SVAC;10
6483;9771;135365;SVAC;10
6484;9771;135909;CC;15
6485;9771;136900;SVAC;10
6486;9771;138047;SVAC;10
6487;9771;139120;SVAC;10
6488;9771;140201;SVAC;10
6489;9771;141350;SVAC;10
6490;9772;141350;SVAC;10
6491;9772;140201;SVAC;10
6492;9772;139120;SVAC;10
6493;9772;138047;SVAC;10
6494;9772;136900;SVAC;10
6495;9772;135909;CC;15
6496;9772;135365;SVAC;10
6497;9772;133711;SVAC;10
6498;9772;131637;SVAC;10
6499;9772;131342;SVAC;10
6500;9771;142373;SVAC;10
6501;9771;143420;SVAC;10
6502;9771;144469;SVAC;10
6503;9771;145878;CC;15
6504;9771;146386;CC;15
6505;9771;146732;CC;15
6506;9771;147215;CC;15
6507;9771;147553;CC;15
6508;9771;148061;CC;15
6509;9771;149514;SVAC;10
6510;9771;150565;SVAC;10
6511;9771;151622;SVAC;10
6512;9772;151683;SVAC;10
6513;9772;150119;SVAC;10
6514;9772;149514;CC;15
6515;9772;148167;CC;15
6516;9772;147831;CC;15
6517;9772;147215;CC;15
6518;9772;146732;CC;15
6519;9772;146108;CC;15
6520;9772;145772;CC;15
6521;9772;144469;SVAC;10
6522;9772;143420;SVAC;10
6523;9772;142373;SVAC;10
6524;9791;146236;JI;0
6525;9790;146537;SVAC;10
6526;9790;147403;SVAC;10
6527;9793;147773;JI;0
6528;9792;147773;JI;0
6529;9792;147702;JI;0
6530;9771;152820;SVAC;10
6531;9771;154017;SVAC;10
6532;9771;155956;SVAC;10
6533;9771;157293;SVAC;10
6534;9771;158040;CC;15
6535;9771;159077;SVAC;10
6536;9771;160215;SVAC;10
6537;9771;161267;SVAC;10
6538;9771;162321;SVAC;10
6539;9771;163630;SVAC;10
6540;9772;163630;SVAC;10
6541;9772;162321;SVAC;10
6542;9772;161162;SVAC;10
6543;9772;160009;SVAC;10
6544;9772;158040;SVAC;10
6545;9772;157743;SVAC;10
6546;9772;155713;SVAC;10
6547;9772;155417;SVAC;10
6548;9772;153583;SVAC;10
6549;9772;153305;CC;15
6550;9771;164618;SVAC;10
6551;9771;165916;SVAC;10
6552;9772;164407;CC;15
6553;9772;165082;CC;15
6554;9771;169823;CC;15
6555;9771;170204;CC;15
6556;9771;171628;CC;15
6557;9771;171982;CC;15
6558;9771;172841;SVAC;10
6559;9771;174106;SVAC;10
6560;9771;175265;SVAC;10
6561;9771;176177;SVAC;10
6562;9772;170568;SVAC;10
6563;9772;171754;CC;15
6564;9772;171491;CC;15
6565;9772;172463;CC;15
6566;9772;173191;CC;15
6567;9772;175454;SVAC;10
6568;9772;174292;SVAC;10
6569;9794;1082;JI;0
6570;9794;1760;SVAC;10
6571;9794;1918;SVAC;10
6572;9794;2229;JI;0
6573;9771;178133;SVAC;10
6574;9771;178839;CC;15
6575;9771;179175;CC;15
6576;9771;179720;CC;15
6577;9771;180538;SVAC;10
6578;9771;182551;SVAC;10
6579;9772;183448;SVAC;10
6580;9772;182081;SVAC;10
6581;9772;180715;SVAC;10
6582;9772;179329;CC;15
6583;9772;179069;CC;15
6584;9772;178557;CC;15
6585;9772;178171;CC;15
6586;9772;177621;CC;15
6587;9772;177303;SVAC;10
6588;9796;502;JI;0
6589;9796;913;SVAC;10
6590;9796;1068;JI;0
6591;9796;1990;JI;0
6592;9796;2608;SVAC;10
6593;9796;3227;SVAC;10
6594;9796;4116;JI;0
6595;9771;183233;CC;15
6596;9771;184471;SVAC;10
6597;9771;185610;SVAC;10
6598;9771;186900;CC;15
6599;9771;187578;CC;15
6600;9771;188600;SVAC;10
6601;9771;189742;SVAC;10
6602;9771;191592;SVAC;10
6603;9771;193385;SVAC;10
6604;9771;193653;SVAC;10
6605;9772;193484;SVAC;10
6606;9772;192400;SVAC;10
6607;9772;191274;SVAC;10
6608;9772;190278;SVAC;10
6609;9772;188961;SVAC;10
6610;9772;187578;SVAC;10
6611;9772;185791;SVAC;10
6612;9772;184600;SVAC;10
6613;9771;195513;SVAC;10
6614;9771;195873;CC;15
6615;9771;197025;CC;15
6616;9771;197361;CC;15
6617;9771;198036;CC;15
6618;9771;198514;CC;15
6619;9771;199218;CC;15
6620;9771;199554;CC;15
6621;9771;200534;CC;15
6622;9771;201034;CC;15
6623;9771;202508;SVAC;10
6624;9771;203660;SVAC;10
6625;9772;204318;CC;15
6626;9772;204028;CC;15
6627;9772;203200;CC;15
6628;9772;202355;CC;15
6629;9772;201369;CC;15
6630;9772;200579;CC;15
6631;9772;199448;CC;15
6632;9772;198839;CC;15
6633;9772;198484;CC;15
6634;9772;198054;CC;15
6635;9772;197740;CC;15
6636;9772;197131;SVAC;10
6637;9772;195607;SVAC;10
6638;9772;194700;SVAC;10
6639;9800;198626;SVAC;10
6640;9800;197937;SVAC;10
6641;9800;197650;JI;0
6642;9801;197650;JI;0
6643;9801;197937;SVAC;10
6644;9802;199212;JI;0
6645;9802;198941;CC;15
6646;9771;204933;SVAC;10
6647;9771;205770;CC;15
6648;9771;206745;CC;15
6649;9771;207722;SVAC;10
6650;9771;209000;CC;15
6651;9771;209712;CC;15
6652;9771;210295;CC;15
6653;9771;211707;CC;15
6654;9772;210858;SVAC;10
6655;9772;209800;SVAC;10
6656;9772;208679;SVAC;10
6657;9772;207400;SVAC;10
6658;9772;206593;SVAC;10
6659;9772;205132;SVAC;10
6660;9771;212260;CC;15
6661;9771;213438;CC;15
6662;9771;213957;CC;15
6663;9771;214362;CC;15
6664;9771;215706;SVAC;10
6665;9771;217622;SVAC;10
6666;9772;218661;SVAC;10
6667;9772;217421;SVAC;10
6668;9772;216168;SVAC;10
6669;9772;214362;SVAC;10
6670;9772;213924;CC;15
6671;9772;213553;CC;15
6672;9772;213299;CC;15
6673;9772;212260;SVAC;10
6674;9804;731;JI;0
6675;9804;1250;SVAC;10
6676;9804;1913;JI;0
6677;9804;2432;JI;0
6678;9804;2771;SVAC;10
6679;9804;3217;SVAC;10
6680;9804;4934;SVAC;10
6681;9804;5529;JI;0
6682;9805;5563;JI;0
6683;9805;4982;SVAC;10
6684;9805;3242;SVAC;10
6685;9805;2720;SVAC;10
6686;9805;2431;JI;0
6687;9805;1912;JI;0
6688;9805;1030;JI;0
6689;9771;218661;SVAC;10
6690;9771;220166;SVAC;10
6691;9771;220915;SVAC;10
6692;9771;222852;SVAC;10
6693;9771;224000;SVAC;10
6694;9771;224957;CC;15
6695;9772;225534;SVAC;10
6696;9772;224427;SVAC;10
6697;9772;222852;SVAC;10
6698;9772;220929;SVAC;10
6699;9772;219799;SVAC;10
6700;9771;225508;SVAC;10
6701;9771;227244;SVAC;10
6702;9771;227759;CC;15
6703;9771;228500;CC;15
6704;9771;228760;CC;15
6705;9771;229378;CC;15
6706;9771;229887;SVAC;10
6707;9771;231947;SVAC;10
6708;9771;232793;SVAC;10
6709;9771;234215;SVAC;10
6710;9772;234770;CC;15
6711;9772;234052;SVAC;10
6712;9772;232448;SVAC;10
6713;9772;231888;SVAC;10
6714;9772;229872;SVAC;10
6715;9772;229484;CC;15
6716;9772;229069;CC;15
6717;9772;228654;CC;15
6718;9772;227850;CC;15
6719;9772;227443;CC;15
6720;9772;226488;CC;15
6721;9771;235683;CC;15
6722;9771;236111;CC;15
6723;9771;237100;SVAC;10
6724;9771;238311;SVAC;10
6725;9771;239444;SVAC;10
6726;9771;240747;SVAC;10
6727;9772;235875;SVAC;10
6728;9772;237100;CC;15
6729;9772;237401;CC;15
6730;9772;237966;SVAC;10
6731;9772;239670;SVAC;10
6732;9772;240085;CC;15
6733;9772;241563;SVAC;10
6734;9771;241901;SVAC;10
6735;9771;243041;SVAC;10
6736;9771;244200;SVAC;10
6737;9771;245325;CC;15
6738;9771;245767;CC;15
6739;9771;246800;SVAC;10
6740;9771;247947;SVAC;10
6741;9771;248987;SVAC;10
6742;9771;250025;SVAC;10
6743;9771;250418;SVAC;10
6744;9772;242617;SVAC;10
6745;9772;244083;SVAC;10
6746;9772;245174;CC;15
6747;9772;246019;SVAC;10
6748;9772;247555;SVAC;10
6749;9772;248318;SVAC;10
6750;9772;250269;SVAC;10
6751;9771;252115;SVAC;10
6752;9771;252428;CC;15
6753;9771;253900;CC;15
6754;9771;254409;CC;15
6755;9771;254722;CC;15
6756;9771;254978;CC;15
6757;9771;255355;CC;15
6758;9771;255760;CC;15
6759;9771;256588;CC;15
6760;9771;257571;SVAC;10
6761;9771;258802;SVAC;10
6762;9771;260034;CC;15
6763;9771;260750;CC;15
6764;9772;260750;CC;15
6765;9772;260370;CC;15
6766;9772;258960;SVAC;10
6767;9772;257751;SVAC;10
6768;9772;256831;CC;15
6769;9772;255760;CC;15
6770;9772;255032;CC;15
6771;9772;254712;CC;15
6772;9772;254130;CC;15
6773;9772;253794;CC;15
6774;9772;252428;SVAC;10
6775;9772;251500;SVAC;10
6776;9810;254258;JI;0
6777;9809;254548;SVAC;10
6778;9809;255206;SVAC;10
6779;9809;255373;JI;0
6780;9771;261718;CC;15
6781;9771;262663;SVAC;10
6782;9771;264207;CC;15
6783;9771;264546;CC;15
6784;9771;264890;CC;15
6785;9771;265335;CC;15
6786;9771;266454;SVAC;10
6787;9771;267566;SVAC;10
6788;9771;268733;SVAC;10
6789;9771;269898;SVAC;10
6790;9771;271132;SVAC;10
6791;9771;272367;CC;15
6792;9771;272955;SVAC;10
6793;9772;272955;CC;15
6794;9772;271773;SVAC;10
6795;9772;270695;CC;15
6796;9772;269855;SVAC;10
6797;9772;268239;SVAC;10
6798;9772;267808;SVAC;10
6799;9772;265804;SVAC;10
6800;9772;265111;CC;15
6801;9772;264652;CC;15
6802;9772;264316;CC;15
6803;9772;263978;CC;15
6804;9772;263209;SVAC;10
6805;9772;261207;SVAC;10
6806;9771;274729;SVAC;10
6807;9771;276000;SVAC;10
6808;9771;277296;SVAC;10
6809;9771;278377;CC;15
6810;9771;278814;CC;15
6811;9771;279244;CC;15
6812;9771;279752;SVAC;10
6813;9771;281645;SVAC;10
6814;9771;282707;SVAC;10
6815;9771;283782;SVAC;10
6816;9772;284490;SVAC;10
6817;9772;283419;SVAC;10
6818;9772;282347;SVAC;10
6819;9772;281161;SVAC;10
6820;9772;279969;CC;15
6821;9772;279244;CC;15
6822;9772;278483;CC;15
6823;9772;277632;SVAC;10
6824;9772;275683;SVAC;10
6825;9772;275417;CC;15
6826;9772;273690;SVAC;10
6827;9771;285263;SVAC;10
6828;9771;286117;SVAC;10
6829;9771;287306;SVAC;10
6830;9771;288496;SVAC;10
6831;9771;289690;SVAC;10
6832;9771;290617;SVAC;10
6833;9771;292019;SVAC;10
6834;9771;293428;SVAC;10
6835;9772;293744;SVAC;10
6836;9772;293131;SVAC;10
6837;9772;295204;SVAC;10
6838;9772;291327;SVAC;10
6839;9772;291060;SVAC;10
6840;9772;289197;SVAC;10
6841;9772;288870;SVAC;10
6842;9772;287037;SVAC;10
6843;9772;286693;CC;15
6844;9772;285592;SVAC;10
6845;9771;294332;CC;15
6846;9771;295330;CC;15
6847;9771;295650;SVAC;10
6848;9771;297532;SVAC;10
6849;9771;297687;SVAC;10
6850;9771;299065;SVAC;10
6851;9771;299354;JI;0
6852;9771;299882;JI;0
6853;9771;300887;JI;0
6854;9772;300538;JI;0
6855;9772;299882;JI;0
6856;9772;299354;JI;0
6857;9772;298968;SVAC;10
6858;9772;297815;SVAC;10
6859;9772;297652;SVAC;10
6860;9772;296105;SVAC;10
6861;9771;167187;SVAC;10
6862;9771;168328;SVAC;10
6863;9772;166334;SVAC;10
6864;9772;167668;SVAC;10
6865;9772;168594;SVAC;10
6866;9818;60638;JI;0
6868;9817;60638;JI;0
6869;9815;60774;JI;0
6871;9816;61136;SVAC;10
6872;9819;60602;JI;0
6873;9786;3746;JI;0
6874;9786;3431;SVAC;10
6875;9786;3128;SVAC;10
6876;9786;2000;SVAC;10
6877;9786;1068;SVAC;10
6878;9786;950;SVAC;10
6879;9786;629;JI;0
6880;9787;629;JI;0
6881;9787;915;SVAC;10
6882;9787;1068;SVAC;10
6883;9787;2045;JI;0
6884;9788;482;JI;0
6885;9788;1376;SVAC;10
6886;9788;2270;SVAC;10
6887;9788;2570;SVAC;10
6888;9788;2693;SVAC;10
6889;9788;3204;JI;0
6890;9789;3672;JI;0
6891;9789;3133;SVAC;10
6892;9789;2700;SVAC;10
6893;9789;1733;SVAC;10
6894;9789;1578;SVAC;10
6895;9789;1172;JI;0
6896;9820;62330;JI;0
6897;9823;21422;JI;0
6898;9824;22054;JI;0
6899;9825;40709;JI;0
6900;9826;41207;JI;0
6901;9821;79026;JI;0
6902;9822;79413;JI;0
6903;9828;112827;JI;0
6904;9829;113214;JI;0
6905;9830;145993;JI;0
6906;9831;147946;JI;0
6907;9795;171869;JI;0
6908;9797;178954;JI;0
6909;9798;197246;JI;0
6910;9799;199333;JI;0
6911;9806;228875;JI;0
6912;9807;229263;JI;0
6913;9832;254015;JI;0
6914;9811;264431;JI;0
6915;9812;278598;JI;0
6916;9813;278987;JI;0
6917;9771;89612;SVAC;10
6918;9771;91104;SVAC;10
6919;9771;92888;SVAC;10
6920;9771;93272;CC;15
6921;9771;93592;CC;15
6922;9771;94201;CC;15
6923;9771;94822;CC;15
6924;9772;94307;CC;15
6925;9772;93971;CC;15
6926;9772;93301;CC;15
6927;9772;92888;CC;15
6928;9772;91317;SVAC;10
6929;9772;90775;SVAC;10
6930;9827;94086;JI;0
6931;9809;254400;JI;0
6932;9779;3211;CC;15
6933;9779;3462;CC;15
6934;9779;4157;SVAC;10
6935;9779;6387;SVAC;10
6936;9779;8484;SVAC;10
6937;9779;10534;SVAC;10
6938;9780;1977;SVAC;10
6939;9780;3009;CC;15
6940;9780;3364;CC;15
6941;9780;4157;SVAC;10
6942;9780;5175;SVAC;10
6943;9780;6200;SVAC;10
6944;9780;7285;SVAC;10
6945;9780;8335;SVAC;10
6946;9780;9355;SVAC;10
6947;9780;10374;CC;15
6948;9780;10800;SVAC;10
6949;9836;3297;JI;0
6950;9779;12594;SVAC;10
6951;9779;14670;SVAC;10
6952;9779;16800;SVAC;10
6953;9779;17831;SVAC;10
6954;9779;18940;SVAC;10
6955;9779;19994;SVAC;10
6956;9779;21070;SVAC;10
6957;9779;22107;SVAC;10
6958;9779;23120;SVAC;10
6959;9780;12447;SVAC;10
6960;9780;13491;SVAC;10
6961;9780;14547;SVAC;10
6962;9780;15545;SVAC;10
6963;9780;16662;SVAC;10
6964;9780;17689;SVAC;10
6965;9780;18716;SVAC;10
6966;9780;19743;SVAC;10
6967;9780;20770;SVAC;10
6968;9780;21799;SVAC;10
6969;9780;22800;SVAC;10
6970;9837;26346;JI;0
6971;9838;28776;JI;0
6972;9839;29577;JI;0
6973;9779;25044;SVAC;10
6974;9779;26183;CC;15
6975;9779;26414;CC;15
6976;9779;27189;SVAC;10
6977;9779;28018;CC;15
6978;9779;28469;CC;15
6979;9779;29003;CC;15
6980;9779;29804;CC;15
6981;9779;30550;SVAC;10
6982;9779;31804;SVAC;10
6983;9779;33005;SVAC;10
6984;9779;33934;SVAC;10
6985;9841;326;SVAC;10
6986;9841;503;SVAC;10
6987;9841;737;SVAC;10
6988;9841;1651;SVAC;10
6989;9841;2564;SVAC;10
6990;9780;24051;SVAC;10
6991;9780;25026;SVAC;10
6992;9780;26118;CC;15
6993;9780;26638;CC;15
6994;9780;27189;SVAC;10
6995;9780;27746;CC;15
6996;9780;28333;CC;15
6997;9780;28754;CC;15
6998;9780;29340;CC;15
6999;9780;29680;CC;15
7000;9780;30335;SVAC;10
7001;9780;31721;SVAC;10
7002;9780;32734;SVAC;10
7003;9780;34034;SVAC;10
7004;9780;35272;SVAC;10
7005;9843;135;SVAC;10
7006;9843;370;SVAC;10
7007;9843;967;SVAC;10
7008;9843;1521;SVAC;10
7009;9842;327;SVAC;10
7010;9842;575;SVAC;10
7011;9842;1057;SVAC;10
7012;9842;1694;SVAC;10
7013;9842;2694;SVAC;10
7014;9833;29242;SVAC;10
7015;9833;29362;SVAC;10
7016;9779;35914;SVAC;10
7017;9779;37056;SVAC;10
7018;9779;38184;SVAC;10
7019;9779;39134;CC;15
7020;9779;40082;SVAC;10
7021;9779;41311;SVAC;10
7022;9779;42605;SVAC;10
7023;9779;43883;SVAC;10
7024;9779;44997;SVAC;10
7025;9779;46300;SVAC;10
7026;9780;37279;SVAC;10
7027;9780;38377;SVAC;10
7028;9780;39475;SVAC;10
7029;9780;40466;CC;15
7030;9780;41451;CC;15
7031;9780;42363;CC;15
7032;9780;43270;CC;15
7033;9780;44261;SVAC;10
7034;9780;45280;SVAC;10
7035;9780;46300;CC;15
7036;9779;47150;CC;15
7037;9779;48156;SVAC;10
7038;9779;49192;SVAC;10
7039;9779;50369;SVAC;10
7040;9779;51543;SVAC;10
7041;9779;52549;SVAC;10
7042;9779;53736;SVAC;10
7043;9779;54702;SVAC;10
7044;9779;55851;SVAC;10
7045;9779;57034;SVAC;10
7046;9779;58100;SVAC;10
7047;9780;47260;SVAC;10
7048;9780;48710;SVAC;10
7049;9780;50060;SVAC;10
7050;9780;51055;CC;15
7051;9780;52050;SVAC;10
7052;9780;53221;SVAC;10
7053;9780;54250;SVAC;10
7054;9780;55260;SVAC;10
7055;9780;56270;SVAC;10
7056;9780;57295;SVAC;10
7057;9780;58320;SVAC;10
7058;9844;63455;JI;0
7059;9845;63843;JI;0
7060;9779;59115;SVAC;10
7061;9779;60130;SVAC;10
7062;9779;61200;SVAC;10
7063;9779;62400;SVAC;10
7064;9779;63234;CC;15
7065;9779;63649;CC;15
7066;9779;64064;CC;15
7067;9779;64584;SVAC;10
7068;9779;65130;CC;15
7069;9779;65526;CC;15
7070;9779;66450;SVAC;10
7071;9846;1526;SVAC;10
7072;9846;1709;SVAC;10
7073;9846;2277;SVAC;10
7074;9846;3417;SVAC;10
7075;9780;59444;SVAC;10
7076;9780;60510;SVAC;10
7077;9780;61455;CC;15
7078;9780;62400;SVAC;10
7079;9780;63114;CC;15
7080;9780;63340;CC;15
7081;9780;63958;CC;15
7082;9780;64466;CC;15
7083;9780;64983;SVAC;10
7084;9780;65670;CC;15
7085;9780;66221;CC;15
7086;9780;67222;SVAC;10
7087;9847;327;SVAC;10
7088;9847;563;SVAC;10
7089;9847;1078;SVAC;10
7090;9847;2502;SVAC;10
7091;9847;3648;SVAC;10
7092;9846;4420;SVAC;10
7093;9846;5533;CC;15
7094;9846;6096;SVAC;10
7095;9846;6261;SVAC;10
7096;9846;6619;SVAC;10
7097;9846;7379;SVAC;10
7098;9846;8375;SVAC;10
7099;9847;4858;SVAC;10
7100;9847;5118;CC;15
7101;9847;5407;CC;15
7102;9847;5854;CC;15
7103;9847;6095;SVAC;10
7104;9847;6260;SVAC;10
7105;9847;6618;SVAC;10
7106;9847;7210;SVAC;10
7107;9847;7702;SVAC;10
7108;9848;2685;SVAC;10
7109;9848;3376;SVAC;10
7110;9848;1635;SVAC;10
7111;9849;5693;JI;0
7112;9850;69914;JI;0
7113;9779;67627;SVAC;10
7114;9779;68804;SVAC;10
7115;9779;69432;CC;15
7116;9779;70029;CC;15
7117;9779;71048;SVAC;10
7118;9779;72289;SVAC;10
7119;9779;73250;CC;15
7120;9779;74256;SVAC;10
7121;9779;75400;SVAC;10
7122;9848;236;SVAC;10
7123;9848;585;CC;15
7124;9780;68711;SVAC;10
7125;9780;69136;CC;15
7126;9780;69799;CC;15
7127;9780;70135;CC;15
7128;9780;71048;SVAC;10
7129;9780;72080;SVAC;10
7130;9780;73275;SVAC;10
7131;9780;74425;SVAC;10
7132;9780;75424;CC;15
7133;9779;76515;SVAC;10
7134;9779;77620;SVAC;10
7135;9779;78620;SVAC;10
7136;9779;79620;SVAC;10
7137;9779;80629;SVAC;10
7138;9779;81730;SVAC;10
7139;9779;82784;SVAC;10
7140;9779;83855;SVAC;10
7141;9779;84870;SVAC;10
7142;9779;85885;SVAC;10
7143;9780;76424;SVAC;10
7144;9780;77424;SVAC;10
7145;9780;78610;SVAC;10
7146;9780;79628;SVAC;10
7147;9780;80630;SVAC;10
7148;9780;81718;SVAC;10
7149;9780;82708;CC;15
7150;9780;83698;SVAC;10
7151;9780;84767;SVAC;10
7152;9780;85824;SVAC;10
7153;9779;86832;CC;15
7154;9779;87780;SVAC;10
7155;9779;88833;SVAC;10
7156;9779;89900;SVAC;10
7157;9779;92000;SVAC;10
7158;9779;94130;SVAC;10
7159;9779;96219;SVAC;10
7160;9780;86949;SVAC;10
7161;9780;88058;SVAC;10
7162;9780;90161;SVAC;10
7163;9780;91145;SVAC;10
7164;9780;92181;SVAC;10
7165;9780;93145;CC;15
7166;9780;94148;SVAC;10
7167;9780;95174;SVAC;10
7168;9780;96219;SVAC;10
7169;9851;97113;JI;0
7170;9852;97499;JI;0
7171;9779;96891;CC;15
7172;9779;97306;CC;15
7173;9779;97721;CC;15
7174;9779;98446;SVAC;10
7175;9779;99529;SVAC;10
7176;9779;100560;SVAC;10
7177;9779;101581;SVAC;10
7178;9779;102610;SVAC;10
7179;9779;103926;CC;15
7180;9779;104347;CC;15
7181;9779;104886;SVAC;10
7182;9779;105423;SVAC;10
7183;9854;1807;SVAC;10
7184;9854;2162;SVAC;10
7185;9854;2635;SVAC;10
7186;9854;3586;SVAC;10
7187;9854;4586;SVAC;10
7188;9780;96956;CC;15
7189;9780;97614;CC;15
7190;9780;97840;CC;15
7191;9780;98446;SVAC;10
7192;9780;99711;SVAC;10
7193;9780;101100;SVAC;10
7194;9780;102360;CC;15
7195;9780;102911;CC;15
7196;9780;103613;SVAC;10
7197;9780;103997;CC;15
7198;9780;105000;CC;15
7199;9780;105600;CC;15
7200;9834;96760;SVAC;10
7201;9834;96973;SVAC;10
7202;9855;327;SVAC;10
7203;9855;814;SVAC;10
7204;9855;1301;SVAC;10
7205;9855;2033;SVAC;10
7206;9855;3061;SVAC;10
7207;9855;4006;SVAC;10
7208;9779;105977;CC;15
7209;9779;106507;CC;15
7210;9779;107613;SVAC;10
7211;9779;108719;SVAC;10
7212;9779;110007;SVAC;10
7213;9779;111136;SVAC;10
7214;9779;112113;CC;15
7215;9779;113120;SVAC;10
7216;9779;114313;SVAC;10
7217;9779;115326;SVAC;10
7218;9779;116513;SVAC;10
7219;9779;118000;SVAC;10
7220;9780;106595;SVAC;10
7221;9780;107614;SVAC;10
7222;9780;108807;CC;15
7223;9780;109610;CC;15
7224;9780;110510;CC;15
7225;9780;111400;CC;15
7226;9780;112290;SVAC;10
7227;9780;113664;SVAC;10
7228;9780;114720;SVAC;10
7229;9780;115870;SVAC;10
7230;9780;116900;SVAC;10
7231;9780;118000;SVAC;10
7232;9779;119013;SVAC;10
7233;9779;120045;SVAC;10
7234;9779;121221;SVAC;10
7235;9779;122221;CC;15
7236;9779;122647;CC;15
7237;9779;123500;SVAC;10
7238;9779;124602;SVAC;10
7239;9779;125762;SVAC;10
7240;9779;126901;SVAC;10
7241;9779;128042;SVAC;10
7242;9857;5925;SVAC;10
7243;9857;6925;SVAC;10
7244;9857;4885;SVAC;10
7245;9857;2910;SVAC;10
7246;9857;2610;SVAC;10
7247;9857;1967;SVAC;10
7248;9780;119120;SVAC;10
7249;9780;120200;SVAC;10
7250;9780;121746;SVAC;10
7251;9780;123000;SVAC;10
7252;9780;123676;CC;15
7253;9780;124263;CC;15
7254;9780;124729;CC;15
7255;9780;125762;SVAC;10
7256;9780;126915;SVAC;10
7257;9780;128042;SVAC;10
7258;9858;5226;SVAC;10
7259;9858;6226;SVAC;10
7260;9858;3403;SVAC;10
7261;9858;1546;SVAC;10
7262;9858;997;SVAC;10
7263;9858;327;SVAC;10
7264;9860;128887;JI;0
7265;9861;129274;JI;0
7266;9779;128772;CC;15
7267;9779;129389;CC;15
7268;9779;130528;SVAC;10
7269;9779;131792;SVAC;10
7270;9779;132893;SVAC;10
7271;9779;134074;SVAC;10
7272;9779;135364;SVAC;10
7273;9779;136585;SVAC;10
7274;9779;137780;SVAC;10
7275;9779;139380;SVAC;10
7276;9780;128666;CC;15
7277;9780;129081;CC;15
7278;9780;129495;CC;15
7279;9780;130528;SVAC;10
7280;9780;131648;SVAC;10
7281;9780;132893;SVAC;10
7282;9780;133958;SVAC;10
7283;9780;135364;SVAC;10
7284;9780;136473;SVAC;10
7285;9780;137547;SVAC;10
7286;9780;138534;CC;15
7287;9780;139535;SVAC;10
7288;9779;140058;CC;15
7289;9779;141039;CC;15
7290;9779;142020;CC;15
7291;9779;142994;SVAC;10
7292;9779;144143;SVAC;10
7293;9779;145161;SVAC;10
7294;9779;146179;CC;15
7295;9779;147160;CC;15
7296;9779;148140;CC;15
7297;9779;149130;CC;15
7298;9779;150122;SVAC;10
7299;9780;140612;SVAC;10
7300;9780;141670;SVAC;10
7301;9780;142685;SVAC;10
7302;9780;143700;SVAC;10
7303;9780;144697;SVAC;10
7304;9780;145700;SVAC;10
7305;9780;146860;SVAC;10
7306;9780;147900;SVAC;10
7307;9780;149027;SVAC;10
7308;9780;150122;SVAC;10
7309;9863;157681;JI;0
7310;9864;158068;JI;0
7311;9779;151202;SVAC;10
7312;9779;152310;SVAC;10
7313;9779;153292;SVAC;10
7314;9779;154480;SVAC;10
7315;9779;155529;SVAC;10
7316;9779;156695;SVAC;10
7317;9779;157460;CC;15
7318;9779;157875;CC;15
7319;9779;158289;CC;15
7320;9779;158930;SVAC;10
7321;9779;159985;SVAC;10
7322;9779;161018;SVAC;10
7323;9779;162052;SVAC;10
7324;9779;163148;SVAC;10
7325;9780;151235;SVAC;10
7326;9780;152310;SVAC;10
7327;9780;153473;SVAC;10
7328;9780;154480;SVAC;10
7329;9780;155708;SVAC;10
7330;9780;156695;SVAC;10
7331;9780;157524;CC;15
7332;9780;158183;CC;15
7333;9780;158403;CC;15
7334;9780;158938;SVAC;10
7335;9780;159974;SVAC;10
7336;9780;161028;SVAC;10
7337;9780;163148;SVAC;10
7338;9835;157430;SVAC;10
7339;9835;157541;SVAC;10
7340;9779;164066;SVAC;10
7341;9779;165450;SVAC;10
7342;9779;166294;SVAC;10
7343;9779;167678;SVAC;10
7344;9779;168721;SVAC;10
7345;9779;169754;SVAC;10
7346;9779;170831;SVAC;10
7347;9779;171904;SVAC;10
7348;9779;172863;SVAC;10
7349;9779;174024;SVAC;10
7350;9780;165278;SVAC;10
7351;9780;167488;SVAC;10
7352;9780;169754;SVAC;10
7353;9780;171904;SVAC;10
7354;9780;174024;SVAC;10
7355;9865;177798;JI;0
7356;9779;175060;SVAC;10
7357;9779;176140;SVAC;10
7358;9779;177584;CC;15
7359;9779;177920;CC;15
7360;9779;178314;SVAC;10
7361;9779;178479;SVAC;10
7362;9779;178673;SVAC;10
7363;9779;179885;SVAC;10
7364;9779;180477;JI;0
7365;9780;176140;SVAC;10
7366;9780;177677;SVAC;10
7367;9780;178147;CC;15
7368;9780;178314;JI;0
7369;9780;178479;SVAC;10
7370;9780;178673;SVAC;10
7371;9780;179885;SVAC;10
7372;9780;180477;JI;0
7373;9866;135;SVAC;10
7374;9866;369;SVAC;10
7375;9866;1078;SVAC;10
7376;9866;2021;SVAC;10
7377;9867;188521;JI;0
7378;9868;257538;JI;0
7379;9869;257763;JI;0
7380;9870;5509;SVAC;10
7381;9870;5605;SVAC;10
7382;9871;7129;SVAC;10
7383;9871;7227;SVAC;10
7384;9777;406373;INC;0
7385;8458;28515;JI;0
7386;8458;28750;JI;0
7387;8458;28902;JI;0
7388;8458;29071;JI;0
7389;8458;29332;JI;0
7390;8458;29596;JI;0
7391;9872;29968;JI;0
7392;9872;31530;SV;12
7393;9872;33312;SV;12
7394;9872;34925;SV;12
7395;9872;36569;SV;12
7396;9872;38292;JI;0
7397;8459;28807;JI;0
7398;8459;29070;JI;0
7399;8459;29255;JI;0
7400;8459;29463;JI;0
7401;8459;29596;JI;0
7402;9873;29968;JI;0
7403;9873;31500;SV;12
7404;9873;33298;SV;12
7405;9873;34378;SV;12
7406;9873;35298;SV;12
7407;9873;37181;SV;12
7408;9873;38292;JI;0
7409;9874;38832;JI;0
7410;9875;40730;JI;0
7411;9872;38673;JI;0
7412;9872;38936;JI;0
7413;9872;39101;JI;0
7414;9872;40365;JI;0
7415;9872;40627;JI;0
7416;9872;40890;JI;0
7417;9872;41042;JI;0
7418;9872;42142;SV;12
7419;9872;43992;SV;12
7420;9872;45972;SV;12
7421;9872;48049;SV;12
7422;9872;50049;SV;12
7423;9872;52080;SV;12
7424;9872;53799;SV;12
7425;9872;55505;SV;12
7426;9872;57303;SV;12
7427;9872;58926;SV;12
7428;9872;60626;SV;12
7429;9872;62562;JI;0
7430;9873;38729;JI;0
7431;9873;38992;JI;0
7432;9873;40002;JI;0
7433;9873;40168;JI;0
7434;9873;40292;JI;0
7435;9873;40571;JI;0
7436;9873;40834;JI;0
7437;9873;41042;JI;0
7438;9873;42860;SV;12
7439;9873;44487;SV;12
7440;9873;46205;SV;12
7441;9873;48035;SV;12
7442;9873;50035;SV;12
7443;9873;51855;SV;12
7444;9873;53455;SV;12
7445;9873;55071;SV;12
7446;9873;55505;SV;12
7447;9873;56775;SV;12
7448;9873;58818;SV;12
7449;9873;60375;SV;12
7450;9873;61977;SV;12
7451;9873;62562;JI;0
7452;9872;63582;JI;0
7453;9872;64676;SV;12
7454;9872;66651;SV;12
7455;9872;67491;SV;12
7456;9872;68201;SV;12
7457;9872;69810;SV;12
7458;9872;71605;SV;12
7459;9872;73250;SV;12
7460;9872;75050;SV;12
7461;9872;76784;SV;12
7462;9872;78530;SV;12
7463;9872;80239;JI;0
7464;9876;62920;JI;0
7465;9877;63320;JI;0
7466;9873;63121;JI;0
7467;9873;63582;JI;0
7468;9873;65380;SV;12
7469;9873;66651;SV;12
7470;9873;67491;SV;12
7471;9873;69215;SV;12
7472;9873;70986;SV;12
7473;9873;72886;SV;12
7474;9873;73250;SV;12
7475;9873;75036;SV;12
7476;9873;76265;SV;12
7477;9873;77265;SV;12
7478;9873;79317;SV;12
7479;9873;80239;JI;0
7480;9872;80666;JI;0
7481;9872;80918;JI;0
7482;9872;81066;JI;0
7483;9872;81999;JI;0
7484;9872;82439;JI;0
7485;9872;82689;JI;0
7486;9872;83089;JI;0
7487;9872;83996;SVAC;10
7488;9878;80935;JI;0
7489;9878;81066;JI;0
7490;9878;81678;JI;0
7491;9878;82103;JI;0
7492;9878;81936;JI;0
7493;9879;80832;JI;0
7494;9879;81016;JI;0
7495;9879;81217;JI;0
7496;9879;81417;JI;0
7497;9879;81678;JI;0
7498;9879;81938;JI;0
7499;9879;82127;JI;0
7500;9879;82340;JI;0
7501;9879;82520;JI;0
7502;9873;80666;JI;0
7503;9873;80918;JI;0
7504;9873;81066;JI;0
7505;9873;81999;JI;0
7506;9873;82439;JI;0
7507;9873;82689;JI;0
7508;9873;83089;JI;0
7509;9873;84800;SVAC;10
7510;9881;80939;JI;0
7511;9881;81066;JI;0
7512;9881;81678;JI;0
7513;9881;81936;JI;0
7514;9881;82103;JI;0
7515;9880;80832;JI;0
7516;9880;81018;JI;0
7517;9880;81217;JI;0
7518;9880;81417;JI;0
7519;9880;81678;JI;0
7520;9880;81938;JI;0
7521;9880;82127;JI;0
7522;9880;82340;JI;0
7523;9880;82520;JI;0
7524;9882;81117;JI;0
7525;9883;81117;JI;0
7526;9883;81317;JI;0
7527;9882;81317;JI;0
7528;9885;82038;JI;0
7529;9885;82237;JI;0
7530;9884;82038;JI;0
7531;9884;82237;JI;0
7532;9886;2403;CC;15
7533;9886;2498;JI;0
7534;9886;1968;SVAC;10
7535;9886;1676;SVAC;10
7536;9886;1000;SVAC;10
7537;9886;485;SVAC;10
7538;9887;2135;JI;0
7539;9887;2062;CC;15
7540;9887;1968;CC;15
7541;9887;1676;SVAC;10
7542;9887;1000;SVAC;10
7543;9887;581;SVAC;10
7544;9888;9885;JI;0
7545;9888;9802;CC;15
7546;9888;9438;JI;0
7547;9888;8493;JI;0
7548;9888;6965;SVAC;10
7549;9888;5225;SVAC;10
7550;9888;3505;SVAC;10
7551;9888;2505;JI;0
7552;9888;2267;JI;0
7553;9888;2067;JI;0
7554;9888;1755;JI;0
7555;9892;2161;JI;0
7556;9889;10247;JI;0
7557;9889;10164;JI;0
7558;9889;10000;CC;15
7559;9889;8493;SVAC;10
7560;9889;6965;SVAC;10
7561;9889;6793;CC;15
7562;9889;5175;SVAC;10
7563;9889;3835;SVAC;10
7564;9889;2505;SVAC;10
7565;9889;2252;JI;0
7566;9889;2037;JI;0
7567;9889;1755;JI;0
7568;9889;1360;JI;0
7569;9893;417;JI;0
7570;9893;1242;JI;0
7571;9893;1304;JI;0
7572;9894;28910;JI;0
7573;9895;29435;JI;0
7574;9872;86175;JI;0
7575;9896;705;JI;0
7576;9896;1282;JI;0
7577;9896;1549;JI;0
7578;9873;86163;JI;0
7579;9897;706;JI;0
7580;9897;1015;JI;0
7581;9897;1608;JI;0
7582;9897;2206;JI;0
7583;9899;7896;JI;0
7584;9900;8986;JI;0
7585;9901;9080;JI;0
7586;9701;52782;JI;0
