ID;VOIE;PK;ACTIF;TYPE
1;1265;720;False;CRO
2;1851;720;False;CRO
3;67;720;False;CRO
4;66;735;False;CRO
5;1256;735;False;CRO
6;67;740;False;CRO
7;1265;740;False;CRO
8;1264;750;False;CRO
9;1261;750;False;CRO
10;1648;750;False;CRO
11;1256;755;False;CRO
12;66;755;False;CRO
13;1851;820;False;CRO
14;1648;820;False;CRO
15;1264;820;False;CRO
16;1261;820;False;CRO
17;1643;1037;False;CRO
18;1626;1038;False;CRO
19;1646;1038;False;CRO
20;1675;1041;False;CRO
21;1626;1053;False;CRO
22;1646;1053;False;CRO
23;1674;1054;False;CRO
24;67;1214;False;CRO
25;1265;1214;False;CRO
26;66;1232;True;CRO
27;1256;1232;True;CRO
28;1265;1234;False;CRO
29;67;1234;False;CRO
30;1646;1235;False;CRO
31;1678;1235;False;CRO
32;1643;1235;False;CRO
33;1651;1245;False;CRO
34;1261;1400;False;CRO
35;1264;1400;False;CRO
36;1651;1435;False;CRO
37;1678;1457;False;CRO
38;1264;1600;False;CRO
39;1261;1600;False;CRO
40;1258;1606;True;CRO
41;1626;1630;True;CRO
42;1263;1765;True;CRO
43;8959;1807;False;CRO
44;1646;1807;False;CRO
45;1643;1807;False;CRO
46;1258;1819;False;CRO
47;1256;1821;True;CRO
48;66;1821;True;CRO
49;8959;1957;False;CRO
50;1258;2030;True;CRO
51;1626;2030;False;CRO
52;67;2050;True;CRO
53;1261;2130;False;CRO
54;1261;2150;False;CRO
55;1263;2150;True;CRO
56;1851;2332;False;CRO
57;1851;2508;False;CRO
58;1256;2508;True;CRO
59;66;2508;True;CRO
60;67;2681;False;CRO
61;1261;2735;False;CRO
62;1851;2755;True;CRO
63;1263;2755;False;CRO
64;1261;2755;False;CRO
65;1258;2830;True;CRO
66;1261;2855;False;CRO
67;67;2875;True;CRO
68;1851;3090;True;CRO
69;66;3090;True;CRO
70;1256;3090;True;CRO
71;1263;3120;True;CRO
72;1261;3300;True;CRO
73;1263;3300;False;CRO
74;1261;3471;False;CRO
75;1258;3510;False;CRO
76;1256;3590;True;CRO
77;66;3590;True;CRO
78;67;3669;False;CRO
79;1851;3750;False;CRO
80;1647;3765;False;CRO
81;1625;3765;False;CRO
82;1852;3850;False;CRO
83;1263;3850;False;CRO
84;1261;3850;False;CRO
85;1261;4135;False;CRO
86;1852;4135;False;CRO
87;1625;4163;False;CRO
88;1258;4165;False;CRO
89;1851;4277;False;CRO
90;67;4362;True;CRO
91;1852;4444;True;CRO
92;1263;4444;False;CRO
93;1261;4444;True;CRO
94;1851;4565;True;CRO
95;1256;4665;True;CRO
96;66;4665;True;CRO
97;1851;4830;False;CRO
98;1258;4830;True;CRO
99;1852;4960;False;CRO
100;1261;4976;False;CRO
101;1261;4996;False;CRO
102;1263;4996;True;CRO
103;1261;5185;False;CRO
104;8613;5230;False;CRO
105;67;5235;False;CRO
106;1253;5278;False;CRO
107;1253;5332;False;CRO
108;1258;5418;False;CRO
109;1851;5468;False;CRO
110;1254;5490;False;CRO
111;66;5510;False;CRO
112;1259;5556;False;CRO
113;1263;5652;False;CRO
114;1851;5681;False;CRO
115;1253;5701;False;CRO
116;1253;5883;False;CRO
117;1253;6115;False;CRO
118;1851;6115;False;CRO
119;66;6170;False;CRO
120;1258;6170;False;CRO
121;1255;6170;False;CRO
122;1259;6170;False;CRO
123;1263;6252;False;CRO
124;67;6252;False;CRO
125;1261;6252;False;CRO
126;1851;6281;False;CRO
127;1253;6281;False;CRO
128;1254;6290;False;CRO
129;1851;6553;False;CRO
130;1255;6816;True;CRO
131;1254;6816;True;CRO
132;1259;6816;True;CRO
133;1851;6816;True;CRO
134;66;6816;True;CRO
135;1261;6865;True;CRO
136;1263;6865;True;CRO
137;67;6865;True;CRO
138;1853;6922;False;CRO
139;1254;7290;False;CRO
140;1681;7409;False;CRO
141;1254;7417;False;CRO
142;66;7417;False;CRO
143;1255;7417;False;CRO
144;1259;7417;False;CRO
145;1263;7450;False;CRO
146;1261;7450;False;CRO
147;67;7450;False;CRO
148;1681;7490;False;CRO
149;1623;7567;False;CRO
150;1644;7583;False;CRO
151;1645;7625;False;CRO
152;1259;7673;False;CRO
153;1623;7900;False;CRO
154;1259;8030;True;CRO
155;66;8030;True;CRO
156;1255;8030;True;CRO
157;1254;8030;True;CRO
158;1851;8070;True;CRO
159;1263;8074;True;CRO
160;67;8079;True;CRO
161;1261;8079;True;CRO
162;66;8220;False;CRO
163;1255;8220;False;CRO
164;1255;8575;False;CRO
165;67;8698;False;CRO
166;66;8903;True;CRO
167;1255;8903;True;CRO
168;67;9190;True;CRO
169;1260;9348;True;CRO
170;67;9363;False;CRO
171;1260;9568;False;CRO
172;66;9700;True;CRO
173;1255;9700;True;CRO
174;1255;9884;False;CRO
175;67;9978;True;CRO
176;1260;9988;True;CRO
177;1255;10560;True;CRO
178;66;10560;True;CRO
179;67;11066;True;CRO
180;1260;11066;True;CRO
181;1255;11340;True;CRO
182;66;11340;True;CRO
183;67;11710;False;CRO
184;67;11891;False;CRO
185;1260;11891;False;CRO
186;66;12002;False;CRO
187;1255;12002;False;CRO
188;67;12607;False;CRO
189;1260;12607;False;CRO
190;66;12845;False;CRO
191;1255;12845;False;CRO
192;67;13314;False;CRO
193;1260;13314;False;CRO
194;66;13425;False;CRO
195;1255;13425;True;CRO
196;1260;13606;False;CRO
197;67;13606;False;CRO
198;1260;13708;False;CRO
199;67;13708;False;CRO
200;1255;14160;True;CRO
201;66;14160;False;CRO
202;67;14161;False;CRO
203;1260;14161;False;CRO
204;67;14736;True;CRO
205;1260;14736;True;CRO
206;1255;14875;True;CRO
207;66;14875;True;CRO
208;67;15301;True;CRO
209;1260;15301;True;CRO
210;1255;15360;False;CRO
211;66;15599;True;CRO
212;1255;15599;True;CRO
213;1679;15695;True;CRO
214;1260;15945;True;CRO
215;67;15945;True;CRO
216;1676;15956;True;CRO
217;1668;15956;True;CRO
218;66;16045;False;CRO
219;1255;16060;False;CRO
220;66;16275;True;CRO
221;1255;16338;True;CRO
222;66;16516;True;CRO
223;67;16706;True;CRO
224;66;17181;True;CRO
225;67;17521;True;CRO
226;66;17613;True;CRO
227;67;17622;False;CRO
228;67;17835;True;CRO
229;66;17988;False;CRO
230;67;18343;False;CRO
231;66;18669;False;CRO
232;66;18853;False;CRO
233;67;19087;False;CRO
234;67;19122;False;CRO
235;66;19338;False;CRO
236;67;19834;False;CRO
237;66;20075;True;CRO
238;67;20188;True;CRO
239;67;20638;True;CRO
240;1669;20650;True;CRO
241;66;20655;True;CRO
242;1669;20820;False;CRO
243;67;20845;False;CRO
244;66;20907;False;CRO
245;66;21513;True;CRO
246;67;21970;True;CRO
247;66;22737;False;CRO
248;66;22842;True;CRO
249;67;22881;False;CRO
250;67;23227;True;CRO
251;67;23720;False;CRO
252;66;24625;True;CRO
253;67;24679;True;CRO
254;67;25170;False;CRO
255;67;25614;True;CRO
256;66;25707;False;CRO
257;66;25865;True;CRO
258;67;26218;True;CRO
259;67;26453;True;CRO
260;66;26453;True;CRO
261;1262;27184;False;CRO
262;1257;27184;False;CRO
263;67;27184;True;CRO
264;66;27948;True;CRO
265;1257;27962;True;CRO
266;67;28198;False;CRO
267;1262;28440;True;CRO
268;67;28440;True;CRO
269;1262;28640;False;CRO
270;66;28748;False;CRO
271;1257;28748;False;CRO
272;66;29020;False;CRO
273;1262;29630;False;CRO
274;67;29630;False;CRO
275;67;30018;True;CRO
276;66;30018;True;CRO
277;1257;30018;False;CRO
278;66;31098;True;CRO
279;67;31105;True;CRO
280;66;31253;False;CRO
281;66;31614;False;CRO
282;67;31733;False;CRO
283;67;31924;False;CRO
284;67;32007;False;CRO
285;66;32815;False;CRO
286;66;32869;False;CRO
287;67;33415;False;CRO
288;67;33462;False;CRO
289;66;33876;False;CRO
290;66;34428;False;CRO
291;67;35035;False;CRO
292;67;35937;True;CRO
293;66;35978;True;CRO
294;67;36592;True;CRO
295;67;37349;True;CRO
296;1656;37566;False;CRO
297;66;37567;True;CRO
298;1656;37945;False;CRO
299;67;38003;True;CRO
300;1652;38005;False;CRO
301;1656;38270;True;CRO
302;66;38281;True;CRO
303;1652;38328;True;CRO
304;67;38855;True;CRO
305;66;39899;True;CRO
306;67;40410;True;CRO
307;66;42053;False;CRO
308;67;42710;False;CRO
309;66;44625;True;CRO
310;67;45310;True;CRO
311;66;47190;False;CRO
312;67;47410;False;CRO
313;67;47410;False;CRO
314;66;49690;True;CRO
315;67;49940;True;CRO
316;66;51680;True;CRO
317;67;52188;True;CRO
318;67;53410;True;CRO
319;66;53520;True;CRO
320;67;55328;False;CRO
321;66;56140;True;CRO
322;67;57610;True;CRO
323;66;58690;True;CRO
324;67;59960;True;CRO
325;66;61490;True;CRO
326;67;62410;True;CRO
327;66;63090;True;CRO
328;67;63860;True;CRO
329;66;64711;True;CRO
330;67;66060;False;CRO
331;66;67218;True;CRO
332;67;68310;True;CRO
333;66;69367;True;CRO
334;67;71110;True;CRO
335;66;71990;False;CRO
336;67;73988;True;CRO
337;66;74491;True;CRO
338;67;76958;True;CRO
339;66;76991;True;CRO
340;67;79417;False;CRO
341;66;79790;True;CRO
342;67;82010;True;CRO
343;66;82590;True;CRO
344;67;84725;False;CRO
345;66;85330;False;CRO
346;67;86178;False;CRO
347;67;87709;True;CRO
348;66;87720;True;CRO
349;67;88074;True;CRO
350;66;88277;True;CRO
351;67;89090;True;CRO
352;66;90900;True;CRO
353;66;90900;True;CRO
354;67;91340;True;CRO
355;66;93900;True;CRO
356;67;93920;True;CRO
357;67;95845;True;CRO
358;66;96191;True;CRO
359;67;98810;False;CRO
360;67;100610;True;CRO
361;66;106690;True;CRO
362;66;108248;True;CRO
363;66;110850;True;CRO
364;67;111068;True;CRO
365;67;112610;True;CRO
366;67;114490;False;CRO
367;66;116993;True;CRO
368;66;118588;False;CRO
369;67;121110;True;CRO
370;66;125190;True;CRO
371;66;126690;True;CRO
372;67;126990;True;CRO
373;66;128140;True;CRO
374;1653;128585;True;CRO
375;1660;128585;True;CRO
376;67;128610;True;CRO
377;66;129323;True;CRO
378;1660;129358;True;CRO
379;1653;129358;True;CRO
380;67;129890;True;CRO
381;66;131790;True;CRO
382;67;131895;True;CRO
383;66;134450;True;CRO
384;67;134560;True;CRO
385;67;137310;True;CRO
386;67;138810;False;CRO
387;66;140341;True;CRO
388;67;141968;True;CRO
389;66;143590;True;CRO
390;66;145190;True;CRO
391;67;149710;True;CRO
392;67;151380;True;CRO
393;66;156475;True;CRO
394;66;157975;True;CRO
395;67;158560;True;CRO
396;66;160557;True;CRO
397;67;161210;True;CRO
398;66;162920;True;CRO
399;67;163765;True;CRO
400;66;164520;True;CRO
401;67;164871;True;CRO
402;66;165449;True;CRO
403;1677;165775;True;CRO
404;67;165775;True;CRO
405;1670;165775;True;CRO
406;1677;166284;True;CRO
407;1670;166287;True;CRO
408;66;166290;True;CRO
409;67;166730;True;CRO
410;66;167945;True;CRO
411;67;169290;True;CRO
412;66;169380;True;CRO
413;67;170010;True;CRO
414;66;170910;True;CRO
415;67;171510;True;CRO
416;67;173010;True;CRO
417;66;186259;False;CRO
418;67;188110;True;CRO
419;66;188110;True;CRO
420;66;189603;True;CRO
421;67;189660;True;CRO
422;67;191310;True;CRO
423;66;195240;True;CRO
424;66;196723;True;CRO
425;67;198160;True;CRO
426;66;199660;True;CRO
427;67;200910;True;CRO
428;67;202483;False;CRO
429;66;203896;True;CRO
430;66;205424;False;CRO
431;66;208680;True;CRO
432;67;209684;True;CRO
433;66;210220;True;CRO
434;67;211265;True;CRO
435;66;216390;True;CRO
436;66;218113;True;CRO
437;1663;218360;True;CRO
438;1662;219132;True;CRO
439;67;219712;True;CRO
440;66;220697;True;CRO
441;67;222460;True;CRO
442;66;222639;True;CRO
443;67;224060;True;CRO
444;66;229125;True;CRO
445;66;230910;True;CRO
446;67;232974;True;CRO
447;66;233910;True;CRO
448;67;235439;False;CRO
449;67;237016;True;CRO
450;66;240280;True;CRO
451;66;245740;True;CRO
452;66;247590;True;CRO
453;67;248110;True;CRO
454;66;250475;True;CRO
455;67;250610;True;CRO
456;66;252840;True;CRO
457;67;253010;True;CRO
458;67;255560;True;CRO
459;66;257687;False;CRO
460;67;258140;False;CRO
461;66;259190;True;CRO
462;67;259992;True;CRO
463;66;261090;True;CRO
464;1620;261488;True;CRO
465;67;261560;True;CRO
466;1640;261560;True;CRO
467;1640;261850;False;CRO
468;66;261960;True;CRO
469;67;262022;True;CRO
470;1620;262155;True;CRO
471;67;262440;True;CRO
472;66;263660;True;CRO
473;66;264048;True;CRO
474;67;264937;True;CRO
475;66;266810;False;CRO
476;67;267137;True;CRO
477;66;269593;True;CRO
478;67;270017;True;CRO
479;66;272240;True;CRO
480;67;272610;True;CRO
481;66;274827;True;CRO
482;67;275460;True;CRO
483;66;277006;True;CRO
484;67;278126;True;CRO
485;66;279140;True;CRO
486;67;280260;False;CRO
487;66;281490;False;CRO
488;67;282710;True;CRO
489;66;283940;True;CRO
490;67;285274;True;CRO
491;66;286740;True;CRO
492;67;287788;True;CRO
493;66;289273;True;CRO
494;67;289910;True;CRO
495;66;291896;False;CRO
496;67;292436;True;CRO
497;66;293859;True;CRO
498;67;294733;True;CRO
499;66;295840;True;CRO
500;1621;296255;True;CRO
501;67;296505;True;CRO
502;1641;296505;True;CRO
503;66;297015;True;CRO
504;1621;297055;False;CRO
505;67;297849;True;CRO
506;66;298870;True;CRO
507;67;300016;True;CRO
508;66;301284;False;CRO
509;67;302765;False;CRO
510;66;303580;True;CRO
511;67;305135;True;CRO
512;66;305345;False;CRO
513;67;306256;True;CRO
514;66;306855;True;CRO
515;1649;307310;False;CRO
516;67;307310;False;CRO
517;1639;307310;False;CRO
518;66;307359;False;CRO
519;1619;307395;False;CRO
520;1649;307703;True;CRO
521;1639;307764;True;CRO
522;67;307764;True;CRO
523;1619;307778;True;CRO
524;66;307778;True;CRO
525;66;308433;True;CRO
526;67;309015;True;CRO
527;66;310006;True;CRO
528;67;310092;True;CRO
529;66;310258;False;CRO
530;67;311530;True;CRO
531;66;311582;True;CRO
532;67;311760;False;CRO
533;67;312693;True;CRO
534;66;312970;True;CRO
535;66;314658;True;CRO
536;67;314878;True;CRO
537;66;316743;False;CRO
538;67;317048;False;CRO
539;66;318898;True;CRO
540;67;319620;True;CRO
541;66;321772;False;CRO
542;67;322520;False;CRO
543;66;324649;True;CRO
544;67;324945;True;CRO
545;66;326780;False;CRO
546;67;327572;True;CRO
547;66;328963;True;CRO
548;67;330151;False;CRO
549;66;331290;True;CRO
550;67;332775;True;CRO
551;66;336054;True;CRO
552;67;337394;True;CRO
553;66;338524;False;CRO
554;67;339775;False;CRO
555;66;340590;True;CRO
556;67;342033;False;CRO
557;67;342034;True;CRO
558;66;342699;False;CRO
559;67;344345;False;CRO
560;66;345298;True;CRO
561;67;346320;True;CRO
562;67;348279;True;CRO
563;66;358150;False;CRO
564;66;359770;True;CRO
565;67;360310;True;CRO
566;66;360690;True;CRO
567;67;361610;True;CRO
568;67;363573;False;CRO
569;67;365722;True;CRO
570;66;375876;True;CRO
571;66;378034;True;CRO
572;66;379640;True;CRO
573;1671;380410;True;CRO
574;67;380414;True;CRO
575;67;381683;True;CRO
576;67;383183;True;CRO
577;66;392670;True;CRO
578;67;396310;True;CRO
579;67;403710;True;CRO
580;66;407745;True;CRO
581;66;409387;True;CRO
582;1672;410095;True;CRO
583;67;410280;True;CRO
584;66;411234;True;CRO
585;67;411407;True;CRO
586;66;412730;True;CRO
587;67;413323;True;CRO
588;66;425590;True;CRO
589;67;428860;True;CRO
590;66;434110;True;CRO
591;66;436690;True;CRO
592;67;437407;True;CRO
593;66;439140;True;CRO
594;67;440050;True;CRO
595;66;440390;True;CRO
596;66;440925;False;CRO
597;67;441290;True;CRO
598;66;441990;True;CRO
599;1628;442504;False;CRO
600;1661;442507;False;CRO
601;1661;442822;True;CRO
602;1658;442851;True;CRO
603;1673;442851;False;CRO
604;66;442851;True;CRO
605;1628;442851;True;CRO
606;67;442851;True;CRO
607;66;443358;False;CRO
608;67;443378;False;CRO
609;66;443705;True;CRO
610;67;444546;True;CRO
611;66;445633;True;CRO
612;67;446319;False;CRO
613;66;447339;False;CRO
614;67;447937;True;CRO
615;66;448990;False;CRO
616;67;450042;False;CRO
617;66;450825;False;CRO
618;67;451890;False;CRO
619;66;452129;False;CRO
620;67;453163;True;CRO
621;66;453163;True;CRO
622;66;453720;False;CRO
623;67;454142;False;CRO
624;67;454795;False;CRO
625;66;454795;False;CRO
626;67;456634;True;CRO
627;66;456834;False;CRO
628;66;456875;True;CRO
629;67;458304;False;CRO
630;66;459001;True;CRO
631;67;460286;False;CRO
632;66;461300;False;CRO
633;67;462030;True;CRO
634;66;463315;True;CRO
635;67;464248;True;CRO
636;66;464620;True;CRO
637;66;465780;True;CRO
638;67;465812;True;CRO
639;67;467355;False;CRO
640;67;467903;False;CRO
641;66;468263;False;CRO
642;67;469589;True;CRO
643;66;470531;True;CRO
644;67;471598;True;CRO
645;66;472878;True;CRO
646;1642;473390;True;CRO
647;67;473418;True;CRO
648;66;474221;True;CRO
649;1642;474221;False;CRO
650;1622;474221;True;CRO
651;67;474833;True;CRO
652;66;475978;True;CRO
653;67;477062;False;CRO
654;66;477920;False;CRO
655;67;478875;True;CRO
656;66;479626;True;CRO
657;67;480970;False;CRO
658;66;481744;False;CRO
659;67;483218;True;CRO
660;66;483630;True;CRO
661;67;485241;False;CRO
662;66;485647;False;CRO
663;67;487415;True;CRO
664;66;488040;True;CRO
665;66;488848;False;CRO
666;67;489551;True;CRO
667;66;489863;True;CRO
668;66;490556;True;CRO
669;67;490583;True;CRO
670;93;75;True;CRO
671;92;2384;True;CRO
672;98;30;True;CRO
673;97;40;True;CRO
674;1272;254;False;CRO
675;1273;262;False;CRO
676;97;262;False;CRO
677;98;262;False;CRO
678;1272;487;True;CRO
679;97;487;True;CRO
680;1273;487;True;CRO
681;98;487;True;CRO
682;98;687;True;CRO
683;97;845;True;CRO
684;97;966;False;CRO
685;98;1018;False;CRO
686;97;1104;True;CRO
687;98;1142;True;CRO
688;97;1365;True;CRO
689;98;1410;True;CRO
690;1989;1413;True;CRO
691;97;1493;True;CRO
692;1988;1616;False;CRO
693;1988;1616;True;CRO
694;1988;1662;True;CRO
695;1989;1745;True;CRO
696;1294;38913;True;CRO
697;1295;38913;True;CRO
698;1295;39710;True;CRO
699;1294;39930;True;CRO
700;1294;40542;False;CRO
701;1295;40542;False;CRO
702;2181;40842;False;CRO
703;1294;40844;False;CRO
704;1295;40844;False;CRO
705;154;41446;True;CRO
706;154;42422;False;CRO
707;154;43632;False;CRO
708;154;43688;False;CRO
709;154;45735;False;CRO
710;154;46525;False;CRO
711;154;48270;True;CRO
712;2184;49065;False;CRO
713;154;49065;False;CRO
714;2184;50000;False;CRO
715;154;50000;False;CRO
716;154;50708;True;CRO
717;154;52110;False;CRO
718;154;53575;False;CRO
719;154;55145;True;CRO
720;2185;55906;False;CRO
721;154;55906;False;CRO
722;154;56654;False;CRO
723;2185;56654;False;CRO
724;154;57140;True;CRO
725;154;58535;False;CRO
726;154;61620;False;CRO
727;154;62992;True;CRO
728;154;63685;False;CRO
729;154;64308;False;CRO
730;154;65112;False;CRO
731;154;68673;True;CRO
732;154;70186;False;CRO
733;154;70336;False;CRO
734;2183;71085;False;CRO
735;154;71085;False;CRO
736;2182;71085;False;CRO
737;154;71840;True;CRO
738;154;74185;False;CRO
739;154;90100;True;CRO
740;309;88520;True;CRO
741;309;88740;True;CRO
742;309;89570;False;CRO
743;309;92760;True;CRO
744;309;93899;False;CRO
745;309;93999;False;CRO
746;8802;400;True;BLGV
747;8803;400;True;BLGV
748;8803;500;True;BLGV
749;8802;500;True;BLGV
750;8803;1222;True;CRO
751;8802;1222;True;CRO
752;8803;1278;False;CRO
753;8802;1278;False;CRO
754;8802;10000;True;BLGV
755;8803;10000;True;BLGV
756;8802;20000;True;BLGV
757;8803;20000;True;BLGV
758;8803;30000;True;BLGV
759;8802;30000;True;BLGV
760;8803;40000;True;BLGV
761;8802;40000;True;BLGV
762;8803;50000;True;BLGV
763;8802;50000;True;BLGV
764;8803;60000;True;BLGV
765;8802;60000;True;BLGV
766;8802;70000;True;BLGV
767;8803;70000;True;BLGV
768;8802;80000;True;BLGV
769;8803;80000;True;BLGV
770;8803;91000;True;BLGV
771;8802;91000;True;BLGV
772;8803;100000;True;BLGV
773;8802;100000;True;BLGV
774;8803;110000;True;BLGV
775;8802;110000;True;BLGV
776;8803;120000;True;BLGV
777;8802;120000;True;BLGV
778;8803;130000;True;BLGV
779;8802;130000;True;BLGV
780;8802;140000;True;BLGV
781;8803;140000;True;BLGV
782;8803;150000;True;BLGV
783;8802;150000;True;BLGV
784;8802;160000;True;BLGV
785;8803;160000;True;BLGV
786;8802;170000;True;BLGV
787;8803;170000;True;BLGV
788;8802;180000;True;BLGV
789;8803;180000;True;BLGV
790;8802;190000;True;BLGV
791;8803;190000;True;BLGV
792;8802;200000;True;BLGV
793;8803;200000;True;BLGV
794;8802;210000;True;BLGV
795;8803;210000;True;BLGV
796;8802;220000;True;BLGV
797;8803;220000;True;BLGV
798;8802;230000;True;BLGV
799;8803;230000;True;BLGV
800;8802;240000;True;BLGV
801;8803;240000;True;BLGV
802;8802;250000;True;BLGV
803;8803;250000;True;BLGV
804;8802;260000;True;BLGV
805;8803;260000;True;BLGV
806;8802;270000;True;BLGV
807;8803;270000;True;BLGV
808;8802;280000;True;BLGV
809;8803;280000;True;BLGV
810;8803;290000;True;BLGV
811;8802;290000;True;BLGV
812;8803;299000;True;BLGV
813;8802;299000;True;BLGV
814;8802;300432;True;CRO
815;8803;300432;True;CRO
816;9113;548;True;CRO
817;9112;567;False;CRO
818;9112;591;False;CRO
819;9113;1210;True;CRO
820;9112;1684;True;CRO
821;9113;1968;True;CRO
822;9112;1980;True;CRO
823;9113;2235;False;CRO
824;9113;2400;True;BLGV
825;9113;2500;True;BLGV
826;9112;3000;True;BLGV
827;9112;3100;True;BLGV
828;9112;3170;True;CRO
829;9115;1110;True;CRO
830;9115;1360;False;CRO
831;9115;1500;True;BLGV
832;9115;1600;True;BLGV
833;9116;460;True;CRO
834;9116;740;True;CRO
835;9116;900;True;BLGV
836;9116;1000;True;BLGV
837;8840;445;True;CRO
838;8840;1660;True;CRO
839;8839;1760;True;CRO
840;8840;1977;True;CRO
841;8839;3277;True;CRO
842;8841;460;True;CRO
843;8841;1236;True;CRO
844;8842;1460;True;CRO
845;8842;3000;True;CRO
846;9126;160;True;CRO
847;9127;410;True;CRO
848;9127;1045;True;CRO
849;9127;1400;True;BLGV
850;9127;1500;True;BLGV
851;9126;1690;False;CRO
852;9126;1740;False;CRO
853;9126;2000;True;BLGV
854;9126;2100;True;BLGV
855;8989;410;True;CRO
856;8989;1490;True;CRO
857;8989;4000;True;BLGV
858;8989;4100;True;BLGV
859;687;874;True;CRO
860;686;3015;False;CRO
861;685;118225;False;CRO
862;81;170190;True;CRO
863;81;171090;True;CRO
864;90;31618;True;CRO
865;90;32516;True;CRO
866;9688;788;True;CRO
867;9687;1764;True;CRO
868;9687;2490;False;CRO
869;9688;2584;False;CRO
870;9687;10000;True;BLGV
871;9688;10000;True;BLGV
872;9687;20000;True;BLGV
873;9688;20000;True;BLGV
874;9687;30000;True;BLGV
875;9688;30000;True;BLGV
876;9687;40000;True;BLGV
877;9688;40000;True;BLGV
878;9688;50000;True;BLGV
879;9687;50000;True;BLGV
880;9701;52220;False;CRO
881;9702;52220;False;CRO
882;9687;60000;True;BLGV
883;9688;60000;True;BLGV
884;9687;70000;True;BLGV
885;9688;70000;True;BLGV
886;9687;80000;True;BLGV
887;9688;80000;True;BLGV
888;9688;90000;True;BLGV
889;9687;90000;True;BLGV
890;9688;100000;True;BLGV
891;9687;100000;True;BLGV
892;9687;110000;True;BLGV
893;9688;110000;True;BLGV
894;9687;120000;True;BLGV
895;9688;120000;True;BLGV
896;9687;130000;True;BLGV
897;9688;130000;True;BLGV
898;9690;1410;True;CRO
899;9689;1410;True;CRO
900;9690;2186;True;CRO
901;9689;2186;True;CRO
902;157;216676;True;CRO
903;157;217970;True;CRO
904;157;219150;False;CRO
905;157;220212;True;CRO
906;156;221580;False;CRO
907;157;222467;False;CRO
908;156;223740;True;CRO
909;157;224725;True;CRO
910;156;225878;True;CRO
911;156;227935;True;CRO
912;157;228960;False;CRO
913;156;229528;False;CRO
914;156;230922;False;CRO
915;157;231056;True;CRO
916;157;232810;True;CRO
917;156;232885;True;CRO
918;156;233665;True;CRO
919;157;234073;False;CRO
920;2190;234147;False;CRO
921;2191;234147;False;CRO
922;2190;234370;True;CRO
923;2191;234370;True;CRO
924;156;234412;True;CRO
925;157;234802;True;CRO
926;156;235137;True;CRO
927;157;235485;True;CRO
928;156;237028;True;CRO
929;157;237155;True;CRO
930;156;238590;True;CRO
931;157;239095;True;CRO
932;157;239985;True;CRO
933;156;240730;True;CRO
934;157;241290;True;CRO
935;157;251180;True;CRO
936;157;252525;True;CRO
937;156;252871;True;CRO
938;156;254381;True;CRO
939;157;260930;True;CRO
940;156;261160;True;CRO
941;156;262655;True;CRO
942;157;262860;True;CRO
943;156;263722;True;CRO
944;157;264230;True;CRO
945;157;265940;True;CRO
946;156;266645;True;CRO
947;157;274655;True;CRO
948;156;274701;True;CRO
949;156;276009;True;CRO
950;157;276302;True;CRO
951;157;277875;True;CRO
952;156;278407;True;CRO
953;157;283869;True;CRO
954;157;286480;True;CRO
955;156;290385;False;CRO
956;157;291285;True;CRO
957;156;292027;True;CRO
958;157;292510;False;CRO
959;157;293589;True;CRO
960;156;293938;True;CRO
961;157;294545;False;CRO
962;157;296105;True;CRO
963;156;296216;True;CRO
964;156;300792;False;CRO
965;156;302250;True;CRO
966;157;302354;True;CRO
967;156;304395;True;CRO
968;1302;2122;True;CRO
969;240;48386;True;CRO
970;240;49215;True;CRO
971;241;94640;True;CRO
972;310;49220;True;CRO
973;312;94568;True;CRO
974;312;95274;False;CRO
975;311;97221;True;CRO
976;358;2112;True;CRO
977;359;2227;True;CRO
978;359;4022;False;CRO
979;358;4238;False;CRO
980;359;5823;False;CRO
981;358;6336;False;CRO
982;359;7476;False;CRO
983;358;8176;False;CRO
984;359;9524;False;CRO
985;358;10257;True;CRO
986;359;11475;True;CRO
987;358;12023;False;CRO
988;359;12617;True;CRO
989;358;13824;True;CRO
990;359;14527;False;CRO
991;358;15418;False;CRO
992;359;16528;False;CRO
993;358;17200;False;CRO
994;359;18690;False;CRO
995;358;19595;False;CRO
996;359;20849;True;CRO
997;358;21630;True;CRO
998;359;22880;False;CRO
999;358;23677;False;CRO
1000;359;25337;False;CRO
1001;358;25570;False;CRO
1002;358;27790;False;CRO
1003;359;27812;False;CRO
1004;358;29150;False;CRO
1005;358;29884;True;CRO
1006;3443;30286;False;CRO
1007;359;30326;False;CRO
1008;358;31152;True;CRO
1009;3441;31152;True;CRO
1010;359;31620;True;CRO
1011;359;33429;False;CRO
1012;358;33610;True;CRO
1013;359;35207;False;CRO
1014;358;35833;False;CRO
1015;359;37216;True;CRO
1016;358;38328;False;CRO
1017;359;39594;False;CRO
1018;358;40625;False;CRO
1019;359;41984;True;CRO
1020;358;43021;True;CRO
1021;359;44708;False;CRO
1022;358;45327;False;CRO
1023;359;47204;True;CRO
1024;358;47956;True;CRO
1025;359;49651;False;CRO
1026;358;50183;False;CRO
1027;359;52247;True;CRO
1028;358;52463;True;CRO
1029;359;54247;False;CRO
1030;358;55045;False;CRO
1031;359;56546;False;CRO
1032;358;57505;True;CRO
1033;359;58930;True;CRO
1034;358;59693;False;CRO
1035;359;61190;False;CRO
1036;358;62320;True;CRO
1037;359;63540;True;CRO
1038;358;64968;False;CRO
1039;359;66028;False;CRO
1040;358;67379;False;CRO
1041;358;67599;False;CRO
1042;359;68166;True;CRO
1043;358;69775;True;CRO
1044;359;70406;False;CRO
1045;3442;70406;False;CRO
1046;3444;70520;False;CRO
1047;3442;70921;True;CRO
1048;3444;70921;True;CRO
1049;358;71071;False;CRO
1050;359;71532;True;CRO
1051;358;73205;True;CRO
1052;359;73763;False;CRO
1053;359;74890;False;CRO
1054;358;76005;False;CRO
1055;359;76240;False;CRO
1056;358;78618;False;CRO
1057;359;78620;False;CRO
1058;358;81422;True;CRO
1059;359;81496;True;CRO
1060;358;84165;False;CRO
1061;359;84264;False;CRO
1062;358;86474;True;CRO
1063;359;87093;True;CRO
1064;358;89010;False;CRO
1065;359;89714;False;CRO
1066;358;91724;True;CRO
1067;359;92325;True;CRO
1068;358;94217;True;CRO
1069;359;94865;True;CRO
1070;358;95730;True;CRO
1071;359;96230;True;CRO
1072;358;97602;True;CRO
1073;359;98716;False;CRO
1074;358;100292;True;CRO
1075;359;101316;True;CRO
1076;358;102834;True;CRO
1077;359;103456;False;CRO
1078;358;105343;True;CRO
1079;358;107825;False;CRO
1080;359;108363;True;CRO
1081;358;108790;False;CRO
1082;358;109935;True;CRO
1083;359;110613;True;CRO
1084;358;112561;True;CRO
1085;381;1087;True;CRO
1086;381;2170;True;CRO
1087;381;15390;False;CRO
1088;381;15770;True;CRO
1089;422;32590;True;CRO
1090;423;34538;False;CRO
1091;423;44297;False;CRO
1092;423;45517;True;CRO
1093;422;49240;True;CRO
1094;422;50474;True;CRO
1095;423;61637;True;CRO
1096;422;64700;True;CRO
1097;423;65537;True;CRO
1098;423;66511;False;CRO
1099;423;67740;True;CRO
1100;422;70060;True;CRO
1101;423;85760;True;CRO
1102;464;978;True;CRO
1103;463;22830;True;CRO
1104;464;23193;True;CRO
1105;463;24796;False;CRO
1106;464;24804;False;CRO
1107;463;27130;True;CRO
1108;464;27564;True;CRO
1109;463;28788;True;CRO
1110;464;29220;True;CRO
1111;463;30444;True;CRO
1112;464;30894;False;CRO
1113;463;32085;False;CRO
1114;464;32495;True;CRO
1115;463;33285;False;CRO
1116;463;34285;True;CRO
1117;464;34627;True;CRO
1118;464;35799;True;CRO
1119;463;35902;True;CRO
1120;463;37180;True;CRO
1121;464;37455;True;CRO
1122;463;38803;False;CRO
1123;464;39093;False;CRO
1124;463;40443;True;CRO
1125;464;40785;True;CRO
1126;463;41948;False;CRO
1127;464;42500;True;CRO
1128;463;42981;True;CRO
1129;480;180;True;CRO
1130;4043;495;True;CRO
1131;479;495;True;CRO
1132;480;685;True;CRO
1133;480;880;True;CRO
1134;479;1890;True;CRO
1135;480;3264;False;CRO
1136;479;4096;True;CRO
1137;480;5725;True;CRO
1138;479;6482;True;CRO
1139;480;7927;True;CRO
1140;479;8826;False;CRO
1141;480;10533;True;CRO
1142;479;11105;True;CRO
1143;479;12324;True;CRO
1144;480;13040;True;CRO
1145;479;13390;True;CRO
1146;480;13672;True;CRO
1147;4042;13684;False;CRO
1148;4042;13856;True;CRO
1149;479;13884;True;CRO
1150;480;14420;True;CRO
1151;480;14999;True;CRO
1152;480;16010;False;CRO
1153;479;30752;True;CRO
1154;479;32574;True;CRO
1155;478;33428;True;CRO
1156;478;34750;True;CRO
1157;478;55640;False;CRO
1158;478;55790;False;CRO
1159;478;56697;True;CRO
1160;478;56810;False;CRO
1161;496;905;True;CRO
1162;496;2010;False;CRO
1163;496;2490;True;CRO
1164;495;9505;True;CRO
1165;495;11208;False;CRO
1166;496;13441;True;CRO
1167;496;14870;True;CRO
1168;495;20890;True;CRO
1169;495;22441;False;CRO
1170;496;23810;True;CRO
1171;495;23940;True;CRO
1172;496;25198;True;CRO
1173;495;25365;True;CRO
1174;496;27060;True;CRO
1175;495;27180;True;CRO
1176;495;28790;True;CRO
1177;496;29340;True;CRO
1178;495;30636;True;CRO
1179;496;31690;True;CRO
1180;495;32880;False;CRO
1181;496;33310;True;CRO
1182;495;34904;True;CRO
1183;496;35010;True;CRO
1184;496;36710;True;CRO
1185;495;36814;True;CRO
1186;496;39035;False;CRO
1187;495;39448;False;CRO
1188;496;41306;True;CRO
1189;495;41853;True;CRO
1190;496;43810;False;CRO
1191;495;44297;False;CRO
1192;496;46322;True;CRO
1193;495;46990;True;CRO
1194;496;47867;True;CRO
1195;495;49107;False;CRO
1196;495;49330;True;CRO
1197;496;49910;True;CRO
1198;495;50382;True;CRO
1199;496;50756;True;CRO
1200;495;50756;True;CRO
1201;8614;50756;True;CRO
1202;496;51077;True;CRO
1203;495;51108;True;CRO
1204;8614;51108;True;CRO
1205;496;51782;True;CRO
1206;496;52745;False;CRO
1207;495;52800;True;CRO
1208;496;53110;True;CRO
1209;495;54527;True;CRO
1210;496;54930;True;CRO
1211;496;57087;False;CRO
1212;495;67630;True;CRO
1213;496;71405;True;CRO
1214;495;78485;True;CRO
1215;496;82110;True;CRO
1216;495;91890;False;CRO
1217;495;92090;False;CRO
1218;495;93453;True;CRO
1219;4067;94647;True;CRO
1220;494;94647;True;CRO
1221;494;95255;True;CRO
1222;494;96258;False;CRO
1223;494;96735;False;CRO
1224;494;105490;True;CRO
1225;494;107016;True;CRO
1226;494;107778;True;CRO
1227;4068;107778;True;CRO
1228;494;108521;True;CRO
1229;4068;108521;True;CRO
1230;494;108979;True;CRO
1231;494;110229;False;CRO
1232;494;123440;False;CRO
1233;494;124046;False;CRO
1234;494;124770;True;CRO
1235;494;125270;True;CRO
1236;609;98989;True;CRO
1237;690;4018;True;CRO
1238;690;4918;False;CRO
1239;689;9410;True;CRO
1240;689;10387;True;CRO
1241;690;10460;True;CRO
1242;689;11465;True;CRO
1243;688;12003;True;CRO
1244;688;13420;False;CRO
1245;688;25775;False;CRO
1246;688;26207;False;CRO
1247;688;26785;True;CRO
1248;703;537;True;CRO
1249;703;1539;True;CRO
1250;703;2485;True;CRO
1251;703;6120;True;CRO
1252;703;9510;True;CRO
1253;703;17982;False;CRO
1254;703;18543;True;CRO
1255;5416;19227;False;CRO
1256;703;19227;False;CRO
1257;703;20920;True;CRO
1258;703;21124;False;CRO
1259;703;40063;True;CRO
1260;703;41770;True;CRO
1261;703;42271;False;CRO
1262;703;42291;False;CRO
1263;703;43850;True;CRO
1264;703;44510;True;CRO
1265;703;45776;True;CRO
1266;703;46990;False;CRO
1267;703;48205;True;CRO
1268;757;386456;True;CRO
1269;757;387625;True;CRO
1270;757;389290;True;CRO
1271;757;393995;True;CRO
1272;757;395495;True;CRO
1273;5804;395835;True;CRO
1274;757;395835;False;CRO
1275;5804;396478;True;CRO
1276;757;396478;False;CRO
1277;757;396675;True;CRO
1278;757;398540;False;CRO
1279;757;401773;False;CRO
1280;757;403281;True;CRO
1281;757;404534;True;CRO
1282;757;406077;False;CRO
1283;757;406874;False;CRO
1284;757;408374;True;CRO
1285;757;409768;True;CRO
1286;757;411308;False;CRO
1287;757;416490;False;CRO
1288;757;417569;True;CRO
1289;757;418135;False;CRO
1290;757;418922;True;CRO
1291;757;421090;True;CRO
1292;757;422005;False;CRO
1293;757;422600;True;CRO
1294;757;424323;True;CRO
1295;757;426010;True;CRO
1296;757;433090;True;CRO
1297;757;434340;False;CRO
1298;757;434496;True;CRO
1299;757;435289;True;CRO
1300;757;435456;True;CRO
1301;5809;435476;False;CRO
1302;5810;435476;False;CRO
1303;5810;435797;True;CRO
1304;757;435810;True;CRO
1305;5809;435810;True;CRO
1306;797;8703;True;CRO
1307;1456;8903;True;CRO
1308;796;8903;True;CRO
1309;1461;9226;True;CRO
1310;797;9226;False;CRO
1311;1456;9435;False;CRO
1312;1460;9435;False;CRO
1313;796;9440;True;CRO
1314;1461;9568;False;CRO
1315;1456;9627;False;CRO
1316;797;9747;False;CRO
1317;1461;9747;True;CRO
1318;796;9940;False;CRO
1319;1460;9940;False;CRO
1320;1456;9940;False;CRO
1321;1456;10207;False;CRO
1322;797;10269;True;CRO
1323;1461;10269;True;CRO
1324;796;10472;True;CRO
1325;1456;10472;True;CRO
1326;1456;10738;False;CRO
1327;1461;10985;True;CRO
1328;797;11001;True;CRO
1329;796;11072;True;CRO
1330;1456;11072;True;CRO
1331;796;11518;False;CRO
1332;1456;11518;False;CRO
1333;1461;11586;False;CRO
1334;797;11586;False;CRO
1335;796;12320;False;CRO
1336;1456;12320;False;CRO
1337;797;12670;False;CRO
1338;1461;12670;False;CRO
1339;796;13010;True;CRO
1340;1456;13010;True;CRO
1341;1461;13242;True;CRO
1342;796;13285;True;CRO
1343;1456;13582;True;CRO
1344;796;13792;False;CRO
1345;5987;13814;True;CRO
1346;797;13816;True;CRO
1347;1461;13818;True;CRO
1348;796;14130;True;CRO
1349;1456;14132;False;CRO
1350;5987;14398;False;CRO
1351;797;14447;False;CRO
1352;1461;14447;False;CRO
1353;796;14805;True;CRO
1354;1456;14805;False;CRO
1355;797;15199;False;CRO
1356;1461;15199;False;CRO
1357;5953;15292;True;CRO
1358;1461;15346;False;CRO
1359;5953;15373;False;CRO
1360;796;15553;False;CRO
1361;1456;15553;False;CRO
1362;5953;15570;True;CRO
1363;797;15688;False;CRO
1364;796;15753;False;CRO
1365;796;15912;True;CRO
1366;1461;15956;True;CRO
1367;797;15956;True;CRO
1368;1456;16290;True;CRO
1369;796;16290;False;CRO
1370;1456;16560;False;CRO
1371;797;16654;False;CRO
1372;1461;16654;False;CRO
1373;1456;16890;False;CRO
1374;1461;17080;False;CRO
1375;1456;17102;False;CRO
1376;796;17290;True;CRO
1377;1461;17523;True;CRO
1378;797;17523;True;CRO
1379;1456;17770;True;CRO
1381;797;18223;True;CRO
1382;1461;18223;True;CRO
1383;796;18540;True;CRO
1384;5952;18540;True;CRO
1385;1456;18540;True;CRO
1386;1461;19010;False;CRO
1388;1456;19163;False;CRO
1389;5952;19163;False;CRO
1393;797;19715;False;CRO
1394;1461;19715;False;CRO
1395;5952;19732;False;CRO
1397;5952;20197;True;CRO
1398;796;20270;True;CRO
1399;1456;20270;True;CRO
1400;1461;20423;True;CRO
1401;1461;20545;False;CRO
1402;1456;20545;False;CRO
1403;796;20818;False;CRO
1404;796;21293;True;CRO
1405;797;21370;True;CRO
1406;1461;21370;True;CRO
1407;797;21573;False;CRO
1408;5952;21645;True;CRO
1409;1456;21830;True;CRO
1410;796;21830;True;CRO
1411;1456;21990;True;CRO
1412;5952;22172;False;CRO
1413;1461;22250;True;CRO
1414;797;22250;True;CRO
1415;796;22405;True;CRO
1416;796;22594;True;CRO
1417;1456;22594;False;CRO
1418;5952;22865;True;CRO
1419;1461;23045;False;CRO
1420;797;23200;False;CRO
1421;1461;23200;False;CRO
1422;1456;23390;True;CRO
1423;1461;24063;True;CRO
1424;797;24063;False;CRO
1425;796;24975;True;CRO
1426;1456;24975;True;CRO
1427;797;25598;True;CRO
1428;1461;25598;True;CRO
1429;1456;25626;False;CRO
1430;796;26580;True;CRO
1431;1456;26580;True;CRO
1432;797;27311;False;CRO
1433;1461;27311;False;CRO
1434;796;27624;True;CRO
1435;1456;27640;True;CRO
1436;797;27940;False;CRO
1437;796;28167;True;CRO
1438;797;28200;True;CRO
1439;796;28480;True;CRO
1440;797;29160;False;CRO
1441;796;29340;True;CRO
1442;797;29342;True;CRO
1443;796;29913;False;CRO
1444;796;30600;False;CRO
1445;797;30801;False;CRO
1446;797;31060;False;CRO
1447;796;32115;False;CRO
1448;797;32254;False;CRO
1449;797;33690;True;CRO
1450;796;34034;True;CRO
1451;796;35119;True;CRO
1452;797;35128;True;CRO
1453;796;35645;True;CRO
1454;797;35700;False;CRO
1455;796;36563;True;CRO
1456;797;36810;True;CRO
1457;796;36980;False;CRO
1458;796;37986;True;CRO
1459;797;38440;True;CRO
1460;796;39475;False;CRO
1461;796;39527;False;CRO
1462;797;40005;False;CRO
1463;5961;40020;True;CRO
1464;797;40044;False;CRO
1465;796;40777;False;CRO
1466;797;40829;False;CRO
1467;796;40829;False;CRO
1468;5923;40840;True;CRO
1469;5961;40915;False;CRO
1470;797;41576;True;CRO
1471;796;41578;True;CRO
1472;5923;41728;False;CRO
1473;797;42244;True;CRO
1474;796;42249;True;CRO
1475;796;42710;False;CRO
1476;797;42816;False;CRO
1477;797;42955;False;CRO
1478;796;43390;True;CRO
1479;797;43390;True;CRO
1480;797;44016;False;CRO
1481;797;44040;False;CRO
1482;5922;44260;True;CRO
1483;796;44270;True;CRO
1484;797;45346;True;CRO
1485;796;45750;True;CRO
1486;797;46866;False;CRO
1487;796;47260;False;CRO
1488;797;48321;False;CRO
1489;796;48792;True;CRO
1490;797;49710;True;CRO
1491;796;50440;True;CRO
1492;796;51015;False;CRO
1493;797;51278;True;CRO
1494;796;51655;True;CRO
1495;5962;52332;True;CRO
1496;797;52724;False;CRO
1497;796;53597;False;CRO
1498;797;53947;True;CRO
1499;796;55128;False;CRO
1500;797;55695;False;CRO
1501;796;56533;True;CRO
1502;797;57374;True;CRO
1503;796;58227;False;CRO
1504;797;59076;False;CRO
1505;796;59737;True;CRO
1506;797;60696;False;CRO
1507;796;61608;False;CRO
1508;797;62314;True;CRO
1509;796;63242;True;CRO
1510;797;63700;True;CRO
1511;5969;63700;True;CRO
1512;796;64643;True;CRO
1513;5931;64665;False;CRO
1514;797;64767;True;CRO
1515;796;66130;True;CRO
1516;797;66453;True;CRO
1517;796;67655;False;CRO
1518;797;68115;False;CRO
1519;796;69066;False;CRO
1520;797;69833;False;CRO
1521;796;70535;True;CRO
1522;797;71651;True;CRO
1523;796;72119;True;CRO
1524;797;73345;True;CRO
1525;796;73971;False;CRO
1526;797;74795;True;CRO
1527;796;75570;True;CRO
1528;797;76285;False;CRO
1529;796;77188;False;CRO
1530;797;77805;False;CRO
1531;796;78846;False;CRO
1532;797;79424;False;CRO
1533;796;80492;False;CRO
1534;797;80966;True;CRO
1535;796;82073;True;CRO
1536;5963;82470;True;CRO
1537;797;82477;True;CRO
1538;796;83495;True;CRO
1539;5924;83495;True;CRO
1540;797;83719;True;CRO
1541;797;85150;True;CRO
1542;796;85167;True;CRO
1543;797;86383;False;CRO
1544;796;86634;False;CRO
1545;797;87890;False;CRO
1546;796;88130;False;CRO
1547;797;89515;True;CRO
1548;796;89530;True;CRO
1549;796;90958;False;CRO
1550;797;91127;False;CRO
1551;797;91878;False;CRO
1552;796;92012;False;CRO
1553;796;92389;False;CRO
1554;797;92752;False;CRO
1555;796;93290;True;CRO
1556;797;93490;True;CRO
1557;5970;94243;True;CRO
1558;797;94243;True;CRO
1559;5932;94334;False;CRO
1560;796;94697;True;CRO
1561;5932;94697;True;CRO
1562;797;95353;True;CRO
1563;796;95458;True;CRO
1564;796;96450;False;CRO
1565;796;96613;False;CRO
1566;797;96795;False;CRO
1567;796;98160;False;CRO
1568;797;98328;False;CRO
1569;796;99780;True;CRO
1570;797;99875;True;CRO
1571;796;100216;False;CRO
1572;796;101392;False;CRO
1573;796;101424;False;CRO
1574;797;101428;True;CRO
1575;796;102723;True;CRO
1576;797;102999;False;CRO
1577;797;103094;True;CRO
1578;797;104208;True;CRO
1579;796;104215;True;CRO
1580;797;104882;True;CRO
1581;796;105123;True;CRO
1582;796;106095;False;CRO
1583;796;106241;False;CRO
1584;797;106544;False;CRO
1585;796;107595;False;CRO
1586;797;108205;False;CRO
1587;796;109105;False;CRO
1588;796;109118;False;CRO
1589;796;109850;True;CRO
1590;797;109890;True;CRO
1591;796;110735;False;CRO
1592;796;110899;False;CRO
1593;797;111530;False;CRO
1594;796;112465;True;CRO
1595;797;112773;True;CRO
1596;797;113114;False;CRO
1597;5971;113114;True;CRO
1598;5933;113880;True;CRO
1599;796;113880;True;CRO
1600;797;113935;True;CRO
1601;797;114460;True;CRO
1602;796;114565;True;CRO
1603;796;115595;False;CRO
1604;796;115741;True;CRO
1605;797;116130;True;CRO
1606;796;117293;True;CRO
1607;797;117734;True;CRO
1608;796;118696;False;CRO
1609;797;119234;False;CRO
1610;796;120224;True;CRO
1611;797;120864;True;CRO
1612;796;121767;False;CRO
1613;797;122435;False;CRO
1614;796;123310;False;CRO
1615;797;124163;False;CRO
1616;796;124811;True;CRO
1617;797;125819;True;CRO
1618;796;126324;False;CRO
1619;797;127515;False;CRO
1620;796;127982;False;CRO
1621;797;129220;False;CRO
1622;796;129680;True;CRO
1623;797;130939;True;CRO
1624;796;131407;False;CRO
1625;797;132714;True;CRO
1626;796;133145;True;CRO
1627;797;134413;False;CRO
1628;796;134840;False;CRO
1629;797;136071;False;CRO
1630;796;136345;False;CRO
1631;796;137730;False;CRO
1632;797;137775;True;CRO
1633;796;139130;True;CRO
1634;797;139466;True;CRO
1635;796;140454;False;CRO
1636;5939;140822;False;CRO
1637;797;141010;True;CRO
1638;5951;141080;False;CRO
1639;5939;141105;False;CRO
1640;5959;141105;False;CRO
1641;5951;141430;True;CRO
1642;5948;141430;True;CRO
1643;5959;141460;True;CRO
1644;796;141480;True;CRO
1645;5939;141485;True;CRO
1646;796;141799;False;CRO
1647;5939;141824;False;CRO
1648;797;141960;True;CRO
1649;5939;142119;True;CRO
1650;796;142119;True;CRO
1651;797;143360;True;CRO
1652;796;143897;True;CRO
1653;797;144765;True;CRO
1654;796;145655;True;CRO
1655;5972;146177;True;CRO
1656;797;146177;True;CRO
1657;796;147085;True;CRO
1658;5934;147085;True;CRO
1659;797;147585;True;CRO
1660;796;148540;True;CRO
1661;797;148940;True;CRO
1662;796;150085;False;CRO
1663;797;150470;False;CRO
1664;796;151632;False;CRO
1665;797;151982;False;CRO
1666;796;153232;True;CRO
1667;797;153600;True;CRO
1668;796;154775;False;CRO
1669;797;155257;False;CRO
1670;796;156347;False;CRO
1671;797;156825;False;CRO
1672;796;157860;True;CRO
1673;797;158506;True;CRO
1674;796;159240;False;CRO
1675;797;160073;True;CRO
1676;796;160982;False;CRO
1677;797;161578;True;CRO
1678;796;162552;True;CRO
1679;797;163020;True;CRO
1680;796;164283;False;CRO
1681;797;164710;False;CRO
1682;796;165837;False;CRO
1683;797;166475;True;CRO
1684;796;167390;True;CRO
1685;797;168140;True;CRO
1686;796;168795;False;CRO
1687;797;169623;True;CRO
1688;796;170268;True;CRO
1689;797;170830;True;CRO
1690;796;171475;True;CRO
1691;5989;172080;True;CRO
1692;797;172085;True;CRO
1693;6000;172162;True;CRO
1694;5998;172162;True;CRO
1695;5998;172314;False;CRO
1696;6000;172314;False;CRO
1697;796;172490;True;CRO
1698;5989;172490;True;CRO
1699;5998;172540;True;CRO
1700;797;172904;True;CRO
1701;797;174454;False;CRO
1702;796;175431;False;CRO
1703;797;175888;False;CRO
1704;796;176948;True;CRO
1705;797;177345;True;CRO
1706;796;178590;False;CRO
1707;797;178904;False;CRO
1708;796;180302;False;CRO
1709;797;180343;False;CRO
1710;797;181790;True;CRO
1711;796;181803;True;CRO
1712;796;183344;False;CRO
1713;797;183503;False;CRO
1714;796;184970;False;CRO
1715;797;185143;False;CRO
1716;796;186407;True;CRO
1717;797;186579;True;CRO
1718;796;187782;True;CRO
1719;5973;188008;True;CRO
1720;797;188008;True;CRO
1721;796;188798;True;CRO
1722;5935;188820;True;CRO
1723;797;189160;True;CRO
1724;796;190504;True;CRO
1725;797;190675;True;CRO
1726;797;192100;True;CRO
1727;796;192370;False;CRO
1728;5974;193774;True;CRO
1729;797;193781;True;CRO
1730;796;194084;True;CRO
1731;797;195100;True;CRO
1732;796;195392;True;CRO
1733;5936;195414;True;CRO
1734;797;196865;True;CRO
1735;796;197218;True;CRO
1736;797;198757;False;CRO
1737;796;198851;True;CRO
1738;797;200162;True;CRO
1739;796;200655;True;CRO
1740;797;201573;False;CRO
1741;796;202480;False;CRO
1742;797;203260;True;CRO
1743;796;204055;True;CRO
1744;797;204759;True;CRO
1745;5940;204813;True;CRO
1746;796;205462;True;CRO
1747;5940;205516;True;CRO
1748;797;206165;True;CRO
1749;796;207048;True;CRO
1750;797;207659;True;CRO
1751;796;208500;False;CRO
1752;797;209235;False;CRO
1753;796;210098;False;CRO
1754;797;210888;False;CRO
1755;796;211795;True;CRO
1756;797;212315;True;CRO
1757;796;213460;False;CRO
1758;797;213756;False;CRO
1759;796;214964;False;CRO
1760;797;215299;True;CRO
1761;796;216358;False;CRO
1762;796;216643;True;CRO
1763;797;216895;True;CRO
1764;5957;216963;True;CRO
1765;796;217787;True;CRO
1766;5957;217970;True;CRO
1767;797;218484;True;CRO
1768;796;219375;True;CRO
1769;797;219910;True;CRO
1770;796;220890;False;CRO
1771;797;221494;False;CRO
1772;796;222522;False;CRO
1773;797;223193;False;CRO
1774;796;224160;True;CRO
1775;797;224865;True;CRO
1776;796;225854;False;CRO
1777;797;226640;False;CRO
1778;796;227476;True;CRO
1779;797;228397;True;CRO
1780;796;229170;False;CRO
1781;797;230125;False;CRO
1782;796;230910;True;CRO
1783;797;231620;True;CRO
1784;796;232390;True;CRO
1785;797;233115;False;CRO
1786;796;233795;False;CRO
1787;797;234608;True;CRO
1788;796;235500;True;CRO
1789;797;236079;True;CRO
1790;5964;236185;False;CRO
1791;5925;236778;True;CRO
1792;796;236920;True;CRO
1793;797;237108;True;CRO
1794;796;238072;True;CRO
1795;5964;238145;True;CRO
1796;797;238165;True;CRO
1797;796;238994;True;CRO
1798;5925;238994;True;CRO
1799;797;239525;True;CRO
1800;796;240383;True;CRO
1801;797;240925;False;CRO
1802;796;242180;False;CRO
1803;797;242760;False;CRO
1804;796;243736;False;CRO
1805;797;244536;False;CRO
1806;796;245525;False;CRO
1807;797;246258;True;CRO
1808;796;247345;True;CRO
1809;797;247964;False;CRO
1810;796;249145;False;CRO
1811;797;249504;False;CRO
1812;796;250950;False;CRO
1813;797;251080;True;CRO
1814;796;251930;True;CRO
1815;796;252533;True;CRO
1816;797;252735;True;CRO
1817;5965;252735;True;CRO
1818;5965;253248;True;CRO
1819;797;253282;True;CRO
1820;6012;253284;False;CRO
1821;5926;253647;True;CRO
1822;796;253652;True;CRO
1823;6012;253686;True;CRO
1824;796;254200;True;CRO
1825;5926;254200;True;CRO
1826;797;254474;True;CRO
1827;797;255260;False;CRO
1828;796;255600;True;CRO
1829;797;255967;False;CRO
1830;796;257175;False;CRO
1831;797;257390;False;CRO
1832;796;258683;False;CRO
1833;797;258840;False;CRO
1834;796;260248;True;CRO
1835;797;260402;True;CRO
1836;796;261165;False;CRO
1837;796;261778;False;CRO
1838;797;262018;True;CRO
1839;796;263155;True;CRO
1840;797;263642;True;CRO
1841;796;264506;True;CRO
1842;797;264858;True;CRO
1843;1457;266268;True;CRO
1844;796;266273;True;CRO
1845;797;266504;True;CRO
1846;1457;268026;False;CRO
1847;796;268030;False;CRO
1848;797;268260;False;CRO
1849;1457;269765;False;CRO
1850;796;269770;False;CRO
1851;797;270060;False;CRO
1852;1457;271553;True;CRO
1853;796;271558;True;CRO
1854;797;271792;True;CRO
1855;1457;273248;False;CRO
1856;796;273253;False;CRO
1857;797;273560;False;CRO
1858;1457;274900;False;CRO
1859;796;274912;False;CRO
1860;797;275354;True;CRO
1861;1457;276025;False;CRO
1862;796;276637;False;CRO
1863;1457;276637;False;CRO
1864;1462;277166;True;CRO
1865;796;277222;True;CRO
1866;1462;277997;False;CRO
1867;796;278492;False;CRO
1868;797;278896;False;CRO
1869;1462;278900;False;CRO
1870;796;280382;True;CRO
1871;797;280677;True;CRO
1872;1462;280684;True;CRO
1873;796;282111;True;CRO
1874;797;282557;True;CRO
1875;1462;282562;True;CRO
1876;796;283913;False;CRO
1877;797;284330;False;CRO
1878;1462;284338;False;CRO
1879;796;285748;False;CRO
1880;797;286098;True;CRO
1881;1462;286107;True;CRO
1882;796;286769;True;CRO
1883;796;287414;True;CRO
1884;1462;287982;True;CRO
1885;797;287982;True;CRO
1886;796;288438;True;CRO
1887;5927;288790;True;CRO
1888;796;288812;True;CRO
1889;796;289386;False;CRO
1890;1462;289396;True;CRO
1891;797;289479;True;CRO
1892;5927;289952;True;CRO
1893;796;289972;True;CRO
1894;797;290473;True;CRO
1895;796;290648;True;CRO
1896;796;290771;False;CRO
1897;797;291413;False;CRO
1898;797;291610;True;CRO
1899;796;292576;True;CRO
1900;797;293540;True;CRO
1901;796;294383;True;CRO
1902;797;295695;True;CRO
1903;796;296280;False;CRO
1904;797;297868;False;CRO
1905;796;298196;False;CRO
1906;797;300005;True;CRO
1907;796;300342;True;CRO
1908;797;302143;True;CRO
1909;796;302454;False;CRO
1910;797;304243;True;CRO
1911;796;304494;True;CRO
1912;796;306252;False;CRO
1913;797;306341;False;CRO
1914;797;307650;True;CRO
1915;796;307805;True;CRO
1916;796;308830;True;CRO
1917;797;309145;True;CRO
1918;797;310335;True;CRO
1919;796;310413;True;CRO
1920;796;312072;True;CRO
1921;797;312500;True;CRO
1922;796;313188;False;CRO
1923;796;313445;True;CRO
1924;797;314342;True;CRO
1925;796;314505;True;CRO
1926;797;316390;True;CRO
1927;796;316462;True;CRO
1928;796;317945;True;CRO
1929;797;318381;False;CRO
1930;796;319483;True;CRO
1931;5928;319576;True;CRO
1932;797;320313;True;CRO
1933;796;321076;True;CRO
1934;797;321598;False;CRO
1935;796;322742;False;CRO
1936;797;322971;False;CRO
1937;796;324303;True;CRO
1938;797;324658;True;CRO
1939;796;325840;True;CRO
1940;797;326266;True;CRO
1941;796;327175;False;CRO
1942;797;327926;True;CRO
1943;796;328715;True;CRO
1944;797;329509;False;CRO
1945;796;330541;False;CRO
1946;797;331029;False;CRO
1947;797;332402;True;CRO
1948;796;332421;True;CRO
1949;797;334069;False;CRO
1950;796;334141;False;CRO
1951;797;335679;True;CRO
1952;796;335955;True;CRO
1953;797;337355;False;CRO
1954;796;337853;False;CRO
1955;797;339118;True;CRO
1956;796;339258;True;CRO
1957;796;339452;False;CRO
1958;796;340618;True;CRO
1959;797;340942;True;CRO
1960;796;342084;False;CRO
1961;797;342458;True;CRO
1962;796;343584;True;CRO
1963;797;344201;False;CRO
1964;796;344520;True;CRO
1965;5929;344571;True;CRO
1966;5967;345197;False;CRO
1967;796;345364;False;CRO
1968;5929;345473;False;CRO
1969;797;345566;True;CRO
1970;5967;345882;True;CRO
1971;5929;345882;True;CRO
1972;796;345930;True;CRO
1973;5929;346760;False;CRO
1974;5929;346951;False;CRO
1975;797;346982;False;CRO
1976;796;346982;False;CRO
1977;797;347340;True;CRO
1978;796;347340;True;CRO
1979;5929;347395;True;CRO
1980;797;347660;True;CRO
1981;6019;347660;True;CRO
1982;796;347660;True;CRO
1983;797;348522;True;CRO
1984;6019;348522;True;CRO
1985;796;348522;True;CRO
1986;796;349057;True;CRO
1987;797;349057;True;CRO
1988;797;350140;False;CRO
1989;796;350140;False;CRO
1990;797;350160;False;CRO
1991;796;350160;False;CRO
1992;796;350830;True;CRO
1993;797;350830;True;CRO
1994;796;351330;True;CRO
1995;797;351330;True;CRO
1996;796;351903;True;CRO
1997;797;351903;True;CRO
1998;797;352350;True;CRO
1999;5997;352350;True;CRO
2000;796;352350;True;CRO
2001;6003;352368;True;CRO
2002;6002;352368;True;CRO
2003;6005;352368;True;CRO
2004;6003;352645;False;CRO
2005;5917;352664;True;CRO
2006;5920;352664;True;CRO
2007;6010;352691;True;CRO
2008;6002;352722;False;CRO
2009;797;352722;False;CRO
2010;5997;352739;False;CRO
2011;5917;352760;False;CRO
2012;6217;353050;False;CRO
2013;797;353164;False;CRO
2014;796;353164;False;CRO
2015;5945;353281;True;CRO
2016;797;353310;True;CRO
2017;796;353310;True;CRO
2018;797;353908;True;CRO
2019;5984;353908;True;CRO
2020;5954;353936;True;CRO
2021;5978;354081;True;CRO
2022;796;354957;True;CRO
2023;5954;355100;True;CRO
2024;797;355478;True;CRO
2025;797;356168;True;CRO
2026;796;356529;True;CRO
2027;797;357660;False;CRO
2028;796;358071;False;CRO
2029;797;359167;True;CRO
2030;796;359763;True;CRO
2031;797;360675;True;CRO
2032;796;361400;False;CRO
2033;797;362270;False;CRO
2034;796;362790;False;CRO
2035;797;363842;True;CRO
2036;796;364210;False;CRO
2037;796;365034;True;CRO
2038;797;365365;False;CRO
2039;797;365560;False;CRO
2040;796;365839;True;CRO
2041;797;365885;True;CRO
2042;797;366900;True;CRO
2043;796;367297;True;CRO
2044;797;368027;False;CRO
2045;796;368864;False;CRO
2046;796;369357;True;CRO
2047;797;369529;True;CRO
2048;796;370298;True;CRO
2049;1463;370929;True;CRO
2050;797;370974;True;CRO
2051;796;371280;True;CRO
2052;1458;371338;True;CRO
2053;797;371986;False;CRO
2054;1463;371986;True;CRO
2055;1458;372590;True;CRO
2056;796;372710;False;CRO
2057;796;372947;False;CRO
2058;1463;372975;True;CRO
2059;797;373035;False;CRO
2060;8479;373040;True;CRO
2061;5980;373070;True;CRO
2062;8479;373425;False;CRO
2063;5946;373505;False;CRO
2064;1458;373591;True;CRO
2065;5980;373889;False;CRO
2066;797;374065;True;CRO
2067;1463;374066;True;CRO
2068;796;374083;True;CRO
2069;1458;374310;True;CRO
2070;5946;374447;False;CRO
2071;8486;374980;False;CRO
2072;8483;375030;False;CRO
2073;5980;375142;True;CRO
2074;797;375157;True;CRO
2075;5986;375157;True;CRO
2076;5950;375203;True;CRO
2077;1463;375203;True;CRO
2078;5946;375480;True;CRO
2079;5950;375490;True;CRO
2080;1458;375515;True;CRO
2081;796;375515;True;CRO
2082;5956;375515;True;CRO
2083;5956;376054;True;CRO
2084;797;376206;False;CRO
2085;1463;376206;True;CRO
2086;1458;376857;False;CRO
2087;796;376860;True;CRO
2088;797;377295;True;CRO
2089;796;378365;True;CRO
2090;797;379005;True;CRO
2091;796;379893;False;CRO
2092;797;380879;False;CRO
2093;796;381399;False;CRO
2094;797;382132;True;CRO
2095;796;383064;False;CRO
2096;797;383390;True;CRO
2097;797;383622;False;CRO
2098;796;384586;True;CRO
2099;797;384798;True;CRO
2100;797;385122;True;CRO
2101;6020;385179;True;CRO
2102;6017;385179;True;CRO
2103;6016;385179;True;CRO
2104;6020;385739;True;CRO
2105;6016;385740;True;CRO
2106;796;385740;True;CRO
2107;797;386332;True;CRO
2108;796;386855;True;CRO
2109;797;387781;False;CRO
2110;796;388412;False;CRO
2111;797;389313;False;CRO
2112;796;390033;False;CRO
2113;797;391062;True;CRO
2114;796;391702;True;CRO
2115;797;392814;True;CRO
2116;796;393353;False;CRO
2117;797;394381;True;CRO
2118;796;394996;True;CRO
2119;797;396019;False;CRO
2120;796;396697;False;CRO
2121;797;397611;False;CRO
2122;796;398431;False;CRO
2123;797;399327;True;CRO
2124;796;400233;True;CRO
2125;797;401150;True;CRO
2126;796;402012;False;CRO
2127;797;403021;False;CRO
2128;796;403598;False;CRO
2129;797;405022;False;CRO
2130;796;405102;False;CRO
2131;796;406552;True;CRO
2132;797;406954;True;CRO
2133;796;408140;True;CRO
2134;5968;408765;True;CRO
2135;797;408767;True;CRO
2136;796;409717;True;CRO
2137;5930;409717;True;CRO
2138;797;410226;True;CRO
2139;796;411181;True;CRO
2140;797;411908;False;CRO
2141;796;412585;False;CRO
2142;797;413791;False;CRO
2143;796;413995;False;CRO
2144;797;415486;True;CRO
2145;796;415725;True;CRO
2146;797;417196;True;CRO
2147;796;417462;True;CRO
2148;797;418941;False;CRO
2149;796;419110;False;CRO
2150;797;420648;False;CRO
2151;796;420775;False;CRO
2152;797;422408;True;CRO
2153;796;422482;True;CRO
2154;796;424003;True;CRO
2155;797;424324;True;CRO
2156;796;425565;True;CRO
2157;797;425800;True;CRO
2158;796;427190;False;CRO
2159;797;427624;False;CRO
2160;796;428620;False;CRO
2161;797;429210;False;CRO
2162;796;430238;True;CRO
2163;797;430748;True;CRO
2164;796;431243;True;CRO
2165;797;431729;True;CRO
2166;796;431966;True;CRO
2167;5990;432010;True;CRO
2168;797;432647;True;CRO
2169;796;433361;True;CRO
2170;797;433850;True;CRO
2171;796;434567;True;CRO
2172;5991;435129;True;CRO
2173;796;435244;True;CRO
2174;796;435446;False;CRO
2175;5991;435529;False;CRO
2176;796;436473;True;CRO
2177;797;436513;True;CRO
2178;797;436839;True;CRO
2179;796;437387;True;CRO
2180;797;437387;False;CRO
2181;796;438396;True;CRO
2182;797;438396;True;CRO
2183;796;439155;True;CRO
2184;797;439200;True;CRO
2185;796;439508;False;CRO
2186;797;439615;False;CRO
2187;796;440674;False;CRO
2188;797;440684;False;CRO
2189;796;440727;False;CRO
2190;797;440730;False;CRO
2191;796;442490;False;CRO
2192;797;442529;False;CRO
2193;797;442579;False;CRO
2194;796;442791;False;CRO
2195;797;443242;True;CRO
2196;796;443242;True;CRO
2197;797;443775;False;CRO
2198;797;443803;False;CRO
2199;796;443805;False;CRO
2200;796;443851;False;CRO
2201;797;444938;True;CRO
2202;796;445038;False;CRO
2203;797;445084;False;CRO
2204;796;445084;False;CRO
2205;796;445734;True;CRO
2206;797;445734;False;CRO
2207;797;446094;False;CRO
2208;796;446094;False;CRO
2209;796;447004;True;CRO
2210;797;447060;True;CRO
2211;797;447310;True;CRO
2212;796;447510;True;CRO
2213;796;448044;False;CRO
2214;797;448063;True;CRO
2215;797;448602;True;CRO
2216;796;448688;True;CRO
2217;796;449522;False;CRO
2218;797;449532;False;CRO
2219;797;449820;False;CRO
2220;797;449898;False;CRO
2221;796;449980;False;CRO
2222;796;450010;False;CRO
2223;796;450670;True;CRO
2224;797;450670;True;CRO
2225;797;451282;True;CRO
2226;796;451282;True;CRO
2227;796;451996;False;CRO
2228;797;451996;False;CRO
2229;796;452140;False;CRO
2230;797;452140;False;CRO
2231;796;452819;True;CRO
2232;797;452820;True;CRO
2233;796;453882;False;CRO
2234;796;453938;False;CRO
2235;797;454161;False;CRO
2236;797;454208;False;CRO
2237;796;455561;False;CRO
2238;797;455561;False;CRO
2239;796;455693;False;CRO
2240;797;455693;False;CRO
2241;796;456292;False;CRO
2242;797;456409;False;CRO
2243;796;456660;False;CRO
2244;797;456779;False;CRO
2245;796;457210;True;CRO
2246;797;457210;True;CRO
2247;797;457954;True;CRO
2248;5942;457954;True;CRO
2249;796;457955;True;CRO
2250;5942;458353;True;CRO
2251;796;458391;False;CRO
2252;6014;458441;True;CRO
2253;796;458470;True;CRO
2254;797;458472;False;CRO
2255;5999;458740;True;CRO
2256;5992;458750;True;CRO
2257;797;458803;True;CRO
2258;796;458803;True;CRO
2259;796;459148;False;CRO
2260;5999;459480;True;CRO
2261;797;459480;True;CRO
2262;796;459536;True;CRO
2263;5992;459546;True;CRO
2264;796;459752;True;CRO
2265;797;459771;True;CRO
2266;797;461201;True;CRO
2267;796;461326;True;CRO
2268;797;461736;False;CRO
2269;796;462302;False;CRO
2270;797;462611;False;CRO
2271;796;462905;False;CRO
2272;797;464054;False;CRO
2273;797;464107;False;CRO
2274;796;464746;False;CRO
2275;796;464796;False;CRO
2276;797;465537;True;CRO
2277;796;466477;True;CRO
2278;797;466590;False;CRO
2279;797;466643;False;CRO
2280;796;466980;False;CRO
2281;797;467190;False;CRO
2282;796;467190;False;CRO
2283;797;468050;False;CRO
2284;797;468340;True;CRO
2285;796;468340;True;CRO
2286;797;469487;True;CRO
2287;796;469487;True;CRO
2288;796;470095;False;CRO
2289;797;470703;False;CRO
2290;796;470703;False;CRO
2291;797;471212;False;CRO
2292;797;471257;False;CRO
2293;796;471518;False;CRO
2294;796;471995;False;CRO
2295;797;472821;False;CRO
2296;796;472969;False;CRO
2297;797;473667;False;CRO
2298;797;474415;True;CRO
2299;796;474415;True;CRO
2300;5975;474790;True;CRO
2301;796;474862;True;CRO
2302;5938;475569;False;CRO
2303;797;475939;True;CRO
2304;796;476009;True;CRO
2305;797;476389;False;CRO
2306;797;477410;False;CRO
2307;796;477666;False;CRO
2308;796;477715;False;CRO
2309;796;478012;False;CRO
2310;797;478391;False;CRO
2311;797;478855;False;CRO
2312;797;479123;True;CRO
2313;796;479123;True;CRO
2314;797;480517;True;CRO
2315;796;480555;True;CRO
2316;796;481190;False;CRO
2317;797;481410;False;CRO
2318;796;481410;False;CRO
2319;797;482074;False;CRO
2320;797;482124;False;CRO
2321;796;483482;False;CRO
2322;797;483613;True;CRO
2323;796;483684;True;CRO
2324;797;484396;False;CRO
2325;797;484889;True;CRO
2326;796;485154;True;CRO
2327;797;486005;False;CRO
2328;796;486310;False;CRO
2329;796;486611;False;CRO
2330;797;487309;False;CRO
2331;797;487630;False;CRO
2332;796;488357;False;CRO
2333;797;489243;False;CRO
2334;797;489275;False;CRO
2335;796;489275;False;CRO
2336;796;490046;True;CRO
2337;797;490046;True;CRO
2338;797;491460;False;CRO
2339;796;491460;False;CRO
2340;797;491800;True;CRO
2341;796;491800;True;CRO
2342;797;492166;True;CRO
2343;797;492336;True;CRO
2344;796;492544;True;CRO
2345;797;492710;True;CRO
2346;1464;492873;True;CRO
2347;797;493291;True;CRO
2348;1459;493488;True;CRO
2349;796;494012;True;CRO
2350;6018;494226;False;CRO
2351;797;494576;True;CRO
2352;797;494697;False;CRO
2353;6018;494741;False;CRO
2354;6018;495082;True;CRO
2355;796;495497;True;CRO
2356;5988;495563;True;CRO
2357;6018;495563;True;CRO
2358;5976;495566;True;CRO
2359;5958;495695;True;CRO
2360;1459;495750;False;CRO
2361;797;496097;True;CRO
2362;5958;496200;False;CRO
2363;1459;496640;True;CRO
2364;5958;496700;False;CRO
2365;5982;496740;True;CRO
2366;5976;496743;True;CRO
2367;6018;496870;False;CRO
2368;796;496980;True;CRO
2369;6018;497210;True;CRO
2370;1459;497493;False;CRO
2371;797;497540;True;CRO
2372;5981;497680;True;CRO
2373;1459;497789;False;CRO
2374;6018;497867;False;CRO
2375;5947;498215;True;CRO
2376;5947;498367;False;CRO
2377;5976;498382;False;CRO
2378;796;498426;False;CRO
2379;6018;498755;True;CRO
2380;1459;498787;False;CRO
2381;5947;498890;True;CRO
2382;796;498915;True;CRO
2383;797;499094;True;CRO
2384;6018;499230;False;CRO
2385;6018;499252;False;CRO
2386;1459;499350;True;CRO
2387;1459;499745;False;CRO
2388;796;499890;False;CRO
2389;6018;500088;False;CRO
2390;6018;500126;False;CRO
2391;797;500178;False;CRO
2392;6018;500190;True;CRO
2393;1459;500190;False;CRO
2394;1459;500303;True;CRO
2395;796;500340;False;CRO
2396;6018;500993;False;CRO
2397;797;501040;True;CRO
2398;6018;501043;True;CRO
2399;1459;501155;True;CRO
2400;796;501235;True;CRO
2401;6018;501792;True;CRO
2402;796;501821;True;CRO
2403;1459;501840;True;CRO
2404;797;501855;True;CRO
2405;6007;501952;True;CRO
2406;5919;501979;True;CRO
2407;801;194;True;CRO
2408;8472;340932;True;CRO
2409;8471;341660;False;CRO
2410;8471;341834;True;CRO
2411;8472;342128;True;CRO
2412;8471;343072;True;CRO
2413;6248;3531;False;CRO
2414;6250;3816;False;CRO
2415;6250;4377;False;CRO
2416;810;1947;True;CRO
2417;811;397;True;CRO
2418;811;1558;True;CRO
2419;811;8225;True;CRO
2420;823;52365;True;CRO
2421;822;53294;True;CRO
2422;823;54700;False;CRO
2423;822;55149;False;CRO
2424;823;57010;True;CRO
2425;822;57364;True;CRO
2426;823;58810;True;CRO
2427;822;58975;True;CRO
2428;823;59950;False;CRO
2429;823;60125;True;CRO
2430;822;60275;True;CRO
2431;823;61610;False;CRO
2432;823;62090;True;CRO
2433;822;62090;True;CRO
2434;823;63125;True;CRO
2435;822;64189;True;CRO
2436;823;64610;False;CRO
2437;823;77110;True;CRO
2438;822;77850;True;CRO
2439;822;79117;True;CRO
2440;823;79500;False;CRO
2441;822;79500;False;CRO
2442;823;80373;True;CRO
2443;823;81710;False;CRO
2444;822;89890;True;CRO
2445;823;93510;True;CRO
2446;822;95275;True;CRO
2447;822;96575;True;CRO
2448;823;98835;True;CRO
2449;823;100400;False;CRO
2450;822;107645;False;CRO
2451;822;109186;True;CRO
2452;823;110370;True;CRO
2453;823;112110;False;CRO
2454;822;118851;True;CRO
2455;823;123588;True;CRO
2456;1466;142385;True;CRO
2457;1465;143104;True;CRO
2458;1466;143104;True;CRO
2459;1466;143410;True;CRO
2460;1465;143410;True;CRO
2461;1465;144217;False;CRO
2462;1466;144217;False;CRO
2463;1466;144600;False;CRO
2464;1465;144600;False;CRO
2465;1465;144620;False;CRO
2466;1466;144620;False;CRO
2467;1466;146190;True;CRO
2468;1465;146190;True;CRO
2469;6395;155548;True;CRO
2470;6395;156590;True;CRO
2471;6396;160707;True;CRO
2472;6396;161880;True;CRO
2473;6397;165110;True;CRO
2474;6398;165110;True;CRO
2475;6397;165512;False;CRO
2476;6398;165512;False;CRO
2477;6398;166810;True;CRO
2478;6397;166810;True;CRO
2479;6398;167068;False;CRO
2480;6397;167068;False;CRO
2481;6397;168156;False;CRO
2482;6398;168156;False;CRO
2483;6397;168366;False;CRO
2484;6398;168366;False;CRO
2485;6398;169436;False;CRO
2486;6397;169436;False;CRO
2487;6397;169456;False;CRO
2488;6398;169456;False;CRO
2489;6398;169822;False;CRO
2490;6397;169822;False;CRO
2491;6397;170756;False;CRO
2492;6398;170756;False;CRO
2493;6397;171148;True;CRO
2494;6398;171148;True;CRO
2495;882;14727;True;CRO
2496;883;15209;True;CRO
2497;882;15564;True;CRO
2498;883;15880;False;CRO
2499;882;16855;False;CRO
2500;883;17145;False;CRO
2501;882;17855;False;CRO
2502;883;18371;False;CRO
2503;882;18827;False;CRO
2504;883;19600;True;CRO
2505;882;19983;True;CRO
2506;883;20666;False;CRO
2507;882;21228;False;CRO
2508;883;21802;False;CRO
2509;882;22093;False;CRO
2510;883;22587;False;CRO
2511;883;23115;False;CRO
2512;882;23255;False;CRO
2513;882;24299;True;CRO
2514;883;24331;True;CRO
2515;883;25298;False;CRO
2516;882;25545;False;CRO
2517;882;26063;False;CRO
2518;883;26320;False;CRO
2519;882;26412;False;CRO
2520;882;27050;True;CRO
2521;883;27050;True;CRO
2522;882;27345;False;CRO
2523;1481;27345;True;CRO
2524;1482;27345;True;CRO
2525;883;27345;False;CRO
2526;1481;27600;False;CRO
2527;882;27610;True;CRO
2528;1482;27610;False;CRO
2529;883;27610;True;CRO
2530;883;27837;True;CRO
2531;882;27837;True;CRO
2532;883;28211;False;CRO
2533;882;28211;False;CRO
2534;883;28589;True;CRO
2535;882;28589;True;CRO
2536;883;28837;False;CRO
2537;882;28837;False;CRO
2538;882;29177;True;CRO
2539;883;29177;True;CRO
2540;6667;29181;True;CRO
2541;1495;150;True;CRO
2542;1494;895;True;CRO
2543;1496;370;True;CRO
2544;1497;1127;True;CRO
2545;9285;1690;True;CRO
2546;1498;3120;True;CRO
2547;1499;4067;True;CRO
2548;1498;4623;False;CRO
2549;1498;17362;True;CRO
2550;1499;17888;True;CRO
2551;1499;19388;True;CRO
2552;1498;19529;False;CRO
2553;1498;21119;True;CRO
2554;1499;21428;True;CRO
2555;1499;22042;True;CRO
2556;1498;22147;True;CRO
2557;1498;23647;False;CRO
2558;1498;27854;True;CRO
2559;1498;30022;True;CRO
2560;1499;30705;True;CRO
2561;1499;32345;True;CRO
2562;1498;33225;True;CRO
2563;1499;35090;True;CRO
2564;1498;35420;True;CRO
2565;1498;37710;False;CRO
2566;1498;39805;True;CRO
2567;1498;41310;True;CRO
2568;1499;49700;True;CRO
2569;1498;49960;True;CRO
2570;1499;50384;False;CRO
2571;1499;51120;True;CRO
2572;7499;185986;True;CRO
2573;1008;187383;True;CRO
2574;1008;188835;True;CRO
2575;1008;199740;True;CRO
2576;1008;203710;True;CRO
2577;1008;219390;True;CRO
2578;1008;224810;True;CRO
2579;1008;228725;False;CRO
2580;1008;229288;True;CRO
2581;1008;232410;True;CRO
2582;1008;232890;False;CRO
2583;1008;242450;True;CRO
2584;7503;243605;False;CRO
2585;1008;243605;True;CRO
2586;1008;245813;True;CRO
2587;1008;273950;False;CRO
2588;1008;274650;False;CRO
2589;1008;275390;True;CRO
2590;7498;276130;True;CRO
2591;1008;276730;True;CRO
2592;1008;277130;True;CRO
2593;1008;277290;False;CRO
2594;1008;278490;False;CRO
2595;1008;287160;True;CRO
2596;1008;291110;True;CRO
2597;1008;295218;False;CRO
2598;1008;296590;True;CRO
2599;1008;300314;True;CRO
2600;1008;314717;False;CRO
2601;1008;315287;True;CRO
2602;1008;315919;False;CRO
2603;1008;316015;False;CRO
2604;9079;317489;True;CRO
2605;1009;317489;True;CRO
2606;1010;317990;True;CRO
2607;1009;319385;True;CRO
2608;1010;320100;False;CRO
2609;1009;321600;False;CRO
2610;1010;321919;True;CRO
2611;1009;323390;True;CRO
2612;1010;323903;True;CRO
2613;1009;324538;True;CRO
2614;1010;325139;False;CRO
2615;1009;326180;False;CRO
2616;1010;326534;True;CRO
2617;1009;327162;True;CRO
2618;1010;328533;True;CRO
2619;1009;329010;True;CRO
2620;1009;330417;True;CRO
2621;1010;330472;True;CRO
2622;1009;331341;True;CRO
2623;1010;331720;True;CRO
2624;1010;333297;True;CRO
2625;1009;333400;False;CRO
2626;1010;334895;True;CRO
2627;1009;335166;True;CRO
2628;1009;337112;False;CRO
2629;1010;337190;False;CRO
2630;1010;339057;True;CRO
2631;1009;339197;True;CRO
2632;1010;340335;False;CRO
2633;1009;341040;False;CRO
2634;1010;341977;True;CRO
2635;1009;342171;True;CRO
2636;1010;342675;True;CRO
2637;1009;343224;True;CRO
2638;1010;343733;True;CRO
2639;1009;344108;True;CRO
2640;1569;239;True;CRO
2641;1570;883;True;CRO
2642;9028;53590;True;CRO
2643;1058;142700;True;CRO
2644;1075;289405;True;CRO
2645;1074;290790;True;CRO
2646;1075;291230;True;CRO
2647;1074;292403;False;CRO
2648;1075;293048;True;CRO
2649;1075;293810;False;CRO
2650;1074;293873;True;CRO
2651;1075;295025;False;CRO
2652;1075;296723;False;CRO
2653;1074;296728;False;CRO
2654;1074;298482;True;CRO
2655;1075;298762;True;CRO
2656;1074;300394;False;CRO
2657;1075;300640;False;CRO
2658;1074;302382;True;CRO
2659;1075;302548;True;CRO
2660;1074;304178;False;CRO
2661;1075;304445;True;CRO
2662;1074;305282;True;CRO
2663;1075;305783;True;CRO
2664;1074;306945;True;CRO
2665;1075;307745;False;CRO
2666;1074;308583;False;CRO
2667;1075;309782;False;CRO
2668;1074;310221;True;CRO
2669;1075;311780;True;CRO
2670;1074;313321;False;CRO
2671;1075;313416;False;CRO
2672;1075;315150;True;CRO
2673;1074;316351;True;CRO
2674;1075;317321;False;CRO
2675;1074;318340;False;CRO
2676;1075;319374;False;CRO
2677;1074;320223;True;CRO
2678;1075;321320;True;CRO
2679;1074;322076;True;CRO
2680;1075;323025;True;CRO
2681;1074;324202;True;CRO
2682;1075;324943;False;CRO
2683;1074;326294;False;CRO
2684;1075;326750;True;CRO
2685;1074;328403;True;CRO
2686;1075;328844;False;CRO
2687;1074;330070;True;CRO
2688;1075;330654;True;CRO
2689;1074;331417;True;CRO
2690;7658;331924;True;CRO
2691;1075;331977;True;CRO
2692;1074;332603;True;CRO
2693;7659;332603;True;CRO
2694;7661;332605;True;CRO
2695;1075;332826;True;CRO
2696;1075;333893;True;CRO
2697;1074;334320;True;CRO
2698;1075;335191;False;CRO
2699;1074;336100;False;CRO
2700;1075;336639;False;CRO
2701;1074;337410;False;CRO
2702;1074;337860;False;CRO
2703;1075;338100;True;CRO
2704;1074;338621;True;CRO
2705;1583;339189;True;CRO
2706;1075;339289;True;CRO
2707;1074;339668;True;CRO
2708;1582;339673;True;CRO
2709;1583;339720;True;CRO
2710;1075;340766;True;CRO
2711;1583;340778;False;CRO
2712;1074;341357;True;CRO
2713;1582;341362;True;CRO
2714;1075;342183;False;CRO
2715;1583;342188;False;CRO
2716;1074;343065;False;CRO
2717;1582;343072;False;CRO
2718;1075;343616;True;CRO
2719;1583;343624;True;CRO
2720;1074;344591;True;CRO
2721;1582;344670;True;CRO
2722;1075;345126;True;CRO
2723;1583;345126;True;CRO
2724;1074;346014;True;CRO
2725;1582;346071;True;CRO
2726;1583;346607;False;CRO
2727;1075;346607;False;CRO
2728;1582;347495;True;CRO
2729;1074;347777;False;CRO
2730;1075;348250;False;CRO
2731;1583;348255;False;CRO
2732;1582;348783;False;CRO
2733;1074;349539;True;CRO
2734;1075;349958;True;CRO
2735;1583;350023;True;CRO
2736;1582;350077;True;CRO
2737;1074;350846;False;CRO
2738;1074;351180;True;CRO
2739;1075;351561;True;CRO
2740;1075;352142;True;CRO
2741;1074;352261;True;CRO
2742;1074;352593;False;CRO
2743;1075;352812;True;CRO
2744;1074;352887;True;CRO
2745;7660;353011;True;CRO
2746;7663;353289;True;CRO
2747;1074;353361;True;CRO
2748;1075;353362;True;CRO
2749;7657;353363;True;CRO
2750;7657;353780;False;CRO
2751;1075;353806;True;CRO
2752;1074;353836;True;CRO
2753;7664;353836;True;CRO
2754;1084;180;True;CRO
2755;1083;844;True;CRO
2756;1093;343733;True;CRO
2757;1094;343819;True;CRO
2758;1094;344127;True;CRO
2759;1093;344435;True;CRO
2760;1094;345530;True;CRO
2761;1093;346493;True;CRO
2762;1094;346493;True;CRO
2763;1094;346935;True;CRO
2764;1093;346950;True;CRO
2765;1093;347730;False;CRO
2766;1093;347987;False;CRO
2767;1094;348594;False;CRO
2768;1094;348641;False;CRO
2769;1093;348969;True;CRO
2770;1093;349385;True;CRO
2771;1093;350121;False;CRO
2772;1588;350121;False;CRO
2773;1094;350330;False;CRO
2774;1094;350390;False;CRO
2775;1588;351458;True;CRO
2776;1093;351459;True;CRO
2777;1588;351748;False;CRO
2778;1093;351960;True;CRO
2779;1094;352115;False;CRO
2780;1094;352172;False;CRO
2781;1590;352180;True;CRO
2782;1093;352858;False;CRO
2783;1590;353321;True;CRO
2784;1094;353519;False;CRO
2785;1093;353575;False;CRO
2786;1094;353940;True;CRO
2787;1093;354228;True;CRO
2788;1094;354980;True;CRO
2789;1093;355391;True;CRO
2790;1094;355393;True;CRO
2791;1094;356060;True;CRO
2792;1093;356270;True;CRO
2793;1093;357058;False;CRO
2794;1094;357107;False;CRO
2795;1094;357325;False;CRO
2796;1094;357381;False;CRO
2797;1093;358397;False;CRO
2798;1094;358677;True;CRO
2799;1093;358992;True;CRO
2800;1094;359680;False;CRO
2801;1094;359740;False;CRO
2802;1093;359810;False;CRO
2803;1094;360805;True;CRO
2804;1093;360978;False;CRO
2805;1093;361025;False;CRO
2806;1093;361120;True;CRO
2807;1094;361890;False;CRO
2808;1093;362149;True;CRO
2809;1094;362190;True;CRO
2810;1093;362860;True;CRO
2811;1094;362968;True;CRO
2812;1094;363908;False;CRO
2813;1093;364166;True;CRO
2814;1094;364334;True;CRO
2815;1093;364863;False;CRO
2816;1094;364863;False;CRO
2817;1093;366222;False;CRO
2818;1094;366737;False;CRO
2819;1094;366788;False;CRO
2820;1093;367379;False;CRO
2821;1093;368258;True;CRO
2822;1094;368678;True;CRO
2823;1094;369520;False;CRO
2824;1093;370013;False;CRO
2825;1093;370261;False;CRO
2826;1094;370558;False;CRO
2827;1093;370629;True;CRO
2828;1094;370856;True;CRO
2829;1093;371283;True;CRO
2830;1093;371776;True;CRO
2831;1094;371776;True;CRO
2832;1093;372625;True;CRO
2833;1094;372686;True;CRO
2834;1094;373020;True;CRO
2835;1093;373760;True;CRO
2836;1094;374050;True;CRO
2837;1093;374602;False;CRO
2838;1093;375020;True;CRO
2839;1591;375536;False;CRO
2840;1094;375690;True;CRO
2841;1093;376216;True;CRO
2842;1589;376234;True;CRO
2843;1591;376388;True;CRO
2844;1164;208;True;CRO
2845;1165;1518;True;CRO
2846;1174;1411;True;CRO
2847;1175;1585;True;CRO
2848;1175;2618;False;CRO
2849;1174;3765;False;CRO
2850;1175;4596;False;CRO
2851;1174;5898;True;CRO
2852;1175;6444;True;CRO
2853;1174;7819;False;CRO
2854;1175;8256;False;CRO
2855;1174;10118;True;CRO
2856;1175;10308;True;CRO
2857;1174;12232;True;CRO
2858;1175;12292;True;CRO
2859;1174;14594;False;CRO
2860;1175;14670;False;CRO
2861;1174;16703;True;CRO
2862;1175;17130;True;CRO
2863;1174;18893;False;CRO
2864;1175;19333;False;CRO
2865;1174;20810;True;CRO
2866;1175;21701;True;CRO
2867;1174;22177;True;CRO
2868;1175;22886;True;CRO
2869;1174;23229;True;CRO
2870;1175;24096;True;CRO
2871;1174;24713;False;CRO
2872;1175;26305;False;CRO
2873;1174;27031;True;CRO
2874;1175;28499;True;CRO
2875;1174;29364;False;CRO
2876;1175;30838;False;CRO
2877;1174;31721;False;CRO
2878;1175;33099;True;CRO
2879;1174;33943;True;CRO
2880;1175;35266;False;CRO
2881;1174;35740;False;CRO
2882;1174;37191;False;CRO
2883;1175;37476;False;CRO
2884;1174;38460;True;CRO
2885;1175;38968;True;CRO
2886;1174;40012;True;CRO
2887;1174;41138;True;CRO
2888;1175;41138;True;CRO
2889;1175;41994;True;CRO
2890;1174;42610;True;CRO
2891;1174;43870;False;CRO
2892;1175;43873;True;CRO
2893;1174;45103;False;CRO
2894;1175;45592;False;CRO
2895;1174;46595;False;CRO
2896;1175;47163;False;CRO
2897;1174;48152;True;CRO
2898;1175;48877;True;CRO
2899;1174;49974;False;CRO
2900;1175;50438;False;CRO
2901;1174;51081;False;CRO
2902;1175;51925;True;CRO
2903;1174;52447;True;CRO
2904;1175;53193;False;CRO
2905;1174;53806;False;CRO
2906;1175;54798;False;CRO
2907;1174;55193;False;CRO
2908;1175;56397;True;CRO
2909;1174;56679;True;CRO
2910;1174;58287;False;CRO
2911;1175;58401;False;CRO
2912;1174;59891;False;CRO
2913;1175;60472;False;CRO
2914;1174;61294;True;CRO
2915;1175;62210;True;CRO
2916;1174;62678;False;CRO
2917;1175;63409;False;CRO
2918;1174;63950;False;CRO
2919;1175;64654;True;CRO
2920;1174;65168;True;CRO
2921;1175;65829;True;CRO
2922;1174;66039;True;CRO
2923;1174;67101;True;CRO
2924;1175;67550;True;CRO
2925;1174;68594;False;CRO
2926;1175;69316;False;CRO
2927;1174;70221;False;CRO
2928;1175;71168;False;CRO
2929;1174;71531;True;CRO
2930;1175;72331;True;CRO
2931;1174;72621;True;CRO
2932;1175;73463;True;CRO
2933;1174;73487;True;CRO
2934;1227;2225;True;CRO
2935;72;187;True;CRO
2936;71;233;True;CRO
2937;71;636;True;CRO
2938;72;760;True;CRO
2939;71;1310;True;CRO
2940;71;1740;True;CRO
2941;72;1811;True;CRO
2942;71;2699;True;CRO
2943;72;3275;True;CRO
2944;71;4760;False;CRO
2945;72;5495;False;CRO
2946;71;7019;True;CRO
2947;72;7617;True;CRO
2948;71;9390;False;CRO
2949;72;9990;False;CRO
2950;71;11967;True;CRO
2951;72;12410;True;CRO
2952;72;13240;True;CRO
2953;71;13707;True;CRO
2954;72;14422;True;CRO
2955;71;16008;True;CRO
2956;72;16490;True;CRO
2957;72;17840;True;CRO
2958;71;18205;False;CRO
2959;1862;18292;False;CRO
2960;72;18292;False;CRO
2961;1862;18914;True;CRO
2962;72;18914;True;CRO
2963;71;19485;True;CRO
2964;71;21060;True;CRO
2965;71;28970;True;CRO
2966;72;29432;False;CRO
2967;72;30743;True;CRO
2968;71;32158;False;CRO
2969;71;33410;True;CRO
2970;72;40585;True;CRO
2971;72;41800;True;CRO
2972;72;42852;True;CRO
2973;71;43358;True;CRO
2974;72;44190;True;CRO
2975;71;44687;False;CRO
2976;71;44926;True;CRO
2977;72;44957;True;CRO
2978;70;45643;True;CRO
2979;70;46350;False;CRO
2980;70;47010;False;CRO
2981;70;49890;False;CRO
2982;70;50890;True;CRO
2983;70;53710;True;CRO
2984;70;60290;True;CRO
2985;70;61390;False;CRO
2986;70;62220;True;CRO
2987;70;63360;True;CRO
2988;70;83882;False;CRO
2989;70;84690;False;CRO
2990;70;85765;True;CRO
2991;73;2107;True;CRO
2992;73;2695;True;CRO
2993;1266;151;True;CRO
2994;1267;742;True;CRO
2995;1877;60;True;CRO
2996;1879;24562;False;CRO
2997;1269;367;True;CRO
2998;1268;401;True;CRO
2999;1268;603;True;CRO
3000;1269;603;True;CRO
3001;1268;1304;True;CRO
3002;1269;2985;True;CRO
3003;8789;194;True;CRO
3004;76;224;True;CRO
3005;77;260;True;CRO
3006;77;780;True;CRO
3007;76;878;True;CRO
3008;77;1410;True;CRO
3009;77;2398;False;CRO
3010;76;2649;True;CRO
3011;77;3208;False;CRO
3012;76;4438;True;CRO
3013;77;5082;True;CRO
3014;77;5314;False;CRO
3015;76;6228;True;CRO
3016;77;6228;True;CRO
3017;76;6888;True;CRO
3018;77;6990;True;CRO
3019;76;7810;False;CRO
3020;76;8325;False;CRO
3021;76;8584;False;CRO
3022;77;9488;False;CRO
3023;77;10826;True;CRO
3024;76;11008;True;CRO
3025;77;12042;False;CRO
3026;77;12102;False;CRO
3027;76;12700;False;CRO
3028;76;13240;False;CRO
3029;76;13936;True;CRO
3030;77;14364;True;CRO
3031;76;15782;True;CRO
3032;77;16542;False;CRO
3033;77;16787;False;CRO
3034;76;16930;False;CRO
3035;77;17314;False;CRO
3036;77;18000;True;CRO
3037;76;18000;True;CRO
3038;77;18736;True;CRO
3039;76;18850;True;CRO
3040;76;19261;False;CRO
3041;76;19536;False;CRO
3042;76;19562;False;CRO
3043;1885;19580;True;CRO
3044;77;19614;True;CRO
3045;77;19850;False;CRO
3046;76;19989;False;CRO
3047;76;20022;False;CRO
3048;76;20139;False;CRO
3049;76;20944;False;CRO
3050;76;21143;True;CRO
3051;77;21825;True;CRO
3052;77;22507;False;CRO
3053;76;23400;False;CRO
3054;77;23905;False;CRO
3055;77;23963;False;CRO
3056;76;25120;False;CRO
3057;76;25178;False;CRO
3058;76;25752;False;CRO
3059;76;25984;False;CRO
3060;77;26423;True;CRO
3061;76;26555;True;CRO
3062;76;26888;False;CRO
3063;76;27746;False;CRO
3064;76;27953;False;CRO
3065;76;28446;False;CRO
3066;77;28703;False;CRO
3067;77;29120;False;CRO
3068;76;29181;False;CRO
3069;76;29306;False;CRO
3070;77;29495;False;CRO
3071;77;30373;True;CRO
3072;76;30373;True;CRO
3073;1896;30780;True;CRO
3074;77;30958;True;CRO
3075;76;31062;True;CRO
3076;1886;31802;True;CRO
3077;77;31941;True;CRO
3078;76;32160;True;CRO
3079;77;32280;False;CRO
3080;76;32775;False;CRO
3081;76;32815;False;CRO
3082;77;33990;False;CRO
3083;77;34690;True;CRO
3084;76;35062;True;CRO
3085;77;36284;False;CRO
3086;77;36347;False;CRO
3087;76;36922;False;CRO
3088;76;37517;False;CRO
3089;77;38361;True;CRO
3090;76;38715;True;CRO
3091;76;39195;False;CRO
3092;77;39921;False;CRO
3093;77;40685;False;CRO
3094;76;40740;False;CRO
3095;77;41477;False;CRO
3096;77;42289;True;CRO
3097;76;42423;True;CRO
3098;77;42930;True;CRO
3099;1897;42960;True;CRO
3100;77;43010;False;CRO
3101;8870;43045;True;CRO
3102;1887;43095;True;CRO
3103;76;43115;True;CRO
3104;77;43391;True;CRO
3105;1897;43475;False;CRO
3106;77;43990;True;CRO
3107;1887;44030;True;CRO
3108;76;44034;True;CRO
3109;1897;44038;True;CRO
3110;77;44831;True;CRO
3111;76;44831;True;CRO
3112;76;45682;False;CRO
3113;76;46342;False;CRO
3114;77;46379;False;CRO
3115;76;46443;False;CRO
3116;77;46444;False;CRO
3117;77;48077;False;CRO
3118;77;48140;False;CRO
3119;76;48790;False;CRO
3120;76;48851;False;CRO
3121;76;50199;False;CRO
3122;77;50199;True;CRO
3123;76;51212;True;CRO
3124;77;52233;False;CRO
3125;76;52426;True;CRO
3126;77;52479;True;CRO
3127;1888;52580;True;CRO
3128;77;52870;False;CRO
3129;76;52983;False;CRO
3130;1898;53030;True;CRO
3131;76;53504;True;CRO
3132;77;53693;True;CRO
3133;76;54410;True;CRO
3134;77;54423;True;CRO
3135;77;55404;False;CRO
3136;76;55480;False;CRO
3137;76;55805;False;CRO
3138;76;55860;False;CRO
3139;77;56760;False;CRO
3140;77;57638;True;CRO
3141;76;58000;True;CRO
3142;77;59069;False;CRO
3143;77;59132;False;CRO
3144;76;60290;False;CRO
3145;76;60355;False;CRO
3146;76;61575;True;CRO
3147;77;61575;True;CRO
3148;76;62640;False;CRO
3149;77;63258;False;CRO
3150;77;63468;False;CRO
3151;77;64005;True;CRO
3152;77;64700;True;CRO
3153;76;64755;True;CRO
3154;76;65492;True;CRO
3155;77;65547;True;CRO
3156;1905;65548;True;CRO
3157;1907;65579;True;CRO
3158;1908;65592;True;CRO
3159;1908;65765;True;CRO
3160;1905;65910;True;CRO
3161;1907;65910;True;CRO
3162;76;65972;True;CRO
3163;77;66010;True;CRO
3164;1899;66223;True;CRO
3165;77;66228;False;CRO
3166;76;66374;True;CRO
3167;77;66425;True;CRO
3168;76;66827;True;CRO
3169;1889;66955;True;CRO
3170;76;67710;True;CRO
3171;77;67710;True;CRO
3172;76;68670;False;CRO
3173;76;68962;False;CRO
3174;76;69607;True;CRO
3175;77;69844;True;CRO
3176;76;70920;False;CRO
3177;77;71585;False;CRO
3178;77;71647;False;CRO
3179;76;73050;False;CRO
3180;77;73056;False;CRO
3181;76;73798;True;CRO
3182;77;73798;True;CRO
3183;76;75150;False;CRO
3184;76;75183;False;CRO
3185;77;75936;True;CRO
3186;76;77183;True;CRO
3187;77;78098;False;CRO
3188;77;78129;False;CRO
3189;76;78288;True;CRO
3190;1890;78470;True;CRO
3191;77;78822;True;CRO
3192;76;78865;False;CRO
3193;76;79418;True;CRO
3194;77;79422;True;CRO
3195;76;80193;True;CRO
3196;77;80210;True;CRO
3197;76;81160;False;CRO
3198;77;81270;False;CRO
3199;76;81270;False;CRO
3200;76;81620;False;CRO
3201;77;82204;False;CRO
3202;76;82855;False;CRO
3203;77;83090;False;CRO
3204;77;83815;False;CRO
3205;77;84596;True;CRO
3206;76;84596;True;CRO
3207;76;85378;False;CRO
3208;77;85441;False;CRO
3209;76;86222;False;CRO
3210;76;86880;False;CRO
3211;77;87230;False;CRO
3212;76;87942;False;CRO
3213;77;89105;False;CRO
3214;77;89635;True;CRO
3215;76;89635;True;CRO
3216;76;89890;False;CRO
3217;76;90646;True;CRO
3218;77;90722;False;CRO
3219;1901;90770;True;CRO
3220;77;90810;False;CRO
3221;77;91206;True;CRO
3222;76;91220;True;CRO
3223;77;92047;True;CRO
3224;1891;92190;True;CRO
3225;76;92367;True;CRO
3226;76;92826;False;CRO
3227;76;93305;False;CRO
3228;77;93305;False;CRO
3229;77;93682;False;CRO
3230;76;93989;False;CRO
3231;76;94330;False;CRO
3232;77;95270;False;CRO
3233;77;95874;True;CRO
3234;76;95874;True;CRO
3235;77;96820;False;CRO
3236;77;97350;True;CRO
3237;76;97406;False;CRO
3238;76;97456;False;CRO
3239;77;98362;True;CRO
3240;76;98752;True;CRO
3241;77;99290;True;CRO
3242;76;99351;True;CRO
3243;76;100355;False;CRO
3244;77;100690;False;CRO
3245;77;100890;False;CRO
3246;77;101093;True;CRO
3247;76;101291;True;CRO
3248;76;102022;True;CRO
3249;77;102027;False;CRO
3250;77;102077;False;CRO
3251;77;103218;True;CRO
3252;76;103341;True;CRO
3253;76;103615;False;CRO
3254;77;104160;False;CRO
3255;76;104326;False;CRO
3256;77;104420;True;CRO
3257;77;104682;False;CRO
3258;76;104905;False;CRO
3259;77;104905;False;CRO
3260;76;104935;False;CRO
3261;76;105278;True;CRO
3262;77;105283;True;CRO
3263;76;105510;False;CRO
3264;77;106390;False;CRO
3265;77;106541;False;CRO
3266;76;106541;False;CRO
3267;76;106708;True;CRO
3268;77;106711;True;CRO
3269;77;107428;False;CRO
3270;77;107478;False;CRO
3271;76;107562;True;CRO
3272;1906;107960;False;CRO
3273;76;107960;False;CRO
3274;1884;107990;False;CRO
3275;1909;107991;False;CRO
3276;1910;108000;False;CRO
3277;77;108002;False;CRO
3278;1906;108374;False;CRO
3279;76;108375;False;CRO
3280;1910;108388;False;CRO
3281;1884;108395;False;CRO
3282;77;108395;False;CRO
3283;1909;108409;False;CRO
3284;1893;108467;False;CRO
3285;77;108810;True;CRO
3286;1903;108838;True;CRO
3287;76;108915;False;CRO
3288;76;108965;False;CRO
3289;1893;108980;True;CRO
3290;76;109520;False;CRO
3291;1893;109520;False;CRO
3292;77;109650;True;CRO
3293;76;109653;True;CRO
3294;1903;109677;True;CRO
3295;77;110213;True;CRO
3296;76;110235;True;CRO
3297;76;111081;False;CRO
3298;77;111081;False;CRO
3299;76;111204;False;CRO
3300;77;111315;False;CRO
3301;77;111981;False;CRO
3302;76;112041;False;CRO
3303;77;112720;True;CRO
3304;76;112790;True;CRO
3305;77;113436;False;CRO
3306;76;113567;True;CRO
3307;77;113606;True;CRO
3308;76;113645;False;CRO
3309;77;114307;True;CRO
3310;76;114307;True;CRO
3311;76;115198;True;CRO
3312;77;115208;True;CRO
3313;76;115880;False;CRO
3314;77;115990;False;CRO
3315;76;116161;False;CRO
3316;77;117010;True;CRO
3317;76;117010;False;CRO
3318;76;117555;False;CRO
3319;77;118816;False;CRO
3320;77;118844;False;CRO
3321;76;119384;True;CRO
3322;77;120595;False;CRO
3323;77;120653;False;CRO
3324;76;120694;False;CRO
3325;76;121406;False;CRO
3326;77;122682;True;CRO
3327;76;122685;True;CRO
3328;76;123468;False;CRO
3329;77;124513;False;CRO
3330;77;125296;True;CRO
3331;76;125296;True;CRO
3332;77;126130;True;CRO
3333;76;127044;False;CRO
3334;77;127073;False;CRO
3335;76;127102;False;CRO
3336;77;127916;False;CRO
3337;76;128736;False;CRO
3338;76;128764;False;CRO
3339;77;129910;True;CRO
3340;76;130415;True;CRO
3341;77;131510;False;CRO
3342;77;131810;False;CRO
3343;76;132190;False;CRO
3344;77;132450;False;CRO
3345;76;132688;True;CRO
3346;77;133125;True;CRO
3347;77;134039;True;CRO
3348;76;134045;True;CRO
3349;77;134210;False;CRO
3350;76;134210;False;CRO
3351;76;134230;False;CRO
3352;77;134230;False;CRO
3353;77;134718;False;CRO
3354;76;134718;False;CRO
3355;76;135010;True;CRO
3356;1892;135010;True;CRO
3357;77;135013;True;CRO
3358;1902;135028;True;CRO
3359;76;135110;False;CRO
3360;76;135500;True;CRO
3361;77;135540;True;CRO
3362;1892;135583;True;CRO
3363;1902;135682;True;CRO
3364;76;136158;True;CRO
3365;77;136160;True;CRO
3366;77;136727;False;CRO
3367;76;136750;False;CRO
3368;78;932;True;CRO
3369;78;1183;True;CRO
3370;80;460;False;CRO
3371;80;507;False;CRO
3372;80;1510;True;CRO
3373;80;5005;False;CRO
3374;80;5510;True;CRO
3375;80;5879;False;CRO
3376;1961;5879;False;CRO
3377;80;6013;False;CRO
3378;1961;6013;False;CRO
3379;80;6885;True;CRO
3380;80;7110;False;CRO
3381;80;7910;True;CRO
3382;80;17184;True;CRO
3383;80;17520;False;CRO
3384;80;17830;True;CRO
3385;80;18330;False;CRO
3386;1962;18386;False;CRO
3387;80;18505;False;CRO
3388;1962;18505;False;CRO
3389;80;19040;True;CRO
3390;80;20110;True;CRO
3391;1965;6388;False;CRO
3392;1965;7160;False;CRO
3393;1271;565;True;CRO
3394;1270;1246;True;CRO
3395;1271;1563;True;CRO
3396;1270;2124;True;CRO
3397;1967;2124;True;CRO
3398;1967;2874;True;CRO
3399;1271;2892;True;CRO
3400;1967;3170;True;CRO
3401;1270;3170;True;CRO
3402;1271;3654;False;CRO
3403;1967;3820;True;CRO
3404;1270;4050;True;CRO
3405;1967;4234;True;CRO
3406;1271;4830;True;CRO
3407;1271;5710;False;CRO
3408;1270;6002;True;CRO
3409;1271;6613;True;CRO
3410;1270;6680;True;CRO
3411;1270;7712;True;CRO
3412;1271;8248;True;CRO
3413;1271;9748;True;CRO
3414;1270;10078;True;CRO
3415;89;306;True;CRO
3416;89;1078;True;CRO
3417;1979;9050;False;CRO
3418;1979;9480;False;CRO
3419;8646;14247;False;CRO
3420;1982;14247;False;CRO
3421;1982;14430;False;CRO
3422;8646;14443;False;CRO
3423;96;270;True;CRO
3424;99;108;True;CRO
3425;102;67357;True;CRO
3426;101;67363;True;CRO
3427;102;68690;False;CRO
3428;101;68690;False;CRO
3429;102;68740;False;CRO
3430;102;69008;False;CRO
3431;101;69826;True;CRO
3432;102;70005;True;CRO
3433;101;70005;True;CRO
3434;102;70850;True;CRO
3435;101;70850;True;CRO
3436;102;71742;False;CRO
3437;102;72415;False;CRO
3438;101;73288;True;CRO
3439;102;73542;True;CRO
3440;102;75440;False;CRO
3441;101;75698;False;CRO
3442;101;75985;False;CRO
3443;102;77284;True;CRO
3444;101;77284;True;CRO
3445;102;77928;True;CRO
3446;101;77928;True;CRO
3447;102;78990;False;CRO
3448;102;79560;False;CRO
3449;102;79780;False;CRO
3450;101;79780;False;CRO
3451;101;79970;False;CRO
3452;102;81232;False;CRO
3453;101;82097;False;CRO
3454;102;83784;True;CRO
3455;101;84260;True;CRO
3456;102;86372;False;CRO
3457;101;86995;False;CRO
3458;101;87340;False;CRO
3459;101;88875;False;CRO
3460;102;88875;False;CRO
3461;102;89710;True;CRO
3462;101;89710;True;CRO
3463;102;91270;True;CRO
3464;102;91733;False;CRO
3465;101;92610;True;CRO
3466;102;94570;True;CRO
3467;101;95240;True;CRO
3468;102;97453;False;CRO
3469;101;97926;False;CRO
3470;101;98022;False;CRO
3471;101;100055;True;CRO
3472;102;100055;True;CRO
3473;101;100785;False;CRO
3474;102;101582;True;CRO
3475;101;101582;True;CRO
3476;101;102410;True;CRO
3477;102;102410;True;CRO
3478;102;104172;False;CRO
3479;102;104200;False;CRO
3480;101;105060;False;CRO
3481;102;106893;True;CRO
3482;101;107723;True;CRO
3483;102;109440;True;CRO
3484;101;110039;True;CRO
3485;101;111190;False;CRO
3486;102;111703;False;CRO
3487;101;112940;False;CRO
3488;101;113822;True;CRO
3489;102;113826;True;CRO
3490;102;114529;False;CRO
3491;102;115510;False;CRO
3492;101;115863;False;CRO
3493;102;117136;False;CRO
3494;101;118376;True;CRO
3495;102;120028;True;CRO
3496;101;121088;False;CRO
3497;102;121785;False;CRO
3498;101;121785;False;CRO
3499;101;122722;False;CRO
3500;101;123385;True;CRO
3501;102;123385;True;CRO
3502;101;125180;True;CRO
3503;102;125290;True;CRO
3504;101;127190;False;CRO
3505;102;127910;False;CRO
3506;101;129138;True;CRO
3507;102;130565;True;CRO
3508;101;131244;True;CRO
3509;101;131918;True;CRO
3510;1993;132114;True;CRO
3511;102;132259;True;CRO
3512;101;132560;True;CRO
3513;102;133163;False;CRO
3514;102;133343;False;CRO
3515;102;133793;False;CRO
3516;101;134209;True;CRO
3517;102;134399;False;CRO
3518;101;134476;False;CRO
3519;102;135383;False;CRO
3520;101;135859;False;CRO
3521;102;136979;True;CRO
3522;101;136979;True;CRO
3523;102;137097;False;CRO
3524;101;137294;False;CRO
3525;102;138496;False;CRO
3526;101;138904;False;CRO
3527;101;139224;False;CRO
3528;102;139695;False;CRO
3529;102;140036;False;CRO
3530;101;140245;False;CRO
3531;101;140439;False;CRO
3532;102;140498;False;CRO
3533;102;141370;True;CRO
3534;101;141386;True;CRO
3535;102;142272;True;CRO
3536;101;142272;True;CRO
3537;102;142794;False;CRO
3538;101;143158;False;CRO
3539;102;143201;True;CRO
3540;101;143720;False;CRO
3541;101;143776;False;CRO
3542;102;144554;False;CRO
3543;102;144611;False;CRO
3544;101;145318;False;CRO
3545;101;145910;True;CRO
3546;102;146527;False;CRO
3547;102;146589;False;CRO
3548;1991;146787;True;CRO
3549;101;146982;False;CRO
3550;102;147496;False;CRO
3551;101;147530;False;CRO
3552;1994;147618;False;CRO
3553;101;148079;True;CRO
3554;102;148581;True;CRO
3555;102;148892;False;CRO
3556;101;149102;True;CRO
3557;102;149102;False;CRO
3558;101;150063;False;CRO
3559;101;150109;False;CRO
3560;102;150245;True;CRO
3561;1992;150818;False;CRO
3562;102;151013;False;CRO
3563;101;151203;False;CRO
3564;102;151355;False;CRO
3565;101;151939;True;CRO
3566;102;152007;True;CRO
3567;101;152088;False;CRO
3568;102;152693;True;CRO
3569;101;152787;True;CRO
3570;102;153175;False;CRO
3571;101;153253;True;CRO
3572;102;153496;True;CRO
3573;8588;153995;True;CRO
3574;8570;153995;True;CRO
3575;8553;153995;True;CRO
3576;1276;2000;True;CRO
3577;1277;4150;True;CRO
3578;9074;4330;True;CRO
3579;9075;6075;True;CRO
3580;1278;200;True;CRO
3581;1279;1590;True;CRO
3582;105;107;True;CRO
3583;104;264;True;CRO
3584;104;840;True;CRO
3585;105;1003;True;CRO
3586;105;1720;False;CRO
3587;104;1720;False;CRO
3588;104;1750;False;CRO
3589;105;1750;False;CRO
3590;105;2165;True;CRO
3591;105;2510;True;CRO
3592;2016;3149;True;CRO
3593;104;3402;True;CRO
3594;105;3739;True;CRO
3595;104;4905;True;CRO
3596;105;5460;False;CRO
3597;104;5716;False;CRO
3598;104;6510;True;CRO
3599;105;7055;True;CRO
3600;104;7300;True;CRO
3601;2015;7490;True;CRO
3602;103;7601;True;CRO
3603;108;94;True;CRO
3604;107;109;True;CRO
3605;108;277;True;CRO
3606;107;764;True;CRO
3607;108;962;True;CRO
3608;107;1650;True;CRO
3609;108;2160;True;CRO
3610;107;2688;True;CRO
3611;107;3890;True;CRO
3612;107;5364;True;CRO
3613;108;5880;True;CRO
3614;107;6610;True;CRO
3615;108;7594;True;CRO
3616;107;9229;True;CRO
3617;108;9576;True;CRO
3618;108;10394;False;CRO
3619;107;10805;True;CRO
3620;108;11493;True;CRO
3621;107;11805;True;CRO
3622;107;12672;True;CRO
3623;108;13065;True;CRO
3624;107;13672;False;CRO
3625;108;14665;False;CRO
3626;107;14783;False;CRO
3627;107;16220;True;CRO
3628;108;19340;True;CRO
3629;107;20320;True;CRO
3630;108;20660;False;CRO
3631;108;21345;False;CRO
3632;2025;21415;True;CRO
3633;107;21450;False;CRO
3634;108;21680;False;CRO
3635;2025;21722;False;CRO
3636;107;23010;True;CRO
3637;108;23440;True;CRO
3638;108;34321;True;CRO
3639;107;35280;True;CRO
3640;108;35736;True;CRO
3641;107;36370;False;CRO
3642;108;36370;False;CRO
3643;108;37190;True;CRO
3644;107;37855;True;CRO
3645;108;53655;False;CRO
3646;108;53890;False;CRO
3647;108;54555;True;CRO
3648;107;55670;False;CRO
3649;108;55670;False;CRO
3650;2026;55670;False;CRO
3651;1281;1150;True;CRO
3652;111;-274;True;CRO
3653;112;-14;True;CRO
3654;111;590;True;CRO
3655;112;1390;True;CRO
3656;111;2120;False;CRO
3657;111;2460;False;CRO
3658;112;3540;False;CRO
3659;111;3710;False;CRO
3660;111;5360;True;CRO
3661;112;5517;True;CRO
3662;111;7058;False;CRO
3663;112;7340;False;CRO
3664;111;9310;False;CRO
3665;112;9540;False;CRO
3666;111;12035;True;CRO
3667;112;12390;True;CRO
3668;112;13690;False;CRO
3669;111;13910;False;CRO
3670;112;13990;False;CRO
3671;112;15934;False;CRO
3672;111;16029;True;CRO
3673;112;17702;True;CRO
3674;111;17830;True;CRO
3675;111;19328;False;CRO
3676;112;19665;False;CRO
3677;112;21530;False;CRO
3678;111;21710;False;CRO
3679;112;22547;False;CRO
3680;111;23328;True;CRO
3681;112;23690;True;CRO
3682;112;24201;False;CRO
3683;111;24201;False;CRO
3684;111;24539;False;CRO
3685;112;24650;False;CRO
3686;109;25377;False;CRO
3687;109;25425;False;CRO
3688;109;26680;True;CRO
3689;109;27590;False;CRO
3690;109;29130;False;CRO
3691;109;36773;False;CRO
3692;109;38773;True;CRO
3693;109;40263;False;CRO
3694;109;41238;False;CRO
3695;109;42660;True;CRO
3696;109;54905;False;CRO
3697;109;55550;True;CRO
3698;109;56190;False;CRO
3699;109;56240;False;CRO
3700;109;57216;False;CRO
3701;110;59002;True;CRO
3702;110;59510;True;CRO
3703;110;60000;False;CRO
3704;114;21630;True;CRO
3705;120;-158;True;CRO
3706;118;-158;True;CRO
3707;120;180;True;CRO
3708;118;180;True;CRO
3709;118;760;True;CRO
3710;120;1165;True;CRO
3711;118;1709;False;CRO
3712;118;1793;True;CRO
3713;120;2775;True;CRO
3714;120;3793;True;CRO
3715;118;3793;True;CRO
3716;117;4110;True;CRO
3717;117;5010;False;CRO
3718;117;18810;True;CRO
3719;117;43280;True;CRO
3720;117;46536;True;CRO
3721;117;60465;True;CRO
3722;117;63611;True;CRO
3723;117;71120;True;CRO
3724;117;73929;True;CRO
3725;117;79020;True;CRO
3726;117;82071;True;CRO
3727;117;82390;False;CRO
3728;117;83190;True;CRO
3729;121;83395;True;CRO
3730;119;83560;True;CRO
3731;119;84072;True;CRO
3732;121;84103;True;CRO
3733;119;84290;True;CRO
3734;119;85610;False;CRO
3735;119;85940;True;CRO
3736;121;94580;False;CRO
3737;121;95590;True;CRO
3738;119;99255;True;CRO
3739;119;100355;False;CRO
3740;121;104240;False;CRO
3741;121;105621;True;CRO
3742;121;105803;False;CRO
3743;119;106198;True;CRO
3744;121;106198;True;CRO
3745;119;107920;True;CRO
3746;121;108230;True;CRO
3747;119;108242;False;CRO
3748;119;109218;True;CRO
3749;121;109260;True;CRO
3750;119;110693;True;CRO
3751;121;111140;True;CRO
3752;119;111691;False;CRO
3753;119;118362;True;CRO
3754;121;119564;False;CRO
3755;121;120554;True;CRO
3756;119;121126;False;CRO
3757;121;121556;True;CRO
3758;119;121945;True;CRO
3759;119;122882;True;CRO
3760;121;123709;False;CRO
3761;119;123756;False;CRO
3762;121;124896;True;CRO
3763;122;18553;True;CRO
3764;2068;19230;False;CRO
3765;122;19230;False;CRO
3766;122;19810;True;CRO
3767;126;-61;True;CRO
3768;124;-16;False;CRO
3769;124;160;True;CRO
3770;124;720;False;CRO
3771;124;1860;False;CRO
3772;124;2220;True;CRO
3773;126;7422;False;CRO
3774;126;8850;True;CRO
3775;123;9148;True;CRO
3776;123;10374;True;CRO
3777;125;10700;False;CRO
3778;125;12766;True;CRO
3779;127;12940;True;CRO
3780;125;13410;False;CRO
3781;127;13900;False;CRO
3782;125;14525;True;CRO
3783;125;15960;False;CRO
3784;127;18523;False;CRO
3785;127;19856;True;CRO
3786;125;21190;True;CRO
3787;125;22710;False;CRO
3788;127;28090;False;CRO
3789;127;29350;True;CRO
3790;125;30835;True;CRO
3791;125;32340;False;CRO
3792;127;46040;False;CRO
3793;127;47610;True;CRO
3794;125;49135;True;CRO
3795;125;50435;False;CRO
3796;127;58980;True;CRO
3797;127;60660;False;CRO
3798;125;61560;True;CRO
3799;127;62014;True;CRO
3800;125;62660;False;CRO
3801;125;63698;False;CRO
3802;127;67615;False;CRO
3803;127;68642;False;CRO
3804;125;69826;True;CRO
3805;127;71792;True;CRO
3806;125;72276;True;CRO
3807;127;73044;False;CRO
3808;2069;73720;True;CRO
3809;2070;73720;True;CRO
3810;8999;78;True;CRO
3811;128;580;True;CRO
3812;129;1590;True;CRO
3813;1282;-112;True;CRO
3814;1283;690;True;CRO
3815;130;1640;True;CRO
3816;130;2110;False;CRO
3817;130;15835;True;CRO
3818;130;19575;True;CRO
3819;130;25460;True;CRO
3820;132;685;True;CRO
3821;131;1690;True;CRO
3822;131;1860;False;CRO
3823;131;6412;True;CRO
3824;2084;7775;True;CRO
3825;137;13;True;CRO
3826;137;1476;False;CRO
3827;136;3295;True;CRO
3828;137;4098;False;CRO
3829;136;5979;True;CRO
3830;136;6275;False;CRO
3831;137;6700;True;CRO
3832;136;8565;False;CRO
3833;137;9290;False;CRO
3834;136;11260;True;CRO
3835;137;11940;True;CRO
3836;136;13698;False;CRO
3837;137;14170;False;CRO
3838;137;16210;True;CRO
3839;136;16308;True;CRO
3840;2086;16764;False;CRO
3841;2087;16764;False;CRO
3842;2087;17514;False;CRO
3843;2086;17514;False;CRO
3844;137;18040;True;CRO
3845;136;18060;True;CRO
3846;136;19885;False;CRO
3847;137;20885;False;CRO
3848;136;22054;False;CRO
3849;137;23526;False;CRO
3850;136;24260;False;CRO
3851;137;26060;True;CRO
3852;136;26785;True;CRO
3853;136;28215;False;CRO
3854;137;28410;True;CRO
3855;137;29919;False;CRO
3856;136;30879;True;CRO
3857;137;31450;False;CRO
3858;137;32980;False;CRO
3859;136;32993;False;CRO
3860;137;34179;False;CRO
3861;136;35294;False;CRO
3862;137;35725;False;CRO
3863;137;37285;True;CRO
3864;136;38010;True;CRO
3865;137;38635;False;CRO
3866;136;39230;True;CRO
3867;137;39773;True;CRO
3868;136;41174;True;CRO
3869;137;41314;True;CRO
3870;136;42291;False;CRO
3871;137;43041;True;CRO
3872;136;44363;True;CRO
3873;137;45275;True;CRO
3874;136;46420;True;CRO
3875;136;46918;False;CRO
3876;137;46918;False;CRO
3877;137;47250;True;CRO
3878;136;47250;True;CRO
3879;137;47803;False;CRO
3880;136;48089;False;CRO
3881;137;48841;True;CRO
3882;137;50066;False;CRO
3883;136;50195;True;CRO
3884;139;30610;True;CRO
3885;139;31610;False;CRO
3886;138;34970;False;CRO
3887;138;36011;True;CRO
3888;139;36377;True;CRO
3889;138;37210;True;CRO
3890;139;37916;True;CRO
3891;139;39160;False;CRO
3892;138;42069;False;CRO
3893;138;43290;True;CRO
3894;139;45596;False;CRO
3895;139;47130;True;CRO
3896;138;48085;False;CRO
3897;138;49401;True;CRO
3898;139;50187;True;CRO
3899;138;50614;True;CRO
3900;140;381;True;CRO
3901;140;1406;False;CRO
3902;2112;422;True;CRO
3903;2112;680;False;CRO
3904;2112;1092;True;CRO
3905;141;1092;True;CRO
3906;142;1599;True;CRO
3907;141;1811;True;CRO
3908;142;4103;True;CRO
3909;141;4325;False;CRO
3910;142;6775;True;CRO
3911;141;7151;True;CRO
3912;142;8693;False;CRO
3913;141;9853;True;CRO
3914;142;11307;True;CRO
3915;141;12519;False;CRO
3916;142;13815;False;CRO
3917;141;15203;True;CRO
3918;142;16445;True;CRO
3919;141;17290;True;CRO
3920;142;19421;False;CRO
3921;141;19838;False;CRO
3922;141;20840;True;CRO
3923;142;21132;True;CRO
3924;141;22140;False;CRO
3925;142;24736;False;CRO
3926;141;25424;False;CRO
3927;142;26013;False;CRO
3928;141;26690;True;CRO
3929;142;27285;True;CRO
3930;143;1571;True;CRO
3931;144;1608;True;CRO
3932;144;3308;False;CRO
3933;143;3333;True;CRO
3934;143;5281;True;CRO
3935;144;5314;True;CRO
3936;143;7685;False;CRO
3937;144;7745;False;CRO
3938;144;9755;False;CRO
3939;143;9783;False;CRO
3940;143;11919;True;CRO
3941;144;12238;True;CRO
3942;143;14542;False;CRO
3943;144;14827;False;CRO
3944;143;16742;True;CRO
3945;144;17378;True;CRO
3946;143;18495;True;CRO
3947;143;19230;False;CRO
3948;144;19507;True;CRO
3949;143;20330;True;CRO
3950;144;20902;True;CRO
3951;143;21650;True;CRO
3952;147;154925;True;CRO
3953;145;155546;True;CRO
3954;145;155831;False;CRO
3955;147;155999;True;CRO
3956;145;156570;False;CRO
3957;147;157312;False;CRO
3958;145;157760;True;CRO
3959;147;157954;True;CRO
3960;145;158904;True;CRO
3961;147;159078;False;CRO
3962;147;159776;True;CRO
3963;145;160252;True;CRO
3964;147;160256;True;CRO
3965;1286;160899;True;CRO
3966;145;161000;True;CRO
3967;147;161078;False;CRO
3968;145;161317;False;CRO
3969;2174;161448;False;CRO
3970;145;161577;False;CRO
3971;1284;161732;False;CRO
3972;2172;161764;False;CRO
3973;2172;161914;True;CRO
3974;2174;161994;True;CRO
3975;145;162338;False;CRO
3976;2119;162338;True;CRO
3977;1286;162841;True;CRO
3978;147;162920;False;CRO
3979;2123;163004;False;CRO
3980;1284;163085;False;CRO
3981;2129;163160;False;CRO
3982;2173;163680;False;CRO
3983;2175;163794;True;CRO
3984;145;163852;False;CRO
3985;2119;163872;True;CRO
3986;1284;164185;True;CRO
3987;2132;164590;False;CRO
3988;1286;164640;False;CRO
3989;147;164740;False;CRO
3990;2144;165143;False;CRO
3991;147;165330;False;CRO
3992;1286;165495;False;CRO
3993;1284;165592;False;CRO
3994;1286;165911;False;CRO
3995;147;166604;True;CRO
3996;145;166642;True;CRO
3997;1286;166687;True;CRO
3998;1284;167210;True;CRO
3999;145;167210;True;CRO
4000;147;167762;True;CRO
4001;145;168313;False;CRO
4002;1286;168733;False;CRO
4003;147;169072;False;CRO
4004;145;169110;False;CRO
4005;1284;169113;True;CRO
4006;1286;170380;True;CRO
4007;145;170510;True;CRO
4008;147;170753;True;CRO
4009;1284;170786;False;CRO
4010;1286;171110;False;CRO
4011;145;171718;True;CRO
4012;1286;171718;True;CRO
4013;1284;171811;False;CRO
4014;2124;171833;False;CRO
4015;2124;172017;True;CRO
4016;1284;172032;True;CRO
4017;1286;172058;False;CRO
4018;147;172281;True;CRO
4019;1284;172505;True;CRO
4020;145;172852;True;CRO
4021;1286;173190;True;CRO
4022;147;173733;True;CRO
4023;1284;173910;True;CRO
4024;145;174347;False;CRO
4025;1286;174723;True;CRO
4026;147;175311;False;CRO
4027;1284;175347;False;CRO
4028;145;175820;False;CRO
4029;1286;176450;False;CRO
4030;147;176703;False;CRO
4031;146;181513;True;CRO
4032;1287;182504;True;CRO
4033;148;182504;True;CRO
4034;146;182934;True;CRO
4035;1285;182939;True;CRO
4036;1287;183637;False;CRO
4037;148;183637;True;CRO
4038;146;184210;False;CRO
4039;1285;184210;False;CRO
4040;1287;184931;False;CRO
4041;148;184989;False;CRO
4042;1287;185083;False;CRO
4043;148;185130;False;CRO
4044;1285;185627;True;CRO
4045;146;185630;True;CRO
4046;1287;186062;True;CRO
4047;148;186239;True;CRO
4048;1285;186901;False;CRO
4049;1287;186901;False;CRO
4050;1285;186921;False;CRO
4051;1287;186921;False;CRO
4052;148;186991;True;CRO
4053;146;186991;True;CRO
4054;146;187097;False;CRO
4055;2128;187496;False;CRO
4056;148;187496;False;CRO
4057;2130;187496;True;CRO
4058;2126;187510;True;CRO
4059;2131;187542;True;CRO
4060;2120;187634;True;CRO
4061;2122;187990;True;CRO
4062;2131;188040;False;CRO
4063;148;188070;True;CRO
4064;2130;188095;False;CRO
4065;2128;188095;True;CRO
4066;148;188886;False;CRO
4067;148;189412;True;CRO
4068;148;189506;False;CRO
4069;146;189648;True;CRO
4070;146;190314;False;CRO
4071;148;190314;False;CRO
4072;148;191070;False;CRO
4073;148;191268;False;CRO
4074;146;191602;False;CRO
4075;148;192534;False;CRO
4076;146;194197;False;CRO
4077;148;194242;False;CRO
4078;146;195035;True;CRO
4079;148;195035;True;CRO
4080;148;196022;False;CRO
4081;146;196979;False;CRO
4082;146;197190;False;CRO
4083;148;197558;False;CRO
4084;148;199360;False;CRO
4085;146;199769;False;CRO
4086;148;199994;False;CRO
4087;148;201194;False;CRO
4088;148;202297;True;CRO
4089;146;202614;True;CRO
4090;149;497;True;CRO
4091;149;1510;False;CRO
4092;149;2550;False;CRO
4093;149;3568;True;CRO
4094;149;3801;True;CRO
4095;149;4651;False;CRO
4096;149;7440;False;CRO
4097;1288;257;True;CRO
4098;1289;367;True;CRO
4099;1289;1396;True;CRO
4100;1288;1649;True;CRO
4101;1289;2627;True;CRO
4102;1288;2734;True;CRO
4103;1289;3566;True;CRO
4104;1289;3566;False;CRO
4105;1291;152590;True;CRO
4106;1293;152948;True;CRO
4107;1291;153115;True;CRO
4108;1293;153478;True;CRO
4109;1290;154072;True;CRO
4110;1292;154547;True;CRO
4111;1290;154627;True;CRO
4112;1290;154907;True;CRO
4113;1292;156525;False;CRO
4114;1290;156894;False;CRO
4115;1292;158490;True;CRO
4116;1290;158811;True;CRO
4117;1292;160270;True;CRO
4118;1290;160364;True;CRO
4119;1292;160490;False;CRO
4120;1292;161265;True;CRO
4121;152;2284;True;CRO
4122;153;3060;True;CRO
4123;152;3642;True;CRO
4124;153;4041;True;CRO
4125;159;228136;True;CRO
4126;158;228487;True;CRO
4127;159;229382;False;CRO
4128;158;229645;False;CRO
4129;159;230604;False;CRO
4130;158;231217;False;CRO
4131;159;232004;False;CRO
4132;158;232598;False;CRO
4133;159;233381;True;CRO
4134;158;233825;True;CRO
4135;159;234690;False;CRO
4136;158;234891;False;CRO
4137;159;235961;False;CRO
4138;158;236170;False;CRO
4139;159;237246;False;CRO
4140;158;237445;False;CRO
4141;159;238446;False;CRO
4142;158;239092;False;CRO
4143;159;239717;False;CRO
4144;158;240681;False;CRO
4145;159;240956;True;CRO
4146;158;241785;True;CRO
4147;159;242427;False;CRO
4148;158;242562;False;CRO
4149;158;242826;True;CRO
4150;159;243170;True;CRO
4151;158;243407;False;CRO
4152;159;243608;False;CRO
4153;2203;243670;True;CRO
4154;2201;243670;True;CRO
4155;2203;243859;False;CRO
4156;2201;243859;False;CRO
4157;2202;243884;False;CRO
4158;159;243884;False;CRO
4159;158;243884;True;CRO
4160;159;244376;True;CRO
4161;158;245373;True;CRO
4162;159;246088;True;CRO
4163;158;246433;True;CRO
4164;159;247311;True;CRO
4165;158;247637;True;CRO
4166;159;248622;True;CRO
4167;160;248360;True;CRO
4168;2213;243674;True;CRO
4169;8620;243822;True;CRO
4170;9003;244170;True;CRO
4171;9004;244192;True;CRO
4172;161;244805;True;CRO
4173;2223;211;True;CRO
4174;164;219;True;CRO
4175;1297;141010;True;CRO
4176;165;141010;True;CRO
4177;163;141942;False;CRO
4178;1296;141942;True;CRO
4179;165;142219;False;CRO
4180;1297;142231;False;CRO
4181;1296;143225;False;CRO
4182;163;143240;False;CRO
4183;1296;143325;False;CRO
4184;1297;143630;True;CRO
4185;165;143632;True;CRO
4186;163;144392;True;CRO
4187;1296;144481;True;CRO
4188;165;144769;True;CRO
4189;9088;144907;False;CRO
4190;9087;145732;True;CRO
4191;163;146028;False;CRO
4192;9088;146134;True;CRO
4193;165;146564;True;CRO
4194;9087;146630;False;CRO
4195;9088;147143;False;CRO
4196;163;147687;True;CRO
4197;9087;147760;True;CRO
4198;165;148171;True;CRO
4199;163;148356;True;CRO
4200;163;150157;True;CRO
4201;165;150190;False;CRO
4202;165;151755;False;CRO
4203;163;151992;True;CRO
4204;165;153755;True;CRO
4205;163;154146;True;CRO
4206;165;155156;True;CRO
4207;163;155879;False;CRO
4208;165;156684;True;CRO
4209;163;157276;True;CRO
4210;2220;158156;False;CRO
4211;2222;158156;True;CRO
4212;165;158188;True;CRO
4213;2220;158626;True;CRO
4214;163;158639;False;CRO
4215;165;159007;True;CRO
4216;163;159425;True;CRO
4217;165;160117;False;CRO
4218;163;160181;False;CRO
4219;165;160322;True;CRO
4220;163;162089;True;CRO
4221;165;162707;False;CRO
4222;163;163983;False;CRO
4223;165;165277;False;CRO
4224;163;166690;False;CRO
4225;165;167623;True;CRO
4226;163;169443;False;CRO
4227;165;171426;True;CRO
4228;163;171655;True;CRO
4229;163;173025;False;CRO
4230;165;173685;False;CRO
4231;163;175509;True;CRO
4232;165;175607;False;CRO
4233;163;177780;False;CRO
4234;165;177884;True;CRO
4235;163;179985;True;CRO
4236;165;180140;True;CRO
4237;165;181513;True;CRO
4238;163;181890;True;CRO
4239;165;183761;False;CRO
4240;163;183986;False;CRO
4241;163;185904;False;CRO
4242;165;186038;False;CRO
4243;163;187837;True;CRO
4244;165;188083;True;CRO
4245;163;189534;True;CRO
4246;165;189648;True;CRO
4247;163;191375;False;CRO
4248;165;191495;False;CRO
4249;163;193384;False;CRO
4250;165;193854;False;CRO
4251;163;194456;False;CRO
4252;165;195450;True;CRO
4253;163;195886;True;CRO
4254;165;197063;False;CRO
4255;163;197237;False;CRO
4256;165;198607;False;CRO
4257;163;198733;False;CRO
4258;163;199913;False;CRO
4259;165;200047;False;CRO
4260;163;201351;True;CRO
4261;165;201672;True;CRO
4262;165;202869;False;CRO
4263;163;202984;False;CRO
4264;163;204277;False;CRO
4265;165;204409;False;CRO
4266;163;205658;False;CRO
4267;165;205895;True;CRO
4268;163;207006;True;CRO
4269;165;207180;False;CRO
4270;2221;207180;True;CRO
4271;2217;208031;True;CRO
4272;163;208031;False;CRO
4273;165;208406;True;CRO
4274;163;209343;True;CRO
4275;165;209608;False;CRO
4276;163;210541;False;CRO
4277;165;210923;False;CRO
4278;163;212048;False;CRO
4279;165;212733;False;CRO
4280;163;214320;True;CRO
4281;165;214864;True;CRO
4282;163;215971;False;CRO
4283;165;216462;False;CRO
4284;163;217491;False;CRO
4285;165;218110;False;CRO
4286;163;218932;False;CRO
4287;165;219875;True;CRO
4288;163;220295;True;CRO
4289;165;221224;False;CRO
4290;163;221737;False;CRO
4291;165;222419;False;CRO
4292;163;222956;False;CRO
4293;165;223789;False;CRO
4294;163;224304;False;CRO
4295;165;225365;False;CRO
4296;163;225546;False;CRO
4297;163;225780;False;CRO
4298;163;226697;False;CRO
4299;165;226963;True;CRO
4300;163;227529;True;CRO
4301;2224;227981;True;CRO
4302;165;227990;False;CRO
4303;163;228005;False;CRO
4304;2225;228005;True;CRO
4305;165;228401;True;CRO
4306;2224;228401;False;CRO
4307;163;228401;True;CRO
4308;2225;228401;False;CRO
4309;166;229260;True;CRO
4310;163;229551;True;CRO
4311;166;230434;False;CRO
4312;163;230836;False;CRO
4313;166;231759;False;CRO
4314;163;231948;False;CRO
4315;166;233074;False;CRO
4316;163;233995;False;CRO
4317;166;235156;False;CRO
4318;163;236360;True;CRO
4319;166;237275;True;CRO
4320;163;238687;False;CRO
4321;166;239451;False;CRO
4322;163;240828;False;CRO
4323;166;241550;False;CRO
4324;163;243247;False;CRO
4325;166;243905;False;CRO
4326;163;245664;True;CRO
4327;166;246111;True;CRO
4328;163;247371;False;CRO
4329;166;248145;False;CRO
4330;163;248399;False;CRO
4331;163;249399;False;CRO
4332;163;250412;False;CRO
4333;166;250415;True;CRO
4334;163;252160;True;CRO
4335;166;252752;False;CRO
4336;163;253536;False;CRO
4337;166;254304;True;CRO
4338;166;255856;False;CRO
4339;163;255913;True;CRO
4340;166;257297;False;CRO
4341;163;258098;False;CRO
4342;166;259118;True;CRO
4343;163;259947;True;CRO
4344;166;260900;True;CRO
4345;163;262238;True;CRO
4346;166;262827;False;CRO
4347;163;264285;True;CRO
4348;166;264825;False;CRO
4349;163;266186;False;CRO
4350;166;266958;True;CRO
4351;163;268096;True;CRO
4352;166;268767;True;CRO
4353;163;269027;True;CRO
4354;166;269621;True;CRO
4355;163;270750;True;CRO
4356;166;271144;True;CRO
4357;163;272390;False;CRO
4358;166;272811;False;CRO
4359;163;273999;True;CRO
4360;166;274546;True;CRO
4361;163;275418;True;CRO
4362;167;884;True;CRO
4363;169;26272;True;CRO
4364;169;27722;False;CRO
4365;170;27971;True;CRO
4366;169;28715;True;CRO
4367;170;29061;False;CRO
4368;170;30570;True;CRO
4369;169;44440;True;CRO
4370;170;48287;True;CRO
4371;169;49330;True;CRO
4372;170;49990;False;CRO
4373;169;50507;False;CRO
4374;169;51659;False;CRO
4375;170;51755;False;CRO
4376;169;53004;False;CRO
4377;169;53334;False;CRO
4378;170;54007;True;CRO
4379;169;54285;True;CRO
4380;2251;54722;True;CRO
4381;2259;54722;True;CRO
4382;2250;54722;True;CRO
4383;2251;55122;True;CRO
4384;2259;55122;False;CRO
4385;2256;55122;True;CRO
4386;2258;55122;False;CRO
4387;2250;55142;False;CRO
4388;170;55673;True;CRO
4389;169;55830;True;CRO
4390;170;56334;True;CRO
4391;169;56932;True;CRO
4392;170;57140;False;CRO
4393;170;57460;False;CRO
4394;169;58180;True;CRO
4395;170;58889;True;CRO
4396;170;60429;False;CRO
4397;170;65962;True;CRO
4398;169;68348;True;CRO
4399;169;70315;True;CRO
4400;170;70555;True;CRO
4401;169;72231;True;CRO
4402;170;72590;True;CRO
4403;170;74019;False;CRO
4404;169;79897;True;CRO
4405;170;81396;True;CRO
4406;169;82589;True;CRO
4407;170;83740;False;CRO
4408;169;91711;False;CRO
4409;169;93255;True;CRO
4410;170;93773;True;CRO
4411;169;94773;True;CRO
4412;170;95054;True;CRO
4413;169;97226;False;CRO
4414;170;97628;False;CRO
4415;169;98783;False;CRO
4416;170;100313;True;CRO
4417;169;100827;True;CRO
4418;170;101454;False;CRO
4419;169;101996;False;CRO
4420;169;102553;True;CRO
4421;170;102589;True;CRO
4422;170;104415;False;CRO
4423;170;112720;False;CRO
4424;170;114259;True;CRO
4425;169;115792;True;CRO
4426;169;117257;False;CRO
4427;170;124012;True;CRO
4428;169;124150;True;CRO
4429;169;125683;False;CRO
4430;170;126875;False;CRO
4431;169;127430;True;CRO
4432;170;128294;True;CRO
4433;169;137876;False;CRO
4434;169;138382;False;CRO
4435;170;138554;True;CRO
4436;169;139283;True;CRO
4437;170;139903;False;CRO
4438;169;140341;False;CRO
4439;9300;140613;True;CRO
4440;9297;140681;True;CRO
4441;9297;140919;False;CRO
4442;9300;141170;False;CRO
4443;9297;141780;True;CRO
4444;9300;141780;True;CRO
4445;9300;142111;False;CRO
4446;2257;142358;False;CRO
4447;2255;142392;False;CRO
4448;9298;142475;True;CRO
4449;9300;142475;True;CRO
4450;2255;142730;True;CRO
4451;2257;142730;False;CRO
4452;9298;142885;False;CRO
4453;9300;142930;True;CRO
4454;9298;143026;False;CRO
4455;9298;143548;True;CRO
4456;9300;144600;True;CRO
4457;9298;144622;False;CRO
4458;9298;145482;False;CRO
4459;9300;146940;True;CRO
4460;9298;147420;True;CRO
4461;9300;149085;True;CRO
4462;9298;149355;True;CRO
4463;9300;150483;True;CRO
4464;9298;151375;True;CRO
4465;9300;152137;False;CRO
4466;9298;153542;False;CRO
4467;9300;155008;True;CRO
4468;9298;155268;True;CRO
4469;9300;157677;False;CRO
4470;9298;158367;True;CRO
4471;9300;159131;True;CRO
4472;9300;160156;False;CRO
4473;9298;161173;False;CRO
4474;9298;162628;True;CRO
4475;9300;162841;True;CRO
4476;9300;164044;True;CRO
4477;9298;165235;True;CRO
4478;9300;165657;False;CRO
4479;9298;168005;True;CRO
4480;9300;168237;True;CRO
4481;9298;170676;False;CRO
4482;9300;170997;False;CRO
4483;9298;172759;True;CRO
4484;9300;173006;True;CRO
4485;9298;175165;True;CRO
4486;9300;175675;True;CRO
4487;9298;176084;True;CRO
4488;9300;178187;False;CRO
4489;9298;178231;False;CRO
4490;9300;180368;True;CRO
4491;9298;180394;True;CRO
4492;9300;181929;False;CRO
4493;9300;183298;False;CRO
4494;9298;184130;False;CRO
4495;9300;185422;True;CRO
4496;9298;186492;True;CRO
4497;9300;192478;False;CRO
4498;9298;193356;True;CRO
4499;9300;194636;True;CRO
4500;9300;195967;True;CRO
4501;9300;197990;True;CRO
4502;9298;198010;True;CRO
4503;9300;200710;True;CRO
4504;9298;200840;True;CRO
4505;9300;203360;False;CRO
4506;9298;203420;False;CRO
4507;9300;204608;False;CRO
4508;9298;205681;True;CRO
4509;9300;205729;True;CRO
4510;1299;139832;True;CRO
4511;1298;140368;True;CRO
4512;1300;142192;True;CRO
4513;1301;142357;True;CRO
4514;175;866;True;CRO
4515;176;1036;True;CRO
4516;175;1558;False;CRO
4517;176;1810;False;CRO
4518;175;2445;False;CRO
4519;176;2793;False;CRO
4520;176;2903;False;CRO
4521;175;3733;False;CRO
4522;176;4147;False;CRO
4523;175;5149;False;CRO
4524;176;5357;False;CRO
4525;176;6537;True;CRO
4526;175;6725;True;CRO
4527;176;7654;False;CRO
4528;175;8259;False;CRO
4529;176;8745;False;CRO
4530;176;9897;False;CRO
4531;175;9959;False;CRO
4532;176;11102;True;CRO
4533;175;11240;True;CRO
4534;176;12445;False;CRO
4535;175;12633;False;CRO
4536;176;13649;False;CRO
4537;175;13800;False;CRO
4538;176;14752;False;CRO
4539;175;15291;False;CRO
4540;175;16468;True;CRO
4541;176;16909;True;CRO
4542;175;18056;False;CRO
4543;176;19154;False;CRO
4544;175;19559;False;CRO
4545;176;21419;True;CRO
4546;175;21532;True;CRO
4547;175;22854;False;CRO
4548;176;23541;False;CRO
4549;175;24313;False;CRO
4550;176;25003;True;CRO
4551;175;25774;False;CRO
4552;175;25984;True;CRO
4553;2301;26706;True;CRO
4554;2302;26706;True;CRO
4555;176;26748;True;CRO
4556;175;27460;True;CRO
4557;2302;27460;False;CRO
4558;178;998;True;BLGV
4559;179;3900;True;BLGV
4560;178;3900;True;BLGV
4561;179;4000;True;BLGV
4562;178;4000;True;BLGV
4563;179;10000;True;BLGV
4564;178;10000;True;BLGV
4565;179;20000;True;BLGV
4566;178;20000;True;BLGV
4567;178;30000;True;BLGV
4568;179;30000;True;BLGV
4569;179;40000;True;BLGV
4570;178;40000;True;BLGV
4571;179;50000;True;BLGV
4572;178;50000;True;BLGV
4573;179;60000;True;BLGV
4574;178;60000;True;BLGV
4575;179;70000;True;BLGV
4576;178;70000;True;BLGV
4577;179;80000;True;BLGV
4578;178;80000;True;BLGV
4579;179;90000;True;BLGV
4580;178;90000;True;BLGV
4581;179;100000;True;BLGV
4582;178;100000;True;BLGV
4583;179;110000;True;BLGV
4584;178;110000;True;BLGV
4585;178;115000;True;BLGV
4586;178;115100;True;BLGV
4587;182;366;True;CRO
4588;182;706;True;CRO
4589;183;111470;True;CRO
4590;183;111800;True;CRO
4591;186;2693;True;CRO
4592;186;3436;False;CRO
4593;187;3739;True;CRO
4594;186;4280;False;CRO
4595;185;4665;True;CRO
4596;185;5857;False;CRO
4597;185;20395;True;CRO
4598;188;348450;True;CRO
4599;188;349589;False;CRO
4600;192;27781;True;CRO
4601;192;29188;False;CRO
4602;191;29301;True;CRO
4603;192;31165;False;CRO
4604;191;31562;False;CRO
4605;192;33085;False;CRO
4606;191;33675;True;CRO
4607;192;34812;True;CRO
4608;191;36262;False;CRO
4609;192;36608;False;CRO
4610;192;38230;False;CRO
4611;191;38319;False;CRO
4612;192;40061;True;CRO
4613;191;40517;True;CRO
4614;192;41622;False;CRO
4615;191;42671;False;CRO
4616;192;43641;False;CRO
4617;191;44843;True;CRO
4618;192;45720;True;CRO
4619;191;47367;False;CRO
4620;192;47712;False;CRO
4621;191;49265;True;CRO
4622;192;49613;True;CRO
4623;1304;142772;True;CRO
4624;1304;143035;True;CRO
4625;1303;143135;True;CRO
4626;1304;143391;False;CRO
4627;1303;144338;False;CRO
4628;1304;144728;False;CRO
4629;1303;144870;False;CRO
4630;1303;145407;False;CRO
4631;1304;147386;False;CRO
4632;1303;147715;False;CRO
4633;1304;149940;True;CRO
4634;1303;150483;True;CRO
4635;1305;260;True;CRO
4636;1305;1280;True;CRO
4637;193;1280;True;CRO
4638;194;1280;True;CRO
4639;194;1860;False;CRO
4640;194;1900;True;BLGV
4641;193;1900;True;BLGV
4642;194;2000;True;BLGV
4643;193;2000;True;BLGV
4644;193;2944;False;CRO
4645;193;3000;False;CRO
4646;194;3501;False;CRO
4647;194;3557;False;CRO
4648;193;10000;True;BLGV
4649;194;10000;True;BLGV
4650;194;14900;True;BLGV
4651;193;14900;True;BLGV
4652;193;15000;True;BLGV
4653;194;15000;True;BLGV
4654;193;19912;True;BLGV
4655;194;20000;True;BLGV
4656;193;30000;True;BLGV
4657;194;30000;True;BLGV
4658;194;40000;True;BLGV
4659;193;49993;True;BLGV
4660;194;50000;True;BLGV
4661;194;60000;True;BLGV
4662;193;60000;True;BLGV
4663;194;70000;True;BLGV
4664;193;70000;True;BLGV
4665;194;80000;True;BLGV
4666;193;80000;True;BLGV
4667;193;90000;True;BLGV
4668;194;90000;True;BLGV
4669;193;100000;True;BLGV
4670;194;100000;True;BLGV
4671;194;110000;True;BLGV
4672;193;110000;True;BLGV
4673;193;120000;True;BLGV
4674;194;120000;True;BLGV
4675;194;130000;True;BLGV
4676;193;130000;True;BLGV
4677;193;140000;True;BLGV
4678;194;140000;True;BLGV
4679;193;150000;True;BLGV
4680;194;150000;True;BLGV
4681;193;160000;True;BLGV
4682;194;160000;True;BLGV
4683;194;170000;True;BLGV
4684;193;170000;True;BLGV
4685;194;180000;True;BLGV
4686;193;180000;True;BLGV
4687;194;190000;True;BLGV
4688;193;190000;True;BLGV
4689;194;200000;True;BLGV
4690;193;200000;True;BLGV
4691;197;900;True;BLGV
4692;198;906;True;BLGV
4693;197;1000;True;BLGV
4694;198;1000;True;BLGV
4695;197;8310;True;CRO
4696;198;8313;True;CRO
4697;198;9000;True;BLGV
4698;198;9100;True;BLGV
4699;197;10000;True;BLGV
4700;199;232;True;BLGV
4701;199;332;True;BLGV
4702;199;540;True;CRO
4703;199;770;True;CRO
4704;1309;900;True;BLGV
4705;1309;1000;True;BLGV
4706;1309;3900;True;BLGV
4707;1308;3900;True;BLGV
4708;1309;4000;True;BLGV
4709;1308;4000;True;BLGV
4710;1309;10000;True;BLGV
4711;1308;10000;True;BLGV
4712;1309;20000;True;BLGV
4713;1308;20000;True;BLGV
4714;1309;30000;True;BLGV
4715;1308;30000;True;BLGV
4716;1309;40000;True;BLGV
4717;1308;40000;True;BLGV
4718;1309;50000;True;BLGV
4719;1308;50000;True;BLGV
4720;1308;56000;True;BLGV
4721;1308;56100;True;BLGV
4722;1309;56320;True;BLGV
4723;1309;56420;True;BLGV
4724;8801;2000;True;BLGV
4725;8800;3000;True;BLGV
4726;8799;1000;True;BLGV
4727;8798;1000;True;BLGV
4728;9577;10000;True;BLGV
4729;9578;10000;True;BLGV
4730;9577;20000;True;BLGV
4731;9578;20000;True;BLGV
4732;9577;30000;True;BLGV
4733;9578;30000;True;BLGV
4734;9577;40000;True;BLGV
4735;9578;40000;True;BLGV
4736;9577;50000;True;BLGV
4737;9578;50000;True;BLGV
4738;9577;60000;True;BLGV
4739;9578;60000;True;BLGV
4740;9577;70000;True;BLGV
4741;9578;70000;True;BLGV
4742;9577;80000;True;BLGV
4743;9578;80000;True;BLGV
4744;200;140970;True;CRO
4745;204;2750;True;CRO
4746;1317;2945;False;CRO
4747;207;3073;True;CRO
4748;1310;3106;True;CRO
4749;1317;3129;True;CRO
4750;2496;3401;True;CRO
4751;1317;3458;False;CRO
4752;207;3570;True;CRO
4753;1311;3570;False;CRO
4754;1310;3619;False;CRO
4755;204;3619;True;CRO
4756;1317;3658;False;CRO
4757;1310;4120;True;CRO
4758;204;4120;True;CRO
4759;207;4378;True;CRO
4760;1311;4378;True;CRO
4761;204;4639;False;CRO
4762;1310;4639;False;CRO
4763;207;4870;False;CRO
4764;207;4929;False;CRO
4765;1311;4930;False;CRO
4766;1310;5220;False;CRO
4767;204;5255;True;CRO
4768;1311;5560;False;CRO
4769;207;5572;False;CRO
4770;1310;5795;False;CRO
4771;204;5795;True;CRO
4772;207;6210;False;CRO
4773;1311;6226;False;CRO
4774;204;6497;False;CRO
4775;1310;6497;False;CRO
4776;204;7250;True;CRO
4777;1310;7250;True;CRO
4778;207;7285;True;CRO
4779;1311;7285;True;CRO
4780;1311;7965;False;CRO
4781;204;8096;False;CRO
4782;1310;8096;False;CRO
4783;207;8492;False;CRO
4784;1311;8494;True;CRO
4785;1310;8494;True;CRO
4786;204;8732;True;CRO
4787;1310;8732;False;CRO
4788;204;9257;False;CRO
4789;1310;9294;False;CRO
4790;2498;9334;True;CRO
4791;2498;9392;False;CRO
4792;1322;9468;True;CRO
4793;1323;9468;True;CRO
4794;1310;9525;True;CRO
4795;204;9525;True;CRO
4796;2417;9688;True;CRO
4797;1320;9864;True;CRO
4798;1318;9964;True;CRO
4799;2410;9969;True;CRO
4800;207;9995;True;CRO
4801;1311;9995;True;CRO
4802;1310;10305;True;CRO
4803;204;10305;True;CRO
4804;207;10710;True;CRO
4805;1311;10710;True;CRO
4806;204;11084;True;CRO
4807;1310;11084;False;CRO
4808;1324;11124;True;CRO
4809;1311;11388;False;CRO
4810;207;11398;False;CRO
4811;1324;11505;True;CRO
4812;2497;11505;True;CRO
4813;2497;11754;True;CRO
4814;204;11770;False;CRO
4815;1310;11770;True;CRO
4816;1324;11833;False;CRO
4817;207;12110;False;CRO
4818;1311;12180;False;CRO
4819;2413;12248;True;CRO
4820;204;12390;True;CRO
4821;1310;12390;False;CRO
4822;1324;12771;True;CRO
4823;1311;12880;False;CRO
4824;207;12880;True;CRO
4825;2414;12918;True;CRO
4826;1324;12973;True;CRO
4827;204;13110;False;CRO
4828;1310;13157;False;CRO
4829;207;13610;True;CRO
4830;1311;13610;True;CRO
4831;1310;13758;True;CRO
4832;204;13758;True;CRO
4833;2494;13958;True;CRO
4834;1311;14362;True;CRO
4835;1310;14362;True;CRO
4836;204;14365;True;CRO
4837;207;14365;True;CRO
4838;204;14587;False;CRO
4839;207;14587;False;CRO
4840;1310;14695;False;CRO
4841;1311;15003;False;CRO
4842;204;15209;False;CRO
4843;207;15209;False;CRO
4844;207;15369;True;CRO
4845;1310;15395;True;CRO
4846;204;15450;True;CRO
4847;204;15956;True;CRO
4848;1310;15956;True;CRO
4849;1311;16016;True;CRO
4850;207;16016;True;CRO
4851;204;16855;False;CRO
4852;1310;16855;False;CRO
4853;207;17330;False;CRO
4854;1311;17330;False;CRO
4855;1310;17610;False;CRO
4856;204;17630;False;CRO
4857;207;18600;False;CRO
4858;1311;18600;False;CRO
4859;1310;19375;True;CRO
4860;204;19375;True;CRO
4861;1311;19825;True;CRO
4862;207;19825;False;CRO
4863;1310;20287;False;CRO
4864;1310;21135;False;CRO
4865;204;21140;False;CRO
4866;207;21640;True;CRO
4867;1311;21640;False;CRO
4868;1311;22554;True;CRO
4869;1310;22983;True;CRO
4870;204;23118;True;CRO
4871;207;23482;False;CRO
4872;1311;23483;False;CRO
4873;1310;24395;False;CRO
4874;204;24604;False;CRO
4875;207;24960;True;CRO
4876;1311;24960;True;CRO
4877;1310;25727;True;CRO
4878;204;26043;True;CRO
4879;207;26542;False;CRO
4880;204;26607;False;CRO
4881;207;26755;False;CRO
4882;204;26871;False;CRO
4883;204;27695;True;CRO
4884;207;27987;True;CRO
4885;204;29220;False;CRO
4886;207;29815;False;CRO
4887;204;30690;False;CRO
4888;207;31570;False;CRO
4889;204;32070;False;CRO
4890;207;33310;True;CRO
4891;204;33437;True;CRO
4892;207;35061;True;CRO
4893;204;35130;True;CRO
4894;207;36606;False;CRO
4895;207;38110;False;CRO
4896;204;38720;False;CRO
4897;207;39750;False;CRO
4898;204;40575;True;CRO
4899;207;41391;True;CRO
4900;204;42390;True;CRO
4901;207;43110;True;CRO
4902;204;44486;False;CRO
4903;207;44928;False;CRO
4904;204;46543;True;CRO
4905;207;46667;False;CRO
4906;207;48293;False;CRO
4907;204;48750;True;CRO
4908;207;48961;True;CRO
4909;204;50888;False;CRO
4910;207;51890;False;CRO
4911;204;52700;False;CRO
4912;207;53758;True;CRO
4913;204;53934;False;CRO
4914;204;54875;True;CRO
4915;207;55554;True;CRO
4916;204;55990;True;CRO
4917;207;57388;True;CRO
4918;204;58012;False;CRO
4919;207;59004;False;CRO
4920;204;59972;True;CRO
4921;1313;60610;True;CRO
4922;207;60610;True;CRO
4923;1315;60646;True;CRO
4924;1316;60669;True;CRO
4925;207;61840;True;CRO
4926;204;62068;True;CRO
4927;207;63460;True;CRO
4928;204;64386;True;CRO
4929;207;65515;False;CRO
4930;204;66705;True;CRO
4931;207;67569;True;CRO
4932;204;68241;True;CRO
4933;207;69330;True;CRO
4934;207;70990;False;CRO
4935;204;74475;False;CRO
4936;204;75910;True;CRO
4937;207;76081;True;CRO
4938;204;77445;False;CRO
4939;207;78050;True;CRO
4940;204;78355;True;CRO
4941;204;79516;False;CRO
4942;204;83885;False;CRO
4943;204;85333;True;CRO
4944;207;85510;True;CRO
4945;207;86805;False;CRO
4946;204;91065;False;CRO
4947;207;92710;True;CRO
4948;204;93623;True;CRO
4949;201;95975;True;CRO
4950;208;96296;False;CRO
4951;208;97546;True;CRO
4952;205;102276;False;CRO
4953;205;103677;True;CRO
4954;205;104050;False;CRO
4955;205;104527;False;CRO
4956;205;105338;True;CRO
4957;208;105775;True;CRO
4958;208;106674;False;CRO
4959;205;107490;True;CRO
4960;208;108110;True;CRO
4961;205;109732;True;CRO
4962;208;109960;True;CRO
4963;205;114490;False;CRO
4964;205;115720;False;CRO
4965;202;116010;True;CRO
4966;202;117246;True;CRO
4967;209;117550;True;CRO
4968;209;118973;True;CRO
4969;206;122994;True;CRO
4970;209;124040;True;CRO
4971;206;124523;False;CRO
4972;209;125725;False;CRO
4973;206;130255;False;CRO
4974;209;130512;True;CRO
4975;206;131790;True;CRO
4976;209;131978;False;CRO
4977;209;136835;True;CRO
4978;206;136933;False;CRO
4979;206;138213;False;CRO
4980;206;138412;True;CRO
4981;203;140834;True;CRO
4982;203;141460;False;CRO
4983;203;142310;False;CRO
4984;203;161959;True;CRO
4985;203;165625;True;CRO
4986;203;193240;False;CRO
4987;203;194378;False;CRO
4988;203;195380;False;CRO
4989;203;195590;True;CRO
4990;1325;55816;True;CRO
4991;1326;56488;True;CRO
4992;1325;56871;True;CRO
4993;1329;974;True;CRO
4994;1329;1474;True;CRO
4995;212;55635;True;CRO
4996;211;56125;True;CRO
4997;212;56729;True;CRO
4998;211;57752;True;CRO
4999;212;58171;False;CRO
5000;212;62994;False;CRO
5001;211;63778;True;CRO
5002;212;64165;True;CRO
5003;211;65229;False;CRO
5004;212;67776;False;CRO
5005;212;70693;True;CRO
5006;211;71070;False;CRO
5007;211;72514;True;CRO
5008;212;72863;False;CRO
5009;211;73955;False;CRO
5010;212;74416;True;CRO
5011;211;74811;True;CRO
5012;211;75977;True;CRO
5013;210;114761;False;CRO
5014;210;115658;True;CRO
5015;2509;115658;True;CRO
5016;210;132392;True;CRO
5017;210;133545;True;CRO
5018;210;145188;True;CRO
5019;210;146455;True;CRO
5020;216;51333;True;CRO
5021;1331;51474;True;CRO
5022;217;51474;True;CRO
5023;216;52435;False;CRO
5024;217;52865;False;CRO
5025;217;53121;False;CRO
5026;216;53315;False;CRO
5027;217;53536;False;CRO
5028;216;53860;False;CRO
5029;217;54976;True;CRO
5030;216;55315;True;CRO
5031;217;56524;True;CRO
5032;216;56760;True;CRO
5033;217;58078;False;CRO
5034;216;58212;False;CRO
5035;217;59630;True;CRO
5036;216;59700;False;CRO
5037;216;61183;True;CRO
5038;217;61209;False;CRO
5039;216;62650;True;CRO
5040;217;62746;True;CRO
5041;216;64093;False;CRO
5042;217;64305;False;CRO
5043;216;65620;False;CRO
5044;217;65882;False;CRO
5045;216;67131;True;CRO
5046;217;67400;False;CRO
5047;216;68625;False;CRO
5048;217;68991;True;CRO
5049;216;69942;True;CRO
5050;217;70522;True;CRO
5051;216;70999;True;CRO
5052;2525;71088;False;CRO
5053;217;71660;False;CRO
5054;216;72490;False;CRO
5055;217;73110;True;CRO
5056;216;73988;True;CRO
5057;217;74123;False;CRO
5058;217;74442;False;CRO
5059;216;75422;False;CRO
5060;217;75657;False;CRO
5061;216;76863;False;CRO
5062;217;77212;False;CRO
5063;216;78350;False;CRO
5064;217;78780;False;CRO
5065;216;79800;False;CRO
5066;217;80350;False;CRO
5067;216;81246;False;CRO
5068;217;81910;True;CRO
5069;216;82680;True;CRO
5070;217;83406;False;CRO
5071;2542;83654;True;CRO
5072;216;83788;False;CRO
5073;217;84123;True;CRO
5074;1330;84388;False;CRO
5075;216;84388;True;CRO
5076;217;84875;False;CRO
5077;217;85470;False;CRO
5078;216;85790;True;CRO
5079;217;86470;True;CRO
5080;216;87246;False;CRO
5081;217;87671;False;CRO
5082;216;88659;False;CRO
5083;217;88742;False;CRO
5084;216;90023;False;CRO
5085;217;90148;False;CRO
5086;216;91533;True;CRO
5087;217;91620;True;CRO
5088;216;93040;True;CRO
5089;217;93190;True;CRO
5090;216;94480;False;CRO
5091;217;94718;False;CRO
5092;216;95953;True;CRO
5093;217;96183;True;CRO
5094;217;97723;True;CRO
5095;216;98894;False;CRO
5096;217;99292;False;CRO
5097;216;100395;False;CRO
5098;217;100887;False;CRO
5099;216;101920;False;CRO
5100;217;102396;False;CRO
5101;216;103420;False;CRO
5102;217;103896;False;CRO
5103;216;104915;False;CRO
5104;217;105386;True;CRO
5105;216;106014;True;CRO
5106;2526;106905;False;CRO
5107;217;106905;False;CRO
5108;216;107134;False;CRO
5109;217;108124;False;CRO
5110;2520;108306;False;CRO
5111;216;108306;False;CRO
5112;216;108974;True;CRO
5113;217;109370;True;CRO
5114;216;110480;False;CRO
5115;217;110588;False;CRO
5116;216;111977;False;CRO
5117;217;112026;False;CRO
5118;217;113456;False;CRO
5119;216;113480;False;CRO
5120;217;114910;False;CRO
5121;216;114978;False;CRO
5122;217;116460;True;CRO
5123;216;116480;True;CRO
5124;216;117947;False;CRO
5125;217;117990;False;CRO
5126;216;119373;False;CRO
5127;217;119510;False;CRO
5128;216;120873;False;CRO
5129;217;120980;False;CRO
5130;216;122324;False;CRO
5131;217;122490;True;CRO
5132;216;123033;True;CRO
5133;217;124032;False;CRO
5134;216;124471;False;CRO
5135;217;124915;True;CRO
5136;216;125250;True;CRO
5137;217;126435;False;CRO
5138;216;126699;False;CRO
5139;217;128016;False;CRO
5140;216;128155;False;CRO
5141;216;129455;False;CRO
5142;217;129495;True;CRO
5143;216;130363;True;CRO
5144;217;130975;True;CRO
5145;216;131404;True;CRO
5146;2527;131580;False;CRO
5147;2534;131580;False;CRO
5148;2549;131918;False;CRO
5149;217;132120;True;CRO
5150;216;132493;True;CRO
5151;217;133290;False;CRO
5152;216;133553;False;CRO
5153;216;134603;True;CRO
5154;217;134823;True;CRO
5155;217;136000;False;CRO
5156;216;136265;False;CRO
5157;217;137122;False;CRO
5158;216;137793;False;CRO
5159;217;138513;True;CRO
5160;216;139562;True;CRO
5161;217;139777;False;CRO
5162;216;141086;False;CRO
5163;217;141349;False;CRO
5164;216;142034;False;CRO
5165;217;142227;False;CRO
5166;217;142874;False;CRO
5167;216;143517;True;CRO
5168;217;143517;True;CRO
5169;216;144072;True;CRO
5170;217;144416;True;CRO
5171;216;145005;False;CRO
5172;216;145205;False;CRO
5173;217;145971;False;CRO
5174;216;146525;True;CRO
5175;217;146906;False;CRO
5176;217;147380;False;CRO
5177;216;148028;False;CRO
5178;217;148028;True;CRO
5179;216;148084;False;CRO
5180;217;148814;False;CRO
5181;216;149190;False;CRO
5182;216;149532;False;CRO
5183;216;149697;False;CRO
5184;217;150236;False;CRO
5185;217;150581;False;CRO
5186;216;150707;True;CRO
5187;217;151275;False;CRO
5188;217;151715;True;CRO
5189;216;151768;False;CRO
5190;216;151952;True;CRO
5191;216;152245;False;CRO
5192;2528;152300;True;CRO
5193;2656;152300;True;CRO
5194;2522;152330;False;CRO
5195;217;152354;False;CRO
5196;2663;152400;False;CRO
5197;2663;152716;True;CRO
5198;2538;152885;False;CRO
5199;216;153114;True;CRO
5200;2532;153114;True;CRO
5201;2522;153124;True;CRO
5202;216;153847;True;CRO
5203;217;154078;True;CRO
5204;216;154624;False;CRO
5205;216;154955;False;CRO
5206;217;155760;False;CRO
5207;216;156075;False;CRO
5208;217;156453;True;CRO
5209;217;157270;False;CRO
5210;216;157538;False;CRO
5211;216;157594;False;CRO
5212;217;157594;False;CRO
5213;216;158694;True;CRO
5214;217;158737;True;CRO
5215;216;159040;False;CRO
5216;217;160242;False;CRO
5217;216;160433;False;CRO
5218;217;160680;False;CRO
5219;217;161676;False;CRO
5220;216;161931;True;CRO
5221;217;161935;True;CRO
5222;216;162683;True;CRO
5223;217;162760;True;CRO
5224;216;163405;False;CRO
5225;216;163813;False;CRO
5226;216;164859;False;CRO
5227;217;164961;False;CRO
5228;217;165880;False;CRO
5229;216;166320;False;CRO
5230;217;166527;False;CRO
5231;217;167029;False;CRO
5232;216;167061;False;CRO
5233;216;167720;False;CRO
5234;217;168078;False;CRO
5235;216;168262;False;CRO
5236;216;168778;True;CRO
5237;217;169055;True;CRO
5238;217;169910;False;CRO
5239;217;170605;False;CRO
5240;216;170790;False;CRO
5241;217;171070;False;CRO
5242;216;171594;True;CRO
5243;217;171840;True;CRO
5244;216;171842;False;CRO
5245;216;172745;False;CRO
5246;216;173377;False;CRO
5247;217;173667;False;CRO
5248;217;174309;False;CRO
5249;216;174961;False;CRO
5250;217;175227;False;CRO
5251;217;175478;True;CRO
5252;216;175510;True;CRO
5253;216;176457;False;CRO
5254;217;176758;False;CRO
5255;216;176812;False;CRO
5256;216;177959;False;CRO
5257;217;178315;False;CRO
5258;217;178646;False;CRO
5259;217;179165;True;CRO
5260;216;179534;True;CRO
5261;217;180246;False;CRO
5262;216;180985;True;CRO
5263;217;181670;True;CRO
5264;216;182443;True;CRO
5265;217;183120;False;CRO
5266;216;183637;False;CRO
5267;217;184520;False;CRO
5268;216;184524;False;CRO
5269;216;185990;False;CRO
5270;217;186010;False;CRO
5271;216;187576;False;CRO
5272;217;187608;True;CRO
5273;216;188715;True;CRO
5274;217;189224;True;CRO
5275;216;189863;True;CRO
5276;217;190725;False;CRO
5277;216;191149;False;CRO
5278;217;192457;False;CRO
5279;216;192537;False;CRO
5280;216;193836;False;CRO
5281;217;194162;False;CRO
5282;216;195189;True;CRO
5283;217;195807;True;CRO
5284;216;196744;False;CRO
5285;217;197305;False;CRO
5286;216;198484;False;CRO
5287;217;198915;False;CRO
5288;216;200160;True;CRO
5289;217;200410;True;CRO
5290;216;201842;True;CRO
5291;217;201860;True;CRO
5292;216;203288;False;CRO
5293;217;203310;False;CRO
5294;217;204856;False;CRO
5295;216;204996;False;CRO
5296;217;206463;False;CRO
5297;216;206843;False;CRO
5298;217;208064;True;CRO
5299;216;208447;True;CRO
5300;217;209562;False;CRO
5301;216;210035;False;CRO
5302;217;211126;False;CRO
5303;216;211678;False;CRO
5304;217;212488;False;CRO
5305;216;213285;True;CRO
5306;217;213937;True;CRO
5307;216;217521;True;CRO
5308;217;217941;True;CRO
5309;217;219544;False;CRO
5310;217;220925;False;CRO
5311;216;221142;False;CRO
5312;217;222336;True;CRO
5313;216;223043;True;CRO
5314;217;223855;True;CRO
5315;216;224587;True;CRO
5316;217;225510;False;CRO
5317;216;225962;True;CRO
5318;217;226712;True;CRO
5319;216;227078;True;CRO
5320;216;227837;True;CRO
5321;217;228102;True;CRO
5322;2540;228197;False;CRO
5323;2533;228260;False;CRO
5324;2523;228262;False;CRO
5325;2533;228546;True;CRO
5326;2523;228546;True;CRO
5327;216;228546;False;CRO
5328;2540;228546;True;CRO
5329;217;228546;False;CRO
5330;217;229032;True;CRO
5331;216;230616;True;CRO
5332;217;231286;False;CRO
5333;216;232634;False;CRO
5334;217;233397;False;CRO
5335;216;234698;True;CRO
5336;217;235310;True;CRO
5337;216;236330;True;CRO
5338;216;238820;True;CRO
5339;217;239160;False;CRO
5340;216;239164;False;CRO
5341;1333;76455;True;CRO
5342;219;76461;True;CRO
5343;219;77178;True;CRO
5344;1334;77065;True;CRO
5345;1334;78030;True;CRO
5346;221;225510;True;CRO
5347;220;226130;True;CRO
5348;221;226813;True;CRO
5349;220;227853;True;CRO
5350;221;228471;False;CRO
5351;220;229565;False;CRO
5352;221;230250;False;CRO
5353;220;230664;False;CRO
5354;221;231330;False;CRO
5355;220;232142;True;CRO
5356;221;232803;True;CRO
5357;222;81927;True;CRO
5358;223;82564;True;CRO
5359;2670;180255;False;CRO
5360;2671;180275;False;CRO
5361;2670;180985;True;CRO
5362;2671;180985;True;CRO
5363;225;181664;True;CRO
5364;224;181847;True;CRO
5365;225;182708;False;CRO
5366;224;188182;True;CRO
5367;225;189680;True;CRO
5368;224;190876;True;CRO
5369;225;192240;True;CRO
5370;224;194920;True;CRO
5371;225;198371;True;CRO
5372;224;202093;False;CRO
5373;224;203908;True;CRO
5374;225;204665;True;CRO
5375;224;204919;True;CRO
5376;2672;205225;True;CRO
5377;225;205401;False;CRO
5378;224;205992;True;CRO
5379;225;206418;True;CRO
5380;225;207765;False;CRO
5381;224;211800;True;CRO
5382;225;213310;True;CRO
5383;224;214310;False;CRO
5384;225;215625;True;CRO
5385;224;218180;True;CRO
5386;225;218420;True;CRO
5387;224;221037;True;CRO
5388;225;221930;True;CRO
5389;225;222453;True;CRO
5390;224;222515;True;CRO
5391;224;222868;False;CRO
5392;225;223228;False;CRO
5393;224;223715;False;CRO
5394;224;224015;True;CRO
5395;225;224255;True;CRO
5396;225;225779;True;CRO
5397;224;228718;False;CRO
5398;224;230218;True;CRO
5399;225;231044;True;CRO
5400;224;231066;True;CRO
5401;225;231313;True;CRO
5402;229;81202;True;CRO
5403;230;224098;True;CRO
5404;231;224401;True;CRO
5405;231;225279;True;CRO
5406;231;226490;False;CRO
5407;230;226804;False;CRO
5408;230;233558;False;CRO
5409;230;234454;True;CRO
5410;231;234982;True;CRO
5411;230;236120;True;CRO
5412;231;236123;True;CRO
5413;230;237485;True;CRO
5414;231;237609;True;CRO
5415;230;239263;True;CRO
5416;231;239424;True;CRO
5417;230;240072;False;CRO
5418;230;240508;False;CRO
5419;231;240543;False;CRO
5420;231;241577;True;CRO
5421;2691;242020;True;CRO
5422;2691;242478;True;CRO
5423;234;34993;True;CRO
5424;235;221305;True;CRO
5425;235;221615;False;CRO
5426;237;193589;True;CRO
5427;2701;194236;True;CRO
5428;2702;194236;True;CRO
5429;2703;194251;True;CRO
5430;2704;194311;True;CRO
5431;2703;194584;False;CRO
5432;2702;194584;False;CRO
5433;2701;194628;False;CRO
5434;237;194707;False;CRO
5435;2704;194707;False;CRO
5436;237;195216;False;CRO
5437;237;195266;False;CRO
5438;237;196370;True;CRO
5439;237;196571;False;CRO
5440;237;206727;True;CRO
5441;237;210503;True;CRO
5442;237;218778;False;CRO
5443;237;219865;True;CRO
5444;239;220205;False;CRO
5445;238;221274;True;CRO
5446;239;221783;True;CRO
5447;242;1982;True;CRO
5448;243;2776;True;CRO
5449;242;3315;True;CRO
5450;8983;3953;False;CRO
5451;243;4030;True;CRO
5452;242;4068;False;CRO
5453;8983;4415;False;CRO
5454;243;4610;True;CRO
5455;242;5170;True;CRO
5456;242;5294;False;CRO
5457;243;5358;False;CRO
5458;8980;5431;True;CRO
5459;243;5795;True;CRO
5460;242;6391;True;CRO
5461;243;7247;True;CRO
5462;243;7905;False;CRO
5463;242;14720;True;CRO
5464;243;16010;True;CRO
5465;242;16868;True;CRO
5466;243;18320;True;CRO
5467;242;28940;True;CRO
5468;243;30280;True;CRO
5469;242;31286;True;CRO
5470;243;32639;True;CRO
5471;242;36176;False;CRO
5472;243;37135;True;CRO
5473;242;37180;True;CRO
5474;243;37635;False;CRO
5475;242;38240;False;CRO
5476;243;38706;True;CRO
5477;242;38740;True;CRO
5478;242;44440;False;CRO
5479;242;45840;True;CRO
5480;243;45860;True;CRO
5481;242;47361;True;CRO
5482;243;47665;True;CRO
5483;243;49055;False;CRO
5484;242;51270;False;CRO
5485;243;52878;True;CRO
5486;242;52924;True;CRO
5487;243;54344;False;CRO
5488;242;56758;False;CRO
5489;243;58246;True;CRO
5490;242;58289;True;CRO
5491;243;60170;True;CRO
5492;242;60327;True;CRO
5493;243;61752;False;CRO
5494;242;64330;False;CRO
5495;243;65220;True;CRO
5496;242;65890;True;CRO
5497;243;66810;False;CRO
5498;242;69900;False;CRO
5499;243;70469;True;CRO
5500;242;71394;True;CRO
5501;243;71987;True;CRO
5502;242;73190;False;CRO
5503;242;75072;True;CRO
5504;243;76339;True;CRO
5505;242;76613;True;CRO
5506;243;77417;False;CRO
5507;242;78293;False;CRO
5508;243;78323;True;CRO
5509;242;78323;False;CRO
5510;2715;78323;True;CRO
5511;243;79387;True;CRO
5512;243;80400;False;CRO
5513;242;80908;True;CRO
5514;243;81566;False;CRO
5515;243;81990;False;CRO
5516;242;82628;False;CRO
5517;243;83490;True;CRO
5518;242;88390;False;CRO
5519;243;89688;True;CRO
5520;242;89940;True;CRO
5521;243;91410;False;CRO
5522;242;94640;False;CRO
5523;242;95990;True;CRO
5524;243;96918;True;CRO
5525;242;97898;True;CRO
5526;243;98410;True;CRO
5527;243;99910;False;CRO
5528;242;104080;False;CRO
5529;242;104180;False;CRO
5530;243;105110;True;CRO
5531;242;105490;True;CRO
5532;245;128825;False;CRO
5533;244;129350;False;CRO
5534;244;130296;False;CRO
5535;248;217172;True;CRO
5536;248;217782;False;CRO
5537;247;218618;True;CRO
5538;248;218964;False;CRO
5539;247;220392;False;CRO
5540;248;220876;False;CRO
5541;247;222196;True;CRO
5542;248;222704;True;CRO
5543;247;223908;False;CRO
5544;248;224525;True;CRO
5545;247;225695;True;CRO
5546;2766;226380;True;CRO
5547;2767;226411;True;CRO
5548;248;226412;False;CRO
5549;247;226808;True;CRO
5550;248;227514;True;CRO
5551;247;228291;False;CRO
5552;247;228735;True;CRO
5553;248;229165;True;CRO
5554;2755;229412;True;CRO
5555;247;229434;False;CRO
5556;248;230207;True;CRO
5557;247;230994;True;CRO
5558;248;231160;False;CRO
5559;248;231962;False;CRO
5560;247;233518;True;CRO
5561;248;234013;True;CRO
5562;248;235743;False;CRO
5563;247;236067;False;CRO
5564;248;237507;False;CRO
5565;247;238339;True;CRO
5566;248;239539;True;CRO
5567;247;240442;False;CRO
5568;248;241610;False;CRO
5569;247;242645;True;CRO
5570;248;243619;True;CRO
5571;247;244889;True;CRO
5572;248;245335;True;CRO
5573;247;245490;False;CRO
5574;247;246261;False;CRO
5575;247;246494;True;CRO
5576;246;250261;True;CRO
5577;246;252792;True;CRO
5578;253;1524;True;CRO
5579;253;3001;True;CRO
5580;256;2528;True;CRO
5581;254;3132;True;CRO
5582;256;3985;False;CRO
5583;256;4168;False;CRO
5584;254;4475;False;CRO
5585;254;5778;True;CRO
5586;256;6236;True;CRO
5587;254;7152;True;CRO
5588;256;7837;True;CRO
5589;254;8771;False;CRO
5590;256;9561;False;CRO
5591;254;10722;False;CRO
5592;256;11515;True;CRO
5593;254;12909;True;CRO
5594;254;15170;False;CRO
5595;254;17348;False;CRO
5596;254;19517;False;CRO
5597;256;19962;True;CRO
5598;254;21369;True;CRO
5599;256;21853;False;CRO
5600;2774;22064;True;CRO
5601;2773;22135;True;CRO
5602;2771;22139;True;CRO
5603;254;22517;False;CRO
5604;2774;22734;False;CRO
5605;256;23019;True;CRO
5606;256;24955;False;CRO
5607;254;25290;True;CRO
5608;256;27190;False;CRO
5609;256;29549;False;CRO
5610;254;30206;False;CRO
5611;256;31862;False;CRO
5612;254;32572;True;CRO
5613;256;33542;True;CRO
5614;254;34861;False;CRO
5615;256;35411;True;CRO
5616;254;36592;True;CRO
5617;256;37600;False;CRO
5618;254;38838;False;CRO
5619;256;39910;False;CRO
5620;254;40999;False;CRO
5621;256;42630;True;CRO
5622;254;43250;False;CRO
5623;254;43970;True;CRO
5624;256;44499;True;CRO
5625;254;44838;True;CRO
5626;256;45549;True;CRO
5627;254;46102;True;CRO
5628;254;46613;False;CRO
5629;256;46670;True;CRO
5630;2777;47163;True;CRO
5631;2775;47163;False;CRO
5632;254;47188;True;CRO
5633;256;47250;True;CRO
5634;2777;47740;True;CRO
5635;2775;47740;True;CRO
5636;254;47740;True;CRO
5637;256;47740;True;CRO
5638;254;48186;True;CRO
5639;256;48206;True;CRO
5640;254;49208;False;CRO
5641;256;49241;False;CRO
5642;256;49754;False;CRO
5643;254;50114;False;CRO
5644;256;51015;False;CRO
5645;254;51040;False;CRO
5646;254;52044;False;CRO
5647;256;52716;False;CRO
5648;254;53060;False;CRO
5649;254;54134;True;CRO
5650;256;54492;True;CRO
5651;254;55206;False;CRO
5652;256;56125;False;CRO
5653;254;56150;False;CRO
5654;254;57367;False;CRO
5655;256;57586;False;CRO
5656;254;58716;True;CRO
5657;256;59122;True;CRO
5658;254;59904;False;CRO
5659;256;60890;False;CRO
5660;254;60975;False;CRO
5661;254;61983;False;CRO
5662;256;62705;False;CRO
5663;254;63054;False;CRO
5664;254;64252;False;CRO
5665;256;64348;True;CRO
5666;254;65344;True;CRO
5667;256;65846;False;CRO
5668;254;66480;False;CRO
5669;256;67064;True;CRO
5670;254;67589;True;CRO
5671;254;68658;False;CRO
5672;256;68820;False;CRO
5673;254;69844;False;CRO
5674;256;70426;False;CRO
5675;254;71205;False;CRO
5676;256;71994;False;CRO
5677;254;72277;False;CRO
5678;254;73337;True;CRO
5679;256;73518;True;CRO
5680;254;74473;False;CRO
5681;256;74924;False;CRO
5682;254;75959;False;CRO
5683;256;75993;False;CRO
5684;256;77068;False;CRO
5685;254;77724;True;CRO
5686;256;78385;True;CRO
5687;254;79120;False;CRO
5688;254;79439;False;CRO
5689;256;79614;True;CRO
5690;254;80207;True;CRO
5691;256;80597;False;CRO
5692;254;80948;False;CRO
5693;257;82745;True;CRO
5694;255;83340;True;CRO
5695;257;83375;False;CRO
5696;257;83761;True;CRO
5697;255;84504;True;CRO
5698;257;84630;True;CRO
5699;257;85172;False;CRO
5700;255;85701;False;CRO
5701;255;86765;False;CRO
5702;257;86930;False;CRO
5703;255;87814;False;CRO
5704;257;88445;False;CRO
5705;255;89311;False;CRO
5706;257;89709;False;CRO
5707;257;90788;False;CRO
5708;255;90938;False;CRO
5709;257;91914;True;CRO
5710;255;92616;True;CRO
5711;257;93516;False;CRO
5712;255;93844;False;CRO
5713;257;94394;True;CRO
5714;255;94949;True;CRO
5715;255;96017;False;CRO
5716;257;96116;False;CRO
5717;255;97278;False;CRO
5718;257;97942;False;CRO
5719;255;98389;False;CRO
5720;255;99512;False;CRO
5721;257;99751;False;CRO
5722;255;100546;True;CRO
5723;257;101091;True;CRO
5724;255;101487;False;CRO
5725;257;102540;False;CRO
5726;255;102927;False;CRO
5727;257;103896;False;CRO
5728;255;104459;False;CRO
5729;257;105116;False;CRO
5730;255;105634;False;CRO
5731;255;106715;False;CRO
5732;257;106811;False;CRO
5733;255;107716;False;CRO
5734;257;108194;True;CRO
5735;255;108981;True;CRO
5736;257;109485;True;CRO
5737;2772;109653;False;CRO
5738;255;109973;True;CRO
5739;2772;110349;False;CRO
5740;257;110679;True;CRO
5741;255;110919;True;CRO
5742;255;111822;False;CRO
5743;257;112488;True;CRO
5744;255;112707;False;CRO
5745;255;113659;True;CRO
5746;257;113970;False;CRO
5747;255;114485;False;CRO
5748;257;114967;True;CRO
5749;255;115185;True;CRO
5750;257;116069;False;CRO
5751;255;116540;False;CRO
5752;257;117271;False;CRO
5753;255;118095;True;CRO
5754;257;118527;False;CRO
5755;255;119570;False;CRO
5756;257;119686;False;CRO
5757;257;120698;False;CRO
5758;257;120966;False;CRO
5759;255;120997;False;CRO
5760;257;122019;True;CRO
5761;255;122105;True;CRO
5762;255;122405;True;CRO
5763;257;122462;True;CRO
5764;2778;122535;False;CRO
5765;2776;122536;False;CRO
5766;259;197;True;CRO
5767;258;794;True;CRO
5768;260;246985;True;CRO
5769;260;247610;False;CRO
5770;261;274817;False;CRO
5771;262;276943;True;CRO
5772;262;277547;False;CRO
5773;264;2399;True;CRO
5774;263;2542;True;CRO
5775;263;3544;False;CRO
5776;264;3745;False;CRO
5777;264;4452;True;CRO
5778;263;4979;True;CRO
5779;264;6315;True;CRO
5780;263;6501;True;CRO
5781;263;7787;True;CRO
5782;264;7885;True;CRO
5783;263;9780;False;CRO
5784;264;9878;False;CRO
5785;263;12245;True;CRO
5786;264;12285;True;CRO
5787;263;13668;True;CRO
5788;264;13708;True;CRO
5789;1352;22;False;CRO
5790;1353;22;False;CRO
5791;1342;128;False;CRO
5792;1341;129;False;CRO
5793;1352;165;False;CRO
5794;1353;168;False;CRO
5795;1352;229;False;CRO
5796;1353;231;False;CRO
5797;1341;285;False;CRO
5798;1352;287;False;CRO
5799;1342;290;False;CRO
5800;1353;294;False;CRO
5801;1342;338;False;CRO
5802;1352;338;False;CRO
5803;1352;444;False;CRO
5804;1341;444;False;CRO
5805;1353;444;False;CRO
5806;1342;444;False;CRO
5807;1341;610;False;CRO
5808;1342;610;False;CRO
5809;1352;703;False;CRO
5810;1352;830;False;CRO
5811;1353;830;False;CRO
5812;1341;860;False;CRO
5813;1342;860;False;CRO
5814;1339;877;False;CRO
5815;1343;877;False;CRO
5816;267;878;False;CRO
5817;3117;916;False;CRO
5818;1355;970;False;CRO
5819;1349;970;False;CRO
5820;1338;1249;False;CRO
5821;1346;1337;False;CRO
5822;1351;1337;False;CRO
5823;1340;1337;False;CRO
5824;1339;1430;False;CRO
5825;1355;1480;False;CRO
5826;1341;1510;True;CRO
5827;1342;1510;False;CRO
5828;1343;1530;False;CRO
5829;1338;1534;False;CRO
5830;1346;1540;True;CRO
5831;1340;1540;True;CRO
5832;1351;1540;True;CRO
5833;1353;1557;False;CRO
5834;1349;1557;False;CRO
5835;1352;1741;False;CRO
5836;267;1780;True;CRO
5837;268;1893;True;CRO
5838;3117;1893;True;CRO
5839;1355;2052;True;CRO
5840;1353;2052;True;CRO
5841;1341;2052;False;CRO
5842;1352;2052;True;CRO
5843;1349;2052;True;CRO
5844;1351;2052;False;CRO
5845;267;2052;False;CRO
5846;1343;2052;True;CRO
5847;1338;2052;True;CRO
5848;1342;2052;True;CRO
5849;268;2052;False;CRO
5850;9264;2187;False;CRO
5851;1339;2336;True;CRO
5852;1341;2555;False;CRO
5853;1342;2555;False;CRO
5854;1353;2574;False;CRO
5855;1352;2577;False;CRO
5856;9264;2690;False;CRO
5857;267;2757;False;CRO
5858;1355;2777;False;CRO
5859;1351;2777;False;CRO
5860;1340;2813;False;CRO
5861;1343;2817;False;CRO
5862;268;2928;False;CRO
5863;1354;2990;False;CRO
5864;1354;3036;False;CRO
5865;1352;3090;False;CRO
5866;1341;3110;False;CRO
5867;267;3385;False;CRO
5868;2888;3395;False;CRO
5869;1355;3478;False;CRO
5870;1351;3478;False;CRO
5871;3115;3610;False;CRO
5872;1341;3759;False;CRO
5873;1354;3795;False;CRO
5874;1354;3852;False;CRO
5875;1340;3890;True;CRO
5876;1343;3890;True;CRO
5877;268;3890;True;CRO
5878;267;3890;True;CRO
5879;1352;4035;True;CRO
5880;1354;4198;True;CRO
5881;1355;4268;True;CRO
5882;1351;4268;True;CRO
5883;1341;4297;True;CRO
5884;1352;4597;False;CRO
5885;1340;4672;False;CRO
5886;1343;4672;False;CRO
5887;267;4720;False;CRO
5888;1341;4807;False;CRO
5889;1354;4853;False;CRO
5890;268;4906;False;CRO
5891;268;4906;False;CRO
5892;1354;4906;False;CRO
5893;1340;4990;False;CRO
5894;267;4990;False;CRO
5895;1343;4990;False;CRO
5896;1351;5010;False;CRO
5897;1355;5010;False;CRO
5898;1341;5010;False;CRO
5899;1352;5190;False;CRO
5900;1341;5367;False;CRO
5901;1343;5367;False;CRO
5902;1340;5367;False;CRO
5903;1341;5864;False;CRO
5904;1351;5864;False;CRO
5905;1355;5864;False;CRO
5906;1352;5864;False;CRO
5907;1340;5916;False;CRO
5908;267;5949;False;CRO
5909;268;5949;False;CRO
5910;1355;6203;True;CRO
5911;1341;6203;True;CRO
5912;1351;6203;True;CRO
5913;1352;6203;False;CRO
5914;1343;6208;True;CRO
5915;1340;6208;True;CRO
5916;268;6316;True;CRO
5917;267;6345;True;CRO
5918;1355;6365;False;CRO
5919;1352;6365;True;CRO
5920;1351;6365;False;CRO
5921;3121;6855;False;CRO
5922;2891;6916;False;CRO
5923;1352;6916;False;CRO
5924;268;6916;False;CRO
5925;1341;6916;False;CRO
5926;267;6916;False;CRO
5927;1341;7138;True;CRO
5928;3121;7165;True;CRO
5929;2891;7173;True;CRO
5930;268;7354;False;CRO
5931;267;7359;True;CRO
5932;1341;7560;False;CRO
5933;1352;7703;False;CRO
5934;268;7941;False;CRO
5935;267;7941;False;CRO
5936;9253;8130;True;CRO
5937;9252;8360;False;CRO
5938;268;8413;True;CRO
5939;267;8413;True;CRO
5940;9253;8935;True;CRO
5941;9252;9337;True;CRO
5942;268;9337;False;CRO
5943;267;9345;False;CRO
5944;267;9390;False;CRO
5945;268;9390;False;CRO
5946;267;9855;False;CRO
5947;268;9855;False;CRO
5948;9253;9894;False;CRO
5949;267;10151;True;CRO
5950;268;10151;True;CRO
5951;267;10330;False;CRO
5952;3109;10934;True;CRO
5953;268;10934;True;CRO
5954;268;11263;False;CRO
5955;3109;11263;False;CRO
5956;9252;11263;True;CRO
5957;267;11263;True;CRO
5958;9253;11769;True;CRO
5959;3109;12215;False;CRO
5960;267;12215;False;CRO
5961;9252;12215;False;CRO
5962;268;12215;False;CRO
5963;268;12560;False;CRO
5964;3109;12560;False;CRO
5965;9253;12790;False;CRO
5966;9252;13152;False;CRO
5967;3109;13152;False;CRO
5968;268;13152;False;CRO
5969;267;13157;False;CRO
5970;9253;13813;True;CRO
5971;268;14164;False;CRO
5972;267;14164;False;CRO
5973;3109;14164;False;CRO
5974;9252;14170;True;CRO
5975;3109;14222;False;CRO
5976;268;14222;False;CRO
5977;268;14380;False;CRO
5978;9253;14585;False;CRO
5979;2877;14585;True;CRO
5980;2880;14585;True;CRO
5981;267;15014;True;CRO
5982;268;15020;True;CRO
5983;3109;15020;True;CRO
5984;9252;15111;False;CRO
5985;268;15859;False;CRO
5986;9253;16103;False;CRO
5987;3109;16292;False;CRO
5988;267;16640;False;CRO
5989;268;16670;False;CRO
5990;3109;16670;False;CRO
5991;3109;17225;False;CRO
5992;268;17225;False;CRO
5993;267;17590;True;CRO
5994;268;17590;True;CRO
5995;9252;17627;True;CRO
5996;9253;17660;True;CRO
5997;268;18140;False;CRO
5998;267;18140;False;CRO
5999;9252;18779;True;CRO
6000;268;19262;False;CRO
6001;9252;19272;False;CRO
6002;9253;19272;True;CRO
6003;3114;19272;True;CRO
6004;267;19590;False;CRO
6005;9252;20180;True;CRO
6006;9253;20897;True;CRO
6007;268;20897;True;CRO
6008;267;21440;True;CRO
6009;9252;21440;True;CRO
6010;267;22732;False;CRO
6011;9252;22749;False;CRO
6012;9253;22759;False;CRO
6013;268;22762;False;CRO
6014;267;23990;False;CRO
6015;9252;23990;False;CRO
6016;9253;24449;True;CRO
6017;267;25240;True;CRO
6018;9252;25240;True;CRO
6019;268;26113;True;CRO
6020;9253;26113;False;CRO
6021;9252;26512;False;CRO
6022;267;26512;False;CRO
6023;9252;27544;False;CRO
6024;267;27544;False;CRO
6025;268;27626;False;CRO
6026;9253;27626;False;CRO
6027;267;28601;True;CRO
6028;267;28607;False;CRO
6029;9252;28607;True;CRO
6030;9253;28879;True;CRO
6031;268;28880;True;CRO
6032;267;29770;True;CRO
6033;9252;29840;False;CRO
6034;268;30117;True;CRO
6035;9253;30124;True;CRO
6036;9253;31139;True;CRO
6037;268;31139;False;CRO
6038;267;31622;False;CRO
6039;9252;31679;True;CRO
6040;268;32394;False;CRO
6041;267;32588;False;CRO
6042;267;33561;False;CRO
6043;9252;33561;True;CRO
6044;268;33639;True;CRO
6045;9252;34198;False;CRO
6046;267;34198;True;CRO
6047;9253;34846;False;CRO
6048;9252;34889;False;CRO
6049;9253;34891;False;CRO
6050;268;34891;False;CRO
6051;267;35113;False;CRO
6052;9252;35202;False;CRO
6053;9253;35202;False;CRO
6054;268;36251;True;CRO
6055;1335;36251;True;CRO
6056;267;36602;True;CRO
6057;1335;36602;False;CRO
6058;268;36618;False;CRO
6059;268;37630;False;CRO
6060;1335;38118;False;CRO
6061;267;38118;False;CRO
6062;268;39300;False;CRO
6063;1335;39300;False;CRO
6064;267;39663;False;CRO
6065;1335;39663;False;CRO
6066;268;40779;False;CRO
6067;1335;40779;False;CRO
6068;267;41155;True;CRO
6069;1335;41155;True;CRO
6070;1335;41612;True;CRO
6071;268;41612;True;CRO
6072;267;42323;False;CRO
6073;268;42561;False;CRO
6074;268;43478;False;CRO
6075;268;43789;False;CRO
6076;267;43870;False;CRO
6077;268;44853;True;CRO
6078;268;45576;False;CRO
6079;267;45643;True;CRO
6080;268;46193;False;CRO
6081;2884;46195;False;CRO
6082;2884;47423;False;CRO
6083;267;47423;False;CRO
6084;2884;47638;True;CRO
6085;268;47651;False;CRO
6086;2884;49049;False;CRO
6087;267;49049;True;CRO
6088;2884;49069;False;CRO
6089;268;49069;True;CRO
6090;267;49365;False;CRO
6091;267;49722;False;CRO
6092;2890;49812;True;CRO
6093;268;50119;True;CRO
6094;2870;50129;False;CRO
6095;2873;50146;True;CRO
6096;2873;50380;False;CRO
6097;2870;50430;True;CRO
6098;267;50495;False;CRO
6099;2887;50556;True;CRO
6100;267;51034;False;CRO
6101;267;51038;True;CRO
6102;268;51190;False;CRO
6103;2879;51190;False;CRO
6104;2879;51461;True;CRO
6105;2887;51461;False;CRO
6106;267;52290;False;CRO
6107;268;52335;True;CRO
6108;267;52335;False;CRO
6109;267;52770;True;CRO
6110;268;53880;False;CRO
6111;267;53880;False;CRO
6112;267;54327;False;CRO
6113;268;54425;False;CRO
6114;268;55628;False;CRO
6115;267;55888;False;CRO
6116;268;56830;False;CRO
6117;267;57383;False;CRO
6118;267;57615;True;CRO
6119;268;57620;False;CRO
6120;267;59079;False;CRO
6121;268;59079;True;CRO
6122;267;59130;False;CRO
6123;268;59618;False;CRO
6124;267;60823;False;CRO
6125;268;61552;False;CRO
6126;268;62237;False;CRO
6127;268;62489;False;CRO
6128;267;62489;False;CRO
6129;268;63418;True;CRO
6130;267;64237;True;CRO
6131;267;64695;False;CRO
6132;267;64863;False;CRO
6133;2857;64950;False;CRO
6134;268;64960;False;CRO
6135;267;65334;False;CRO
6136;2857;65690;True;CRO
6137;268;65885;False;CRO
6138;268;66110;False;CRO
6139;268;66517;True;CRO
6140;267;66517;True;CRO
6141;267;66753;False;CRO
6142;268;68131;False;CRO
6143;267;68131;False;CRO
6144;267;68396;False;CRO
6145;268;69889;True;CRO
6146;267;70018;True;CRO
6147;268;71574;False;CRO
6148;268;71665;False;CRO
6149;267;71678;False;CRO
6150;268;73260;False;CRO
6151;267;73260;False;CRO
6152;267;73477;False;CRO
6153;268;73477;False;CRO
6154;267;74910;False;CRO
6155;267;75251;False;CRO
6156;268;75251;False;CRO
6157;268;76578;False;CRO
6158;267;76578;False;CRO
6159;268;77124;False;CRO
6160;267;78203;True;CRO
6161;268;78203;True;CRO
6162;2841;78789;False;CRO
6163;267;78809;False;CRO
6164;268;78809;False;CRO
6165;2841;78809;False;CRO
6166;268;79310;False;CRO
6167;267;79310;False;CRO
6168;2841;79574;True;CRO
6169;267;79574;False;CRO
6170;268;79690;False;CRO
6171;267;80080;False;CRO
6172;268;80534;True;CRO
6173;267;80534;True;CRO
6174;267;81149;False;CRO
6175;268;82069;False;CRO
6176;267;82069;False;CRO
6177;267;82781;False;CRO
6178;268;83651;False;CRO
6179;268;84436;False;CRO
6180;267;84437;True;CRO
6181;268;85366;True;CRO
6182;267;86033;False;CRO
6183;268;86033;False;CRO
6184;267;86091;False;CRO
6185;268;87009;False;CRO
6186;267;87845;False;CRO
6187;267;87895;False;CRO
6188;268;88579;False;CRO
6189;267;89795;False;CRO
6190;268;90198;False;CRO
6191;267;91633;False;CRO
6192;268;91819;False;CRO
6193;268;91895;False;CRO
6194;267;93310;True;CRO
6195;268;93310;True;CRO
6196;268;94171;False;CRO
6197;267;94171;False;CRO
6198;2842;94171;True;CRO
6199;2842;94941;False;CRO
6200;267;94942;False;CRO
6201;268;94971;False;CRO
6202;2858;95075;False;CRO
6203;267;95540;True;CRO
6204;268;95584;True;CRO
6205;268;96478;True;CRO
6206;267;96686;False;CRO
6207;267;96932;False;CRO
6208;268;97970;False;CRO
6209;267;98490;False;CRO
6210;268;99449;False;CRO
6211;267;100518;False;CRO
6212;268;100940;True;CRO
6213;267;102128;True;CRO
6214;268;102445;False;CRO
6215;268;102600;False;CRO
6216;267;104004;False;CRO
6217;268;104035;False;CRO
6218;268;104093;False;CRO
6219;267;105628;False;CRO
6220;268;105628;False;CRO
6221;267;105894;False;CRO
6222;268;107144;False;CRO
6223;267;107858;False;CRO
6224;268;108663;False;CRO
6225;268;109126;False;CRO
6226;267;109728;False;CRO
6227;268;110150;False;CRO
6228;267;110672;False;CRO
6229;268;110672;True;CRO
6230;267;110676;True;CRO
6231;268;111585;True;CRO
6232;267;111587;True;CRO
6233;267;112393;False;CRO
6234;267;112937;False;CRO
6235;268;113192;False;CRO
6236;267;114091;False;CRO
6237;268;114824;False;CRO
6238;268;114977;False;CRO
6239;267;115888;True;CRO
6240;268;116439;False;CRO
6241;267;116488;False;CRO
6242;268;116497;False;CRO
6243;267;117828;False;CRO
6244;267;117932;False;CRO
6245;268;118237;True;CRO
6246;267;119632;False;CRO
6247;268;119972;False;CRO
6248;267;121104;False;CRO
6249;268;121104;False;CRO
6250;268;121528;False;CRO
6251;267;121826;False;CRO
6252;268;122583;True;CRO
6253;267;122583;True;CRO
6254;268;123071;True;CRO
6255;267;123074;True;CRO
6256;267;124159;True;CRO
6257;268;124349;True;CRO
6258;267;125257;True;CRO
6259;2864;125649;False;CRO
6260;268;125649;False;CRO
6261;2816;125649;False;CRO
6262;2864;126074;False;CRO
6263;267;126074;True;CRO
6264;2816;126448;True;CRO
6265;268;126487;True;CRO
6266;267;126490;True;CRO
6267;267;127054;True;CRO
6268;268;127810;False;CRO
6269;268;128090;False;CRO
6270;267;128175;False;CRO
6271;3062;128580;False;CRO
6272;8978;128585;True;CRO
6273;267;128744;False;CRO
6274;3062;128895;False;CRO
6275;268;128930;False;CRO
6276;267;129239;True;CRO
6277;268;129290;False;CRO
6278;268;129790;True;CRO
6279;267;130296;False;CRO
6280;268;130496;False;CRO
6281;268;130787;False;CRO
6282;267;130978;True;CRO
6283;268;131360;True;CRO
6284;268;131360;True;CRO
6285;267;131865;True;CRO
6286;268;131920;False;CRO
6287;267;132405;False;CRO
6288;268;132904;False;CRO
6289;267;133592;False;CRO
6290;267;135277;False;CRO
6291;268;136122;False;CRO
6292;267;136910;False;CRO
6293;268;136910;False;CRO
6294;268;137570;True;CRO
6295;267;138477;True;CRO
6296;268;138582;False;CRO
6297;268;139022;False;CRO
6298;267;139073;False;CRO
6299;2843;139073;False;CRO
6300;2843;139851;False;CRO
6301;267;139851;False;CRO
6302;268;139851;False;CRO
6303;267;140542;False;CRO
6304;268;140542;True;CRO
6305;267;141386;True;CRO
6306;268;142196;False;CRO
6307;267;142196;False;CRO
6308;268;144046;False;CRO
6309;267;144543;False;CRO
6310;268;145233;False;CRO
6311;268;145907;False;CRO
6312;267;146145;False;CRO
6313;268;146724;False;CRO
6314;267;146830;False;CRO
6315;267;147709;True;CRO
6316;268;147819;True;CRO
6317;267;148313;False;CRO
6318;267;149345;False;CRO
6319;268;149464;False;CRO
6320;267;150987;False;CRO
6321;268;151274;False;CRO
6322;267;152570;True;CRO
6323;267;152576;False;CRO
6324;268;153073;True;CRO
6325;267;154151;True;CRO
6326;268;154478;False;CRO
6327;267;154969;False;CRO
6328;268;154969;False;CRO
6329;2844;154969;False;CRO
6330;2859;154969;False;CRO
6331;2844;155593;False;CRO
6332;268;155657;False;CRO
6333;2859;155657;False;CRO
6334;267;155657;False;CRO
6335;267;156210;True;CRO
6336;268;156567;True;CRO
6337;267;157054;False;CRO
6338;267;157707;False;CRO
6339;268;158386;False;CRO
6340;267;158660;False;CRO
6341;268;160310;False;CRO
6342;267;160370;False;CRO
6343;267;161995;False;CRO
6344;268;162330;True;CRO
6345;267;162679;True;CRO
6346;267;163623;False;CRO
6347;267;163681;False;CRO
6348;268;164196;False;CRO
6349;268;164254;False;CRO
6350;267;165151;True;CRO
6351;268;166310;True;CRO
6352;267;166705;True;CRO
6353;267;168100;False;CRO
6354;268;168314;False;CRO
6355;267;169446;False;CRO
6356;268;170296;False;CRO
6357;267;171085;False;CRO
6358;268;171590;False;CRO
6359;268;172192;False;CRO
6360;268;173138;True;CRO
6361;267;173138;True;CRO
6362;268;173826;False;CRO
6363;267;173826;False;CRO
6364;2860;173826;False;CRO
6365;267;174633;False;CRO
6366;268;174673;False;CRO
6367;2860;174673;False;CRO
6368;267;175137;True;CRO
6369;268;175137;True;CRO
6370;267;176312;False;CRO
6371;267;176745;False;CRO
6372;268;176745;False;CRO
6373;267;177969;False;CRO
6374;268;178246;False;CRO
6375;268;179988;False;CRO
6376;267;179999;False;CRO
6377;267;180392;False;CRO
6378;267;181373;False;CRO
6379;268;181374;False;CRO
6380;267;182015;True;CRO
6381;268;182036;True;CRO
6382;268;182767;False;CRO
6383;267;182768;False;CRO
6384;267;184109;True;CRO
6385;268;184265;True;CRO
6386;268;185047;False;CRO
6387;268;185640;True;CRO
6388;267;185937;False;CRO
6389;268;186560;False;CRO
6390;268;187162;True;CRO
6391;267;187495;False;CRO
6392;267;188493;True;CRO
6393;268;189419;True;CRO
6394;267;189419;False;CRO
6395;267;189465;False;CRO
6396;267;190062;True;CRO
6397;268;190396;False;CRO
6398;3106;190397;False;CRO
6399;2893;190400;False;CRO
6400;2893;190435;False;CRO
6401;267;190444;False;CRO
6402;9487;191032;False;CRO
6403;2893;191032;False;CRO
6404;3106;191207;True;CRO
6405;268;191251;False;CRO
6406;267;191341;True;CRO
6407;268;191370;True;CRO
6408;3106;191373;False;CRO
6409;9487;191476;True;CRO
6410;2893;191476;True;CRO
6411;3106;191702;True;CRO
6412;2815;191895;False;CRO
6413;2837;191895;False;CRO
6414;268;191915;True;CRO
6415;2874;191917;True;CRO
6416;3111;191917;True;CRO
6417;3112;191917;True;CRO
6418;3111;192272;False;CRO
6419;2874;192272;False;CRO
6420;2815;192304;True;CRO
6421;2837;192304;True;CRO
6422;2845;192313;True;CRO
6423;267;192340;True;CRO
6424;268;192680;True;CRO
6425;267;193744;True;CRO
6426;268;193866;False;CRO
6427;268;194912;False;CRO
6428;267;195251;False;CRO
6429;268;196344;False;CRO
6430;267;196893;False;CRO
6431;268;198011;True;CRO
6432;267;198534;True;CRO
6433;268;199821;True;CRO
6434;267;200387;True;CRO
6435;268;201630;False;CRO
6436;267;201810;False;CRO
6437;268;203255;True;CRO
6438;267;203382;True;CRO
6439;268;204860;True;CRO
6440;267;204934;True;CRO
6441;268;206351;False;CRO
6442;267;206647;False;CRO
6443;268;208000;True;CRO
6444;267;208198;True;CRO
6445;268;209415;False;CRO
6446;267;209743;False;CRO
6447;268;210840;True;CRO
6448;267;211341;True;CRO
6449;268;211986;False;CRO
6450;267;212474;False;CRO
6451;268;213178;True;CRO
6452;267;213387;True;CRO
6453;267;213963;False;CRO
6454;267;213963;False;CRO
6455;268;214590;False;CRO
6456;267;215092;False;CRO
6457;2835;215567;True;CRO
6458;268;215685;True;CRO
6459;267;216102;True;CRO
6460;2835;216290;True;CRO
6461;268;216793;True;CRO
6462;3116;216793;False;CRO
6463;3116;216815;False;CRO
6464;2868;217211;False;CRO
6465;268;217211;True;CRO
6466;2861;217211;False;CRO
6467;2846;217211;False;CRO
6468;2881;217231;True;CRO
6469;2865;217341;True;CRO
6470;2868;217594;True;CRO
6471;2861;217594;True;CRO
6472;267;217594;True;CRO
6473;2846;217594;True;CRO
6474;2865;217641;True;CRO
6475;2871;217643;False;CRO
6476;2875;217653;False;CRO
6477;268;218026;True;CRO
6478;267;218129;True;CRO
6479;3107;218651;True;CRO
6480;268;218910;True;CRO
6481;267;219437;True;CRO
6482;3107;219480;False;CRO
6483;268;219886;False;CRO
6484;3107;220201;False;CRO
6485;268;220639;False;CRO
6486;267;220977;False;CRO
6487;268;221509;False;CRO
6488;267;222713;True;CRO
6489;268;223047;False;CRO
6490;267;224440;False;CRO
6491;268;224580;False;CRO
6492;267;225590;False;CRO
6493;267;225725;False;CRO
6494;268;226021;True;CRO
6495;267;226974;True;CRO
6496;268;227480;False;CRO
6497;267;228050;True;CRO
6498;268;228608;False;CRO
6499;267;229651;False;CRO
6500;268;229689;False;CRO
6501;268;229948;False;CRO
6502;268;230249;False;CRO
6503;267;231227;True;CRO
6504;268;231469;True;CRO
6505;267;232865;True;CRO
6506;268;233026;True;CRO
6507;267;234224;False;CRO
6508;268;234556;False;CRO
6509;267;236014;False;CRO
6510;268;237488;True;CRO
6511;267;237704;True;CRO
6512;2862;238698;False;CRO
6513;2847;238723;True;CRO
6514;268;238927;True;CRO
6515;267;239394;True;CRO
6516;268;239983;True;CRO
6517;267;240825;True;CRO
6518;268;241483;False;CRO
6519;267;242485;False;CRO
6520;268;242978;False;CRO
6521;267;243182;False;CRO
6522;267;244108;False;CRO
6523;268;244574;False;CRO
6524;267;244665;False;CRO
6525;267;245666;False;CRO
6526;268;245972;True;CRO
6527;267;247130;True;CRO
6528;267;247608;True;CRO
6529;268;248062;True;CRO
6530;267;248212;False;CRO
6531;268;249282;False;CRO
6532;267;249302;True;CRO
6533;268;249302;False;CRO
6534;268;249859;False;CRO
6535;267;249859;False;CRO
6536;267;250053;True;CRO
6537;268;250053;True;CRO
6538;267;250503;True;CRO
6539;268;250503;True;CRO
6540;2817;250577;True;CRO
6541;2820;250588;True;CRO
6542;2829;250644;True;CRO
6543;2831;250644;True;CRO
6544;2826;250644;True;CRO
6545;2825;250644;True;CRO
6546;2823;250644;True;CRO
6547;272;215759;True;CRO
6548;271;216534;True;CRO
6549;274;225;True;CRO
6550;273;884;True;CRO
6551;274;1535;True;CRO
6552;273;2171;True;CRO
6553;274;2745;False;CRO
6554;273;3465;True;CRO
6555;275;1959;True;CRO
6556;276;2767;True;CRO
6557;275;3607;True;CRO
6558;276;4001;False;CRO
6559;275;5698;False;CRO
6560;276;5960;False;CRO
6561;275;8104;False;CRO
6562;276;8293;False;CRO
6563;275;9206;False;CRO
6564;276;9658;False;CRO
6565;276;9986;False;CRO
6566;275;10097;False;CRO
6567;276;10636;True;CRO
6568;275;11140;True;CRO
6569;275;11903;True;CRO
6570;3138;11925;False;CRO
6571;3134;12178;False;CRO
6572;276;12248;False;CRO
6573;3137;12248;False;CRO
6574;3136;12256;False;CRO
6575;275;12256;False;CRO
6576;3138;12628;False;CRO
6577;3137;12628;False;CRO
6578;276;12628;True;CRO
6579;3136;12659;False;CRO
6580;275;12662;False;CRO
6581;276;13372;True;CRO
6582;275;13740;True;CRO
6583;276;14117;False;CRO
6584;276;14285;False;CRO
6585;277;167;True;CRO
6586;278;767;True;CRO
6587;279;227520;True;CRO
6588;279;229708;False;CRO
6589;8780;303;True;CRO
6590;8779;944;True;CRO
6591;281;210580;True;CRO
6592;280;211508;True;CRO
6593;281;212175;True;CRO
6594;280;213273;True;CRO
6595;281;213804;False;CRO
6596;280;214972;False;CRO
6597;281;215265;False;CRO
6598;280;216115;False;CRO
6599;281;216622;True;CRO
6600;280;217171;True;CRO
6601;281;217844;False;CRO
6602;280;218354;False;CRO
6603;281;218855;True;CRO
6604;280;219858;True;CRO
6605;281;220209;True;CRO
6606;280;221318;True;CRO
6607;280;222034;False;CRO
6608;281;222185;True;CRO
6609;280;222803;True;CRO
6610;281;223688;True;CRO
6611;280;224334;True;CRO
6612;282;123;True;CRO
6613;282;1070;True;CRO
6614;284;223705;True;CRO
6615;283;224357;True;CRO
6616;286;210481;True;CRO
6617;286;211238;False;CRO
6618;285;211247;True;CRO
6619;286;211608;True;CRO
6620;285;212597;True;CRO
6621;286;213060;True;CRO
6622;285;213955;False;CRO
6623;285;214420;True;CRO
6624;286;214450;True;CRO
6625;286;215768;False;CRO
6626;285;216921;True;CRO
6627;286;217178;True;CRO
6628;286;218626;False;CRO
6629;286;219596;False;CRO
6630;285;220671;True;CRO
6631;285;221863;False;CRO
6632;286;222555;True;CRO
6633;286;223742;False;CRO
6634;285;224958;False;CRO
6635;285;225280;False;CRO
6636;285;226272;True;CRO
6637;286;226628;True;CRO
6638;285;227280;True;CRO
6639;290;316;True;CRO
6640;9510;322;True;CRO
6641;9511;322;True;CRO
6642;289;339;True;CRO
6643;3181;508;True;CRO
6644;289;928;True;CRO
6645;290;928;True;CRO
6646;289;1085;False;CRO
6647;290;1085;False;CRO
6648;3178;1245;False;CRO
6649;290;1618;False;CRO
6650;289;1618;False;CRO
6651;289;1638;False;CRO
6652;290;1638;False;CRO
6653;3178;1660;True;CRO
6654;3180;1748;True;CRO
6655;3177;2276;True;CRO
6656;290;2387;False;CRO
6657;289;2387;False;CRO
6658;3179;2710;True;CRO
6659;290;2739;True;CRO
6660;289;2739;True;CRO
6661;290;3434;True;CRO
6662;289;3683;True;CRO
6663;290;4180;False;CRO
6664;289;4870;False;CRO
6665;290;5442;False;CRO
6666;289;6215;False;CRO
6667;290;6679;True;CRO
6668;290;7243;True;CRO
6669;289;7630;True;CRO
6670;290;8017;False;CRO
6671;290;9110;True;CRO
6672;289;9165;True;CRO
6673;290;10285;False;CRO
6674;289;10668;False;CRO
6675;290;11290;True;CRO
6676;289;11672;True;CRO
6677;290;12222;True;CRO
6678;290;12997;False;CRO
6679;290;13093;False;CRO
6680;289;13398;True;CRO
6681;290;14472;False;CRO
6682;289;14855;False;CRO
6683;290;16096;False;CRO
6684;289;16231;False;CRO
6685;290;17499;False;CRO
6686;289;17642;True;CRO
6687;289;18181;False;CRO
6688;290;18273;True;CRO
6689;289;18375;False;CRO
6690;289;18375;False;CRO
6691;287;18905;False;CRO
6692;3159;18983;False;CRO
6693;3158;18983;False;CRO
6694;3159;19218;True;CRO
6695;287;19325;True;CRO
6696;3158;19325;False;CRO
6697;287;19923;True;CRO
6698;287;20913;False;CRO
6699;287;21020;False;CRO
6700;287;25864;False;CRO
6701;287;27040;True;CRO
6702;287;27322;False;CRO
6703;3161;27322;False;CRO
6704;3161;28002;True;CRO
6705;287;28005;False;CRO
6706;287;28658;True;CRO
6707;287;29878;True;CRO
6708;287;38740;True;CRO
6709;287;38991;False;CRO
6710;287;40090;False;CRO
6711;287;40140;False;CRO
6712;288;45251;True;CRO
6713;288;46530;False;CRO
6714;288;56046;True;CRO
6715;288;60040;True;CRO
6716;288;70790;False;CRO
6717;288;70973;False;CRO
6718;288;72097;True;CRO
6719;291;230;True;CRO
6720;292;617;True;CRO
6721;295;11290;True;CRO
6722;294;11750;True;CRO
6723;295;12282;True;CRO
6724;295;13690;True;CRO
6725;294;13704;True;CRO
6726;295;15329;True;CRO
6727;294;15577;False;CRO
6728;294;15716;False;CRO
6729;294;17303;True;CRO
6730;295;17308;True;CRO
6731;294;18084;False;CRO
6732;295;18781;True;CRO
6733;294;19419;True;CRO
6734;297;18782;True;CRO
6735;296;19422;True;CRO
6736;299;20642;True;CRO
6737;302;1143;True;CRO
6738;304;1143;True;CRO
6739;302;1710;False;CRO
6740;304;1712;False;CRO
6741;302;1877;False;CRO
6742;304;1877;True;CRO
6743;302;2175;False;CRO
6744;304;2175;False;CRO
6745;304;2764;True;CRO
6746;302;3485;False;CRO
6747;304;3561;False;CRO
6748;304;4051;False;CRO
6749;302;4817;True;CRO
6750;304;5286;False;CRO
6751;304;5602;True;CRO
6752;302;6034;True;CRO
6753;304;6743;True;CRO
6754;302;7091;True;CRO
6755;304;7541;False;CRO
6756;302;7810;False;CRO
6757;302;8502;True;CRO
6758;302;9062;True;CRO
6759;304;9166;True;CRO
6760;302;9570;False;CRO
6761;304;9749;False;CRO
6762;304;9896;False;CRO
6763;304;10135;False;CRO
6764;304;10777;True;CRO
6765;302;11393;True;CRO
6766;304;12206;False;CRO
6767;302;13360;False;CRO
6768;304;13996;False;CRO
6769;302;15283;False;CRO
6770;304;15822;False;CRO
6771;302;17268;False;CRO
6772;304;17770;True;CRO
6773;302;19122;True;CRO
6774;3223;19485;False;CRO
6775;3222;19760;False;CRO
6776;304;19760;False;CRO
6777;302;20166;False;CRO
6778;3222;20167;False;CRO
6779;3223;20180;False;CRO
6780;304;20740;True;CRO
6781;302;22151;True;CRO
6782;304;22191;False;CRO
6783;304;23833;False;CRO
6784;302;24276;False;CRO
6785;304;25573;False;CRO
6786;302;26410;False;CRO
6787;304;27330;True;CRO
6788;302;28374;True;CRO
6789;304;29106;False;CRO
6790;302;30261;False;CRO
6791;304;30883;False;CRO
6792;302;32090;False;CRO
6793;304;33015;True;CRO
6794;302;34170;True;CRO
6795;304;35206;False;CRO
6796;302;36237;False;CRO
6797;304;37348;False;CRO
6798;302;38253;False;CRO
6799;304;39471;False;CRO
6800;302;40325;False;CRO
6801;304;41630;False;CRO
6802;302;42356;False;CRO
6803;304;43815;True;CRO
6804;302;44018;False;CRO
6805;302;44329;False;CRO
6806;302;45285;True;CRO
6807;303;49191;True;CRO
6808;305;49191;True;CRO
6809;303;49482;False;CRO
6810;303;50838;False;CRO
6811;305;51110;False;CRO
6812;303;51639;False;CRO
6813;305;53173;False;CRO
6814;303;54012;False;CRO
6815;305;55575;False;CRO
6816;305;55607;False;CRO
6817;303;56466;True;CRO
6818;305;57077;True;CRO
6819;303;57120;False;CRO
6820;305;58272;False;CRO
6821;303;58948;False;CRO
6822;303;58980;False;CRO
6823;305;60856;False;CRO
6824;303;61431;False;CRO
6825;305;63547;False;CRO
6826;303;63677;False;CRO
6827;305;63987;False;CRO
6828;303;65286;True;CRO
6829;305;65524;True;CRO
6830;305;66043;False;CRO
6831;3195;66043;False;CRO
6832;3195;66694;False;CRO
6833;303;66750;False;CRO
6834;303;67202;True;CRO
6835;305;67332;True;CRO
6836;303;68670;False;CRO
6837;303;69070;False;CRO
6838;305;69211;False;CRO
6839;305;71150;False;CRO
6840;303;71388;False;CRO
6841;305;73266;True;CRO
6842;303;73481;True;CRO
6843;305;74333;False;CRO
6844;303;75588;False;CRO
6845;305;75802;False;CRO
6846;305;75858;False;CRO
6847;303;75912;False;CRO
6848;303;77477;False;CRO
6849;303;77512;False;CRO
6850;305;78413;True;CRO
6851;303;79980;True;CRO
6852;305;80726;False;CRO
6853;303;82498;False;CRO
6854;305;83136;False;CRO
6855;305;83389;False;CRO
6856;305;84890;True;CRO
6857;303;84890;True;CRO
6858;305;85598;True;CRO
6859;303;85598;True;CRO
6860;303;87262;False;CRO
6861;305;87357;False;CRO
6862;303;87359;False;CRO
6863;305;89397;False;CRO
6864;303;89581;False;CRO
6865;305;91267;False;CRO
6866;305;91820;False;CRO
6867;303;92223;False;CRO
6868;305;93276;False;CRO
6869;303;93571;True;CRO
6870;305;93571;True;CRO
6871;303;94642;True;CRO
6872;303;95179;False;CRO
6873;305;95831;True;CRO
6874;303;96919;False;CRO
6875;305;98178;False;CRO
6876;303;99077;False;CRO
6877;305;100413;False;CRO
6878;303;101298;False;CRO
6879;303;101662;False;CRO
6880;305;101811;False;CRO
6881;305;102799;False;CRO
6882;303;103253;True;CRO
6883;305;103253;True;CRO
6884;305;104288;True;CRO
6885;303;104340;True;CRO
6886;303;104850;False;CRO
6887;306;6903;True;CRO
6888;306;7830;False;CRO
6889;313;304373;True;CRO
6890;313;305310;False;CRO
6891;3235;191929;True;CRO
6892;3239;191953;True;CRO
6893;3239;192340;True;CRO
6894;3235;192340;True;CRO
6895;315;192680;True;CRO
6896;314;193737;True;CRO
6897;315;193866;False;CRO
6898;315;194100;False;CRO
6899;315;195385;False;CRO
6900;314;195535;False;CRO
6901;314;197178;False;CRO
6902;315;197410;False;CRO
6903;314;198794;False;CRO
6904;315;199235;False;CRO
6905;315;200298;True;CRO
6906;314;200393;True;CRO
6907;315;201211;False;CRO
6908;314;201896;False;CRO
6909;315;202160;False;CRO
6910;315;203188;False;CRO
6911;314;203589;True;CRO
6912;315;204085;True;CRO
6913;315;205010;False;CRO
6914;314;205387;False;CRO
6915;315;205904;False;CRO
6916;314;206790;False;CRO
6917;315;206907;False;CRO
6918;314;207240;False;CRO
6919;315;207808;False;CRO
6920;314;208097;False;CRO
6921;315;208706;True;CRO
6922;314;208897;True;CRO
6923;315;209330;True;CRO
6924;314;210190;True;CRO
6925;8835;210868;True;CRO
6926;8834;210868;True;CRO
6927;315;210975;True;CRO
6928;3240;210980;True;CRO
6929;3231;210980;True;CRO
6930;3229;211068;True;CRO
6931;3236;211068;True;CRO
6932;8834;211510;True;CRO
6933;314;211540;True;CRO
6934;3229;211540;True;CRO
6935;8835;211540;True;CRO
6936;3236;211540;True;CRO
6937;315;211825;True;CRO
6938;314;212173;True;CRO
6939;315;212234;False;CRO
6940;315;212511;True;CRO
6941;314;213220;True;CRO
6942;315;213881;True;CRO
6943;314;214390;False;CRO
6944;315;215314;False;CRO
6945;314;215490;False;CRO
6946;314;216727;False;CRO
6947;315;217105;True;CRO
6948;314;218033;True;CRO
6949;315;218407;True;CRO
6950;314;219137;True;CRO
6951;315;219767;True;CRO
6952;314;220787;True;CRO
6953;315;221328;False;CRO
6954;314;222335;False;CRO
6955;315;222853;False;CRO
6956;314;223832;False;CRO
6957;315;224480;True;CRO
6958;314;225172;True;CRO
6959;315;225788;False;CRO
6960;314;227214;False;CRO
6961;315;227737;True;CRO
6962;314;229068;True;CRO
6963;315;229786;True;CRO
6964;3230;229809;True;CRO
6965;314;230179;True;CRO
6966;3230;230188;True;CRO
6967;3237;230188;True;CRO
6968;315;231006;True;CRO
6969;314;231277;True;CRO
6970;315;232034;False;CRO
6971;314;232465;False;CRO
6972;314;232682;False;CRO
6973;315;233253;True;CRO
6974;314;233707;True;CRO
6975;314;234196;True;CRO
6976;315;234388;True;CRO
6977;314;235277;True;CRO
6978;315;235494;True;CRO
6979;314;236807;True;CRO
6980;315;237110;True;CRO
6981;314;238502;False;CRO
6982;315;238987;False;CRO
6983;314;240158;False;CRO
6984;315;240610;False;CRO
6985;314;241775;True;CRO
6986;315;242182;True;CRO
6987;314;243480;True;CRO
6988;315;244096;True;CRO
6989;314;245022;False;CRO
6990;315;245865;True;CRO
6991;315;245865;False;CRO
6992;314;246530;False;CRO
6993;314;248052;True;CRO
6994;315;248614;True;CRO
6995;3232;248634;True;CRO
6996;3232;249069;True;CRO
6997;314;249100;True;CRO
6998;315;249720;True;CRO
6999;314;249720;True;CRO
7000;314;251333;False;CRO
7001;314;251389;False;CRO
7002;315;251389;False;CRO
7003;315;253170;False;CRO
7004;314;253319;False;CRO
7005;315;254936;True;CRO
7006;314;255447;True;CRO
7007;315;256505;False;CRO
7008;314;257855;False;CRO
7009;315;258568;False;CRO
7010;314;259667;False;CRO
7011;314;261622;True;CRO
7012;315;261622;True;CRO
7013;315;261814;False;CRO
7014;314;261814;False;CRO
7015;315;262123;False;CRO
7016;315;263236;True;CRO
7017;314;263246;True;CRO
7018;315;263690;True;CRO
7019;3233;263700;True;CRO
7020;3287;265397;True;CRO
7021;314;265397;True;CRO
7022;315;265397;True;CRO
7023;314;266031;True;CRO
7024;315;266467;True;CRO
7025;314;266992;False;CRO
7026;315;267348;False;CRO
7027;315;268131;False;CRO
7028;314;268788;False;CRO
7029;315;270333;False;CRO
7030;314;270980;False;CRO
7031;315;272147;True;CRO
7032;314;272598;True;CRO
7033;315;273815;True;CRO
7034;314;274982;True;CRO
7035;315;276141;False;CRO
7036;314;276733;False;CRO
7037;315;278233;False;CRO
7038;314;278940;False;CRO
7039;315;280146;True;CRO
7040;314;280712;True;CRO
7041;315;282381;False;CRO
7042;314;282907;False;CRO
7043;315;284197;False;CRO
7044;314;284776;False;CRO
7045;315;286318;True;CRO
7046;314;286720;True;CRO
7047;315;288179;True;CRO
7048;314;288424;True;CRO
7049;315;290336;False;CRO
7050;314;290486;False;CRO
7051;315;292156;False;CRO
7052;314;292377;False;CRO
7053;314;294000;True;CRO
7054;315;294290;True;CRO
7055;314;295998;True;CRO
7056;315;296164;True;CRO
7057;314;297734;False;CRO
7058;315;298353;False;CRO
7059;314;299801;True;CRO
7060;315;300247;True;CRO
7061;314;301347;True;CRO
7062;315;301646;True;CRO
7063;315;301990;True;CRO
7064;314;303085;False;CRO
7065;314;303303;False;CRO
7066;315;303867;True;CRO
7067;314;304024;True;CRO
7068;315;304225;False;CRO
7069;315;304755;True;CRO
7070;314;304756;True;CRO
7071;3228;304756;True;CRO
7072;3234;304756;True;CRO
7073;316;209330;True;CRO
7074;316;210069;True;CRO
7075;318;301;True;CRO
7076;317;935;True;CRO
7077;320;155;False;CRO
7078;321;155;False;CRO
7079;320;1096;True;CRO
7080;321;1521;True;CRO
7081;321;2364;False;CRO
7082;319;3847;True;CRO
7083;319;4710;False;CRO
7084;319;5484;True;CRO
7085;319;5952;False;CRO
7086;322;10509;True;CRO
7087;322;11512;False;CRO
7088;322;12009;True;CRO
7089;322;12920;False;CRO
7090;322;13450;False;CRO
7091;322;13646;False;CRO
7092;322;14450;False;CRO
7093;322;15487;True;CRO
7094;322;16378;False;CRO
7095;323;16733;True;CRO
7096;323;17354;False;CRO
7097;323;18122;False;CRO
7098;323;19080;True;CRO
7099;325;305724;True;CRO
7100;324;305864;True;CRO
7101;325;306167;True;CRO
7102;324;306680;True;CRO
7103;324;307167;True;CRO
7104;325;307247;True;CRO
7105;3291;307455;False;CRO
7106;3291;307750;True;CRO
7107;324;309067;True;CRO
7108;324;309718;True;CRO
7109;324;310630;True;CRO
7110;327;311157;True;CRO
7111;327;311799;False;CRO
7112;326;311847;False;CRO
7113;326;312140;True;CRO
7114;327;312265;True;CRO
7115;331;234;True;CRO
7116;329;792;True;CRO
7117;331;898;True;CRO
7118;331;1477;True;CRO
7119;329;1674;False;CRO
7120;331;2043;False;CRO
7121;329;2219;False;CRO
7122;331;2429;True;CRO
7123;329;3079;False;CRO
7124;331;3363;False;CRO
7125;329;4086;False;CRO
7126;331;4550;True;CRO
7127;329;5058;True;CRO
7128;331;5912;True;CRO
7129;329;6294;False;CRO
7130;329;7581;True;CRO
7131;329;9194;False;CRO
7132;331;9659;True;CRO
7133;329;10179;False;CRO
7134;328;10680;True;CRO
7135;328;11680;False;CRO
7136;328;21737;False;CRO
7137;328;21939;True;CRO
7138;3296;23010;False;CRO
7139;328;23677;False;CRO
7140;328;24422;True;CRO
7141;328;24766;False;CRO
7142;328;25522;False;CRO
7143;328;34877;True;CRO
7144;328;36396;False;CRO
7145;328;41943;False;CRO
7146;328;43088;True;CRO
7147;333;5387;True;CRO
7148;334;77996;False;CRO
7149;334;78057;False;CRO
7150;335;192337;True;CRO
7151;335;192710;False;CRO
7152;335;193908;False;CRO
7153;335;199790;False;CRO
7154;335;201490;True;CRO
7155;3318;201876;False;CRO
7156;335;201876;False;CRO
7157;3318;202257;False;CRO
7158;335;202326;False;CRO
7159;335;202769;True;CRO
7160;335;204810;False;CRO
7161;335;208390;False;CRO
7162;335;210046;True;CRO
7163;3317;210340;False;CRO
7164;335;210340;False;CRO
7165;3317;210995;False;CRO
7166;335;210995;False;CRO
7167;335;211765;True;CRO
7168;335;213410;False;CRO
7169;335;218760;True;CRO
7170;335;220273;False;CRO
7171;335;220327;False;CRO
7172;335;221725;True;CRO
7173;335;227020;False;CRO
7174;335;227760;True;CRO
7175;336;73579;True;CRO
7176;336;74060;False;CRO
7177;336;74490;False;CRO
7178;336;75110;False;CRO
7179;336;81103;True;CRO
7180;336;84865;True;CRO
7181;336;99337;True;CRO
7182;336;103165;True;CRO
7183;336;110904;True;CRO
7184;336;114472;True;CRO
7185;336;121154;True;CRO
7186;336;124738;True;CRO
7187;336;133093;False;CRO
7188;336;133305;True;CRO
7189;3320;134578;False;CRO
7190;3319;134578;True;CRO
7191;337;219725;True;CRO
7192;339;115652;True;CRO
7193;339;116836;True;CRO
7194;342;124350;True;CRO
7195;340;125136;True;CRO
7196;342;125655;False;CRO
7197;340;126079;True;CRO
7198;342;126499;True;CRO
7199;342;127172;True;CRO
7200;342;128799;True;CRO
7201;340;128832;True;CRO
7202;340;130629;True;CRO
7203;342;131238;True;CRO
7204;340;131437;False;CRO
7205;342;132025;False;CRO
7206;340;132181;True;CRO
7207;342;132229;False;CRO
7208;342;132554;True;CRO
7209;340;133486;False;CRO
7210;342;134040;False;CRO
7211;342;135440;True;CRO
7212;340;137790;True;CRO
7213;342;139210;True;CRO
7214;340;139992;True;CRO
7215;342;140385;True;CRO
7216;342;141385;False;CRO
7217;340;142390;False;CRO
7218;342;144570;False;CRO
7219;340;144866;True;CRO
7220;342;145990;True;CRO
7221;340;155775;True;CRO
7222;342;157310;True;CRO
7223;340;158680;True;CRO
7224;342;159766;True;CRO
7225;340;172850;False;CRO
7226;340;174240;True;CRO
7227;342;174841;False;CRO
7228;340;175585;False;CRO
7229;340;176012;True;CRO
7230;342;176168;True;CRO
7231;342;178437;True;CRO
7232;340;187390;True;CRO
7233;342;189005;True;CRO
7234;340;189940;True;CRO
7235;342;191435;True;CRO
7236;340;197340;True;CRO
7237;342;198820;True;CRO
7238;340;199780;True;CRO
7239;342;200220;True;CRO
7240;342;201750;False;CRO
7241;340;207344;True;CRO
7242;342;208416;True;CRO
7243;340;209029;True;CRO
7244;342;210625;True;CRO
7245;340;213074;True;CRO
7246;342;214460;True;CRO
7247;340;215470;True;CRO
7248;342;216860;True;CRO
7249;340;222915;False;CRO
7250;340;225150;True;CRO
7251;342;225285;True;CRO
7252;342;226140;False;CRO
7253;340;226560;False;CRO
7254;342;226603;True;CRO
7255;3392;226723;True;CRO
7256;342;227039;True;CRO
7257;342;228539;False;CRO
7258;340;232145;True;CRO
7259;342;233250;True;CRO
7260;342;234200;True;CRO
7261;340;234250;True;CRO
7262;342;235703;True;CRO
7263;340;242247;True;CRO
7264;340;244017;False;CRO
7265;342;244514;True;CRO
7266;340;246490;False;CRO
7267;342;246710;False;CRO
7268;342;247190;False;CRO
7269;340;248496;True;CRO
7270;342;248505;True;CRO
7271;342;249165;False;CRO
7272;340;249940;False;CRO
7273;342;250810;False;CRO
7274;3393;250995;True;CRO
7275;3393;251433;True;CRO
7276;340;251597;True;CRO
7277;341;252866;True;CRO
7278;3394;252866;True;CRO
7279;3335;253230;True;CRO
7280;343;253252;True;CRO
7281;3338;253281;False;CRO
7282;3342;253281;False;CRO
7283;3334;253281;False;CRO
7284;3334;253657;True;CRO
7285;3338;253657;True;CRO
7286;341;253662;True;CRO
7287;344;249359;True;CRO
7288;344;249807;False;CRO
7289;344;250352;False;CRO
7290;344;250684;True;CRO
7291;3395;251435;False;CRO
7292;3395;251435;False;CRO
7293;344;251435;False;CRO
7294;346;254124;True;CRO
7295;345;254264;True;CRO
7296;345;254891;False;CRO
7297;346;255198;False;CRO
7298;346;256644;False;CRO
7299;345;256790;False;CRO
7300;346;258319;False;CRO
7301;345;258650;False;CRO
7302;346;260196;True;CRO
7303;345;260210;True;CRO
7304;345;262010;False;CRO
7305;346;267819;False;CRO
7306;345;267851;True;CRO
7307;346;269140;True;CRO
7308;346;269933;False;CRO
7309;345;270041;False;CRO
7310;3411;270117;False;CRO
7311;3411;270407;False;CRO
7312;346;270460;False;CRO
7313;3411;270601;False;CRO
7314;345;270831;True;CRO
7315;345;272414;True;CRO
7316;346;275890;True;CRO
7317;345;277014;True;CRO
7318;346;278141;True;CRO
7319;345;278863;True;CRO
7320;345;280205;False;CRO
7321;346;283654;False;CRO
7322;346;284116;True;CRO
7323;345;285190;True;CRO
7324;345;285647;False;CRO
7325;346;285647;False;CRO
7326;346;286340;False;CRO
7327;346;286780;True;CRO
7328;345;286780;False;CRO
7329;345;287266;True;CRO
7330;346;287266;False;CRO
7331;346;287885;False;CRO
7332;345;287885;False;CRO
7333;3410;288145;False;CRO
7334;3412;288185;False;CRO
7335;345;288204;False;CRO
7336;3410;288234;False;CRO
7337;3412;288234;False;CRO
7338;3398;289116;False;CRO
7339;3402;289116;False;CRO
7340;3404;289116;False;CRO
7341;3405;289116;False;CRO
7342;3408;289116;False;CRO
7343;3403;289116;False;CRO
7344;3406;289116;False;CRO
7345;3407;289116;False;CRO
7346;3401;289116;False;CRO
7347;3400;289116;False;CRO
7348;3399;289116;False;CRO
7349;346;289319;False;CRO
7350;3404;289785;False;CRO
7351;3408;289832;False;CRO
7352;345;289832;False;CRO
7353;3405;289914;False;CRO
7354;3403;289914;False;CRO
7355;3406;289914;False;CRO
7356;3407;289914;False;CRO
7357;3402;289914;False;CRO
7358;3399;289955;False;CRO
7359;3401;289955;False;CRO
7360;3400;289955;False;CRO
7361;3398;289955;False;CRO
7362;3403;290111;False;CRO
7363;3400;290111;False;CRO
7364;3404;290176;False;CRO
7365;3404;290658;False;CRO
7366;346;290830;True;CRO
7367;3404;291043;False;CRO
7368;345;291377;True;CRO
7369;3404;291416;False;CRO
7370;346;292099;False;CRO
7371;345;292453;False;CRO
7372;345;293000;True;CRO
7373;346;293005;True;CRO
7374;345;293233;False;CRO
7375;3409;293606;False;CRO
7376;346;293768;False;CRO
7377;345;293877;False;CRO
7378;3417;293904;False;CRO
7379;9331;293970;False;CRO
7380;9332;293970;False;CRO
7381;3428;293970;False;CRO
7382;3417;294133;False;CRO
7383;3414;294281;False;CRO
7384;345;294281;False;CRO
7385;346;294313;False;CRO
7386;3415;294367;False;CRO
7387;3416;294367;False;CRO
7388;3413;294677;False;CRO
7389;3414;294677;False;CRO
7390;345;294677;False;CRO
7391;3415;294697;False;CRO
7392;346;294697;False;CRO
7393;346;295399;False;CRO
7394;347;292100;True;CRO
7395;347;292363;False;CRO
7396;348;292366;True;CRO
7397;349;25173;False;CRO
7398;349;25264;False;CRO
7399;349;26464;True;CRO
7400;349;27580;False;CRO
7401;349;28517;True;CRO
7402;349;29100;False;CRO
7403;3429;29534;False;CRO
7404;349;30106;True;CRO
7405;349;31016;False;CRO
7406;349;33162;False;CRO
7407;349;34568;True;CRO
7408;3430;35198;False;CRO
7409;349;35198;False;CRO
7410;352;50556;True;CRO
7411;352;51165;True;CRO
7412;352;51815;False;CRO
7413;351;52178;True;CRO
7414;351;52890;False;CRO
7415;352;52996;False;CRO
7416;351;53714;False;CRO
7417;350;54194;True;CRO
7418;350;54630;False;CRO
7419;350;55410;False;CRO
7420;350;57605;True;CRO
7421;350;61224;True;CRO
7422;350;64294;True;CRO
7423;350;65634;False;CRO
7424;3432;65634;False;CRO
7425;350;67860;True;CRO
7426;350;71897;True;CRO
7427;350;74640;True;CRO
7428;350;75388;False;CRO
7429;350;76753;False;CRO
7430;350;78335;True;CRO
7431;350;81930;True;CRO
7432;350;82673;False;CRO
7433;350;83510;False;CRO
7434;350;84013;True;CRO
7435;355;62148;False;CRO
7436;355;62202;False;CRO
7437;361;2008;True;CRO
7438;360;2900;True;CRO
7439;361;3420;True;CRO
7440;361;3808;False;CRO
7441;361;4745;False;CRO
7442;360;5500;True;CRO
7443;361;6710;True;CRO
7444;361;6710;True;CRO
7445;360;8225;True;CRO
7446;361;8541;True;CRO
7447;360;10760;True;CRO
7448;361;11080;True;CRO
7449;360;12588;True;CRO
7450;361;13037;True;CRO
7451;361;14891;False;CRO
7452;360;17804;True;CRO
7453;361;21296;False;CRO
7454;361;23023;True;CRO
7455;360;26905;True;CRO
7456;360;28482;True;CRO
7457;361;29800;True;CRO
7458;360;30629;True;CRO
7459;361;31370;True;CRO
7460;361;33062;True;CRO
7461;360;40210;True;CRO
7462;360;41521;False;CRO
7463;361;43114;True;CRO
7464;360;44165;False;CRO
7465;361;45763;False;CRO
7466;361;48310;True;CRO
7467;360;48699;False;CRO
7468;360;50084;True;CRO
7469;361;50630;False;CRO
7470;360;51413;True;CRO
7471;361;51946;True;CRO
7472;361;53932;False;CRO
7473;360;54190;False;CRO
7474;361;55990;False;CRO
7475;360;56890;True;CRO
7476;361;58000;False;CRO
7477;361;59534;True;CRO
7478;360;68785;False;CRO
7479;360;69044;False;CRO
7480;361;69086;True;CRO
7481;360;70683;True;CRO
7482;361;70986;False;CRO
7483;360;71663;False;CRO
7484;361;72012;True;CRO
7485;361;73501;False;CRO
7486;361;73713;False;CRO
7487;360;78565;True;CRO
7488;360;79816;False;CRO
7489;361;80163;False;CRO
7490;361;82885;True;CRO
7491;360;86758;False;CRO
7492;361;88197;True;CRO
7493;360;88218;True;CRO
7494;361;88829;False;CRO
7495;361;89672;True;CRO
7496;361;90996;False;CRO
7497;360;96571;True;CRO
7498;361;97364;True;CRO
7499;360;98111;False;CRO
7500;361;99679;False;CRO
7501;360;100712;False;CRO
7502;361;101879;False;CRO
7503;360;103481;True;CRO
7504;361;104663;True;CRO
7505;360;106277;False;CRO
7506;361;107384;False;CRO
7507;360;109116;False;CRO
7508;361;110182;False;CRO
7509;360;111966;False;CRO
7510;361;112621;False;CRO
7511;360;113360;True;CRO
7512;361;114435;True;CRO
7513;8967;114673;False;CRO
7514;8966;115196;False;CRO
7515;8967;115213;False;CRO
7516;8967;115340;True;CRO
7517;8966;115348;True;CRO
7518;362;176285;True;CRO
7519;362;176736;False;CRO
7520;362;177265;False;CRO
7521;362;209106;False;CRO
7522;362;210152;True;CRO
7523;371;9820;True;CRO
7524;367;9890;True;CRO
7525;367;10650;False;CRO
7526;371;10670;False;CRO
7527;367;11290;False;CRO
7528;371;11430;True;CRO
7529;367;12028;True;CRO
7530;371;12150;False;CRO
7531;367;12678;False;CRO
7532;371;12910;False;CRO
7533;367;13318;False;CRO
7534;371;13885;True;CRO
7535;367;14257;True;CRO
7536;371;14674;True;CRO
7537;3500;14674;True;CRO
7538;367;14928;True;CRO
7539;3500;14928;True;CRO
7540;371;15328;True;CRO
7541;367;15690;True;CRO
7542;371;16087;False;CRO
7543;367;16399;False;CRO
7544;371;16887;False;CRO
7545;367;17374;False;CRO
7546;371;17687;False;CRO
7547;367;18508;False;CRO
7548;371;18787;False;CRO
7549;367;19560;True;CRO
7550;371;19737;True;CRO
7551;367;20555;False;CRO
7552;371;20594;False;CRO
7553;367;21405;False;CRO
7554;371;21618;False;CRO
7555;367;22271;False;CRO
7556;371;22514;False;CRO
7557;367;23406;True;CRO
7558;371;23410;True;CRO
7559;3467;24306;True;CRO
7560;371;24306;True;CRO
7561;371;24540;True;CRO
7562;3467;24540;True;CRO
7563;367;24540;True;CRO
7564;371;25073;True;CRO
7565;367;25345;True;CRO
7566;371;25897;False;CRO
7567;367;26312;False;CRO
7568;371;26547;False;CRO
7569;367;32190;True;CRO
7570;371;33859;False;CRO
7571;367;34081;False;CRO
7572;367;34299;False;CRO
7573;371;34978;True;CRO
7574;367;35500;True;CRO
7575;372;37085;True;CRO
7576;368;39420;True;CRO
7577;372;40596;True;CRO
7578;368;40920;True;CRO
7579;372;42900;False;CRO
7580;368;43140;False;CRO
7581;372;44970;True;CRO
7582;368;45246;True;CRO
7583;368;47133;False;CRO
7584;372;47410;False;CRO
7585;368;48990;True;CRO
7586;372;49540;True;CRO
7587;368;50625;False;CRO
7588;372;51743;True;CRO
7589;368;52040;True;CRO
7590;3501;52661;True;CRO
7591;368;52661;True;CRO
7592;372;52692;True;CRO
7593;3501;52901;True;CRO
7594;368;52901;True;CRO
7595;372;53668;True;CRO
7596;368;53732;True;CRO
7597;372;54710;False;CRO
7598;368;56425;False;CRO
7599;372;56952;True;CRO
7600;368;58925;True;CRO
7601;363;59502;True;CRO
7602;363;61044;False;CRO
7603;363;61102;False;CRO
7604;363;63168;False;CRO
7605;363;63226;False;CRO
7606;363;64510;True;CRO
7607;373;64985;False;CRO
7608;373;66578;False;CRO
7609;369;67055;False;CRO
7610;373;69210;True;CRO
7611;369;69640;True;CRO
7612;373;71660;False;CRO
7613;369;72397;False;CRO
7614;373;73633;True;CRO
7615;369;75162;True;CRO
7616;373;75760;True;CRO
7617;373;76760;True;CRO
7618;369;77446;True;CRO
7619;373;77875;True;CRO
7620;369;78090;True;CRO
7621;1363;78452;False;CRO
7622;373;78498;True;CRO
7623;369;78502;True;CRO
7624;1361;78502;True;CRO
7625;1362;78703;False;CRO
7626;369;78755;False;CRO
7627;364;79394;True;CRO
7628;364;79530;False;CRO
7629;374;80710;True;CRO
7630;374;80950;False;CRO
7631;374;81610;False;CRO
7632;370;89870;False;CRO
7633;370;90386;True;CRO
7634;365;92255;True;CRO
7635;365;92806;False;CRO
7636;365;110083;True;CRO
7637;365;111579;False;CRO
7638;365;112390;False;CRO
7639;365;113712;True;CRO
7640;365;123640;False;CRO
7641;365;124640;True;CRO
7642;3469;125360;True;CRO
7643;3468;125393;True;CRO
7644;3469;125794;False;CRO
7645;366;134115;True;CRO
7646;366;138046;True;CRO
7647;366;156802;True;CRO
7648;366;160302;True;CRO
7649;366;164426;True;CRO
7650;366;167981;True;CRO
7651;366;169652;True;CRO
7652;366;173230;True;CRO
7653;366;178537;True;CRO
7654;366;179710;True;CRO
7655;366;179889;False;CRO
7656;366;181002;True;CRO
7657;366;181301;True;CRO
7658;366;181811;True;CRO
7659;3473;182266;False;CRO
7660;3471;182266;False;CRO
7661;3470;182266;False;CRO
7662;3472;182276;False;CRO
7663;375;28540;True;CRO
7664;376;28544;True;CRO
7665;375;28936;False;CRO
7666;376;29418;True;CRO
7667;375;29418;True;CRO
7668;375;29906;True;CRO
7669;376;29914;True;CRO
7670;376;30558;False;CRO
7671;375;30558;False;CRO
7672;375;31156;False;CRO
7673;376;31656;False;CRO
7674;376;31780;False;CRO
7675;375;31780;False;CRO
7676;376;32092;True;CRO
7677;375;32092;True;CRO
7678;376;32683;True;CRO
7679;375;32720;True;CRO
7680;375;33046;False;CRO
7681;376;33968;False;CRO
7682;375;34440;False;CRO
7683;376;34443;False;CRO
7684;375;34644;False;CRO
7685;376;35385;False;CRO
7686;376;35825;True;CRO
7687;375;35825;True;CRO
7688;375;36529;True;CRO
7689;376;36529;True;CRO
7690;376;36765;False;CRO
7691;375;36765;False;CRO
7692;375;37490;False;CRO
7693;376;37490;False;CRO
7694;376;37752;True;CRO
7695;375;37752;True;CRO
7696;375;38222;True;CRO
7697;1364;38281;False;CRO
7698;376;38286;True;CRO
7699;377;13976;True;CRO
7700;378;13976;True;CRO
7701;377;14251;False;CRO
7702;378;14749;True;CRO
7703;377;14968;True;CRO
7704;378;15430;False;CRO
7705;377;15670;False;CRO
7706;378;16080;False;CRO
7707;377;16299;False;CRO
7708;378;16891;False;CRO
7709;377;16916;False;CRO
7710;377;17552;False;CRO
7711;378;17711;True;CRO
7712;377;18149;True;CRO
7713;3520;18552;False;CRO
7714;378;18552;False;CRO
7715;377;18779;False;CRO
7716;3520;18781;False;CRO
7717;378;19257;True;CRO
7718;377;20035;True;CRO
7719;378;20069;False;CRO
7720;377;21194;False;CRO
7721;378;21496;False;CRO
7722;377;22496;False;CRO
7723;378;23383;True;CRO
7724;377;23767;True;CRO
7725;378;24711;False;CRO
7726;377;25491;False;CRO
7727;378;25896;False;CRO
7728;378;26968;False;CRO
7729;377;27090;False;CRO
7730;377;27900;False;CRO
7731;378;28057;True;CRO
7732;377;28710;True;CRO
7733;380;27279;True;CRO
7734;379;28138;True;CRO
7735;380;28786;True;CRO
7736;379;29416;True;CRO
7737;380;29961;False;CRO
7738;380;30101;False;CRO
7739;379;31499;True;CRO
7740;380;31558;True;CRO
7741;379;33614;False;CRO
7742;380;34840;False;CRO
7743;379;35730;False;CRO
7744;380;36614;True;CRO
7745;379;36618;False;CRO
7746;379;36841;True;CRO
7747;380;37770;False;CRO
7748;380;38585;True;CRO
7749;379;38803;True;CRO
7750;379;40350;False;CRO
7751;379;40550;True;CRO
7752;380;40725;True;CRO
7753;379;41860;False;CRO
7754;380;42612;False;CRO
7755;379;43417;False;CRO
7756;380;44110;True;CRO
7757;379;44831;True;CRO
7758;3552;45208;False;CRO
7759;3523;45605;True;CRO
7760;380;45605;True;CRO
7761;3525;45605;True;CRO
7762;379;45660;True;CRO
7763;3526;46015;True;CRO
7764;3524;46035;True;CRO
7765;379;46070;True;CRO
7766;3523;46070;True;CRO
7767;3522;46070;True;CRO
7768;380;46070;True;CRO
7769;379;47080;True;CRO
7770;380;47200;True;CRO
7771;379;48961;True;CRO
7772;380;49315;True;CRO
7773;379;50896;False;CRO
7774;380;51495;False;CRO
7775;379;53032;True;CRO
7776;380;53484;True;CRO
7777;379;55340;False;CRO
7778;380;55373;False;CRO
7779;380;57359;True;CRO
7780;379;57729;True;CRO
7781;380;59326;False;CRO
7782;379;59790;False;CRO
7783;379;60890;False;CRO
7784;380;61072;False;CRO
7785;379;61670;False;CRO
7786;380;62097;True;CRO
7787;379;62718;True;CRO
7788;379;63865;True;CRO
7789;3528;64081;False;CRO
7790;380;64233;True;CRO
7791;3550;64743;False;CRO
7792;3528;64950;False;CRO
7793;379;65000;False;CRO
7794;3530;65078;False;CRO
7795;380;65538;False;CRO
7796;379;66918;True;CRO
7797;1367;6869;True;CRO
7798;385;6869;True;CRO
7799;1366;7055;True;CRO
7800;383;7055;True;CRO
7801;1366;7425;False;CRO
7802;383;7425;False;CRO
7803;385;7920;False;CRO
7804;1367;7920;False;CRO
7805;1366;8070;False;CRO
7806;383;8070;False;CRO
7807;383;8490;True;CRO
7808;1367;8915;False;CRO
7809;385;8915;False;CRO
7810;1366;9155;True;CRO
7811;383;9155;False;CRO
7812;385;9729;True;CRO
7813;383;9945;True;CRO
7814;385;10459;False;CRO
7815;383;10662;False;CRO
7816;385;11172;True;CRO
7817;383;11410;True;CRO
7818;385;11854;False;CRO
7819;3564;11854;False;CRO
7820;383;12150;False;CRO
7821;3564;12150;False;CRO
7822;3564;12511;False;CRO
7823;385;12516;False;CRO
7824;383;12902;False;CRO
7825;3564;12902;False;CRO
7826;3564;13303;False;CRO
7827;385;13303;True;CRO
7828;3564;13516;True;CRO
7829;383;13516;True;CRO
7830;385;13982;True;CRO
7831;383;13982;True;CRO
7832;385;14232;False;CRO
7833;383;14232;False;CRO
7834;385;14635;True;CRO
7835;383;14728;False;CRO
7836;385;14774;False;CRO
7837;385;15205;True;CRO
7838;383;15447;True;CRO
7839;385;16080;False;CRO
7840;383;16090;False;CRO
7841;383;16733;False;CRO
7842;383;17376;False;CRO
7843;385;17924;False;CRO
7844;383;18014;False;CRO
7845;383;18652;False;CRO
7846;385;18705;False;CRO
7847;385;19491;True;CRO
7848;383;19603;True;CRO
7849;385;20300;True;CRO
7850;3607;20300;True;CRO
7851;383;21693;True;CRO
7852;385;22128;True;CRO
7853;383;22850;False;CRO
7854;385;23262;False;CRO
7855;383;24020;False;CRO
7856;385;24678;False;CRO
7857;383;25232;False;CRO
7858;385;25985;True;CRO
7859;383;26447;True;CRO
7860;383;27292;True;CRO
7861;385;27312;False;CRO
7862;383;27539;False;CRO
7863;385;28125;True;CRO
7864;383;28185;True;CRO
7865;385;28542;False;CRO
7866;1365;28548;False;CRO
7867;385;28770;True;CRO
7868;1365;28770;True;CRO
7869;383;28770;True;CRO
7870;383;29315;True;CRO
7871;3560;29315;False;CRO
7872;3558;29315;False;CRO
7873;3554;29315;True;CRO
7874;3557;29315;False;CRO
7875;3559;29315;True;CRO
7876;3556;29315;False;CRO
7877;385;29315;False;CRO
7878;3555;29315;True;CRO
7879;3559;29547;True;CRO
7880;3560;29560;True;CRO
7881;3557;29560;True;CRO
7882;3558;29560;True;CRO
7883;3556;29560;True;CRO
7884;383;29560;True;CRO
7885;385;29577;True;CRO
7886;382;33120;True;CRO
7887;382;34368;True;CRO
7888;384;34574;False;CRO
7889;3561;34723;True;CRO
7890;382;35192;True;CRO
7891;384;35208;True;CRO
7892;384;36488;False;CRO
7893;382;38275;False;CRO
7894;382;39291;True;CRO
7895;384;39361;True;CRO
7896;382;40111;True;CRO
7897;384;40175;True;CRO
7898;384;41695;False;CRO
7899;382;45961;False;CRO
7900;382;47136;True;CRO
7901;384;47370;True;CRO
7902;382;48102;True;CRO
7903;384;48456;True;CRO
7904;384;49971;False;CRO
7905;382;53465;True;CRO
7906;384;54464;True;CRO
7907;382;55166;False;CRO
7908;384;56290;False;CRO
7909;382;58867;False;CRO
7910;382;60001;True;CRO
7911;384;60117;True;CRO
7912;382;60882;True;CRO
7913;384;60936;True;CRO
7914;384;62514;False;CRO
7915;382;66780;False;CRO
7916;384;67647;True;CRO
7917;382;67890;True;CRO
7918;3563;68318;False;CRO
7919;384;68343;True;CRO
7920;382;68617;True;CRO
7921;3562;68622;False;CRO
7922;3563;68634;True;CRO
7923;384;69235;True;CRO
7924;384;70635;True;CRO
7925;382;74666;True;CRO
7926;384;78810;True;CRO
7927;382;91185;False;CRO
7928;382;92506;True;CRO
7929;384;92885;True;CRO
7930;382;93792;False;CRO
7931;384;94136;False;CRO
7932;384;95635;False;CRO
7933;384;95823;False;CRO
7934;384;102808;True;CRO
7935;382;116470;False;CRO
7936;382;117060;False;CRO
7937;382;117908;True;CRO
7938;382;118673;True;CRO
7939;384;118673;True;CRO
7940;1368;450;True;CRO
7941;1369;1185;True;CRO
7942;3673;678;True;CRO
7943;389;880;True;CRO
7944;3673;880;True;CRO
7945;3673;1040;False;CRO
7946;388;1193;True;CRO
7947;3673;1226;False;CRO
7948;389;1226;False;CRO
7949;3673;1471;True;CRO
7950;389;1544;True;CRO
7951;388;1727;True;CRO
7952;3673;1796;True;CRO
7953;3622;1894;False;CRO
7954;388;2138;False;CRO
7955;3673;2138;True;CRO
7956;389;2158;True;CRO
7957;388;2591;False;CRO
7958;389;2613;False;CRO
7959;389;3064;True;CRO
7960;388;3272;True;CRO
7961;388;3722;True;CRO
7962;389;3742;True;CRO
7963;388;4230;False;CRO
7964;389;4467;True;CRO
7965;388;4871;True;CRO
7966;389;5210;True;CRO
7967;388;5354;True;CRO
7968;389;5786;True;CRO
7969;388;5952;True;CRO
7970;389;6243;False;CRO
7971;388;6396;False;CRO
7972;389;6696;False;CRO
7973;388;6901;False;CRO
7974;389;7164;False;CRO
7975;388;7418;False;CRO
7976;389;7631;True;CRO
7977;388;7851;True;CRO
7978;389;8096;False;CRO
7979;388;8284;False;CRO
7980;388;8680;True;CRO
7981;389;8710;True;CRO
7982;388;8857;False;CRO
7983;388;9055;False;CRO
7984;389;9383;True;CRO
7985;388;9557;True;CRO
7986;389;9557;False;CRO
7987;389;9577;False;CRO
7988;3624;9837;False;CRO
7989;389;9867;False;CRO
7990;3624;10058;False;CRO
7991;388;10058;False;CRO
7992;389;10582;True;CRO
7993;388;11065;True;CRO
7994;389;11278;True;CRO
7995;388;11712;True;CRO
7996;388;12055;True;CRO
7997;389;12480;True;CRO
7998;388;12694;False;CRO
7999;388;13334;True;CRO
8000;389;13398;True;CRO
8001;389;14139;False;CRO
8002;388;14166;False;CRO
8003;388;14344;False;CRO
8004;388;14872;False;CRO
8005;389;14953;True;CRO
8006;388;15014;False;CRO
8007;388;15706;True;CRO
8008;389;16197;False;CRO
8009;3625;16197;False;CRO
8010;3625;16467;False;CRO
8011;388;16467;False;CRO
8012;389;16885;False;CRO
8013;388;17481;True;CRO
8014;389;17714;True;CRO
8015;388;18049;False;CRO
8016;389;18249;False;CRO
8017;388;19005;False;CRO
8018;389;19008;False;CRO
8019;389;19563;False;CRO
8020;388;19791;False;CRO
8021;388;21220;False;CRO
8022;389;21282;False;CRO
8023;388;22748;False;CRO
8024;389;22770;True;CRO
8025;388;23907;True;CRO
8026;3623;24329;False;CRO
8027;389;24392;True;CRO
8028;3621;24393;True;CRO
8029;3614;24408;True;CRO
8030;3614;24664;False;CRO
8031;3621;24664;False;CRO
8032;3623;24725;True;CRO
8033;388;24807;True;CRO
8034;389;25072;True;CRO
8035;388;25301;True;CRO
8036;388;26209;True;CRO
8037;389;26295;True;CRO
8038;388;26460;False;CRO
8039;389;27704;False;CRO
8040;388;28088;False;CRO
8041;389;29259;True;CRO
8042;388;29499;True;CRO
8043;388;30130;True;CRO
8044;389;30960;True;CRO
8045;388;31531;False;CRO
8046;389;32616;False;CRO
8047;388;33390;True;CRO
8048;389;33903;False;CRO
8049;388;34998;False;CRO
8050;389;35162;False;CRO
8051;388;36430;False;CRO
8052;389;36450;False;CRO
8053;389;37466;True;CRO
8054;388;37812;True;CRO
8055;389;38834;False;CRO
8056;388;39615;False;CRO
8057;389;40683;False;CRO
8058;389;40995;False;CRO
8059;388;41040;False;CRO
8060;389;42000;False;CRO
8061;389;42227;True;CRO
8062;388;42233;True;CRO
8063;389;43242;True;CRO
8064;388;43688;True;CRO
8065;389;44610;False;CRO
8066;389;46390;False;CRO
8067;388;46801;False;CRO
8068;389;47755;False;CRO
8069;388;48190;True;CRO
8070;389;49218;True;CRO
8071;388;49616;False;CRO
8072;389;49955;False;CRO
8073;388;51005;False;CRO
8074;389;51318;True;CRO
8075;388;52425;True;CRO
8076;389;52689;False;CRO
8077;389;53317;False;CRO
8078;388;53371;True;CRO
8079;389;53638;False;CRO
8080;388;54216;False;CRO
8081;389;55317;True;CRO
8082;388;55371;True;CRO
8083;388;56157;True;CRO
8084;388;56524;False;CRO
8085;389;56528;True;CRO
8086;388;56821;True;CRO
8087;389;56821;False;CRO
8088;389;57017;False;CRO
8089;389;57411;True;CRO
8090;390;260;True;CRO
8091;391;294;True;CRO
8092;394;677;True;CRO
8093;395;820;True;CRO
8094;394;1193;False;CRO
8095;395;1226;False;CRO
8096;395;1544;False;CRO
8097;394;1727;False;CRO
8098;395;3062;True;CRO
8099;394;3272;False;CRO
8100;394;3722;True;CRO
8101;395;3742;True;CRO
8102;394;4230;True;CRO
8103;395;4467;True;CRO
8104;394;4674;True;CRO
8105;395;4844;True;CRO
8106;394;5052;False;CRO
8107;395;5301;True;CRO
8108;394;5480;True;CRO
8109;395;5786;True;CRO
8110;3678;5789;True;CRO
8111;394;5952;True;CRO
8112;395;6243;False;CRO
8113;394;6396;False;CRO
8114;395;6696;False;CRO
8115;394;6901;False;CRO
8116;395;7164;False;CRO
8117;394;7418;False;CRO
8118;395;7631;True;CRO
8119;394;7851;True;CRO
8120;395;8096;True;CRO
8121;3675;8096;True;CRO
8122;3676;8096;True;CRO
8123;394;8284;True;CRO
8124;3675;8284;False;CRO
8125;3676;8284;False;CRO
8126;1370;21902;True;CRO
8127;1371;318;True;CRO
8128;1372;21688;True;CRO
8129;1372;21788;False;CRO
8130;8595;22626;True;CRO
8131;8595;23450;True;CRO
8132;397;25085;True;CRO
8133;396;25345;True;CRO
8134;397;26138;True;CRO
8135;396;27142;True;CRO
8136;398;172;True;CRO
8137;399;484;True;CRO
8138;401;30585;True;CRO
8139;401;31382;False;CRO
8140;400;31765;True;CRO
8141;401;32394;True;CRO
8142;400;32882;True;CRO
8143;402;18465;True;CRO
8144;3701;18804;True;CRO
8145;403;18804;True;CRO
8146;3712;19124;True;CRO
8147;403;19325;False;CRO
8148;402;19420;False;CRO
8149;3712;19573;False;CRO
8150;402;19995;True;CRO
8151;403;20015;True;CRO
8152;403;20580;True;CRO
8153;403;21816;True;CRO
8154;3702;21826;False;CRO
8155;402;22079;True;CRO
8156;3702;22170;True;CRO
8157;3702;22360;True;CRO
8158;403;22530;True;CRO
8159;3702;23112;True;CRO
8160;402;23112;True;CRO
8161;402;23474;True;CRO
8162;403;23480;True;CRO
8163;402;24035;False;CRO
8164;403;24523;True;CRO
8165;402;25130;False;CRO
8166;403;25146;False;CRO
8167;402;25182;False;CRO
8168;403;25630;True;CRO
8169;402;26073;True;CRO
8170;403;26515;False;CRO
8171;402;26667;True;CRO
8172;403;26667;True;CRO
8173;403;27519;True;CRO
8174;402;27562;True;CRO
8175;403;27824;False;CRO
8176;402;27890;False;CRO
8177;403;27971;False;CRO
8178;403;28019;False;CRO
8179;402;28713;False;CRO
8180;403;28840;True;CRO
8181;402;28856;True;CRO
8182;402;29276;True;CRO
8183;403;29320;True;CRO
8184;403;29955;False;CRO
8185;402;30000;False;CRO
8186;403;30657;False;CRO
8187;402;31366;False;CRO
8188;403;31569;False;CRO
8189;403;32415;True;CRO
8190;402;32578;True;CRO
8191;404;573;False;CRO
8192;405;593;False;CRO
8193;404;796;False;CRO
8194;405;820;False;CRO
8195;404;1193;True;CRO
8196;405;1226;True;CRO
8197;405;1544;False;CRO
8198;404;1727;False;CRO
8199;404;2138;False;CRO
8200;405;2158;False;CRO
8201;404;2591;False;CRO
8202;405;2611;False;CRO
8203;405;3062;False;CRO
8204;404;3272;False;CRO
8205;404;3722;False;CRO
8206;405;3742;False;CRO
8207;404;4230;False;CRO
8208;405;4465;False;CRO
8209;404;4869;True;CRO
8210;405;5265;True;CRO
8211;404;5601;False;CRO
8212;405;5827;False;CRO
8213;405;6501;False;CRO
8214;405;7410;False;CRO
8215;404;7578;True;CRO
8216;405;8031;True;CRO
8217;404;8259;False;CRO
8218;405;8966;False;CRO
8219;404;9147;False;CRO
8220;1389;9580;True;CRO
8221;405;9607;True;CRO
8222;404;10380;True;CRO
8223;405;10410;False;CRO
8224;405;11347;True;CRO
8225;405;11950;False;CRO
8226;1385;12572;False;CRO
8227;405;12574;False;CRO
8228;1385;12811;True;CRO
8229;404;12811;False;CRO
8230;1385;13257;False;CRO
8231;405;13257;False;CRO
8232;404;13537;True;CRO
8233;404;13707;False;CRO
8234;1385;13722;False;CRO
8235;1385;13884;False;CRO
8236;1385;14110;False;CRO
8237;405;14110;False;CRO
8238;404;14320;False;CRO
8239;1385;14320;True;CRO
8240;1377;14607;False;CRO
8241;404;14607;False;CRO
8242;405;14838;False;CRO
8243;1381;14838;True;CRO
8244;1377;15023;False;CRO
8245;404;15023;False;CRO
8246;1377;15380;False;CRO
8247;1376;15405;True;CRO
8248;405;15405;False;CRO
8249;1381;15412;False;CRO
8250;404;15615;True;CRO
8251;1377;15615;False;CRO
8252;1381;15620;False;CRO
8253;1386;15912;True;CRO
8254;405;15912;True;CRO
8255;1376;15912;False;CRO
8256;1386;16120;False;CRO
8257;404;16120;False;CRO
8258;1376;16130;False;CRO
8259;1386;16260;False;CRO
8260;404;16260;False;CRO
8261;405;16425;False;CRO
8262;1386;16632;False;CRO
8263;405;16635;False;CRO
8264;1376;16635;False;CRO
8265;1386;16867;False;CRO
8266;404;16868;False;CRO
8267;405;17392;True;CRO
8268;1376;17392;True;CRO
8269;1373;17492;False;CRO
8270;404;17492;False;CRO
8271;404;17919;False;CRO
8272;1373;17950;True;CRO
8273;1376;18011;False;CRO
8274;405;18011;False;CRO
8275;404;18125;False;CRO
8276;404;18421;True;CRO
8277;405;18831;False;CRO
8278;1376;18831;False;CRO
8279;1373;19220;False;CRO
8280;404;19220;False;CRO
8281;405;19508;False;CRO
8282;1376;19508;False;CRO
8283;405;20182;False;CRO
8284;1376;20182;True;CRO
8285;1373;20381;False;CRO
8286;404;20381;False;CRO
8287;405;21012;False;CRO
8288;1376;21455;False;CRO
8289;404;21615;False;CRO
8290;1373;21615;False;CRO
8291;405;22011;True;CRO
8292;1373;22107;False;CRO
8293;1376;22821;True;CRO
8294;1373;22885;True;CRO
8295;405;22915;False;CRO
8296;1376;23395;False;CRO
8297;405;23816;False;CRO
8298;1373;23975;False;CRO
8299;404;23975;False;CRO
8300;1375;24059;True;CRO
8301;1375;24262;False;CRO
8302;1376;24333;False;CRO
8303;405;24705;False;CRO
8304;1375;24957;False;CRO
8305;1373;24975;True;CRO
8306;404;25025;True;CRO
8307;1376;25278;False;CRO
8308;405;25330;False;CRO
8309;1376;25330;False;CRO
8310;1373;25557;False;CRO
8311;1376;25735;False;CRO
8312;3729;25789;False;CRO
8313;1376;25890;False;CRO
8314;404;25894;False;CRO
8315;1373;25894;False;CRO
8316;405;26232;False;CRO
8317;405;26504;True;CRO
8318;404;26668;True;CRO
8319;405;27418;False;CRO
8320;404;27434;False;CRO
8321;404;28240;False;CRO
8322;405;28304;False;CRO
8323;404;29175;False;CRO
8324;405;29607;False;CRO
8325;404;29928;False;CRO
8326;405;30304;False;CRO
8327;404;30770;True;CRO
8328;405;31125;True;CRO
8329;404;31730;False;CRO
8330;405;31885;False;CRO
8331;404;32576;False;CRO
8332;405;32580;False;CRO
8333;405;32624;False;CRO
8334;404;32874;False;CRO
8335;404;33233;False;CRO
8336;405;33464;False;CRO
8337;404;34105;True;CRO
8338;405;34505;False;CRO
8339;404;34750;False;CRO
8340;1392;35704;False;CRO
8341;405;36345;False;CRO
8342;404;36355;False;CRO
8343;1392;36355;False;CRO
8344;1392;36473;False;CRO
8345;1392;36573;False;CRO
8346;1392;37052;True;CRO
8347;405;37884;True;CRO
8348;404;37928;True;CRO
8349;405;38680;False;CRO
8350;404;39619;False;CRO
8351;1387;40130;True;CRO
8352;405;40134;False;CRO
8353;404;40372;False;CRO
8354;1387;40372;False;CRO
8355;405;40915;False;CRO
8356;404;41154;True;CRO
8357;405;41418;True;CRO
8358;404;41940;False;CRO
8359;405;42269;False;CRO
8360;404;42681;False;CRO
8361;404;43668;False;CRO
8362;405;43669;True;CRO
8363;404;44168;False;CRO
8364;404;44496;False;CRO
8365;405;44579;False;CRO
8366;404;44785;True;CRO
8367;1388;45325;False;CRO
8368;405;45325;False;CRO
8369;1388;45760;True;CRO
8370;404;45760;False;CRO
8371;1388;46428;False;CRO
8372;404;46428;True;CRO
8373;405;46478;True;CRO
8374;1388;46478;False;CRO
8375;1388;47180;True;CRO
8376;405;47180;False;CRO
8377;404;47640;False;CRO
8378;1388;47640;False;CRO
8379;3737;48497;True;CRO
8380;1388;48498;False;CRO
8381;405;48516;True;CRO
8382;1388;48678;False;CRO
8383;404;48679;True;CRO
8384;3737;48679;False;CRO
8385;1388;48704;False;CRO
8386;1388;49200;False;CRO
8387;405;49200;False;CRO
8388;1388;49908;False;CRO
8389;405;49908;False;CRO
8390;1388;49970;False;CRO
8391;404;49970;True;CRO
8392;405;50020;False;CRO
8393;1388;50020;False;CRO
8394;1388;51475;False;CRO
8395;404;51475;False;CRO
8396;405;51530;False;CRO
8397;1388;51530;False;CRO
8398;404;52390;False;CRO
8399;1388;52390;False;CRO
8400;404;52987;False;CRO
8401;404;53116;True;CRO
8402;405;53126;True;CRO
8403;405;53965;False;CRO
8404;404;54050;False;CRO
8405;404;54088;False;CRO
8406;404;54458;False;CRO
8407;405;54635;False;CRO
8408;405;54835;True;CRO
8409;404;54836;False;CRO
8410;404;55166;False;CRO
8411;404;55601;True;CRO
8412;1374;55972;False;CRO
8413;404;55972;False;CRO
8414;405;56010;False;CRO
8415;405;56257;False;CRO
8416;404;56372;True;CRO
8417;405;56372;False;CRO
8418;405;56568;True;CRO
8419;405;57059;True;CRO
8420;1391;57474;True;CRO
8421;404;57614;True;CRO
8422;1390;57685;False;CRO
8423;405;57724;False;CRO
8424;405;58055;True;CRO
8425;3723;58055;True;CRO
8426;405;58255;False;CRO
8427;404;58800;True;CRO
8428;3720;58800;True;CRO
8429;405;59458;True;CRO
8430;404;60415;True;CRO
8431;405;60855;False;CRO
8432;404;62007;False;CRO
8433;405;62570;True;CRO
8434;404;63578;True;CRO
8435;405;63870;False;CRO
8436;404;65034;False;CRO
8437;405;65981;False;CRO
8438;404;66597;False;CRO
8439;405;67934;True;CRO
8440;404;68175;True;CRO
8441;405;69545;True;CRO
8442;404;69580;True;CRO
8443;405;70957;False;CRO
8444;404;71110;False;CRO
8445;405;72444;False;CRO
8446;404;72810;False;CRO
8447;405;74317;True;CRO
8448;404;74447;True;CRO
8449;404;75961;False;CRO
8450;405;76354;False;CRO
8451;404;77784;False;CRO
8452;405;78010;False;CRO
8453;404;79238;False;CRO
8454;404;79369;False;CRO
8455;405;79700;True;CRO
8456;404;80645;True;CRO
8457;405;81110;False;CRO
8458;404;82435;True;CRO
8459;405;82571;True;CRO
8460;404;84136;False;CRO
8461;405;84212;False;CRO
8462;405;85772;False;CRO
8463;404;85895;False;CRO
8464;405;87348;True;CRO
8465;404;87614;True;CRO
8466;404;89216;False;CRO
8467;405;89279;False;CRO
8468;404;91003;False;CRO
8469;405;91077;False;CRO
8470;404;92482;True;CRO
8471;405;92761;True;CRO
8472;404;93917;True;CRO
8473;405;93917;True;CRO
8474;405;94104;False;CRO
8475;404;95340;False;CRO
8476;405;95365;False;CRO
8477;404;97269;True;CRO
8478;405;97316;True;CRO
8479;405;98800;True;CRO
8480;404;98999;True;CRO
8481;405;99760;False;CRO
8482;404;100630;False;CRO
8483;405;101529;False;CRO
8484;404;102266;False;CRO
8485;405;103307;False;CRO
8486;404;103908;False;CRO
8487;405;105080;True;CRO
8488;404;105455;True;CRO
8489;405;106490;False;CRO
8490;404;106936;False;CRO
8491;405;107349;True;CRO
8492;404;108338;True;CRO
8493;405;108724;False;CRO
8494;405;110147;True;CRO
8495;404;110250;True;CRO
8496;3738;111056;True;CRO
8497;405;111068;False;CRO
8498;404;111776;False;CRO
8499;3738;111849;True;CRO
8500;404;112075;True;CRO
8501;405;112102;True;CRO
8502;404;113217;False;CRO
8503;404;113602;False;CRO
8504;405;113875;False;CRO
8505;405;114909;False;CRO
8506;404;115434;False;CRO
8507;405;116606;False;CRO
8508;404;117134;True;CRO
8509;405;117497;True;CRO
8510;405;118172;False;CRO
8511;404;118615;False;CRO
8512;404;118665;False;CRO
8513;405;119099;True;CRO
8514;405;119712;False;CRO
8515;404;120012;True;CRO
8516;404;120263;False;CRO
8517;405;121215;False;CRO
8518;404;121440;False;CRO
8519;405;122553;False;CRO
8520;405;122716;False;CRO
8521;404;122834;False;CRO
8522;404;124091;True;CRO
8523;405;124091;True;CRO
8524;404;124407;False;CRO
8525;405;125022;True;CRO
8526;405;125393;True;CRO
8527;404;125451;True;CRO
8528;3730;125659;False;CRO
8529;405;125661;True;CRO
8530;3727;125667;False;CRO
8531;3730;125952;True;CRO
8532;3727;125968;True;CRO
8533;405;126011;True;CRO
8534;404;126100;True;CRO
8535;405;126730;True;CRO
8536;404;127437;True;CRO
8537;405;128108;False;CRO
8538;404;128484;False;CRO
8539;404;128790;False;CRO
8540;405;129408;True;CRO
8541;404;129854;True;CRO
8542;405;130085;False;CRO
8543;3718;130085;False;CRO
8544;3740;130395;True;CRO
8545;3715;130656;False;CRO
8546;3718;130902;True;CRO
8547;405;131088;True;CRO
8548;404;131195;False;CRO
8549;3715;131602;False;CRO
8550;3718;131945;True;CRO
8551;405;131983;False;CRO
8552;404;132540;False;CRO
8553;3715;132594;True;CRO
8554;3876;132731;False;CRO
8555;3717;132849;False;CRO
8556;3718;132870;False;CRO
8557;3876;132945;True;CRO
8558;3715;133090;True;CRO
8559;3718;133227;False;CRO
8560;3881;133360;False;CRO
8561;3881;133544;True;CRO
8562;3735;133762;True;CRO
8563;404;133847;True;CRO
8564;3735;133860;False;CRO
8565;3718;134058;True;CRO
8566;3715;134110;True;CRO
8567;3882;134319;False;CRO
8568;405;134785;False;CRO
8569;404;134853;False;CRO
8570;405;135509;False;CRO
8571;405;135529;False;CRO
8572;404;135543;True;CRO
8573;404;135599;False;CRO
8574;404;136517;True;CRO
8575;405;136704;False;CRO
8576;404;136734;True;CRO
8577;405;136753;True;CRO
8578;405;137381;True;CRO
8579;404;137528;False;CRO
8580;404;137566;False;CRO
8581;405;137700;False;CRO
8582;405;137830;False;CRO
8583;404;137874;True;CRO
8584;404;139065;True;CRO
8585;405;139072;True;CRO
8586;405;139315;False;CRO
8587;404;139338;True;CRO
8588;3724;139356;True;CRO
8589;3732;139388;True;CRO
8590;3736;139388;True;CRO
8591;3721;139548;False;CRO
8592;3732;139562;False;CRO
8593;3724;139587;False;CRO
8594;405;139615;True;CRO
8595;3721;139624;False;CRO
8596;404;139625;False;CRO
8597;405;139915;True;CRO
8598;404;139915;True;CRO
8599;404;141089;False;CRO
8600;405;141116;False;CRO
8601;404;141239;False;CRO
8602;405;141364;False;CRO
8603;405;141568;False;CRO
8604;404;142412;False;CRO
8605;405;142566;True;CRO
8606;404;142566;True;CRO
8607;404;142898;True;CRO
8608;405;143007;True;CRO
8609;404;143070;False;CRO
8610;404;143569;True;CRO
8611;3741;143800;False;CRO
8612;405;143951;False;CRO
8613;405;144087;True;CRO
8614;404;144482;True;CRO
8615;3741;144544;True;CRO
8616;404;145500;True;CRO
8617;405;145687;True;CRO
8618;3742;147096;True;CRO
8619;405;147096;True;CRO
8620;404;147187;False;CRO
8621;405;148526;True;CRO
8622;404;148911;True;CRO
8623;404;149051;False;CRO
8624;405;149460;True;CRO
8625;404;149977;True;CRO
8626;405;150354;False;CRO
8627;404;150586;False;CRO
8628;405;153438;False;CRO
8629;404;153631;False;CRO
8630;404;155049;True;CRO
8631;405;155253;True;CRO
8632;405;156146;False;CRO
8633;404;156880;False;CRO
8634;404;157994;False;CRO
8635;405;158010;False;CRO
8636;405;159940;True;CRO
8637;404;159990;True;CRO
8638;405;161791;False;CRO
8639;404;161839;False;CRO
8640;405;163773;False;CRO
8641;404;163844;False;CRO
8642;405;165503;False;CRO
8643;404;165708;False;CRO
8644;404;166994;False;CRO
8645;405;167096;True;CRO
8646;404;167811;True;CRO
8647;3719;168608;True;CRO
8648;405;168608;False;CRO
8649;3716;169332;True;CRO
8650;404;169334;False;CRO
8651;405;169656;True;CRO
8652;3733;169679;True;CRO
8653;3725;169679;True;CRO
8654;404;170040;True;CRO
8655;405;171026;True;CRO
8656;405;171210;False;CRO
8657;404;171916;True;CRO
8658;405;172805;False;CRO
8659;404;173590;False;CRO
8660;405;174602;False;CRO
8661;404;175693;True;CRO
8662;405;176534;True;CRO
8663;404;177734;True;CRO
8664;405;178381;True;CRO
8665;404;179804;False;CRO
8666;405;180235;False;CRO
8667;404;182000;True;CRO
8668;405;182158;True;CRO
8669;404;184191;False;CRO
8670;405;184211;False;CRO
8671;404;186039;False;CRO
8672;405;186252;False;CRO
8673;405;188153;True;CRO
8674;404;188594;True;CRO
8675;405;190057;False;CRO
8676;404;190992;False;CRO
8677;405;192134;False;CRO
8678;404;193190;True;CRO
8679;405;194215;True;CRO
8680;404;195389;False;CRO
8681;405;196250;False;CRO
8682;404;197368;False;CRO
8683;405;198395;True;CRO
8684;404;198992;True;CRO
8685;404;200390;False;CRO
8686;405;200433;False;CRO
8687;405;201090;True;CRO
8688;405;202096;False;CRO
8689;404;202320;True;CRO
8690;405;204048;True;CRO
8691;404;204422;False;CRO
8692;405;206049;False;CRO
8693;404;206532;False;CRO
8694;405;208099;True;CRO
8695;404;208612;True;CRO
8696;405;209957;False;CRO
8697;404;210698;False;CRO
8698;405;212116;True;CRO
8699;404;212640;True;CRO
8700;405;213880;False;CRO
8701;404;214634;False;CRO
8702;405;215722;False;CRO
8703;404;216647;True;CRO
8704;405;217704;True;CRO
8705;404;218588;False;CRO
8706;405;219714;False;CRO
8707;404;220233;False;CRO
8708;404;220503;False;CRO
8709;405;221628;True;CRO
8710;404;221796;True;CRO
8711;404;223197;True;CRO
8712;405;223401;True;CRO
8713;404;224525;False;CRO
8714;405;225138;False;CRO
8715;404;225625;False;CRO
8716;404;226134;True;CRO
8717;405;226320;True;CRO
8718;405;226635;True;CRO
8719;404;226645;True;CRO
8720;404;227302;True;CRO
8721;3722;227602;True;CRO
8722;404;227602;True;CRO
8723;3726;227625;True;CRO
8724;407;363;False;CRO
8725;406;1181;False;CRO
8726;409;133850;True;CRO
8727;410;136973;True;CRO
8728;411;137730;False;CRO
8729;410;137740;False;CRO
8730;414;6485;True;CRO
8731;415;6873;True;CRO
8732;415;7723;False;CRO
8733;415;7860;False;CRO
8734;414;8740;True;CRO
8735;414;10734;True;CRO
8736;415;11394;True;CRO
8737;415;12294;False;CRO
8738;414;19730;False;CRO
8739;415;19750;True;CRO
8740;414;20638;True;CRO
8741;415;22410;True;CRO
8742;414;23090;True;CRO
8743;413;24859;False;CRO
8744;413;24909;True;CRO
8745;413;25970;False;CRO
8746;419;222403;True;CRO
8747;417;223044;True;CRO
8748;419;223790;True;CRO
8749;417;224450;True;CRO
8750;419;224870;True;CRO
8751;417;225511;True;CRO
8752;419;225657;True;CRO
8753;420;226352;True;CRO
8754;418;226724;True;CRO
8755;1394;104;True;CRO
8756;1396;224800;True;CRO
8757;421;34090;True;CRO
8758;421;51983;True;CRO
8759;426;150243;True;CRO
8760;425;150940;True;CRO
8761;426;152260;False;CRO
8762;425;157578;False;CRO
8763;425;159296;False;CRO
8764;426;160460;False;CRO
8765;425;160969;False;CRO
8766;424;161599;True;CRO
8767;424;163376;False;CRO
8768;424;172195;False;CRO
8769;424;173877;True;CRO
8770;3900;174312;False;CRO
8771;424;174312;False;CRO
8772;3900;174852;False;CRO
8773;424;174852;False;CRO
8774;424;175259;True;CRO
8775;424;176713;False;CRO
8776;424;180983;False;CRO
8777;424;183005;True;CRO
8778;3901;183368;False;CRO
8779;424;183368;False;CRO
8780;424;184111;True;CRO
8781;424;185620;False;CRO
8782;424;197095;False;CRO
8783;424;197300;False;CRO
8784;424;198990;False;CRO
8785;424;199120;True;CRO
8786;8630;199654;False;CRO
8787;8631;199760;False;CRO
8788;8633;199803;False;CRO
8789;8632;199803;False;CRO
8790;429;479;True;CRO
8791;429;1397;False;CRO
8792;429;33891;False;CRO
8793;429;34234;False;CRO
8794;429;35303;True;CRO
8795;433;170347;True;CRO
8796;433;171467;True;CRO
8797;434;202340;True;CRO
8798;434;202712;False;CRO
8799;434;203220;True;CRO
8800;434;203960;False;CRO
8801;434;205555;False;CRO
8802;435;223160;True;CRO
8803;435;224041;False;CRO
8804;436;203325;True;CRO
8805;436;203956;False;CRO
8806;436;204126;False;CRO
8807;436;217185;True;CRO
8808;436;218135;False;CRO
8809;439;259;True;CRO
8810;438;364;True;CRO
8811;438;626;False;CRO
8812;439;1796;True;CRO
8813;439;2260;True;CRO
8814;439;3969;True;CRO
8815;438;4395;True;CRO
8816;437;5028;True;CRO
8817;437;6095;False;CRO
8818;437;7228;True;CRO
8819;437;8117;True;CRO
8820;8783;84;True;CRO
8821;3994;57026;True;CRO
8822;440;57049;True;CRO
8823;441;57088;True;CRO
8824;3992;57088;True;CRO
8825;3993;57110;True;CRO
8826;440;57294;True;CRO
8827;3993;57339;True;CRO
8828;3992;57339;True;CRO
8829;3994;57358;False;CRO
8830;440;57727;True;CRO
8831;441;57814;True;CRO
8832;441;58310;True;CRO
8833;440;59090;True;CRO
8834;441;59090;True;CRO
8835;441;59285;False;CRO
8836;441;60065;True;CRO
8837;440;60065;True;CRO
8838;440;60490;False;CRO
8839;440;60910;False;CRO
8840;440;61890;False;CRO
8841;441;62010;False;CRO
8842;440;62012;False;CRO
8843;440;63345;False;CRO
8844;441;64510;True;CRO
8845;440;64840;True;CRO
8846;440;66330;False;CRO
8847;441;66910;False;CRO
8848;441;67700;False;CRO
8849;440;67760;False;CRO
8850;440;67960;False;CRO
8851;441;67960;False;CRO
8852;441;68795;False;CRO
8853;440;69490;True;CRO
8854;441;69490;True;CRO
8855;441;70248;True;CRO
8856;440;70248;True;CRO
8857;440;71290;False;CRO
8858;441;71430;False;CRO
8859;440;71492;False;CRO
8860;440;71660;False;CRO
8861;441;72095;False;CRO
8862;441;73693;False;CRO
8863;440;74088;False;CRO
8864;441;75926;False;CRO
8865;440;76992;False;CRO
8866;441;77688;False;CRO
8867;441;77925;False;CRO
8868;441;78315;False;CRO
8869;440;79250;False;CRO
8870;441;79454;True;CRO
8871;440;79454;True;CRO
8872;440;80015;False;CRO
8873;441;80098;False;CRO
8874;440;80098;False;CRO
8875;3930;80098;True;CRO
8876;3930;80470;False;CRO
8877;440;80517;False;CRO
8878;440;80537;False;CRO
8879;441;80590;True;CRO
8880;441;80972;True;CRO
8881;440;80972;True;CRO
8882;440;81185;False;CRO
8883;441;82110;True;CRO
8884;440;82375;True;CRO
8885;440;82624;False;CRO
8886;441;83400;False;CRO
8887;440;85391;False;CRO
8888;441;85857;False;CRO
8889;440;88140;True;CRO
8890;441;88633;True;CRO
8891;440;90715;False;CRO
8892;441;91247;False;CRO
8893;441;91626;False;CRO
8894;441;92258;True;CRO
8895;440;92460;True;CRO
8896;440;93295;False;CRO
8897;441;93295;False;CRO
8898;441;93967;True;CRO
8899;440;93967;True;CRO
8900;440;95306;False;CRO
8901;441;95359;False;CRO
8902;440;95470;False;CRO
8903;440;95515;False;CRO
8904;441;96355;False;CRO
8905;440;97930;False;CRO
8906;441;99148;True;CRO
8907;440;100385;True;CRO
8908;441;101999;True;CRO
8909;440;102981;True;CRO
8910;441;103493;False;CRO
8911;441;103661;False;CRO
8912;441;105540;False;CRO
8913;440;105801;False;CRO
8914;441;106278;True;CRO
8915;440;106779;True;CRO
8916;441;107149;True;CRO
8917;3920;107149;True;CRO
8918;3925;107188;True;CRO
8919;3925;107544;False;CRO
8920;440;107544;True;CRO
8921;3920;107586;False;CRO
8922;3927;107638;False;CRO
8923;441;108237;True;CRO
8924;440;108237;True;CRO
8925;440;109208;False;CRO
8926;441;110150;True;CRO
8927;440;110150;True;CRO
8928;440;111838;False;CRO
8929;441;111881;False;CRO
8930;441;114310;True;CRO
8931;440;114640;True;CRO
8932;441;116768;False;CRO
8933;440;116994;False;CRO
8934;440;119428;True;CRO
8935;441;119448;True;CRO
8936;440;121692;False;CRO
8937;441;122247;False;CRO
8938;440;123923;False;CRO
8939;441;124514;False;CRO
8940;440;124747;False;CRO
8941;441;124752;False;CRO
8942;441;125791;True;CRO
8943;440;125861;True;CRO
8944;440;126572;True;CRO
8945;441;127010;True;CRO
8946;440;127640;False;CRO
8947;441;127967;False;CRO
8948;440;128101;False;CRO
8949;440;128131;False;CRO
8950;441;129814;True;CRO
8951;440;130885;True;CRO
8952;441;132612;False;CRO
8953;440;133339;False;CRO
8954;441;135512;True;CRO
8955;440;135841;True;CRO
8956;441;138214;False;CRO
8957;440;138385;False;CRO
8958;441;140674;True;CRO
8959;440;141044;True;CRO
8960;441;143120;False;CRO
8961;440;143484;False;CRO
8962;441;145185;False;CRO
8963;441;145210;False;CRO
8964;440;145282;False;CRO
8965;441;145741;False;CRO
8966;440;145959;False;CRO
8967;441;146895;True;CRO
8968;440;146895;True;CRO
8969;440;147371;True;CRO
8970;441;147605;True;CRO
8971;440;148365;False;CRO
8972;441;148388;False;CRO
8973;440;148388;False;CRO
8974;440;148606;False;CRO
8975;441;148680;True;CRO
8976;3918;148716;False;CRO
8977;440;149072;False;CRO
8978;3918;149078;False;CRO
8979;440;149900;True;CRO
8980;441;149900;True;CRO
8981;440;151060;False;CRO
8982;441;151315;False;CRO
8983;440;152014;False;CRO
8984;440;152515;False;CRO
8985;441;152535;False;CRO
8986;440;155001;False;CRO
8987;441;155033;False;CRO
8988;441;155233;False;CRO
8989;440;155661;False;CRO
8990;440;156912;True;CRO
8991;441;156912;True;CRO
8992;441;157099;False;CRO
8993;3917;157664;True;CRO
8994;441;157691;False;CRO
8995;441;157701;False;CRO
8996;441;158130;False;CRO
8997;441;158155;False;CRO
8998;440;158623;True;CRO
8999;441;158639;True;CRO
9000;440;159021;False;CRO
9001;441;159650;False;CRO
9002;440;160017;False;CRO
9003;440;160313;False;CRO
9004;441;160313;False;CRO
9005;440;161499;False;CRO
9006;441;162632;False;CRO
9007;440;164295;True;CRO
9008;441;165030;True;CRO
9009;440;167093;False;CRO
9010;441;167831;False;CRO
9011;440;169893;True;CRO
9012;441;170531;True;CRO
9013;440;172693;False;CRO
9014;441;173331;False;CRO
9015;441;173860;False;CRO
9016;441;174195;False;CRO
9017;440;174265;False;CRO
9018;441;175390;True;CRO
9019;440;175390;True;CRO
9020;441;175884;True;CRO
9021;440;175936;True;CRO
9022;440;176932;False;CRO
9023;441;176962;False;CRO
9024;440;177345;False;CRO
9025;440;178085;False;CRO
9026;441;178105;False;CRO
9027;441;180703;True;CRO
9028;440;180755;True;CRO
9029;440;183380;False;CRO
9030;441;183445;False;CRO
9031;441;185755;True;CRO
9032;440;186188;True;CRO
9033;440;186961;False;CRO
9034;441;187184;False;CRO
9035;440;187590;False;CRO
9036;441;188005;False;CRO
9037;441;188030;False;CRO
9038;441;188797;True;CRO
9039;440;188920;True;CRO
9040;3928;189591;True;CRO
9041;441;189758;False;CRO
9042;3928;190140;False;CRO
9043;440;190140;True;CRO
9044;3932;190183;True;CRO
9045;441;190207;False;CRO
9046;441;190438;True;CRO
9047;440;190888;True;CRO
9048;441;190888;True;CRO
9049;440;191900;False;CRO
9050;440;192108;False;CRO
9051;440;192848;False;CRO
9052;441;193459;False;CRO
9053;440;193610;False;CRO
9054;441;196227;True;CRO
9055;440;196316;True;CRO
9056;441;199219;False;CRO
9057;440;199338;False;CRO
9058;440;201063;False;CRO
9059;441;201301;False;CRO
9060;441;201326;False;CRO
9061;440;201787;False;CRO
9062;441;201787;False;CRO
9063;440;202926;True;CRO
9064;441;202926;True;CRO
9065;441;203439;True;CRO
9066;440;203439;True;CRO
9067;440;211290;True;CRO
9068;441;211310;True;CRO
9069;441;212481;False;CRO
9070;441;213294;False;CRO
9071;440;214070;True;CRO
9072;441;214070;True;CRO
9073;440;214382;True;CRO
9074;440;215162;False;CRO
9075;440;215215;False;CRO
9076;441;215215;False;CRO
9077;440;215697;True;CRO
9078;440;215906;False;CRO
9079;440;215936;False;CRO
9080;441;216365;False;CRO
9081;441;216710;True;CRO
9082;440;216724;False;CRO
9083;441;217917;False;CRO
9084;440;217917;False;CRO
9085;440;218186;False;CRO
9086;440;218216;False;CRO
9087;441;219030;False;CRO
9088;440;220595;False;CRO
9089;441;221606;True;CRO
9090;440;223145;True;CRO
9091;441;224200;True;CRO
9092;440;225298;True;CRO
9093;441;225865;False;CRO
9094;441;226145;False;CRO
9095;440;226145;True;CRO
9096;441;226170;False;CRO
9097;441;227384;True;CRO
9098;440;227384;True;CRO
9099;440;227922;True;CRO
9100;441;227922;True;CRO
9101;440;229105;False;CRO
9102;441;229105;False;CRO
9103;440;229386;False;CRO
9104;440;229415;False;CRO
9105;441;230347;False;CRO
9106;440;231505;False;CRO
9107;441;233124;True;CRO
9108;440;233610;True;CRO
9109;440;235788;True;CRO
9110;441;235788;False;CRO
9111;441;235817;False;CRO
9112;441;236216;True;CRO
9113;440;236216;False;CRO
9114;441;237789;False;CRO
9115;440;237823;True;CRO
9116;441;237935;True;CRO
9117;440;238320;True;CRO
9118;441;238643;False;CRO
9119;440;238648;True;CRO
9120;3923;238691;True;CRO
9121;3922;238691;True;CRO
9122;3926;238720;True;CRO
9123;3929;238765;True;CRO
9124;3931;238765;True;CRO
9125;3931;238930;False;CRO
9126;3929;238930;False;CRO
9127;3926;239007;False;CRO
9128;441;239040;False;CRO
9129;3923;239073;False;CRO
9130;3922;239076;False;CRO
9131;440;239076;False;CRO
9132;440;239606;True;CRO
9133;441;239679;True;CRO
9134;440;239714;False;CRO
9135;440;240803;False;CRO
9136;441;240803;False;CRO
9137;441;241209;False;CRO
9138;440;241212;False;CRO
9139;440;241598;False;CRO
9140;441;243827;False;CRO
9141;440;244065;False;CRO
9142;441;246470;True;CRO
9143;440;246855;True;CRO
9144;441;248600;False;CRO
9145;441;249434;False;CRO
9146;440;249648;False;CRO
9147;441;251130;False;CRO
9148;441;251190;False;CRO
9149;440;252374;False;CRO
9150;440;252434;False;CRO
9151;441;253914;True;CRO
9152;440;254146;True;CRO
9153;440;255163;False;CRO
9154;441;256704;False;CRO
9155;440;257940;False;CRO
9156;441;259490;True;CRO
9157;440;260157;True;CRO
9158;440;261997;False;CRO
9159;441;262290;False;CRO
9160;441;262880;False;CRO
9161;440;264407;False;CRO
9162;441;264407;False;CRO
9163;441;265086;False;CRO
9164;440;265090;False;CRO
9165;440;266530;False;CRO
9166;440;266936;True;CRO
9167;441;267889;True;CRO
9168;440;269412;True;CRO
9169;441;269515;True;CRO
9170;441;272039;False;CRO
9171;440;272188;False;CRO
9172;441;274810;False;CRO
9173;440;274820;False;CRO
9174;440;277549;True;CRO
9175;441;277590;True;CRO
9176;441;278469;False;CRO
9177;441;280054;False;CRO
9178;441;280114;False;CRO
9179;440;280240;False;CRO
9180;440;280300;False;CRO
9181;440;282030;True;CRO
9182;441;282030;True;CRO
9183;440;282810;False;CRO
9184;441;284622;False;CRO
9185;440;284730;False;CRO
9186;440;287340;True;CRO
9187;441;287360;True;CRO
9188;440;289975;False;CRO
9189;441;290080;False;CRO
9190;440;292690;False;CRO
9191;441;292735;False;CRO
9192;441;293188;False;CRO
9193;440;294093;False;CRO
9194;440;294690;True;CRO
9195;441;294690;True;CRO
9196;441;295168;False;CRO
9197;3919;295168;False;CRO
9198;440;295429;False;CRO
9199;441;295500;True;CRO
9200;440;296010;False;CRO
9201;441;296010;True;CRO
9202;440;296510;True;CRO
9203;441;297304;False;CRO
9204;441;297606;False;CRO
9205;440;297766;False;CRO
9206;440;297911;False;CRO
9207;440;300191;True;CRO
9208;441;300211;True;CRO
9209;441;302819;False;CRO
9210;440;302899;False;CRO
9211;441;305350;True;CRO
9212;440;305593;True;CRO
9213;441;308060;False;CRO
9214;440;308294;False;CRO
9215;441;310679;True;CRO
9216;440;311000;True;CRO
9217;441;313069;True;CRO
9218;440;313540;True;CRO
9219;441;313665;False;CRO
9220;441;315200;False;CRO
9221;441;315260;False;CRO
9222;440;315592;False;CRO
9223;440;315652;False;CRO
9224;440;317113;False;CRO
9225;441;317310;True;CRO
9226;440;317690;True;CRO
9227;441;319956;False;CRO
9228;440;320307;False;CRO
9229;441;322517;True;CRO
9230;440;322896;True;CRO
9231;441;325059;False;CRO
9232;440;325499;False;CRO
9233;441;327814;True;CRO
9234;440;328202;True;CRO
9235;440;330340;False;CRO
9236;441;330412;False;CRO
9237;441;331089;False;CRO
9238;440;332532;False;CRO
9239;441;332532;False;CRO
9240;440;332995;True;CRO
9241;441;332995;True;CRO
9242;440;334482;False;CRO
9243;440;335138;False;CRO
9244;441;335603;False;CRO
9245;440;337940;True;CRO
9246;441;338143;True;CRO
9247;441;340316;False;CRO
9248;440;340657;False;CRO
9249;441;342270;True;CRO
9250;440;342790;True;CRO
9251;441;343871;True;CRO
9252;440;345467;True;CRO
9253;441;346110;False;CRO
9254;440;348180;False;CRO
9255;441;348311;False;CRO
9256;441;349346;True;CRO
9257;440;350902;False;CRO
9258;441;350950;False;CRO
9259;440;350962;False;CRO
9260;441;351010;False;CRO
9261;440;352462;False;CRO
9262;441;353561;True;CRO
9263;440;353632;True;CRO
9264;441;356261;False;CRO
9265;440;356310;False;CRO
9266;441;358920;True;CRO
9267;440;358985;True;CRO
9268;441;361494;False;CRO
9269;440;361694;False;CRO
9270;441;364211;True;CRO
9271;440;364333;True;CRO
9272;441;366940;False;CRO
9273;440;367001;False;CRO
9274;440;367260;False;CRO
9275;441;367277;False;CRO
9276;441;367857;False;CRO
9277;440;368336;False;CRO
9278;441;368919;False;CRO
9279;441;369370;True;CRO
9280;440;369370;True;CRO
9281;441;369935;True;CRO
9282;440;369948;True;CRO
9283;8598;58036;True;CRO
9284;8597;58760;True;CRO
9285;444;152;True;CRO
9286;443;171;True;CRO
9287;443;585;True;CRO
9288;446;136881;True;CRO
9289;450;134574;True;CRO
9290;449;135012;True;CRO
9291;450;135193;True;CRO
9292;456;302;True;CRO
9293;455;582;True;CRO
9294;456;1156;True;CRO
9295;456;1484;True;CRO
9296;455;1742;True;CRO
9297;456;3010;False;CRO
9298;455;16488;True;CRO
9299;455;17790;False;CRO
9300;456;18787;True;CRO
9301;455;19348;True;CRO
9302;456;19879;True;CRO
9303;455;19912;False;CRO
9304;456;21460;False;CRO
9305;455;31815;True;CRO
9306;456;33223;True;CRO
9307;455;34090;True;CRO
9308;456;35698;True;CRO
9309;456;46780;False;CRO
9310;455;47248;False;CRO
9311;456;48546;True;CRO
9312;455;48794;True;CRO
9313;456;49405;False;CRO
9314;456;49936;True;CRO
9315;456;51606;False;CRO
9316;455;51983;True;CRO
9317;455;54888;True;CRO
9318;455;56448;False;CRO
9319;455;57197;True;CRO
9320;457;205;True;CRO
9321;457;294;False;CRO
9322;457;1551;True;CRO
9323;458;155720;True;CRO
9324;461;48237;False;CRO
9325;461;48688;True;CRO
9326;461;48856;False;CRO
9327;461;48874;False;CRO
9328;4015;189789;True;CRO
9329;4013;189824;True;CRO
9330;465;189824;True;CRO
9331;4015;190182;False;CRO
9332;465;190185;False;CRO
9333;4013;190185;False;CRO
9334;465;190362;True;CRO
9335;465;191764;False;CRO
9336;465;191913;False;CRO
9337;465;195920;True;CRO
9338;465;197910;False;CRO
9339;465;197970;False;CRO
9340;465;199790;True;CRO
9341;465;204983;True;CRO
9342;465;206910;True;CRO
9343;4018;207258;False;CRO
9344;465;207258;False;CRO
9345;465;207594;False;CRO
9346;4018;207594;False;CRO
9347;465;208060;True;CRO
9348;465;209560;False;CRO
9349;465;216395;True;CRO
9350;465;216900;False;CRO
9351;465;217898;False;CRO
9352;465;218069;True;CRO
9353;465;218740;True;CRO
9354;4020;218810;True;CRO
9355;465;218853;True;CRO
9356;4014;218943;True;CRO
9357;4017;218943;True;CRO
9358;4016;218943;True;CRO
9359;4012;218943;True;CRO
9360;468;21431;True;CRO
9361;467;21769;True;CRO
9362;467;22137;True;CRO
9363;467;22283;False;CRO
9364;468;22283;False;CRO
9365;467;22702;True;CRO
9366;468;22702;True;CRO
9367;468;23329;True;CRO
9368;467;23329;True;CRO
9369;467;24143;False;CRO
9370;468;24165;False;CRO
9371;467;24430;False;CRO
9372;467;25560;False;CRO
9373;468;25589;False;CRO
9374;468;25644;False;CRO
9375;467;26207;False;CRO
9376;468;27633;True;CRO
9377;467;28010;True;CRO
9378;467;28383;False;CRO
9379;468;28383;False;CRO
9380;468;29545;False;CRO
9381;468;29790;False;CRO
9382;467;29850;False;CRO
9383;467;29908;False;CRO
9384;468;29990;False;CRO
9385;468;30823;True;CRO
9386;467;31350;True;CRO
9387;468;31657;True;CRO
9388;9100;31889;False;CRO
9389;468;32005;False;CRO
9390;4040;32005;False;CRO
9391;467;32085;False;CRO
9392;4040;32162;False;CRO
9393;4040;32182;False;CRO
9394;4040;32256;False;CRO
9395;467;32468;True;CRO
9396;468;32510;True;CRO
9397;467;33374;True;CRO
9398;468;33925;True;CRO
9399;467;35440;False;CRO
9400;468;36190;False;CRO
9401;467;37340;False;CRO
9402;468;38900;False;CRO
9403;467;39510;False;CRO
9404;468;41430;True;CRO
9405;467;42040;True;CRO
9406;468;43913;True;CRO
9407;467;44775;True;CRO
9408;468;45840;True;CRO
9409;467;47430;False;CRO
9410;468;48008;False;CRO
9411;467;50280;True;CRO
9412;468;50410;True;CRO
9413;468;52910;False;CRO
9414;467;53170;False;CRO
9415;468;55510;True;CRO
9416;467;55990;True;CRO
9417;468;57872;False;CRO
9418;467;58155;False;CRO
9419;468;60053;True;CRO
9420;467;60480;True;CRO
9421;468;61760;True;CRO
9422;467;62440;True;CRO
9423;468;63960;False;CRO
9424;467;64960;False;CRO
9425;468;66560;True;CRO
9426;467;67290;True;CRO
9427;468;69127;False;CRO
9428;467;69494;False;CRO
9429;468;71360;False;CRO
9430;467;71840;False;CRO
9431;468;73760;True;CRO
9432;467;73990;True;CRO
9433;468;76135;False;CRO
9434;467;76190;False;CRO
9435;467;77830;False;CRO
9436;468;77960;True;CRO
9437;467;79584;True;CRO
9438;468;80060;True;CRO
9439;467;80526;False;CRO
9440;467;81009;True;CRO
9441;468;81009;True;CRO
9442;4024;81032;True;CRO
9443;4024;81325;False;CRO
9444;468;81325;False;CRO
9445;467;81390;False;CRO
9446;468;81716;True;CRO
9447;467;83025;True;CRO
9448;468;83324;False;CRO
9449;467;92570;False;CRO
9450;467;93895;True;CRO
9451;468;93935;True;CRO
9452;468;95847;False;CRO
9453;467;104000;False;CRO
9454;467;105750;True;CRO
9455;468;105790;True;CRO
9456;468;107235;False;CRO
9457;467;114094;False;CRO
9458;467;115652;True;CRO
9459;468;116590;True;CRO
9460;467;117330;True;CRO
9461;468;118220;True;CRO
9462;468;119910;False;CRO
9463;467;128392;False;CRO
9464;468;130110;True;CRO
9465;467;130205;True;CRO
9466;468;131710;False;CRO
9467;467;137950;False;CRO
9468;467;139027;False;CRO
9469;467;139571;True;CRO
9470;468;140379;True;CRO
9471;467;141018;True;CRO
9472;468;142124;False;CRO
9473;468;142587;False;CRO
9474;468;143730;False;CRO
9475;467;152999;False;CRO
9476;468;154730;True;CRO
9477;467;154755;True;CRO
9478;468;156330;False;CRO
9479;467;166300;False;CRO
9480;467;168341;True;CRO
9481;468;169260;True;CRO
9482;468;170743;False;CRO
9483;467;179530;False;CRO
9484;467;181240;True;CRO
9485;470;268;True;CRO
9486;470;1733;False;CRO
9487;469;2648;True;CRO
9488;472;33852;True;CRO
9489;471;35015;True;CRO
9490;472;35121;False;CRO
9491;472;36945;True;CRO
9492;471;37362;True;CRO
9493;472;38491;False;CRO
9494;471;39034;False;CRO
9495;472;40195;True;CRO
9496;471;40970;True;CRO
9497;472;42195;False;CRO
9498;471;42608;False;CRO
9499;472;44083;True;CRO
9500;471;44672;True;CRO
9501;472;46085;False;CRO
9502;471;46583;False;CRO
9503;472;46776;False;CRO
9504;471;48217;False;CRO
9505;472;49450;True;CRO
9506;471;50132;True;CRO
9507;472;50922;True;CRO
9508;471;51323;True;CRO
9509;474;50745;True;CRO
9510;473;51246;True;CRO
9511;475;2020;True;CRO
9512;476;37150;True;CRO
9513;483;2541;True;CRO
9514;483;3764;False;CRO
9515;483;4610;True;CRO
9516;483;11020;True;CRO
9517;483;12818;False;CRO
9518;483;12874;False;CRO
9519;483;14610;True;CRO
9520;483;23080;True;CRO
9521;483;25150;True;CRO
9522;483;25705;False;CRO
9523;1397;25705;False;CRO
9524;1397;27217;False;CRO
9525;483;27217;False;CRO
9526;1397;33088;True;CRO
9527;483;33088;True;CRO
9528;483;34925;False;CRO
9529;1397;34961;False;CRO
9530;483;34981;False;CRO
9531;1397;35015;False;CRO
9532;1397;36825;True;CRO
9533;483;36825;True;CRO
9534;483;43873;True;CRO
9535;1397;44218;True;CRO
9536;483;44218;False;CRO
9537;1397;45507;False;CRO
9538;483;45508;False;CRO
9539;483;45884;True;CRO
9540;1397;45884;True;CRO
9541;483;46441;True;CRO
9542;483;46578;False;CRO
9543;483;48110;False;CRO
9544;483;51532;False;CRO
9545;483;53781;False;CRO
9546;483;53827;False;CRO
9547;483;55634;True;CRO
9548;483;63230;False;CRO
9549;483;64951;True;CRO
9550;1398;65577;False;CRO
9551;483;65577;False;CRO
9552;483;67238;False;CRO
9553;1398;67238;False;CRO
9554;1398;73944;False;CRO
9555;1398;74359;True;CRO
9556;483;74359;True;CRO
9557;483;75797;False;CRO
9558;1398;75797;False;CRO
9559;483;76276;True;CRO
9560;483;77160;False;CRO
9561;483;77946;False;CRO
9562;483;87728;True;CRO
9563;483;89344;False;CRO
9564;483;89400;False;CRO
9565;483;90860;False;CRO
9566;483;98807;False;CRO
9567;483;100260;True;CRO
9568;483;100931;False;CRO
9569;4055;100931;False;CRO
9570;483;101723;False;CRO
9571;4055;101723;False;CRO
9572;483;102518;True;CRO
9573;483;104011;False;CRO
9574;483;113765;False;CRO
9575;483;115490;True;CRO
9576;483;116140;False;CRO
9577;483;116950;False;CRO
9578;483;117720;False;CRO
9579;483;128387;False;CRO
9580;483;129546;True;CRO
9581;483;129932;False;CRO
9582;4052;130325;True;CRO
9583;483;130400;True;CRO
9584;4053;130400;False;CRO
9585;4060;229;False;CRO
9586;4060;409;True;CRO
9587;488;600;False;CRO
9588;488;865;True;CRO
9589;488;1151;False;CRO
9590;488;2650;False;CRO
9591;488;2856;False;CRO
9592;488;8831;False;CRO
9593;488;9775;True;CRO
9594;488;10428;False;CRO
9595;488;11449;False;CRO
9596;488;15343;False;CRO
9597;488;15654;False;CRO
9598;488;17430;True;CRO
9599;488;18025;False;CRO
9600;4061;18137;False;CRO
9601;8962;18137;False;CRO
9602;8962;18479;False;CRO
9603;4061;18515;False;CRO
9604;488;18601;True;CRO
9605;488;19054;True;CRO
9606;488;20640;False;CRO
9607;488;21078;False;CRO
9608;488;47476;False;CRO
9609;488;47692;False;CRO
9610;488;48191;False;CRO
9611;488;48475;False;CRO
9612;488;49312;True;CRO
9613;488;49862;False;CRO
9614;488;73199;True;CRO
9615;488;73817;False;CRO
9616;488;74962;False;CRO
9617;8635;74962;False;CRO
9618;8635;75470;False;CRO
9619;488;75470;False;CRO
9620;489;76157;True;CRO
9621;489;76559;False;CRO
9622;489;77315;False;CRO
9623;489;92150;True;CRO
9624;491;93664;False;CRO
9625;492;94598;True;CRO
9626;491;94732;True;CRO
9627;492;96415;False;CRO
9628;491;99598;True;CRO
9629;491;114040;False;CRO
9630;491;114335;False;CRO
9631;491;114540;True;CRO
9632;492;116925;True;CRO
9633;492;117125;False;CRO
9634;492;118610;False;CRO
9635;491;119333;True;CRO
9636;492;123335;True;CRO
9637;491;134190;True;CRO
9638;491;134370;False;CRO
9639;491;135825;False;CRO
9640;490;138175;True;CRO
9641;490;139575;False;CRO
9642;490;139710;False;CRO
9643;490;164131;False;CRO
9644;490;164941;True;CRO
9645;490;165907;False;CRO
9646;4063;165907;False;CRO
9647;490;166138;False;CRO
9648;4063;166138;False;CRO
9649;490;167519;True;CRO
9650;490;168253;False;CRO
9651;490;181148;True;CRO
9652;490;199993;True;CRO
9653;490;201913;True;CRO
9654;490;204198;True;CRO
9655;490;205418;True;CRO
9656;4079;658;False;CRO
9657;4076;658;True;CRO
9658;4128;713;False;CRO
9659;4079;826;True;CRO
9660;4093;903;True;CRO
9661;4092;903;True;CRO
9662;4086;903;True;CRO
9663;4091;903;True;CRO
9664;4119;918;True;CRO
9665;4109;918;True;CRO
9666;4073;945;True;CRO
9667;4090;945;True;CRO
9668;4099;1224;True;CRO
9669;4098;1224;True;CRO
9670;497;1230;True;CRO
9671;1401;1230;True;CRO
9672;4096;1235;True;CRO
9673;4097;1235;True;CRO
9674;498;1285;True;CRO
9675;1404;1285;True;CRO
9676;497;1685;True;CRO
9677;1401;1685;True;CRO
9678;1404;1805;True;CRO
9679;498;1805;True;CRO
9680;497;2399;False;CRO
9681;1401;2399;False;CRO
9682;1404;3012;False;CRO
9683;498;3012;True;CRO
9684;497;3116;False;CRO
9685;1401;3116;False;CRO
9686;4089;3325;True;CRO
9687;498;3512;False;CRO
9688;1404;3512;False;CRO
9689;4089;3540;False;CRO
9690;497;3717;True;CRO
9691;1401;3839;True;CRO
9692;497;3875;False;CRO
9693;498;3976;True;CRO
9694;1401;8647;False;CRO
9695;497;8872;False;CRO
9696;1401;9418;True;CRO
9697;1404;9507;True;CRO
9698;498;9508;True;CRO
9699;1401;9658;False;CRO
9700;497;9820;True;CRO
9701;1404;10203;False;CRO
9702;498;10203;False;CRO
9703;1401;10590;False;CRO
9704;497;10590;False;CRO
9705;1404;10930;False;CRO
9706;498;10930;False;CRO
9707;1401;11503;False;CRO
9708;497;11503;False;CRO
9709;1404;11595;False;CRO
9710;498;11595;False;CRO
9711;498;12230;True;CRO
9712;1404;12302;True;CRO
9713;1401;12486;False;CRO
9714;497;12486;False;CRO
9715;498;12985;False;CRO
9716;1404;12990;False;CRO
9717;1401;13162;False;CRO
9718;497;13162;False;CRO
9719;1401;13443;False;CRO
9720;498;13690;False;CRO
9721;1404;13737;False;CRO
9722;1401;13905;True;CRO
9723;497;13905;True;CRO
9724;498;13985;False;CRO
9725;498;14487;False;CRO
9726;1404;14496;True;CRO
9727;497;14770;False;CRO
9728;1401;14770;False;CRO
9729;498;15352;True;CRO
9730;1404;15356;False;CRO
9731;1401;15467;False;CRO
9732;497;15467;False;CRO
9733;1401;15700;False;CRO
9734;498;15913;True;CRO
9735;1404;15913;False;CRO
9736;1401;15975;False;CRO
9737;497;15975;True;CRO
9738;498;16484;True;CRO
9739;497;16487;True;CRO
9740;4146;16487;False;CRO
9741;1404;16488;False;CRO
9742;1401;16506;True;CRO
9743;4135;16511;False;CRO
9744;497;16676;False;CRO
9745;498;16676;False;CRO
9746;4146;16786;True;CRO
9747;497;16786;False;CRO
9748;1401;16909;False;CRO
9749;4135;16909;False;CRO
9750;498;16933;False;CRO
9751;1401;17480;True;CRO
9752;497;17480;True;CRO
9753;498;17500;True;CRO
9754;1404;17500;True;CRO
9755;1404;18615;True;CRO
9756;498;18615;True;CRO
9757;498;18891;False;CRO
9758;497;18891;True;CRO
9759;1404;19880;False;CRO
9760;498;19880;False;CRO
9761;1401;20220;False;CRO
9762;497;20220;False;CRO
9763;498;21304;True;CRO
9764;1404;21466;True;CRO
9765;1401;21524;True;CRO
9766;497;21551;True;CRO
9767;497;22007;False;CRO
9768;498;22252;True;CRO
9769;1404;22252;True;CRO
9770;1401;22543;True;CRO
9771;497;22543;True;CRO
9772;1404;23125;False;CRO
9773;1401;23404;True;CRO
9774;1404;23733;False;CRO
9775;4130;23733;False;CRO
9776;498;23733;False;CRO
9777;4133;23733;False;CRO
9778;4133;24090;True;CRO
9779;1401;24090;False;CRO
9780;497;24244;False;CRO
9781;1404;24487;True;CRO
9782;498;25242;False;CRO
9783;1404;25242;True;CRO
9784;1401;25624;True;CRO
9785;1404;25772;True;CRO
9786;497;25944;False;CRO
9787;1404;25988;False;CRO
9788;1404;26409;False;CRO
9789;1401;26624;False;CRO
9790;498;26973;True;CRO
9791;1404;27013;False;CRO
9792;1401;27198;True;CRO
9793;497;27277;False;CRO
9794;1404;27524;True;CRO
9795;1401;28589;True;CRO
9796;497;28589;False;CRO
9797;1404;28624;True;CRO
9798;498;28624;False;CRO
9799;1401;29478;True;CRO
9800;498;29505;True;CRO
9801;1404;29505;True;CRO
9802;1401;29914;False;CRO
9803;497;29935;True;CRO
9804;498;30510;True;CRO
9805;1404;30577;True;CRO
9806;1401;30930;True;CRO
9807;1404;31210;False;CRO
9808;497;31293;False;CRO
9809;1401;31680;True;CRO
9810;1404;32159;True;CRO
9811;1401;32160;True;CRO
9812;498;32161;True;CRO
9813;497;32391;True;CRO
9814;1401;32395;True;CRO
9815;498;32810;True;CRO
9816;498;33570;False;CRO
9817;498;34015;False;CRO
9818;497;34354;True;CRO
9819;498;34935;False;CRO
9820;497;35840;False;CRO
9821;498;36755;False;CRO
9822;497;37353;False;CRO
9823;498;38598;False;CRO
9824;497;38760;False;CRO
9825;498;39993;True;CRO
9826;497;40084;True;CRO
9827;497;40675;True;CRO
9828;498;41541;True;CRO
9829;1402;42190;True;CRO
9830;497;42190;True;CRO
9831;1405;42975;False;CRO
9832;498;42975;False;CRO
9833;1402;43620;False;CRO
9834;497;43620;False;CRO
9835;1405;44440;False;CRO
9836;498;44440;False;CRO
9837;1402;45120;False;CRO
9838;497;45120;False;CRO
9839;1405;45936;True;CRO
9840;498;45936;True;CRO
9841;1402;46025;False;CRO
9842;1402;46708;True;CRO
9843;497;46708;True;CRO
9844;1405;47497;True;CRO
9845;1402;47499;True;CRO
9846;498;47499;True;CRO
9847;497;47732;True;CRO
9848;1402;47743;False;CRO
9849;1405;47743;False;CRO
9850;498;48402;True;CRO
9851;498;48610;False;CRO
9852;497;49493;True;CRO
9853;498;50310;False;CRO
9854;497;51293;False;CRO
9855;498;52188;False;CRO
9856;497;53119;False;CRO
9857;498;53702;False;CRO
9858;497;55138;True;CRO
9859;498;55204;True;CRO
9860;498;56785;False;CRO
9861;497;57125;False;CRO
9862;498;58407;False;CRO
9863;497;58628;False;CRO
9864;498;59808;True;CRO
9865;497;60405;True;CRO
9866;497;61108;False;CRO
9867;498;61108;False;CRO
9868;1403;61820;False;CRO
9869;497;61820;False;CRO
9870;1406;62760;False;CRO
9871;498;62761;False;CRO
9872;497;63485;False;CRO
9873;1403;63485;False;CRO
9874;1406;64340;False;CRO
9875;498;64340;False;CRO
9876;1403;65070;False;CRO
9877;497;65070;False;CRO
9878;498;66010;True;CRO
9879;1406;66010;True;CRO
9880;497;66680;True;CRO
9881;1403;66680;True;CRO
9882;1406;67736;False;CRO
9883;498;67737;False;CRO
9884;497;67740;True;CRO
9885;1403;68007;False;CRO
9886;497;68063;False;CRO
9887;498;68540;True;CRO
9888;497;68940;True;CRO
9889;498;69307;False;CRO
9890;497;69557;False;CRO
9891;498;69560;False;CRO
9892;498;70927;False;CRO
9893;497;71271;False;CRO
9894;498;72402;False;CRO
9895;497;73086;True;CRO
9896;498;74070;True;CRO
9897;497;74698;False;CRO
9898;498;75418;False;CRO
9899;497;76237;False;CRO
9900;498;76325;False;CRO
9901;498;76840;False;CRO
9902;498;77612;True;CRO
9903;497;77656;True;CRO
9904;497;77994;True;CRO
9905;498;78274;True;CRO
9906;497;79300;False;CRO
9907;497;79384;False;CRO
9908;498;79680;False;CRO
9909;497;80941;False;CRO
9910;498;81286;False;CRO
9911;497;82448;False;CRO
9912;498;83012;False;CRO
9913;497;83935;False;CRO
9914;498;84563;False;CRO
9915;498;85068;False;CRO
9916;497;85342;True;CRO
9917;498;86131;False;CRO
9918;497;86269;False;CRO
9919;498;86305;True;CRO
9920;4141;86528;True;CRO
9921;4087;86965;False;CRO
9922;498;86965;True;CRO
9923;8638;87042;False;CRO
9924;4120;87061;True;CRO
9925;4126;87104;True;CRO
9926;4077;87106;True;CRO
9927;8638;87250;True;CRO
9928;498;87284;False;CRO
9929;497;87430;False;CRO
9930;4087;87430;True;CRO
9931;4115;87578;False;CRO
9932;497;88173;True;CRO
9933;498;88880;True;CRO
9934;497;88917;True;CRO
9935;497;89574;False;CRO
9936;497;90150;False;CRO
9937;498;90583;False;CRO
9938;497;91174;False;CRO
9939;498;92205;False;CRO
9940;497;92796;False;CRO
9941;498;93867;True;CRO
9942;497;94361;True;CRO
9943;498;95261;False;CRO
9944;497;95920;False;CRO
9945;498;96691;False;CRO
9946;497;97466;False;CRO
9947;498;98216;False;CRO
9948;497;99011;True;CRO
9949;498;99535;True;CRO
9950;497;100393;False;CRO
9951;498;100799;False;CRO
9952;497;101876;False;CRO
9953;498;102210;False;CRO
9954;497;103327;False;CRO
9955;498;103939;True;CRO
9956;497;104757;True;CRO
9957;498;105560;True;CRO
9958;498;106212;False;CRO
9959;498;107108;False;CRO
9960;498;107108;False;CRO
9961;497;107773;True;CRO
9962;498;108601;False;CRO
9963;498;108601;False;CRO
9964;497;109325;False;CRO
9965;498;110140;False;CRO
9966;497;110896;False;CRO
9967;498;111556;False;CRO
9968;497;112447;True;CRO
9969;498;113110;True;CRO
9970;497;114244;False;CRO
9971;498;114769;False;CRO
9972;497;115804;False;CRO
9973;498;116334;False;CRO
9974;497;117531;False;CRO
9975;498;118890;True;CRO
9976;497;119184;True;CRO
9977;498;119704;False;CRO
9978;497;120712;False;CRO
9979;498;121233;False;CRO
9980;497;122218;False;CRO
9981;498;122650;True;CRO
9982;497;122660;True;CRO
9983;498;123329;True;CRO
9984;497;123775;True;CRO
9985;498;123995;False;CRO
9986;4144;123995;True;CRO
9987;4144;124710;False;CRO
9988;4142;124914;True;CRO
9989;497;124914;True;CRO
9990;498;125410;True;CRO
9991;498;126216;False;CRO
9992;497;126530;True;CRO
9993;498;126880;False;CRO
9994;497;128115;False;CRO
9995;498;128552;False;CRO
9996;497;129790;False;CRO
9997;498;129886;False;CRO
9998;498;131316;False;CRO
9999;497;131390;False;CRO
10000;498;132526;False;CRO
10001;497;132980;True;CRO
10002;498;133934;True;CRO
10003;497;134537;False;CRO
10004;498;135366;False;CRO
10005;497;136206;False;CRO
10006;498;136838;False;CRO
10007;497;137808;False;CRO
10008;498;138571;False;CRO
10009;497;139416;True;CRO
10010;498;140357;True;CRO
10011;497;141070;True;CRO
10012;498;142077;False;CRO
10013;497;142540;False;CRO
10014;498;143713;False;CRO
10015;497;144130;False;CRO
10016;498;145434;False;CRO
10017;497;145532;True;CRO
10018;497;146902;True;CRO
10019;498;147070;True;CRO
10020;4078;147354;False;CRO
10021;4078;147588;False;CRO
10022;4081;147588;False;CRO
10023;498;147722;False;CRO
10024;4102;147843;False;CRO
10025;4370;147962;False;CRO
10026;4078;148125;True;CRO
10027;4370;148138;True;CRO
10028;497;148311;False;CRO
10029;498;148540;True;CRO
10030;497;148824;True;CRO
10031;498;150065;False;CRO
10032;497;151458;False;CRO
10033;498;151862;False;CRO
10034;497;153178;False;CRO
10035;498;153540;False;CRO
10036;497;154830;False;CRO
10037;498;155314;False;CRO
10038;497;156458;False;CRO
10039;498;156972;True;CRO
10040;497;157963;True;CRO
10041;498;158670;True;CRO
10042;497;159410;True;CRO
10043;498;160296;False;CRO
10044;497;160878;True;CRO
10045;498;162085;True;CRO
10046;497;162560;False;CRO
10047;498;163761;False;CRO
10048;497;164275;False;CRO
10049;498;165546;False;CRO
10050;497;165940;False;CRO
10051;498;167083;True;CRO
10052;497;167630;True;CRO
10053;498;168835;True;CRO
10054;498;169215;False;CRO
10055;498;170215;False;CRO
10056;4143;170353;True;CRO
10057;497;170353;True;CRO
10058;498;171585;True;CRO
10059;497;171882;True;CRO
10060;498;173072;False;CRO
10061;497;173446;False;CRO
10062;498;174521;False;CRO
10063;497;174987;False;CRO
10064;498;176175;False;CRO
10065;497;176695;False;CRO
10066;498;177694;True;CRO
10067;497;178319;True;CRO
10068;498;179400;False;CRO
10069;497;180060;False;CRO
10070;498;181078;False;CRO
10071;497;181855;False;CRO
10072;498;182772;False;CRO
10073;497;183609;False;CRO
10074;498;184572;True;CRO
10075;497;185406;True;CRO
10076;1408;186102;True;CRO
10077;498;186416;True;CRO
10078;1408;186488;False;CRO
10079;497;186982;False;CRO
10080;498;187370;True;CRO
10081;498;188890;False;CRO
10082;497;189090;True;CRO
10083;498;189590;False;CRO
10084;497;190090;False;CRO
10085;498;190469;False;CRO
10086;498;191170;True;CRO
10087;497;191170;True;CRO
10088;497;192210;True;CRO
10089;498;192210;True;CRO
10090;498;192910;False;CRO
10091;497;193230;False;CRO
10092;497;193260;False;CRO
10093;498;193652;False;CRO
10094;498;193710;False;CRO
10095;497;194900;False;CRO
10096;497;195060;False;CRO
10097;498;195512;False;CRO
10098;498;195570;False;CRO
10099;497;196590;True;CRO
10100;498;197210;True;CRO
10101;498;197760;False;CRO
10102;497;197780;False;CRO
10103;497;198220;False;CRO
10104;497;198880;True;CRO
10105;498;198910;True;CRO
10106;498;199864;False;CRO
10107;497;199864;False;CRO
10108;498;200618;True;CRO
10109;497;200618;True;CRO
10110;498;201420;False;CRO
10111;497;201553;False;CRO
10112;497;201635;False;CRO
10113;498;201890;False;CRO
10114;498;202238;False;CRO
10115;497;202960;False;CRO
10116;497;203485;True;CRO
10117;498;203956;False;CRO
10118;498;204280;True;CRO
10119;497;205440;False;CRO
10120;497;205498;False;CRO
10121;498;205633;False;CRO
10122;498;206480;False;CRO
10123;497;207103;False;CRO
10124;498;207326;False;CRO
10125;497;207390;False;CRO
10126;497;207755;False;CRO
10127;498;208272;False;CRO
10128;498;208275;False;CRO
10129;498;208472;True;CRO
10130;497;208690;True;CRO
10131;498;209029;False;CRO
10132;497;209594;True;CRO
10133;498;209627;False;CRO
10134;498;210048;True;CRO
10135;497;210048;True;CRO
10136;498;210273;False;CRO
10137;497;210273;False;CRO
10138;497;210758;True;CRO
10139;1409;210758;True;CRO
10140;1410;210758;True;CRO
10141;4372;210765;True;CRO
10142;498;210765;True;CRO
10143;1399;210765;False;CRO
10144;1409;211189;False;CRO
10145;1410;211189;False;CRO
10146;4372;211259;False;CRO
10147;498;211259;False;CRO
10148;497;211259;False;CRO
10149;498;211777;True;CRO
10150;497;211777;True;CRO
10151;498;212160;False;CRO
10152;497;212432;True;CRO
10153;498;212812;True;CRO
10154;497;213598;True;CRO
10155;497;213737;False;CRO
10156;498;213912;False;CRO
10157;498;214080;True;CRO
10158;497;214738;True;CRO
10159;498;215380;False;CRO
10160;497;216337;True;CRO
10161;498;217126;False;CRO
10162;497;217912;False;CRO
10163;498;219485;False;CRO
10164;497;220008;False;CRO
10165;498;221890;True;CRO
10166;497;222212;True;CRO
10167;498;224280;False;CRO
10168;497;224581;False;CRO
10169;498;226728;True;CRO
10170;497;226974;True;CRO
10171;498;228884;False;CRO
10172;497;229004;False;CRO
10173;498;231052;False;CRO
10174;497;231367;False;CRO
10175;497;233250;True;CRO
10176;498;233449;True;CRO
10177;497;234811;True;CRO
10178;498;235165;True;CRO
10179;497;236492;True;CRO
10180;498;236999;False;CRO
10181;497;238178;False;CRO
10182;498;238780;True;CRO
10183;497;240010;True;CRO
10184;498;241110;False;CRO
10185;497;241525;False;CRO
10186;498;242661;False;CRO
10187;497;243566;False;CRO
10188;498;244452;True;CRO
10189;497;245757;True;CRO
10190;498;246191;True;CRO
10191;8639;246272;True;CRO
10192;497;246744;False;CRO
10193;8639;246950;False;CRO
10194;498;247794;True;CRO
10195;498;250319;False;CRO
10196;497;252450;True;CRO
10197;498;253113;True;CRO
10198;497;255036;False;CRO
10199;498;255765;True;CRO
10200;497;257030;True;CRO
10201;498;258431;True;CRO
10202;497;258681;False;CRO
10203;8637;258931;False;CRO
10204;498;260062;True;CRO
10205;497;260523;True;CRO
10206;498;262072;False;CRO
10207;497;264904;False;CRO
10208;497;267310;True;CRO
10209;498;268757;True;CRO
10210;497;269615;True;CRO
10211;498;270795;False;CRO
10212;497;272380;False;CRO
10213;498;272998;True;CRO
10214;498;274665;False;CRO
10215;497;275115;True;CRO
10216;498;275326;True;CRO
10217;498;276321;False;CRO
10218;497;276321;False;CRO
10219;8636;276398;True;CRO
10220;497;277155;True;CRO
10221;498;277155;True;CRO
10222;497;277328;False;CRO
10223;498;278014;False;CRO
10224;497;278537;True;CRO
10225;497;280776;False;CRO
10226;497;280890;False;CRO
10227;498;280992;True;CRO
10228;497;282492;False;CRO
10229;498;282492;False;CRO
10230;497;282548;False;CRO
10231;498;282608;False;CRO
10232;497;284105;False;CRO
10233;497;284216;False;CRO
10234;498;286260;True;CRO
10235;497;287990;True;CRO
10236;498;289095;True;CRO
10237;497;290534;True;CRO
10238;498;291057;False;CRO
10239;497;292045;False;CRO
10240;497;293020;False;CRO
10241;498;293128;False;CRO
10242;498;295308;True;CRO
10243;497;295411;True;CRO
10244;498;297270;False;CRO
10245;497;297492;False;CRO
10246;498;297763;False;CRO
10247;497;297835;False;CRO
10248;498;298960;True;CRO
10249;497;298960;True;CRO
10250;4121;299449;True;CRO
10251;497;299848;True;CRO
10252;4110;299848;True;CRO
10253;498;299848;False;CRO
10254;498;300255;False;CRO
10255;497;300255;False;CRO
10256;4110;300293;False;CRO
10257;4103;300303;False;CRO
10258;4121;300343;False;CRO
10259;498;300514;True;CRO
10260;497;300640;True;CRO
10261;498;300692;False;CRO
10262;498;301910;False;CRO
10263;497;302067;False;CRO
10264;498;302351;False;CRO
10265;497;302370;False;CRO
10266;498;307456;True;CRO
10267;497;307645;True;CRO
10268;498;309761;False;CRO
10269;497;310306;False;CRO
10270;498;312260;False;CRO
10271;497;312643;False;CRO
10272;498;314428;False;CRO
10273;497;315050;True;CRO
10274;498;317023;True;CRO
10275;497;317514;True;CRO
10276;498;318956;False;CRO
10277;497;319813;True;CRO
10278;498;320921;True;CRO
10279;497;322017;True;CRO
10280;498;322652;True;CRO
10281;497;324765;True;CRO
10282;498;324960;False;CRO
10283;497;327371;False;CRO
10284;498;327772;False;CRO
10285;497;330134;True;CRO
10286;498;330570;True;CRO
10287;497;332686;False;CRO
10288;498;333069;False;CRO
10289;497;335525;True;CRO
10290;498;335683;True;CRO
10291;498;336158;True;CRO
10292;4104;336202;True;CRO
10293;497;336286;True;CRO
10294;498;336590;False;CRO
10295;4138;336590;True;CRO
10296;497;337257;False;CRO
10297;4138;337336;True;CRO
10298;497;337636;True;CRO
10299;498;337636;True;CRO
10300;498;339299;False;CRO
10301;497;339301;False;CRO
10302;497;339439;False;CRO
10303;498;341320;False;CRO
10304;497;341334;False;CRO
10305;498;343225;False;CRO
10306;497;343378;False;CRO
10307;498;343487;False;CRO
10308;498;345336;True;CRO
10309;497;346178;True;CRO
10310;497;347619;False;CRO
10311;498;348184;False;CRO
10312;497;348279;False;CRO
10313;498;349958;False;CRO
10314;497;350241;False;CRO
10315;498;350998;False;CRO
10316;498;352341;True;CRO
10317;497;352630;True;CRO
10318;498;352666;False;CRO
10319;497;353220;True;CRO
10320;498;353220;True;CRO
10321;497;354677;False;CRO
10322;498;354874;False;CRO
10323;497;355194;False;CRO
10324;498;357302;True;CRO
10325;497;357649;True;CRO
10326;498;359217;False;CRO
10327;497;360429;False;CRO
10328;498;360785;False;CRO
10329;498;361710;True;CRO
10330;497;361880;False;CRO
10331;498;362222;False;CRO
10332;497;362561;True;CRO
10333;497;363353;False;CRO
10334;498;364053;False;CRO
10335;497;364651;False;CRO
10336;498;366106;True;CRO
10337;497;366383;True;CRO
10338;498;367889;False;CRO
10339;497;368517;False;CRO
10340;498;368517;False;CRO
10341;497;368832;False;CRO
10342;498;368832;False;CRO
10343;498;369823;False;CRO
10344;498;369998;True;CRO
10345;497;369999;True;CRO
10346;497;370326;True;CRO
10347;1412;370419;True;CRO
10348;498;370419;True;CRO
10349;1411;371099;True;CRO
10350;497;371169;False;CRO
10351;498;371169;True;CRO
10352;1414;371290;False;CRO
10353;497;371315;True;CRO
10354;1407;371519;True;CRO
10355;1412;371519;True;CRO
10356;1407;371643;False;CRO
10357;1412;371665;False;CRO
10358;1407;371745;True;CRO
10359;1412;371800;True;CRO
10360;497;371962;True;CRO
10361;498;371976;True;CRO
10362;1414;371980;True;CRO
10363;1412;372082;False;CRO
10364;1414;372304;True;CRO
10365;497;372304;False;CRO
10366;498;372360;False;CRO
10367;498;372709;False;CRO
10368;4100;372713;False;CRO
10369;4088;372713;False;CRO
10370;497;372754;False;CRO
10371;4124;372755;False;CRO
10372;4088;372819;False;CRO
10373;498;372852;False;CRO
10374;4100;372852;False;CRO
10375;4088;372920;False;CRO
10376;4122;372941;False;CRO
10377;4088;372991;False;CRO
10378;497;372994;False;CRO
10379;4116;373020;False;CRO
10380;498;373020;False;CRO
10381;4124;373046;False;CRO
10382;4100;373049;False;CRO
10383;4127;373056;False;CRO
10384;4129;373063;False;CRO
10385;4088;373162;False;CRO
10386;4129;373336;False;CRO
10387;4127;373338;False;CRO
10388;4088;373355;False;CRO
10389;4124;373387;False;CRO
10390;4122;373401;False;CRO
10391;497;373440;False;CRO
10392;4100;373442;False;CRO
10393;4088;373443;False;CRO
10394;4116;373474;False;CRO
10395;498;373512;False;CRO
10396;498;373872;True;CRO
10397;497;374310;True;CRO
10398;498;374977;False;CRO
10399;497;374980;False;CRO
10400;498;375288;True;CRO
10401;497;375506;True;CRO
10402;498;376460;False;CRO
10403;497;377618;False;CRO
10404;498;378480;False;CRO
10405;497;380140;True;CRO
10406;498;380466;True;CRO
10407;497;382502;False;CRO
10408;498;382520;False;CRO
10409;497;384600;True;CRO
10410;498;384610;True;CRO
10411;498;386750;False;CRO
10412;498;388340;True;CRO
10413;497;392295;False;CRO
10414;497;393795;True;CRO
10415;498;397163;True;CRO
10416;498;398861;False;CRO
10417;497;401491;True;CRO
10418;498;404659;True;CRO
10419;497;408014;False;CRO
10420;497;409414;True;CRO
10421;498;410174;True;CRO
10422;497;410854;False;CRO
10423;498;412383;True;CRO
10424;498;413783;False;CRO
10425;497;416440;True;CRO
10426;497;417880;False;CRO
10427;498;421248;True;CRO
10428;498;423110;False;CRO
10429;497;424475;False;CRO
10430;497;426000;True;CRO
10431;498;427463;True;CRO
10432;498;429721;True;CRO
10433;498;431460;False;CRO
10434;497;434950;True;CRO
10435;497;436495;False;CRO
10436;498;437810;True;CRO
10437;497;438640;True;CRO
10438;498;439860;False;CRO
10439;498;440562;True;CRO
10440;497;444060;True;CRO
10441;498;447543;True;CRO
10442;498;448947;False;CRO
10443;498;453077;True;CRO
10444;498;453923;True;CRO
10445;4112;454019;True;CRO
10446;4112;454281;False;CRO
10447;497;454324;True;CRO
10448;498;454517;True;CRO
10449;498;456031;False;CRO
10450;498;457385;True;CRO
10451;497;461555;True;CRO
10452;497;463075;False;CRO
10453;498;464782;True;CRO
10454;497;465385;True;CRO
10455;498;467128;True;CRO
10456;498;468970;False;CRO
10457;497;470482;False;CRO
10458;497;471982;False;CRO
10459;498;472702;True;CRO
10460;497;473528;True;CRO
10461;4131;474386;False;CRO
10462;497;474404;True;CRO
10463;498;474428;True;CRO
10464;4139;474429;False;CRO
10465;4136;474429;False;CRO
10466;497;474798;True;CRO
10467;4139;474823;True;CRO
10468;4136;474823;True;CRO
10469;4131;474830;True;CRO
10470;498;474830;True;CRO
10471;497;475595;True;CRO
10472;498;475695;True;CRO
10473;497;475695;False;CRO
10474;497;477214;True;CRO
10475;498;477270;False;CRO
10476;498;478843;False;CRO
10477;497;480585;False;CRO
10478;497;482161;True;CRO
10479;498;483269;True;CRO
10480;498;484873;False;CRO
10481;497;488522;False;CRO
10482;497;490035;True;CRO
10483;498;491350;True;CRO
10484;498;494100;True;CRO
10485;498;495612;False;CRO
10486;497;499410;True;CRO
10487;497;501057;False;CRO
10488;498;502278;False;CRO
10489;498;502480;False;CRO
10490;497;503741;True;CRO
10491;498;503793;True;CRO
10492;497;504215;False;CRO
10493;498;504215;False;CRO
10494;4105;504215;False;CRO
10495;4118;504811;True;CRO
10496;4105;504811;True;CRO
10497;497;504914;True;CRO
10498;497;505160;True;CRO
10499;497;505390;False;CRO
10500;498;505548;True;CRO
10501;497;506767;False;CRO
10502;498;507713;False;CRO
10503;497;509984;False;CRO
10504;497;511629;True;CRO
10505;498;512056;True;CRO
10506;498;513570;False;CRO
10507;497;517085;False;CRO
10508;497;518736;True;CRO
10509;498;519245;True;CRO
10510;497;520580;False;CRO
10511;498;521790;False;CRO
10512;498;523155;True;CRO
10513;497;526387;True;CRO
10514;497;527842;False;CRO
10515;498;529380;False;CRO
10516;498;529922;False;CRO
10517;497;530184;True;CRO
10518;498;530450;True;CRO
10519;498;530696;False;CRO
10520;497;530747;True;CRO
10521;4106;531025;False;CRO
10522;497;531079;True;CRO
10523;497;531330;True;CRO
10524;498;531457;True;CRO
10525;497;532975;True;CRO
10526;498;533100;True;CRO
10527;497;535422;False;CRO
10528;497;536956;True;CRO
10529;498;539032;True;CRO
10530;498;540655;True;CRO
10531;498;542327;False;CRO
10532;497;543630;False;CRO
10533;497;545648;True;CRO
10534;498;546680;True;CRO
10535;498;548365;False;CRO
10536;497;550442;False;CRO
10537;497;551945;True;CRO
10538;498;552893;True;CRO
10539;497;554145;True;CRO
10540;498;555262;True;CRO
10541;498;556612;False;CRO
10542;497;558776;False;CRO
10543;497;560476;False;CRO
10544;498;560576;True;CRO
10545;497;562071;True;CRO
10546;498;562071;False;CRO
10547;498;562124;True;CRO
10548;498;562702;False;CRO
10549;4113;562710;False;CRO
10550;4107;563060;True;CRO
10551;497;563060;False;CRO
10552;4113;563079;True;CRO
10553;498;563079;True;CRO
10554;497;563545;True;CRO
10555;498;563638;True;CRO
10556;497;564131;False;CRO
10557;497;565155;False;CRO
10558;498;565155;True;CRO
10559;498;566123;False;CRO
10560;497;566705;False;CRO
10561;498;568787;True;CRO
10562;497;569470;True;CRO
10563;498;571622;False;CRO
10564;497;572370;True;CRO
10565;498;574231;False;CRO
10566;497;575258;False;CRO
10567;498;577083;True;CRO
10568;497;578000;True;CRO
10569;498;579668;True;CRO
10570;498;581086;False;CRO
10571;497;584784;True;CRO
10572;497;586700;True;CRO
10573;498;588367;True;CRO
10574;497;589074;True;CRO
10575;498;590297;True;CRO
10576;498;591697;False;CRO
10577;497;593870;False;CRO
10578;497;595406;True;CRO
10579;498;597270;True;CRO
10580;498;598796;False;CRO
10581;497;600262;True;CRO
10582;498;601793;False;CRO
10583;498;603020;True;CRO
10584;497;603060;True;CRO
10585;498;603477;False;CRO
10586;4114;603510;False;CRO
10587;497;603655;False;CRO
10588;4114;603914;False;CRO
10589;497;604444;True;CRO
10590;498;604444;True;CRO
10591;497;604985;False;CRO
10592;497;605900;False;CRO
10593;498;607301;False;CRO
10594;497;607536;False;CRO
10595;498;610114;True;CRO
10596;497;610178;True;CRO
10597;497;612669;False;CRO
10598;498;612937;False;CRO
10599;497;615598;False;CRO
10600;498;615606;False;CRO
10601;498;616320;False;CRO
10602;497;617432;True;CRO
10603;498;617733;True;CRO
10604;4108;617975;False;CRO
10605;498;618158;False;CRO
10606;4108;618443;True;CRO
10607;497;619486;True;CRO
10608;498;620292;False;CRO
10609;498;620325;False;CRO
10610;497;620507;False;CRO
10611;497;621438;True;CRO
10612;498;621518;True;CRO
10613;498;621936;True;CRO
10614;497;621937;True;CRO
10615;4140;622024;True;CRO
10616;4145;622024;True;CRO
10617;4132;622093;True;CRO
10618;4134;622093;True;CRO
10619;506;140000;True;BLGV
10620;505;140000;True;BLGV
10621;506;150000;True;BLGV
10622;505;160000;True;BLGV
10623;506;160000;True;BLGV
10624;506;170000;True;BLGV
10625;505;170000;True;BLGV
10626;507;180000;True;BLGV
10627;508;180000;True;BLGV
10628;507;180560;False;CRO
10629;508;180579;True;CRO
10630;507;180610;False;CRO
10631;508;180910;False;CRO
10632;507;181317;True;CRO
10633;508;181590;False;CRO
10634;508;182490;True;CRO
10635;510;4250;True;CRO
10636;510;4994;False;CRO
10637;510;5260;False;CRO
10638;510;6300;True;CRO
10639;509;17390;True;CRO
10640;510;21550;True;CRO
10641;509;38837;False;CRO
10642;509;40259;True;CRO
10643;510;40652;True;CRO
10644;510;41420;False;CRO
10645;510;42960;True;CRO
10646;509;53970;False;CRO
10647;509;54888;False;CRO
10648;509;55433;True;CRO
10649;4382;55860;True;CRO
10650;510;55860;True;CRO
10651;509;55860;True;CRO
10652;509;56188;False;CRO
10653;510;56753;True;CRO
10654;510;57636;False;CRO
10655;510;58260;False;CRO
10656;509;79631;True;CRO
10657;509;81330;False;CRO
10658;510;81641;True;CRO
10659;510;82096;False;CRO
10660;509;83106;True;CRO
10661;509;84468;False;CRO
10662;510;84501;True;CRO
10663;510;84724;False;CRO
10664;510;84844;False;CRO
10665;509;84901;False;CRO
10666;510;85551;True;CRO
10667;510;86220;False;CRO
10668;510;87198;False;CRO
10669;509;89780;False;CRO
10670;510;91554;True;CRO
10671;509;91613;True;CRO
10672;510;93260;False;CRO
10673;509;95594;False;CRO
10674;509;97090;False;CRO
10675;509;97656;True;CRO
10676;510;97807;True;CRO
10677;510;98683;True;CRO
10678;4384;98684;True;CRO
10679;4383;98695;True;CRO
10680;509;99060;True;CRO
10681;4384;99078;False;CRO
10682;4383;99082;False;CRO
10683;510;99697;True;CRO
10684;509;100114;True;CRO
10685;510;100665;True;CRO
10686;509;100754;True;CRO
10687;510;101541;False;CRO
10688;510;103231;True;CRO
10689;509;110465;False;CRO
10690;509;112215;True;CRO
10691;510;112660;True;CRO
10692;510;113918;True;CRO
10693;509;114589;True;CRO
10694;510;115290;False;CRO
10695;509;120193;False;CRO
10696;510;120754;True;CRO
10697;509;121902;True;CRO
10698;510;122234;False;CRO
10699;509;127120;True;CRO
10700;509;128851;False;CRO
10701;510;129148;True;CRO
10702;509;130548;True;CRO
10703;510;130972;False;CRO
10704;510;132509;True;CRO
10705;509;138963;True;CRO
10706;509;139820;False;CRO
10707;510;140895;True;CRO
10708;509;141116;True;CRO
10709;509;141869;True;CRO
10710;8644;142180;True;CRO
10711;1417;142180;False;CRO
10712;1416;142180;True;CRO
10713;1416;142655;False;CRO
10714;8644;142860;False;CRO
10715;1417;143020;True;CRO
10716;511;1283;True;CRO
10717;512;1283;True;CRO
10718;511;1685;True;CRO
10719;512;1805;True;CRO
10720;511;1870;True;CRO
10721;512;2035;False;CRO
10722;512;2040;False;CRO
10723;511;2400;True;CRO
10724;511;2540;True;CRO
10725;512;2675;True;CRO
10726;512;2780;True;CRO
10727;511;3116;True;CRO
10728;4408;3340;False;CRO
10729;511;3340;False;CRO
10730;511;3360;False;CRO
10731;4408;3360;False;CRO
10732;512;3515;True;CRO
10733;511;3764;True;CRO
10734;512;3764;True;CRO
10735;4408;3764;True;CRO
10736;512;4730;False;CRO
10737;511;4730;False;CRO
10738;512;4780;True;CRO
10739;511;4780;True;CRO
10740;512;5515;False;CRO
10741;511;5515;False;CRO
10742;512;5568;True;CRO
10743;511;5568;False;CRO
10744;511;5900;True;BLGV
10745;512;5900;True;BLGV
10746;511;6000;True;BLGV
10747;512;6000;True;BLGV
10748;511;6270;False;CRO
10749;512;6270;False;CRO
10750;511;6290;False;CRO
10751;512;6290;False;CRO
10752;512;6990;False;CRO
10753;511;6990;False;CRO
10754;512;8488;False;CRO
10755;511;8488;False;CRO
10756;511;9280;False;CRO
10757;512;9280;False;CRO
10758;511;10000;True;BLGV
10759;512;10000;True;BLGV
10760;512;10315;False;CRO
10761;511;10315;False;CRO
10762;512;10390;False;CRO
10763;511;10390;False;CRO
10764;511;11320;True;CRO
10765;512;11320;True;CRO
10766;511;12587;False;CRO
10767;512;12587;False;CRO
10768;512;12610;False;CRO
10769;511;12610;False;CRO
10770;511;13845;False;CRO
10771;512;13845;False;CRO
10772;512;13879;False;CRO
10773;511;13945;True;CRO
10774;4410;14130;True;CRO
10775;4409;14130;True;CRO
10776;4409;14615;True;CRO
10777;4410;14615;True;CRO
10778;512;14841;True;CRO
10779;511;14841;True;CRO
10780;511;15978;False;CRO
10781;512;15978;False;CRO
10782;511;16050;False;CRO
10783;512;16050;False;CRO
10784;511;16417;False;CRO
10785;512;16417;False;CRO
10786;512;18318;False;CRO
10787;511;18318;False;CRO
10788;512;20000;True;BLGV
10789;511;20000;True;BLGV
10790;512;30000;True;BLGV
10791;511;30000;True;BLGV
10792;511;40000;True;BLGV
10793;512;40000;True;BLGV
10794;512;50000;True;BLGV
10795;511;50000;True;BLGV
10796;511;59942;True;BLGV
10797;512;60000;True;BLGV
10798;512;70000;True;BLGV
10799;511;70000;True;BLGV
10800;512;80000;True;BLGV
10801;511;80000;True;BLGV
10802;511;90000;True;BLGV
10803;512;90000;True;BLGV
10804;511;100000;True;BLGV
10805;512;100000;True;BLGV
10806;512;110000;True;BLGV
10807;511;110000;True;BLGV
10808;512;120000;True;BLGV
10809;511;120000;True;BLGV
10810;512;130000;True;BLGV
10811;511;130000;True;BLGV
10812;512;140000;True;BLGV
10813;511;140000;True;BLGV
10814;512;150000;True;BLGV
10815;511;150000;True;BLGV
10816;512;160000;True;BLGV
10817;511;160000;True;BLGV
10818;512;170000;True;BLGV
10819;511;170000;True;BLGV
10820;512;180000;True;BLGV
10821;511;180000;True;BLGV
10822;511;190000;True;BLGV
10823;512;190000;True;BLGV
10824;511;200000;True;BLGV
10825;512;200000;True;BLGV
10826;511;210000;True;BLGV
10827;512;210000;True;BLGV
10828;512;215060;False;CRO
10829;511;215060;False;CRO
10830;511;215292;False;CRO
10831;512;215292;False;CRO
10832;511;216305;False;CRO
10833;511;217312;True;CRO
10834;512;217315;False;CRO
10835;512;218140;True;CRO
10836;511;218140;True;CRO
10837;512;219498;False;CRO
10838;511;219498;False;CRO
10839;512;219518;False;CRO
10840;511;219538;False;CRO
10841;512;220000;True;BLGV
10842;511;220000;True;BLGV
10843;511;220437;False;CRO
10844;512;220437;False;CRO
10845;512;221892;False;CRO
10846;511;221892;False;CRO
10847;511;222634;False;CRO
10848;512;222634;True;CRO
10849;511;224114;False;CRO
10850;512;224645;False;CRO
10851;511;224697;False;CRO
10852;512;224697;False;CRO
10853;511;226457;True;CRO
10854;512;226816;False;CRO
10855;512;226868;False;CRO
10856;512;226868;False;CRO
10857;511;226868;False;CRO
10858;511;228713;False;CRO
10859;512;228987;False;CRO
10860;512;229039;False;CRO
10861;511;229039;False;CRO
10862;512;230000;True;BLGV
10863;511;230000;True;BLGV
10864;512;230760;False;CRO
10865;511;230990;True;CRO
10866;512;231550;True;CRO
10867;513;300;True;CRO
10868;514;1580;True;CRO
10869;515;1617;True;CRO
10870;519;215416;True;CRO
10871;520;216700;True;CRO
10872;521;215935;True;CRO
10873;522;803;True;CRO
10874;523;615;True;CRO
10875;523;1918;False;CRO
10876;525;376472;True;CRO
10877;525;377212;False;CRO
10878;524;378298;True;CRO
10879;525;378600;False;CRO
10880;525;380849;False;CRO
10881;524;380993;False;CRO
10882;525;383124;True;CRO
10883;524;383791;True;CRO
10884;525;385620;False;CRO
10885;524;386490;False;CRO
10886;525;388417;True;CRO
10887;524;388850;True;CRO
10888;525;391061;False;CRO
10889;524;391475;False;CRO
10890;525;393607;True;CRO
10891;524;394200;True;CRO
10892;525;396462;False;CRO
10893;524;396990;False;CRO
10894;525;399210;True;CRO
10895;524;399590;True;CRO
10896;524;401193;False;CRO
10897;525;401794;False;CRO
10898;524;401888;False;CRO
10899;4447;401891;False;CRO
10900;525;402084;False;CRO
10901;524;402087;False;CRO
10902;524;402835;False;CRO
10903;524;403413;True;CRO
10904;525;403413;True;CRO
10905;524;403637;False;CRO
10906;525;405210;False;CRO
10907;524;405210;False;CRO
10908;524;410366;True;CRO
10909;524;412130;False;CRO
10910;525;412968;False;CRO
10911;525;414277;False;CRO
10912;525;414498;True;CRO
10913;525;415932;True;CRO
10914;524;417513;False;CRO
10915;524;419115;True;CRO
10916;524;419900;False;CRO
10917;524;421522;False;CRO
10918;525;422385;False;CRO
10919;525;424035;False;CRO
10920;524;428399;False;CRO
10921;525;428399;False;CRO
10922;524;428399;False;CRO
10923;524;430240;True;CRO
10924;525;430240;True;CRO
10925;525;430289;False;CRO
10926;524;430951;False;CRO
10927;8645;430951;False;CRO
10928;525;430951;False;CRO
10929;8645;431415;False;CRO
10930;524;431418;False;CRO
10931;525;431418;False;CRO
10932;525;432060;True;CRO
10933;524;432214;True;CRO
10934;524;433518;False;CRO
10935;525;433705;True;CRO
10936;524;433705;True;CRO
10937;524;440789;True;CRO
10938;525;440789;True;CRO
10939;524;441995;False;CRO
10940;525;442040;False;CRO
10941;524;442459;False;CRO
10942;525;442483;False;CRO
10943;525;443670;True;CRO
10944;524;443670;True;CRO
10945;525;451137;False;CRO
10946;524;451190;False;CRO
10947;525;451300;False;CRO
10948;524;451360;False;CRO
10949;525;452672;True;CRO
10950;525;452728;False;CRO
10951;524;452750;True;CRO
10952;4449;453610;False;CRO
10953;525;453610;False;CRO
10954;4448;453620;False;CRO
10955;524;453795;False;CRO
10956;527;531454;True;CRO
10957;527;532455;True;CRO
10958;527;546110;True;CRO
10959;527;546903;True;CRO
10960;4454;546914;True;CRO
10961;528;2872;True;CRO
10962;528;2922;False;CRO
10963;528;3974;True;CRO
10964;528;13684;True;CRO
10965;528;16332;True;CRO
10966;528;26790;True;CRO
10967;529;210273;True;CRO
10968;530;210758;True;CRO
10969;529;210758;True;CRO
10970;529;211201;True;CRO
10971;530;211259;True;CRO
10972;529;211768;False;CRO
10973;4461;211768;True;CRO
10974;530;211768;False;CRO
10975;529;211788;False;CRO
10976;4461;211788;False;CRO
10977;530;211788;False;CRO
10978;529;212300;False;CRO
10979;530;212300;False;CRO
10980;1419;212300;True;CRO
10981;529;212370;True;CRO
10982;1418;212512;True;CRO
10983;530;212985;True;CRO
10984;530;213546;True;CRO
10985;529;213965;True;CRO
10986;530;214395;True;CRO
10987;530;215310;False;CRO
10988;529;216540;False;CRO
10989;530;217026;False;CRO
10990;529;219190;True;CRO
10991;530;219895;True;CRO
10992;529;221940;False;CRO
10993;530;222645;True;CRO
10994;529;224400;True;CRO
10995;530;224645;False;CRO
10996;530;226910;False;CRO
10997;529;227140;False;CRO
10998;530;229252;True;CRO
10999;529;229587;True;CRO
11000;530;231510;True;CRO
11001;529;232140;False;CRO
11002;530;233940;False;CRO
11003;529;234690;False;CRO
11004;530;236370;False;CRO
11005;529;237134;False;CRO
11006;530;239067;True;CRO
11007;529;239620;True;CRO
11008;530;241770;False;CRO
11009;529;242355;False;CRO
11010;530;244510;True;CRO
11011;529;245040;True;CRO
11012;530;247010;True;CRO
11013;529;247790;True;CRO
11014;530;249510;False;CRO
11015;529;250590;False;CRO
11016;530;252260;False;CRO
11017;529;253291;True;CRO
11018;530;253730;True;CRO
11019;529;255980;False;CRO
11020;530;257210;True;CRO
11021;529;258443;True;CRO
11022;530;258857;False;CRO
11023;1420;258875;True;CRO
11024;529;259350;False;CRO
11025;1420;259650;True;CRO
11026;530;259988;True;CRO
11027;529;262110;True;CRO
11028;530;262130;True;CRO
11029;530;264760;False;CRO
11030;529;264890;False;CRO
11031;530;267260;True;CRO
11032;529;267640;True;CRO
11033;530;270060;False;CRO
11034;529;270440;False;CRO
11035;530;272860;True;CRO
11036;529;273250;True;CRO
11037;530;275560;False;CRO
11038;529;276040;False;CRO
11039;530;278260;True;CRO
11040;529;278578;True;CRO
11041;530;280446;False;CRO
11042;529;280985;False;CRO
11043;530;283115;False;CRO
11044;529;283595;False;CRO
11045;530;285562;True;CRO
11046;529;286395;True;CRO
11047;530;287995;True;CRO
11048;529;288036;True;CRO
11049;530;290320;False;CRO
11050;530;292560;True;CRO
11051;529;293144;True;CRO
11052;530;294660;False;CRO
11053;529;295940;False;CRO
11054;530;296660;False;CRO
11055;530;298760;False;CRO
11056;529;298800;False;CRO
11057;530;300678;True;CRO
11058;529;301475;True;CRO
11059;530;302178;True;CRO
11060;529;304103;True;CRO
11061;530;304806;True;CRO
11062;529;305990;False;CRO
11063;529;306088;True;CRO
11064;532;4200;True;CRO
11065;532;4773;True;CRO
11066;533;1125;True;CRO
11067;534;1930;True;CRO
11068;533;2418;True;CRO
11069;534;2682;False;CRO
11070;533;3680;True;CRO
11071;537;392620;True;CRO
11072;539;392916;False;CRO
11073;538;393805;True;CRO
11074;1422;428497;True;CRO
11075;1421;428890;True;CRO
11076;541;260787;True;CRO
11077;541;261810;False;CRO
11078;544;50655;True;CRO
11079;544;55985;True;CRO
11080;544;56655;False;CRO
11081;544;57011;False;CRO
11082;544;58015;True;CRO
11083;546;374050;True;CRO
11084;545;374224;True;CRO
11085;546;375116;False;CRO
11086;545;376355;True;CRO
11087;546;376422;True;CRO
11088;545;378311;False;CRO
11089;546;378623;False;CRO
11090;545;380392;True;CRO
11091;545;382284;True;CRO
11092;546;383388;True;CRO
11093;545;384293;True;CRO
11094;546;385410;True;CRO
11095;546;386910;False;CRO
11096;545;388078;False;CRO
11097;545;390068;True;CRO
11098;546;392756;True;CRO
11099;546;394721;False;CRO
11100;545;398455;True;CRO
11101;545;400088;False;CRO
11102;546;400257;True;CRO
11103;546;401793;False;CRO
11104;545;405645;True;CRO
11105;545;407432;True;CRO
11106;546;408370;True;CRO
11107;545;409012;False;CRO
11108;545;410520;False;CRO
11109;545;411037;False;CRO
11110;545;412552;False;CRO
11111;545;415657;False;CRO
11112;545;417547;False;CRO
11113;545;422616;False;CRO
11114;545;424263;False;CRO
11115;545;427112;False;CRO
11116;545;433006;False;CRO
11117;545;434773;False;CRO
11118;545;437682;True;CRO
11119;545;439835;False;CRO
11120;546;441027;False;CRO
11121;545;441148;False;CRO
11122;546;441649;False;CRO
11123;545;442230;True;CRO
11124;546;442326;True;CRO
11125;549;470087;True;CRO
11126;550;470395;True;CRO
11127;549;471417;False;CRO
11128;549;471453;False;CRO
11129;550;471945;False;CRO
11130;549;480390;False;CRO
11131;549;481840;True;CRO
11132;550;482929;True;CRO
11133;549;483658;True;CRO
11134;550;485233;True;CRO
11135;550;486860;False;CRO
11136;549;491190;True;CRO
11137;549;492690;False;CRO
11138;550;494127;True;CRO
11139;549;494742;True;CRO
11140;550;495708;True;CRO
11141;550;497288;False;CRO
11142;549;504672;True;CRO
11143;549;506622;False;CRO
11144;550;507718;False;CRO
11145;550;508740;False;CRO
11146;549;509143;True;CRO
11147;550;509143;True;CRO
11148;550;510419;True;CRO
11149;549;510532;True;CRO
11150;550;510599;False;CRO
11151;550;511105;False;CRO
11152;549;511217;False;CRO
11153;4494;511239;False;CRO
11154;550;511247;False;CRO
11155;4497;511327;False;CRO
11156;4492;511327;False;CRO
11157;4497;511679;False;CRO
11158;549;511719;False;CRO
11159;4492;511719;False;CRO
11160;549;512411;True;CRO
11161;550;512695;True;CRO
11162;549;514070;False;CRO
11163;550;514195;False;CRO
11164;549;517581;False;CRO
11165;549;518986;True;CRO
11166;550;519617;True;CRO
11167;550;521493;False;CRO
11168;549;525307;False;CRO
11169;549;527256;True;CRO
11170;550;528244;True;CRO
11171;549;529279;False;CRO
11172;550;530499;False;CRO
11173;550;532478;True;CRO
11174;549;537637;False;CRO
11175;549;539599;True;CRO
11176;550;540229;False;CRO
11177;550;541473;True;CRO
11178;549;541687;True;CRO
11179;550;544236;False;CRO
11180;549;544283;False;CRO
11181;550;547120;True;CRO
11182;549;547162;True;CRO
11183;550;549103;False;CRO
11184;549;552655;True;CRO
11185;549;554669;False;CRO
11186;550;556676;True;CRO
11187;550;558088;False;CRO
11188;549;560910;True;CRO
11189;549;562460;False;CRO
11190;550;563142;True;CRO
11191;549;564380;False;CRO
11192;549;564794;True;CRO
11193;550;564928;True;CRO
11194;4495;565393;False;CRO
11195;550;565443;False;CRO
11196;4495;565926;False;CRO
11197;550;565939;False;CRO
11198;549;566044;False;CRO
11199;549;566601;True;CRO
11200;550;566678;True;CRO
11201;549;568015;False;CRO
11202;550;568060;False;CRO
11203;549;568402;False;CRO
11204;550;569433;False;CRO
11205;550;571409;True;CRO
11206;549;572791;True;CRO
11207;549;575044;True;CRO
11208;550;576906;True;CRO
11209;550;578870;False;CRO
11210;549;580525;True;CRO
11211;549;582536;False;CRO
11212;550;583287;True;CRO
11213;550;583973;False;CRO
11214;549;584426;True;CRO
11215;550;584446;True;CRO
11216;550;584811;False;CRO
11217;4493;585208;False;CRO
11218;549;585230;False;CRO
11219;4496;585265;False;CRO
11220;550;585267;False;CRO
11221;549;585940;True;CRO
11222;550;586016;True;CRO
11223;549;587303;False;CRO
11224;549;587395;False;CRO
11225;550;588296;True;CRO
11226;550;590340;True;CRO
11227;550;592215;False;CRO
11228;549;593003;True;CRO
11229;549;595037;False;CRO
11230;550;597654;True;CRO
11231;550;599730;False;CRO
11232;549;601192;True;CRO
11233;549;603282;False;CRO
11234;550;604002;True;CRO
11235;550;606131;False;CRO
11236;549;610098;True;CRO
11237;550;610185;False;CRO
11238;550;611054;False;CRO
11239;550;611470;True;CRO
11240;549;611548;True;CRO
11241;549;612292;True;CRO
11242;550;612353;True;CRO
11243;549;613866;False;CRO
11244;549;614083;False;CRO
11245;550;614548;False;CRO
11246;549;616019;True;CRO
11247;550;617105;True;CRO
11248;550;617376;False;CRO
11249;549;618925;True;CRO
11250;550;618997;True;CRO
11251;550;619343;False;CRO
11252;4499;619415;False;CRO
11253;549;619415;False;CRO
11254;4499;620008;False;CRO
11255;549;620029;False;CRO
11256;550;620087;False;CRO
11257;550;620609;True;CRO
11258;549;620679;True;CRO
11259;549;622440;False;CRO
11260;550;622593;False;CRO
11261;549;622751;False;CRO
11262;550;625358;True;CRO
11263;549;625545;True;CRO
11264;550;627861;False;CRO
11265;549;628344;True;CRO
11266;550;630551;True;CRO
11267;550;632123;False;CRO
11268;549;636240;True;CRO
11269;549;636583;False;CRO
11270;549;637955;True;CRO
11271;550;639450;True;CRO
11272;549;640248;True;CRO
11273;550;641141;True;CRO
11274;550;642457;False;CRO
11275;550;643128;False;CRO
11276;549;645687;False;CRO
11277;550;646975;True;CRO
11278;549;647209;True;CRO
11279;550;648910;False;CRO
11280;549;651540;False;CRO
11281;549;653193;True;CRO
11282;550;653688;True;CRO
11283;549;654699;False;CRO
11284;549;655988;True;CRO
11285;550;656345;False;CRO
11286;550;657850;True;CRO
11287;550;661402;True;CRO
11288;549;661560;True;CRO
11289;550;661812;False;CRO
11290;549;664046;True;CRO
11291;550;664120;True;CRO
11292;550;664395;False;CRO
11293;549;665080;False;CRO
11294;550;665080;False;CRO
11295;549;665550;True;CRO
11296;550;665550;True;CRO
11297;549;666769;False;CRO
11298;550;667073;False;CRO
11299;550;672338;True;CRO
11300;549;672515;True;CRO
11301;550;673990;False;CRO
11302;549;674297;False;CRO
11303;550;678524;True;CRO
11304;549;679201;True;CRO
11305;550;680494;False;CRO
11306;549;680970;False;CRO
11307;550;682439;False;CRO
11308;550;682993;False;CRO
11309;549;683749;True;CRO
11310;550;683750;True;CRO
11311;550;684055;False;CRO
11312;550;684479;False;CRO
11313;4500;684518;False;CRO
11314;4501;684518;False;CRO
11315;4498;684683;False;CRO
11316;549;684683;False;CRO
11317;4501;684899;False;CRO
11318;4500;684936;False;CRO
11319;4498;684978;False;CRO
11320;550;684978;False;CRO
11321;549;684978;False;CRO
11322;548;685363;True;CRO
11323;548;685452;False;CRO
11324;548;686067;False;CRO
11325;548;687210;False;CRO
11326;548;687410;True;CRO
11327;548;705859;True;CRO
11328;548;708176;True;CRO
11329;548;713035;True;CRO
11330;548;717705;True;CRO
11331;548;719675;True;CRO
11332;548;723880;True;CRO
11333;548;738514;True;CRO
11334;548;742732;True;CRO
11335;548;755804;True;CRO
11336;548;760401;True;CRO
11337;548;765990;True;CRO
11338;548;767385;False;CRO
11339;548;767435;False;CRO
11340;548;768080;True;CRO
11341;552;586133;False;CRO
11342;552;587231;True;CRO
11343;552;611842;True;CRO
11344;553;589187;True;CRO
11345;553;589987;False;CRO
11346;553;593987;True;CRO
11347;554;476093;True;CRO
11348;554;523181;False;CRO
11349;555;665550;True;CRO
11350;1423;505756;True;CRO
11351;1423;506819;False;CRO
11352;1423;507320;True;CRO
11353;1424;506581;True;CRO
11354;1424;506880;False;CRO
11355;1424;506985;True;CRO
11356;560;88700;True;CRO
11357;560;90260;True;CRO
11358;560;95290;True;CRO
11359;560;97810;False;CRO
11360;560;101480;True;CRO
11361;560;104710;True;CRO
11362;560;110390;True;CRO
11363;560;113860;True;CRO
11364;560;116390;True;CRO
11365;560;118690;True;CRO
11366;560;122670;True;CRO
11367;560;126410;True;CRO
11368;560;127360;False;CRO
11369;560;135390;True;CRO
11370;560;138310;False;CRO
11371;560;139490;True;CRO
11372;561;215996;False;CRO
11373;8988;284580;False;CRO
11374;8988;285014;False;CRO
11375;4551;285014;False;CRO
11376;8988;285785;False;CRO
11377;4551;285785;False;CRO
11378;8988;286028;False;CRO
11379;8988;286203;False;CRO
11380;8988;287210;False;CRO
11381;8988;287450;False;CRO
11382;8988;318186;True;CRO
11383;8988;319273;False;CRO
11384;8988;321980;False;CRO
11385;8988;323442;True;CRO
11386;8988;325541;True;CRO
11387;8988;325633;False;CRO
11388;8988;326643;True;CRO
11389;562;327288;False;CRO
11390;562;328343;True;CRO
11391;562;335369;True;CRO
11392;562;339510;True;CRO
11393;562;347669;True;CRO
11394;562;351407;True;CRO
11395;562;368059;True;CRO
11396;562;383344;True;CRO
11397;562;385985;True;CRO
11398;562;387194;False;CRO
11399;562;388210;True;CRO
11400;562;412485;False;CRO
11401;562;414008;True;CRO
11402;563;415866;True;CRO
11403;563;417138;False;CRO
11404;563;417293;False;CRO
11405;563;418310;True;CRO
11406;563;419979;False;CRO
11407;563;420025;False;CRO
11408;563;421622;True;CRO
11409;563;432558;True;CRO
11410;563;433658;True;CRO
11411;563;434173;False;CRO
11412;8894;434173;False;CRO
11413;8894;434365;False;CRO
11414;563;434365;False;CRO
11415;563;434917;True;CRO
11416;563;435910;False;CRO
11417;563;446120;True;CRO
11418;563;447823;False;CRO
11419;563;447864;False;CRO
11420;563;449570;True;CRO
11421;563;460423;True;CRO
11422;563;462665;False;CRO
11423;563;463404;False;CRO
11424;563;465144;True;CRO
11425;563;478995;True;CRO
11426;563;480517;False;CRO
11427;563;480561;False;CRO
11428;563;482069;False;CRO
11429;563;485699;True;CRO
11430;563;485921;False;CRO
11431;563;487189;True;CRO
11432;563;487262;False;CRO
11433;566;487653;False;CRO
11434;564;487996;False;CRO
11435;4543;487996;False;CRO
11436;566;488324;False;CRO
11437;4545;488457;False;CRO
11438;4549;488457;False;CRO
11439;565;491698;False;CRO
11440;4544;491700;False;CRO
11441;4546;491772;False;CRO
11442;567;491772;False;CRO
11443;567;492286;True;CRO
11444;567;493150;False;CRO
11445;565;493642;True;CRO
11446;567;494022;False;CRO
11447;567;495831;False;CRO
11448;565;496161;False;CRO
11449;567;497988;True;CRO
11450;565;498384;True;CRO
11451;567;499613;True;CRO
11452;565;499975;False;CRO
11453;565;500564;True;CRO
11454;565;501528;False;CRO
11455;565;502204;True;CRO
11456;567;503196;True;CRO
11457;565;514012;False;CRO
11458;567;514034;True;CRO
11459;565;515312;True;CRO
11460;565;516145;True;CRO
11461;565;516666;False;CRO
11462;567;517561;True;CRO
11463;565;523340;True;CRO
11464;567;526110;True;CRO
11465;567;531146;True;CRO
11466;565;531973;False;CRO
11467;565;533420;True;CRO
11468;567;534804;False;CRO
11469;565;535605;True;CRO
11470;567;535846;True;CRO
11471;567;537146;False;CRO
11472;565;543992;False;CRO
11473;565;545455;True;CRO
11474;567;545511;False;CRO
11475;567;547060;True;CRO
11476;565;554580;True;CRO
11477;567;555779;True;CRO
11478;565;556070;False;CRO
11479;567;557297;True;CRO
11480;565;557720;True;CRO
11481;567;558650;False;CRO
11482;565;570510;True;CRO
11483;567;570960;True;CRO
11484;565;572122;True;CRO
11485;567;572510;False;CRO
11486;565;573045;False;CRO
11487;567;573463;True;CRO
11488;565;573740;True;CRO
11489;567;573983;False;CRO
11490;565;579940;True;CRO
11491;567;583070;True;CRO
11492;565;587390;True;CRO
11493;565;588898;False;CRO
11494;567;590110;True;CRO
11495;565;590772;True;CRO
11496;567;592980;True;CRO
11497;565;593450;True;CRO
11498;567;595667;False;CRO
11499;567;596223;False;CRO
11500;565;596351;False;CRO
11501;567;596928;False;CRO
11502;565;598300;True;CRO
11503;565;599087;True;CRO
11504;567;599368;True;CRO
11505;565;599928;False;CRO
11506;567;600830;False;CRO
11507;565;601490;False;CRO
11508;567;602178;True;CRO
11509;565;603164;True;CRO
11510;567;603810;True;CRO
11511;567;605572;False;CRO
11512;565;605770;False;CRO
11513;567;607301;True;CRO
11514;565;607784;True;CRO
11515;579;1211;False;CRO
11516;578;1505;True;CRO
11517;579;1745;True;CRO
11518;578;2295;False;CRO
11519;579;2846;False;CRO
11520;578;3843;True;CRO
11521;579;4511;True;CRO
11522;583;236210;False;CRO
11523;4582;236210;True;CRO
11524;582;236238;True;CRO
11525;583;236243;False;CRO
11526;583;236478;True;CRO
11527;582;236490;True;CRO
11528;582;236780;False;CRO
11529;582;238546;True;CRO
11530;583;239850;True;CRO
11531;582;241090;True;CRO
11532;583;241905;False;CRO
11533;582;243524;False;CRO
11534;583;244360;True;CRO
11535;583;245830;False;CRO
11536;582;247334;True;CRO
11537;582;248905;False;CRO
11538;583;250350;True;CRO
11539;582;252100;False;CRO
11540;582;253724;True;CRO
11541;583;254010;False;CRO
11542;583;255535;True;CRO
11543;582;256265;False;CRO
11544;582;258335;True;CRO
11545;583;259350;True;CRO
11546;582;260262;True;CRO
11547;583;261354;True;CRO
11548;583;262854;False;CRO
11549;582;263470;True;CRO
11550;582;267790;True;CRO
11551;583;268805;True;CRO
11552;583;271715;True;CRO
11553;583;273215;False;CRO
11554;582;273658;True;CRO
11555;582;275161;True;CRO
11556;583;278055;False;CRO
11557;582;279340;False;CRO
11558;582;280940;True;CRO
11559;583;282971;True;CRO
11560;583;284467;False;CRO
11561;582;286060;True;CRO
11562;583;289653;True;CRO
11563;582;291490;True;CRO
11564;583;295200;True;CRO
11565;582;297040;False;CRO
11566;582;297239;False;CRO
11567;583;297861;True;CRO
11568;582;298554;True;CRO
11569;583;298945;True;CRO
11570;582;299022;True;CRO
11571;582;299711;False;CRO
11572;583;300152;True;CRO
11573;583;300700;False;CRO
11574;582;301047;True;CRO
11575;583;302012;False;CRO
11576;582;308380;True;CRO
11577;583;309037;True;CRO
11578;583;310537;False;CRO
11579;582;317539;False;CRO
11580;582;319151;True;CRO
11581;583;319272;True;CRO
11582;582;320075;False;CRO
11583;582;320807;True;CRO
11584;583;320818;True;CRO
11585;583;322315;False;CRO
11586;582;328716;False;CRO
11587;582;330427;True;CRO
11588;583;330526;False;CRO
11589;583;332145;False;CRO
11590;583;334014;True;CRO
11591;582;338110;True;CRO
11592;582;339609;False;CRO
11593;583;340203;True;CRO
11594;582;341090;False;CRO
11595;582;341233;False;CRO
11596;583;341681;True;CRO
11597;582;342311;True;CRO
11598;4576;342653;True;CRO
11599;582;342670;True;CRO
11600;583;342675;True;CRO
11601;4578;342932;False;CRO
11602;4576;343092;False;CRO
11603;583;343117;False;CRO
11604;4578;343196;True;CRO
11605;582;343196;True;CRO
11606;4581;343196;True;CRO
11607;4573;343377;True;CRO
11608;583;343545;True;CRO
11609;582;343920;True;CRO
11610;583;344558;True;CRO
11611;583;345024;False;CRO
11612;582;345027;True;CRO
11613;583;345126;False;CRO
11614;583;345900;True;CRO
11615;582;345900;True;CRO
11616;583;346661;False;CRO
11617;582;346690;False;CRO
11618;582;347657;False;CRO
11619;583;347720;False;CRO
11620;582;348418;False;CRO
11621;583;348428;False;CRO
11622;583;350060;True;CRO
11623;582;350208;True;CRO
11624;583;351173;False;CRO
11625;582;351175;False;CRO
11626;583;352900;False;CRO
11627;582;352921;False;CRO
11628;583;353840;False;CRO
11629;582;353840;False;CRO
11630;582;355539;True;CRO
11631;583;355540;True;CRO
11632;583;356380;False;CRO
11633;582;356440;False;CRO
11634;582;357181;False;CRO
11635;583;357228;False;CRO
11636;583;357922;True;CRO
11637;582;357973;True;CRO
11638;582;358785;True;CRO
11639;583;358860;True;CRO
11640;582;360720;False;CRO
11641;582;360776;False;CRO
11642;583;360903;False;CRO
11643;582;362990;False;CRO
11644;583;363656;False;CRO
11645;582;364956;True;CRO
11646;583;366248;True;CRO
11647;583;367281;False;CRO
11648;582;367690;False;CRO
11649;583;368947;False;CRO
11650;582;370348;True;CRO
11651;583;371711;True;CRO
11652;582;371955;False;CRO
11653;582;372951;False;CRO
11654;583;374501;True;CRO
11655;582;375240;True;CRO
11656;4570;376730;True;CRO
11657;583;377148;False;CRO
11658;582;377610;True;CRO
11659;582;379244;False;CRO
11660;583;379257;False;CRO
11661;583;379670;False;CRO
11662;583;380899;True;CRO
11663;582;380901;True;CRO
11664;583;381805;True;CRO
11665;582;381819;True;CRO
11666;582;382600;False;CRO
11667;582;383415;False;CRO
11668;583;384550;True;CRO
11669;582;385004;False;CRO
11670;4572;385313;True;CRO
11671;583;386940;True;CRO
11672;583;387760;False;CRO
11673;582;387760;True;CRO
11674;583;389594;False;CRO
11675;582;389652;False;CRO
11676;583;389652;False;CRO
11677;582;390470;False;CRO
11678;582;391250;False;CRO
11679;583;392149;True;CRO
11680;582;393197;True;CRO
11681;583;394508;False;CRO
11682;582;395887;False;CRO
11683;583;395887;False;CRO
11684;582;396025;False;CRO
11685;583;396032;True;CRO
11686;4658;396635;True;CRO
11687;4658;397227;False;CRO
11688;582;397600;True;CRO
11689;583;397614;True;CRO
11690;582;398153;True;CRO
11691;583;398159;True;CRO
11692;582;399606;False;CRO
11693;583;399626;False;CRO
11694;582;399713;False;CRO
11695;583;401377;False;CRO
11696;582;401680;False;CRO
11697;583;403855;False;CRO
11698;582;404190;True;CRO
11699;583;405016;False;CRO
11700;583;405605;True;CRO
11701;582;406680;False;CRO
11702;583;406690;False;CRO
11703;583;407030;False;CRO
11704;583;408398;False;CRO
11705;582;408748;True;CRO
11706;582;410174;False;CRO
11707;582;410593;False;CRO
11708;583;410593;False;CRO
11709;582;412341;True;CRO
11710;583;412698;True;CRO
11711;582;414080;False;CRO
11712;582;415444;False;CRO
11713;583;415444;False;CRO
11714;583;415942;False;CRO
11715;582;416566;False;CRO
11716;583;417195;False;CRO
11717;582;417195;False;CRO
11718;583;419015;True;CRO
11719;582;419193;False;CRO
11720;583;420834;False;CRO
11721;582;421390;True;CRO
11722;583;422084;False;CRO
11723;583;422732;False;CRO
11724;582;423680;True;CRO
11725;583;423685;True;CRO
11726;582;424308;True;CRO
11727;583;424308;True;CRO
11728;582;425651;False;CRO
11729;582;425775;False;CRO
11730;583;425913;False;CRO
11731;582;426631;False;CRO
11732;582;426675;False;CRO
11733;582;427188;True;CRO
11734;583;427285;True;CRO
11735;1435;427478;False;CRO
11736;582;428017;True;CRO
11737;582;428333;True;CRO
11738;1435;428358;False;CRO
11739;583;428487;True;CRO
11740;583;429074;True;CRO
11741;582;429119;True;CRO
11742;583;429585;True;CRO
11743;582;429629;True;CRO
11744;4577;429744;False;CRO
11745;1433;430000;True;CRO
11746;1428;430000;True;CRO
11747;1427;430000;True;CRO
11748;1425;430000;True;CRO
11749;1434;430075;True;CRO
11750;1429;430142;True;CRO
11751;1430;430144;True;CRO
11752;4577;430343;True;CRO
11753;1434;430405;False;CRO
11754;1433;430437;False;CRO
11755;1432;430480;True;CRO
11756;1425;430517;False;CRO
11757;1427;430517;False;CRO
11758;1431;430520;True;CRO
11759;1428;430520;True;CRO
11760;8951;430556;False;CRO
11761;583;430852;True;CRO
11762;582;430856;False;CRO
11763;582;431123;False;CRO
11764;583;431123;True;CRO
11765;582;431357;False;CRO
11766;583;431357;False;CRO
11767;583;433195;False;CRO
11768;582;433195;False;CRO
11769;582;433215;False;CRO
11770;583;433215;False;CRO
11771;582;434624;True;CRO
11772;583;434624;True;CRO
11773;583;434921;False;CRO
11774;583;435280;True;CRO
11775;582;435305;False;CRO
11776;583;435873;True;CRO
11777;582;435882;True;CRO
11778;583;436622;True;CRO
11779;582;436622;True;CRO
11780;582;437344;False;CRO
11781;583;437715;False;CRO
11782;582;438084;False;CRO
11783;583;438262;True;CRO
11784;582;438262;True;CRO
11785;583;440202;True;CRO
11786;582;440405;True;CRO
11787;582;442288;True;CRO
11788;583;442849;False;CRO
11789;582;444174;True;CRO
11790;583;445492;False;CRO
11791;582;445685;False;CRO
11792;583;445740;False;CRO
11793;582;445888;False;CRO
11794;583;445940;False;CRO
11795;582;447090;True;CRO
11796;583;447090;True;CRO
11797;583;447930;True;CRO
11798;582;447930;True;CRO
11799;582;448528;False;CRO
11800;583;448860;False;CRO
11801;582;449187;False;CRO
11802;582;449360;False;CRO
11803;583;450451;False;CRO
11804;582;451490;True;CRO
11805;583;452995;True;CRO
11806;582;453757;False;CRO
11807;583;454889;False;CRO
11808;582;455988;True;CRO
11809;583;456782;False;CRO
11810;583;457039;False;CRO
11811;582;457174;False;CRO
11812;583;457240;False;CRO
11813;582;458387;True;CRO
11814;583;458389;True;CRO
11815;582;459089;True;CRO
11816;583;459111;True;CRO
11817;582;459894;False;CRO
11818;582;460010;False;CRO
11819;583;460300;False;CRO
11820;582;460310;False;CRO
11821;582;461636;False;CRO
11822;583;461736;False;CRO
11823;582;463990;True;CRO
11824;583;463995;True;CRO
11825;582;466310;True;CRO
11826;583;466406;True;CRO
11827;583;466950;False;CRO
11828;582;468172;True;CRO
11829;583;468172;True;CRO
11830;582;468814;False;CRO
11831;582;468834;False;CRO
11832;4574;468834;False;CRO
11833;4579;468834;True;CRO
11834;583;468834;False;CRO
11835;582;469571;False;CRO
11836;4579;469571;False;CRO
11837;583;470536;True;CRO
11838;583;471510;False;CRO
11839;582;472107;True;CRO
11840;583;472451;False;CRO
11841;582;474505;False;CRO
11842;583;474614;True;CRO
11843;582;476577;False;CRO
11844;583;476916;False;CRO
11845;583;478694;True;CRO
11846;582;479029;True;CRO
11847;583;480797;True;CRO
11848;582;481458;True;CRO
11849;583;482886;False;CRO
11850;582;483690;True;CRO
11851;583;485005;False;CRO
11852;582;485381;False;CRO
11853;583;486624;True;CRO
11854;582;487240;True;CRO
11855;583;488044;False;CRO
11856;582;488479;False;CRO
11857;583;489082;True;CRO
11858;582;490339;True;CRO
11859;583;491079;False;CRO
11860;582;491566;False;CRO
11861;582;492064;True;CRO
11862;583;492848;True;CRO
11863;582;493285;True;CRO
11864;583;493786;True;CRO
11865;4575;493786;True;CRO
11866;4580;493786;True;CRO
11867;582;493786;True;CRO
11868;584;494290;False;CRO
11869;4664;494290;False;CRO
11870;4666;494290;False;CRO
11871;4665;494290;False;CRO
11872;584;494520;False;CRO
11873;584;495070;True;CRO
11874;584;495272;False;CRO
11875;584;496607;True;CRO
11876;584;498415;False;CRO
11877;584;499136;True;CRO
11878;584;501017;False;CRO
11879;584;501215;False;CRO
11880;584;502625;False;CRO
11881;584;504009;True;CRO
11882;584;508131;False;CRO
11883;584;508480;True;CRO
11884;584;511458;True;CRO
11885;584;512597;True;CRO
11886;584;515381;True;CRO
11887;584;517680;True;CRO
11888;584;518267;False;CRO
11889;584;519184;False;CRO
11890;584;519235;False;CRO
11891;1437;-24;False;CRO
11892;589;772;False;CRO
11893;589;1082;False;CRO
11894;589;1182;False;CRO
11895;589;2388;False;CRO
11896;589;3395;True;CRO
11897;589;5131;False;CRO
11898;589;7725;False;CRO
11899;589;18020;True;CRO
11900;4676;19983;False;CRO
11901;4676;20570;False;CRO
11902;589;22570;True;CRO
11903;589;29440;True;CRO
11904;589;32100;False;CRO
11905;589;33772;True;CRO
11906;589;39721;True;CRO
11907;589;39975;False;CRO
11908;589;41350;True;CRO
11909;589;41402;False;CRO
11910;590;164905;True;CRO
11911;8986;238;False;CRO
11912;8986;740;False;CRO
11913;8986;1154;False;CRO
11914;8986;1909;False;CRO
11915;8986;3018;True;CRO
11916;8986;14924;True;CRO
11917;8986;16542;False;CRO
11918;8986;17042;False;CRO
11919;8986;19147;True;CRO
11920;8986;33110;True;CRO
11921;8986;34300;False;CRO
11922;8986;34355;False;CRO
11923;8986;34617;False;CRO
11924;9574;37982;True;CRO
11925;9574;38512;False;CRO
11926;9574;53137;False;CRO
11927;9574;56064;False;CRO
11928;9574;67444;False;CRO
11929;9574;68444;False;CRO
11930;9574;69601;False;CRO
11931;9574;70512;False;CRO
11932;9574;71465;False;CRO
11933;9574;71937;True;CRO
11934;9574;87714;False;CRO
11935;9574;90754;False;CRO
11936;9574;91769;False;CRO
11937;9574;95032;True;CRO
11938;9574;115124;True;CRO
11939;9574;117770;True;CRO
11940;9574;120012;True;CRO
11941;9574;120257;False;CRO
11942;9574;123226;True;CRO
11943;9574;124072;False;CRO
11944;9574;124547;False;CRO
11945;9574;137975;True;CRO
11946;9574;139070;False;CRO
11947;9574;139133;False;CRO
11948;9574;139661;False;CRO
11949;9574;141140;True;CRO
11950;9574;146692;True;CRO
11951;9574;147721;False;CRO
11952;9574;147771;False;CRO
11953;9574;148812;False;CRO
11954;9574;149105;False;CRO
11955;9574;150283;True;CRO
11956;8987;152434;True;CRO
11957;8987;152696;False;CRO
11958;8987;202830;True;CRO
11959;8987;223021;False;CRO
11960;8987;224431;False;CRO
11961;8987;226817;False;CRO
11962;8987;231068;False;CRO
11963;8987;232901;False;CRO
11964;8987;239035;True;CRO
11965;4688;240540;False;CRO
11966;8797;240540;False;CRO
11967;8797;240963;False;CRO
11968;4688;240963;False;CRO
11969;8987;241475;True;CRO
11970;8987;242071;False;CRO
11971;8987;243551;False;CRO
11972;8987;243968;False;CRO
11973;8987;245504;False;CRO
11974;593;459;False;CRO
11975;593;1311;False;CRO
11976;593;2014;False;CRO
11977;593;28653;True;CRO
11978;593;32185;True;CRO
11979;593;33076;False;CRO
11980;593;34703;False;CRO
11981;593;36381;True;CRO
11982;593;36810;False;CRO
11983;593;37797;False;CRO
11984;593;37954;False;CRO
11985;596;435;True;CRO
11986;597;435;True;CRO
11987;597;900;True;CRO
11988;596;1020;True;CRO
11989;597;1385;True;CRO
11990;597;1701;True;CRO
11991;596;1709;False;CRO
11992;597;2345;False;CRO
11993;597;3047;False;CRO
11994;596;3264;False;CRO
11995;597;3410;False;CRO
11996;596;4335;False;CRO
11997;596;4335;False;CRO
11998;597;5160;True;CRO
11999;596;5431;True;CRO
12000;597;5960;False;CRO
12001;596;6355;False;CRO
12002;8939;6678;False;CRO
12003;597;6800;True;CRO
12004;596;7352;True;CRO
12005;597;9034;False;CRO
12006;596;9953;False;CRO
12007;597;11614;True;CRO
12008;596;12196;True;CRO
12009;597;14071;True;CRO
12010;596;14760;True;CRO
12011;597;15802;False;CRO
12012;596;16764;False;CRO
12013;597;17772;True;CRO
12014;596;18474;True;CRO
12015;596;19305;False;CRO
12016;597;19810;False;CRO
12017;596;20984;False;CRO
12018;597;22320;True;CRO
12019;596;23378;False;CRO
12020;597;24188;False;CRO
12021;596;24970;True;CRO
12022;597;25599;True;CRO
12023;596;26340;False;CRO
12024;596;26342;False;CRO
12025;596;26375;False;CRO
12026;596;26376;False;CRO
12027;596;26376;False;CRO
12028;597;26970;True;CRO
12029;597;28502;False;CRO
12030;596;36707;True;CRO
12031;597;40767;True;CRO
12032;596;47040;True;CRO
12033;597;50420;True;CRO
12034;596;61340;True;CRO
12035;597;64660;True;CRO
12036;596;73271;False;CRO
12037;596;73824;False;CRO
12038;596;74775;True;CRO
12039;597;75264;True;CRO
12040;596;75278;True;CRO
12041;597;75573;True;CRO
12042;597;75814;False;CRO
12043;596;76272;True;CRO
12044;597;76606;True;CRO
12045;597;77586;False;CRO
12046;597;77971;False;CRO
12047;596;94495;True;CRO
12048;597;99072;True;CRO
12049;596;110985;False;CRO
12050;596;111002;True;CRO
12051;597;114932;True;CRO
12052;596;135190;True;CRO
12053;597;139633;True;CRO
12054;596;153612;True;CRO
12055;597;157211;True;CRO
12056;596;176898;True;CRO
12057;596;177111;False;CRO
12058;596;178020;True;CRO
12059;596;178657;False;CRO
12060;597;178697;True;CRO
12061;4694;178704;False;CRO
12062;4695;178745;False;CRO
12063;4696;178813;False;CRO
12064;4696;179172;True;CRO
12065;596;179174;True;CRO
12066;4695;179174;True;CRO
12067;597;179174;True;CRO
12068;4694;179174;True;CRO
12069;4694;179727;True;CRO
12070;596;180453;True;CRO
12071;597;180456;True;CRO
12072;597;181789;True;CRO
12073;597;183061;False;CRO
12074;596;187180;True;CRO
12075;596;189390;True;CRO
12076;597;190816;True;CRO
12077;596;206223;True;CRO
12078;596;206425;False;CRO
12079;596;207683;True;CRO
12080;597;208027;True;CRO
12081;4691;208078;True;CRO
12082;596;208078;True;CRO
12083;596;208567;True;CRO
12084;597;209094;True;CRO
12085;597;209295;True;CRO
12086;597;210295;False;CRO
12087;597;217125;True;CRO
12088;596;233756;True;CRO
12089;597;237236;True;CRO
12090;596;249590;True;CRO
12091;597;250770;True;CRO
12092;596;250915;True;CRO
12093;598;4340;True;CRO
12094;598;7315;True;CRO
12095;604;291;True;CRO
12096;606;291;True;CRO
12097;604;1092;False;CRO
12098;606;1265;False;CRO
12099;604;1738;False;CRO
12100;606;2334;False;CRO
12101;606;3870;True;CRO
12102;606;9285;True;CRO
12103;604;9688;True;CRO
12104;606;10790;False;CRO
12105;606;11175;False;CRO
12106;604;11202;False;CRO
12107;604;11258;False;CRO
12108;606;12737;True;CRO
12109;604;12925;True;CRO
12110;606;20573;True;CRO
12111;604;20573;True;CRO
12112;606;21482;False;CRO
12113;606;22070;False;CRO
12114;604;22271;False;CRO
12115;603;22795;True;CRO
12116;603;24469;False;CRO
12117;603;25564;False;CRO
12118;603;27189;True;CRO
12119;4731;27437;True;CRO
12120;603;27437;False;CRO
12121;4731;27842;False;CRO
12122;603;27842;False;CRO
12123;603;28057;True;CRO
12124;603;29568;False;CRO
12125;603;32865;False;CRO
12126;603;34485;True;CRO
12127;603;34982;False;CRO
12128;4732;34982;False;CRO
12129;603;35708;False;CRO
12130;4732;35708;False;CRO
12131;603;35920;True;CRO
12132;603;37410;False;CRO
12133;603;40239;False;CRO
12134;603;41954;True;CRO
12135;4733;42185;True;CRO
12136;603;42185;False;CRO
12137;603;42741;False;CRO
12138;4733;42741;False;CRO
12139;603;42945;True;CRO
12140;603;44489;False;CRO
12141;603;47443;True;CRO
12142;603;47720;False;CRO
12143;603;49277;True;CRO
12144;605;49853;False;CRO
12145;607;49853;True;CRO
12146;605;50467;True;CRO
12147;605;51420;False;CRO
12148;607;51540;False;CRO
12149;607;58944;True;CRO
12150;605;59645;True;CRO
12151;605;60455;False;CRO
12152;607;60455;True;CRO
12153;607;61010;False;CRO
12154;605;61180;False;CRO
12155;605;61770;False;CRO
12156;607;62647;True;CRO
12157;605;62724;False;CRO
12158;605;64560;True;CRO
12159;607;70540;False;CRO
12160;605;70540;False;CRO
12161;607;70710;False;CRO
12162;605;70710;False;CRO
12163;607;72001;False;CRO
12164;605;72456;True;CRO
12165;607;72456;True;CRO
12166;605;73276;False;CRO
12167;4730;73276;True;CRO
12168;607;73276;True;CRO
12169;4729;73740;True;CRO
12170;607;73805;False;CRO
12171;605;73805;True;CRO
12172;4730;73996;False;CRO
12173;605;74542;True;CRO
12174;607;74542;False;CRO
12175;607;74750;True;CRO
12176;605;76460;True;CRO
12177;607;77053;False;CRO
12178;607;78927;True;CRO
12179;605;83560;False;CRO
12180;605;85379;True;CRO
12181;607;86309;True;CRO
12182;607;88190;False;CRO
12183;605;91845;False;CRO
12184;605;93731;True;CRO
12185;607;94591;True;CRO
12186;605;95735;True;CRO
12187;607;96498;True;CRO
12188;607;98493;False;CRO
12189;605;101155;True;CRO
12190;605;103159;False;CRO
12191;605;105457;True;CRO
12192;607;106040;True;CRO
12193;607;107080;False;CRO
12194;607;107641;True;CRO
12195;605;107686;True;CRO
12196;607;108182;True;CRO
12197;605;108186;False;CRO
12198;605;108236;False;CRO
12199;605;109806;True;CRO
12200;607;110113;True;CRO
12201;605;118995;True;CRO
12202;605;120890;True;CRO
12203;607;121734;True;CRO
12204;605;123093;True;CRO
12205;607;123739;True;CRO
12206;607;125715;True;CRO
12207;605;130320;True;CRO
12208;605;132290;False;CRO
12209;605;134979;False;CRO
12210;605;135090;False;CRO
12211;607;136542;True;CRO
12212;607;137889;False;CRO
12213;605;137889;True;CRO
12214;607;137939;False;CRO
12215;608;957;True;CRO
12216;608;1391;False;CRO
12217;608;2291;False;CRO
12218;608;3856;True;CRO
12219;610;927;True;CRO
12220;610;1067;False;CRO
12221;610;1855;False;CRO
12222;610;2190;False;CRO
12223;610;13425;True;CRO
12224;610;17485;True;CRO
12225;610;25980;True;CRO
12226;610;26300;False;CRO
12227;610;27388;True;CRO
12228;610;27683;False;CRO
12229;4747;27733;False;CRO
12230;610;28275;False;CRO
12231;4747;28279;False;CRO
12232;610;28720;True;CRO
12233;610;29647;False;CRO
12234;610;29910;False;CRO
12235;610;34940;True;CRO
12236;610;35490;False;CRO
12237;610;36197;False;CRO
12238;610;36247;False;CRO
12239;610;36871;False;CRO
12240;611;35919;True;CRO
12241;616;31770;True;CRO
12242;615;32022;True;CRO
12243;616;32472;True;CRO
12244;615;32624;True;CRO
12245;616;33362;True;CRO
12246;615;33690;True;CRO
12247;616;34420;True;CRO
12248;615;34995;False;CRO
12249;616;35537;True;CRO
12250;615;36094;False;CRO
12251;615;37125;True;CRO
12252;616;38110;False;CRO
12253;615;38455;True;CRO
12254;616;39290;False;CRO
12255;615;39685;False;CRO
12256;616;40531;True;CRO
12257;615;40790;False;CRO
12258;615;41920;True;CRO
12259;616;42565;False;CRO
12260;615;43035;False;CRO
12261;616;44178;False;CRO
12262;615;44208;False;CRO
12263;615;45520;False;CRO
12264;616;46310;True;CRO
12265;615;46667;True;CRO
12266;616;47842;False;CRO
12267;615;48155;False;CRO
12268;616;49335;False;CRO
12269;615;49665;False;CRO
12270;616;50956;True;CRO
12271;615;51178;True;CRO
12272;615;52427;False;CRO
12273;616;52520;False;CRO
12274;615;53710;False;CRO
12275;616;54004;False;CRO
12276;615;54955;True;CRO
12277;4753;55481;True;CRO
12278;616;55508;True;CRO
12279;615;55517;True;CRO
12280;615;55992;True;CRO
12281;616;56010;True;CRO
12282;4752;56467;True;CRO
12283;614;56578;False;CRO
12284;614;56624;False;CRO
12285;614;57414;True;CRO
12286;614;58040;False;CRO
12287;614;74760;True;CRO
12288;614;79110;True;CRO
12289;614;90545;True;CRO
12290;614;93360;True;CRO
12291;614;97106;False;CRO
12292;614;98479;True;CRO
12293;4756;98768;True;CRO
12294;614;98768;False;CRO
12295;614;99340;True;CRO
12296;614;101068;True;CRO
12297;614;117004;True;CRO
12298;614;121640;True;CRO
12299;614;130650;True;CRO
12300;614;132953;True;CRO
12301;614;135020;True;CRO
12302;614;137220;True;CRO
12303;614;143767;True;CRO
12304;614;148100;True;CRO
12305;614;157485;True;CRO
12306;614;160903;True;CRO
12307;614;163890;True;CRO
12308;614;167265;True;CRO
12309;614;174315;True;CRO
12310;614;175615;True;CRO
12311;614;178594;True;CRO
12312;614;179840;True;CRO
12313;614;181780;False;CRO
12314;614;188320;True;CRO
12315;614;192730;True;CRO
12316;614;204190;True;CRO
12317;614;205840;False;CRO
12318;614;206420;False;CRO
12319;614;208725;True;CRO
12320;614;212440;True;CRO
12321;614;218142;True;CRO
12322;614;219480;False;CRO
12323;614;220134;False;CRO
12324;614;221415;True;CRO
12325;614;222860;True;CRO
12326;614;226175;True;CRO
12327;614;229358;True;CRO
12328;614;232493;True;CRO
12329;614;233693;True;CRO
12330;618;2782;True;CRO
12331;619;3490;True;CRO
12332;618;3515;True;CRO
12333;619;3741;False;CRO
12334;618;3764;False;CRO
12335;618;4017;False;CRO
12336;619;4132;False;CRO
12337;619;4250;False;CRO
12338;619;4560;True;CRO
12339;618;4710;True;CRO
12340;618;5080;True;CRO
12341;618;5620;True;CRO
12342;618;5865;True;CRO
12343;9010;24100;True;CRO
12344;622;26114;True;CRO
12345;622;73400;True;CRO
12346;626;32628;True;CRO
12347;629;237910;True;CRO
12348;628;237910;True;CRO
12349;629;238540;True;CRO
12350;628;239863;True;CRO
12351;628;241619;True;CRO
12352;629;243670;True;CRO
12353;628;244360;True;CRO
12354;629;246430;True;CRO
12355;628;246506;True;CRO
12356;628;248541;True;CRO
12357;629;249282;True;CRO
12358;628;250460;False;CRO
12359;629;252080;False;CRO
12360;629;261470;True;CRO
12361;628;262746;True;CRO
12362;629;263768;True;CRO
12363;628;265086;True;CRO
12364;629;281312;False;CRO
12365;629;281570;False;CRO
12366;629;282879;True;CRO
12367;4799;283739;True;CRO
12368;628;283739;True;CRO
12369;1439;284103;False;CRO
12370;629;284103;True;CRO
12371;628;284644;True;CRO
12372;628;285770;False;CRO
12373;628;286036;False;CRO
12374;629;292640;True;CRO
12375;629;294718;True;CRO
12376;628;297519;True;CRO
12377;629;310003;True;CRO
12378;628;313857;True;CRO
12379;629;323335;False;CRO
12380;629;324843;True;CRO
12381;628;325924;True;CRO
12382;629;326478;True;CRO
12383;628;327700;False;CRO
12384;629;328494;True;CRO
12385;629;329330;True;CRO
12386;628;329790;True;CRO
12387;629;330530;False;CRO
12388;628;331688;True;CRO
12389;629;332269;True;CRO
12390;628;332295;True;CRO
12391;628;332940;False;CRO
12392;628;332985;False;CRO
12393;634;233573;False;CRO
12394;634;233595;False;CRO
12395;635;233595;True;CRO
12396;635;234393;True;CRO
12397;634;235145;True;CRO
12398;637;234310;False;CRO
12399;636;234582;True;CRO
12400;637;234892;True;CRO
12401;636;234952;True;CRO
12402;637;235383;True;CRO
12403;636;235385;True;CRO
12404;4805;235504;True;CRO
12405;4801;235504;True;CRO
12406;638;236201;True;CRO
12407;638;236490;False;CRO
12408;638;236540;False;CRO
12409;638;236782;True;CRO
12410;639;578814;True;CRO
12411;639;579728;False;CRO
12412;639;580328;False;CRO
12413;640;118610;True;CRO
12414;641;118610;True;CRO
12415;640;119053;True;CRO
12416;641;119057;True;CRO
12417;640;119261;False;CRO
12418;640;119523;False;CRO
12419;641;119598;True;CRO
12420;640;119935;True;CRO
12424;4827;567;False;CRO
12426;4828;586;False;CRO
12427;4829;586;False;CRO
12428;4830;612;False;CRO
12429;4832;612;False;CRO
12430;4842;612;False;CRO
12431;4831;612;False;CRO
12432;4843;623;False;CRO
12433;4849;922;True;CRO
12434;9058;922;True;CRO
12435;644;944;False;CRO
12436;647;948;False;CRO
12437;1444;948;True;CRO
12438;4839;1000;False;CRO
12439;4839;1061;True;CRO
12440;4849;1110;False;CRO
12441;9058;1121;False;CRO
12442;1447;1198;True;CRO
12443;9058;1220;False;CRO
12444;4849;1233;False;CRO
12445;4839;1240;True;CRO
12446;644;1324;True;CRO
12447;4849;1400;False;CRO
12448;9058;1400;False;CRO
12449;8658;1629;True;CRO
12450;647;1629;True;CRO
12451;1444;1629;True;CRO
12452;4839;1786;False;CRO
12453;1440;1853;True;CRO
12454;644;1856;True;CRO
12455;647;1896;False;CRO
12456;4924;2028;True;CRO
12457;1444;2207;True;CRO
12458;647;2235;True;CRO
12459;4925;2242;True;CRO
12460;647;2336;False;CRO
12461;644;2353;True;CRO
12462;4839;2353;True;CRO
12463;1440;2353;True;CRO
12464;1444;2753;True;CRO
12465;647;2753;True;CRO
12466;1440;3285;True;CRO
12467;644;3285;True;CRO
12468;1444;3295;True;CRO
12469;647;3295;True;CRO
12470;644;3946;True;CRO
12471;1440;3946;True;CRO
12472;1444;3966;False;CRO
12473;647;3966;False;CRO
12474;647;4610;False;CRO
12475;1444;4610;False;CRO
12476;644;4816;False;CRO
12477;1440;4816;False;CRO
12478;1444;5270;True;CRO
12479;647;5270;True;CRO
12480;1440;5775;False;CRO
12481;644;5775;False;CRO
12482;1444;6038;True;CRO
12483;647;6038;False;CRO
12484;1440;6624;True;CRO
12485;644;6624;True;CRO
12486;647;6644;True;CRO
12487;1444;6644;True;CRO
12488;4837;6688;True;CRO
12489;4848;6725;True;CRO
12490;647;7369;False;CRO
12491;1444;7369;False;CRO
12492;1440;7594;False;CRO
12493;644;7597;False;CRO
12494;4838;7721;False;CRO
12495;1444;7920;False;CRO
12496;1444;7920;False;CRO
12497;647;7920;False;CRO
12498;647;7920;False;CRO
12499;4837;7920;True;CRO
12500;4837;7920;False;CRO
12501;1440;8140;False;CRO
12502;644;8140;False;CRO
12503;4837;8270;False;CRO
12504;1440;8528;False;CRO
12505;1444;8738;True;CRO
12506;647;8740;False;CRO
12507;644;8868;True;CRO
12508;1440;8868;True;CRO
12509;647;8887;True;CRO
12510;647;9424;False;CRO
12511;1444;9424;False;CRO
12512;1440;9710;False;CRO
12513;644;9710;False;CRO
12514;1444;10330;True;CRO
12515;647;10333;True;CRO
12516;1440;10706;True;CRO
12517;644;10706;True;CRO
12518;1444;11010;False;CRO
12519;647;11013;False;CRO
12520;1440;11582;False;CRO
12521;644;11582;False;CRO
12522;1444;11650;False;CRO
12523;647;11651;False;CRO
12524;1444;12289;False;CRO
12525;647;12292;False;CRO
12526;644;12560;False;CRO
12527;1440;12560;False;CRO
12528;1444;13107;False;CRO
12529;647;13108;False;CRO
12530;1440;13390;True;CRO
12531;644;13390;True;CRO
12532;1444;13841;False;CRO
12533;647;13841;False;CRO
12534;1440;14253;False;CRO
12535;644;14253;False;CRO
12536;647;14476;False;CRO
12537;1444;14476;False;CRO
12538;644;15113;False;CRO
12539;1444;15215;True;CRO
12540;647;15219;True;CRO
12541;644;15823;False;CRO
12542;1440;15823;False;CRO
12543;1444;15915;False;CRO
12544;647;15917;False;CRO
12545;1449;16138;True;CRO
12546;644;16580;True;CRO
12547;1440;16580;True;CRO
12548;1444;16640;True;CRO
12549;647;16640;True;CRO
12550;1448;16732;True;CRO
12551;5181;17168;True;CRO
12552;1449;17169;True;CRO
12553;647;17387;False;CRO
12554;1444;17387;True;CRO
12555;4850;17406;True;CRO
12556;5180;17555;True;CRO
12557;644;17680;False;CRO
12558;1440;17680;False;CRO
12559;4840;17690;True;CRO
12560;5178;17723;True;CRO
12561;1448;17746;True;CRO
12562;4850;18125;True;CRO
12563;647;18155;False;CRO
12564;1444;18155;False;CRO
12565;647;18172;False;CRO
12566;644;18414;True;CRO
12567;1440;18414;True;CRO
12568;1449;18461;False;CRO
12569;4850;18488;True;CRO
12570;1448;18730;False;CRO
12571;1440;18842;False;CRO
12572;1448;18874;True;CRO
12573;647;18874;True;CRO
12574;1444;18874;False;CRO
12575;4891;18940;False;CRO
12576;4904;18940;True;CRO
12577;1444;19111;True;CRO
12578;4901;19117;False;CRO
12579;4891;19140;True;CRO
12580;1440;19140;True;CRO
12581;644;19140;False;CRO
12582;4904;19156;False;CRO
12583;1449;19205;False;CRO
12584;1448;19290;True;CRO
12585;1449;19580;True;CRO
12586;644;19770;True;CRO
12587;1440;19772;True;CRO
12588;1444;19852;False;CRO
12589;647;19853;True;CRO
12590;1448;20095;True;CRO
12591;1444;20116;False;CRO
12592;647;20121;False;CRO
12593;647;20358;True;CRO
12594;1444;20360;True;CRO
12595;644;20776;False;CRO
12596;647;21120;True;CRO
12597;644;21459;False;CRO
12598;1440;21459;False;CRO
12599;1444;21604;False;CRO
12600;647;21604;False;CRO
12601;647;21897;True;CRO
12602;1444;21897;True;CRO
12603;1440;22015;True;CRO
12604;644;22015;True;CRO
12605;647;22607;False;CRO
12606;1444;22607;True;CRO
12607;644;22950;False;CRO
12608;1440;22950;True;CRO
12609;644;22970;False;CRO
12610;1444;23335;False;CRO
12611;647;23336;False;CRO
12612;644;23728;False;CRO
12613;1440;23728;False;CRO
12614;644;24379;False;CRO
12615;1440;24379;False;CRO
12616;647;24568;False;CRO
12617;1444;24568;False;CRO
12618;644;25093;False;CRO
12619;1440;25093;False;CRO
12620;647;25810;True;CRO
12621;1444;25818;True;CRO
12622;1440;26079;True;CRO
12623;644;26079;True;CRO
12624;647;26827;False;CRO
12625;1444;26827;False;CRO
12626;1440;26844;False;CRO
12627;644;26844;False;CRO
12628;644;27363;False;CRO
12629;1440;27363;False;CRO
12630;647;27862;False;CRO
12631;1444;27869;False;CRO
12632;644;28362;True;CRO
12633;1440;28362;False;CRO
12634;644;29140;False;CRO
12635;1440;29140;True;CRO
12636;647;29227;True;CRO
12637;1444;29227;False;CRO
12638;644;29676;False;CRO
12639;1440;29676;False;CRO
12640;1444;30220;True;CRO
12641;1440;30581;True;CRO
12642;644;30581;True;CRO
12643;647;31201;False;CRO
12644;1444;31201;False;CRO
12645;4892;31201;True;CRO
12646;4906;31239;True;CRO
12647;644;31461;True;CRO
12648;1440;31482;False;CRO
12649;1440;31487;False;CRO
12650;4887;31487;True;CRO
12651;647;31603;True;CRO
12652;4821;31770;True;CRO
12653;1440;32076;True;CRO
12654;644;32076;True;CRO
12655;647;32386;True;CRO
12656;1444;32702;True;CRO
12657;647;32702;False;CRO
12658;1440;33541;False;CRO
12659;644;33541;False;CRO
12660;644;33559;False;CRO
12661;1444;34300;True;CRO
12662;647;34300;True;CRO
12663;1440;34990;True;CRO
12664;644;34990;True;CRO
12665;1444;35959;False;CRO
12666;647;36007;False;CRO
12667;644;36390;False;CRO
12668;1440;36390;False;CRO
12669;647;37742;True;CRO
12670;647;37747;False;CRO
12671;1444;37747;False;CRO
12672;644;38178;False;CRO
12673;1440;38178;False;CRO
12674;647;39546;True;CRO
12675;1444;39550;True;CRO
12676;1440;39936;True;CRO
12677;644;39936;True;CRO
12678;647;40975;False;CRO
12679;1444;40975;False;CRO
12680;644;41615;False;CRO
12681;1440;41615;False;CRO
12682;647;42604;False;CRO
12683;1444;42604;False;CRO
12684;1440;43128;False;CRO
12685;644;43128;False;CRO
12686;647;44115;True;CRO
12687;1444;44120;True;CRO
12688;1440;44588;True;CRO
12689;644;44588;True;CRO
12690;647;45650;False;CRO
12691;1444;45650;False;CRO
12692;1440;46117;False;CRO
12693;644;46117;False;CRO
12694;1440;47049;False;CRO
12695;644;47049;False;CRO
12696;647;47109;False;CRO
12697;1444;47110;False;CRO
12698;1444;48478;True;CRO
12699;647;48480;True;CRO
12700;644;48846;True;CRO
12701;1440;48846;True;CRO
12702;1444;49820;False;CRO
12703;647;49820;False;CRO
12704;644;50597;False;CRO
12705;1440;50597;False;CRO
12706;647;51540;False;CRO
12707;1444;51540;False;CRO
12708;1440;52302;True;CRO
12709;644;52302;True;CRO
12710;647;53044;True;CRO
12711;1444;53044;True;CRO
12712;1440;53906;True;CRO
12713;644;53906;True;CRO
12714;647;54624;True;CRO
12715;1444;54624;True;CRO
12716;1440;55211;True;CRO
12717;644;55211;True;CRO
12718;647;55626;True;CRO
12719;644;55680;True;CRO
12720;1444;55688;True;CRO
12721;4893;55694;True;CRO
12722;1440;55728;True;CRO
12723;4893;55888;False;CRO
12724;647;55938;False;CRO
12725;1440;55938;False;CRO
12726;1444;55938;False;CRO
12727;644;55938;False;CRO
12728;1444;55942;False;CRO
12729;1440;56434;False;CRO
12730;644;56434;False;CRO
12731;1444;56471;True;CRO
12732;647;56471;False;CRO
12733;644;56928;True;CRO
12734;1440;56928;True;CRO
12735;644;57924;False;CRO
12736;647;57924;True;CRO
12737;644;58079;True;CRO
12738;1440;58079;True;CRO
12739;647;58462;False;CRO
12740;647;59163;False;CRO
12741;1440;59418;False;CRO
12742;644;59418;False;CRO
12743;647;59466;False;CRO
12744;644;59466;False;CRO
12745;1440;60748;False;CRO
12746;644;60748;False;CRO
12747;644;61108;False;CRO
12748;647;61108;False;CRO
12749;1440;62087;True;CRO
12750;644;62087;True;CRO
12751;644;62787;False;CRO
12752;647;62787;True;CRO
12753;644;63430;False;CRO
12754;1440;63430;False;CRO
12755;1440;63640;False;CRO
12756;647;64342;False;CRO
12757;644;64342;False;CRO
12758;1440;64830;True;CRO
12759;644;64830;True;CRO
12760;647;65870;True;CRO
12761;644;65872;True;CRO
12762;647;66246;False;CRO
12763;1440;66366;False;CRO
12764;644;66366;False;CRO
12765;644;66995;False;CRO
12766;647;67632;False;CRO
12767;1440;67896;False;CRO
12768;644;67896;False;CRO
12769;647;69582;True;CRO
12770;647;69902;False;CRO
12771;1440;69902;True;CRO
12772;1445;70216;False;CRO
12773;647;70216;False;CRO
12774;644;71115;False;CRO
12775;1445;71278;False;CRO
12776;1440;71828;False;CRO
12777;644;71828;True;CRO
12778;647;71852;True;CRO
12779;1445;71858;True;CRO
12780;644;72637;False;CRO
12781;644;73678;True;CRO
12782;1440;73850;False;CRO
12783;644;74012;False;CRO
12784;1440;74050;False;CRO
12785;647;74197;False;CRO
12786;644;74739;False;CRO
12787;1440;74739;True;CRO
12788;647;74753;True;CRO
12789;647;75467;False;CRO
12790;644;75536;False;CRO
12791;647;76232;True;CRO
12792;644;76538;False;CRO
12793;1440;76953;True;CRO
12794;644;76953;True;CRO
12795;647;78504;True;CRO
12796;644;78996;False;CRO
12797;1440;78996;False;CRO
12798;4868;80054;True;CRO
12799;647;80056;False;CRO
12800;644;81100;False;CRO
12801;1440;81100;False;CRO
12802;647;81990;True;CRO
12803;1440;82614;True;CRO
12804;644;82614;True;CRO
12805;647;83497;False;CRO
12806;644;84136;False;CRO
12807;1440;84136;False;CRO
12808;647;84897;False;CRO
12809;1440;85724;False;CRO
12810;644;85724;True;CRO
12811;647;86453;True;CRO
12812;1440;87333;True;CRO
12813;644;87833;False;CRO
12814;647;88002;False;CRO
12815;644;88646;False;CRO
12816;1440;88646;False;CRO
12817;647;89418;True;CRO
12818;644;89418;True;CRO
12819;647;90816;False;CRO
12820;644;90816;False;CRO
12821;644;92229;False;CRO
12822;647;92234;False;CRO
12823;644;92818;False;CRO
12824;647;94076;True;CRO
12825;644;94076;True;CRO
12826;644;94780;False;CRO
12827;644;95965;False;CRO
12828;647;96430;False;CRO
12829;644;96430;False;CRO
12830;644;97008;True;CRO
12831;647;98806;True;CRO
12832;1446;98811;True;CRO
12833;1441;99390;True;CRO
12834;644;99390;False;CRO
12835;647;101177;True;CRO
12836;1446;101178;True;CRO
12837;1441;101631;False;CRO
12838;644;101631;False;CRO
12839;1446;103444;True;CRO
12840;647;103448;True;CRO
12841;644;103732;True;CRO
12842;647;105345;False;CRO
12843;1446;105345;False;CRO
12844;644;105734;False;CRO
12845;1446;107472;True;CRO
12846;647;107474;True;CRO
12847;644;107805;True;CRO
12848;647;109665;False;CRO
12849;1446;109665;True;CRO
12850;644;109700;False;CRO
12851;644;111355;True;CRO
12852;1446;111757;False;CRO
12853;647;111757;False;CRO
12854;1442;112153;True;CRO
12855;644;112153;False;CRO
12856;647;113189;True;CRO
12857;1446;113193;True;CRO
12858;644;113816;False;CRO
12859;1446;114557;True;CRO
12860;647;114576;False;CRO
12861;647;115365;False;CRO
12862;644;115820;False;CRO
12863;8917;116266;False;CRO
12864;1446;116291;True;CRO
12865;1442;116370;True;CRO
12866;647;116390;False;CRO
12867;8917;116800;True;CRO
12868;1446;117025;True;CRO
12869;647;117027;True;CRO
12870;644;117321;True;CRO
12871;1442;117321;True;CRO
12872;1442;117935;True;CRO
12873;644;117965;False;CRO
12874;1446;117985;True;CRO
12875;647;117985;True;CRO
12876;644;117985;False;CRO
12877;647;118610;False;CRO
12878;644;118610;False;CRO
12879;647;119057;True;CRO
12880;644;119057;True;CRO
12881;5173;119231;True;CRO
12882;647;119889;True;CRO
12883;644;119965;True;CRO
12884;5173;120026;True;CRO
12885;644;120090;False;CRO
12886;647;122659;True;CRO
12887;644;122980;True;CRO
12888;647;123525;False;CRO
12889;644;123615;True;CRO
12890;644;124210;False;CRO
12891;644;125412;False;CRO
12892;647;125952;False;CRO
12893;647;126422;False;CRO
12894;644;126800;False;CRO
12895;647;127470;False;CRO
12896;647;127830;True;CRO
12897;644;128500;True;CRO
12898;647;129420;False;CRO
12899;644;129628;False;CRO
12900;644;130160;False;CRO
12901;647;131228;False;CRO
12902;644;131338;False;CRO
12903;644;131845;False;CRO
12904;647;132265;False;CRO
12905;647;133028;False;CRO
12906;647;133539;True;CRO
12907;644;133539;True;CRO
12908;644;134611;True;CRO
12909;647;134613;True;CRO
12910;644;135137;False;CRO
12911;644;135848;False;CRO
12912;647;136327;False;CRO
12913;644;137283;True;CRO
12914;647;137918;False;CRO
12915;4833;138312;False;CRO
12916;644;138567;True;CRO
12917;644;139412;False;CRO
12918;647;139458;True;CRO
12919;647;140489;True;CRO
12920;644;140911;True;CRO
12921;647;142013;False;CRO
12922;644;142490;False;CRO
12923;647;143529;False;CRO
12924;644;144115;False;CRO
12925;647;144510;False;CRO
12926;647;144999;False;CRO
12927;644;145691;True;CRO
12928;647;145691;True;CRO
12929;647;146550;True;CRO
12930;644;146555;True;CRO
12931;644;147195;False;CRO
12932;644;147958;True;CRO
12933;647;148094;False;CRO
12934;4894;148268;True;CRO
12935;644;148712;False;CRO
12936;647;149692;True;CRO
12937;644;150458;True;CRO
12938;647;151448;False;CRO
12939;644;152203;False;CRO
12940;647;153072;True;CRO
12941;644;154019;True;CRO
12942;647;154880;False;CRO
12943;644;155630;False;CRO
12944;647;156026;False;CRO
12945;647;156639;False;CRO
12946;644;157273;True;CRO
12947;647;157279;True;CRO
12948;647;158066;True;CRO
12949;644;158133;True;CRO
12950;644;158961;False;CRO
12951;644;159347;False;CRO
12952;647;159858;True;CRO
12953;4851;159903;True;CRO
12954;644;160507;True;CRO
12955;647;161434;False;CRO
12956;647;161484;False;CRO
12957;644;162267;False;CRO
12958;647;162941;False;CRO
12959;647;162985;False;CRO
12960;644;163954;False;CRO
12961;644;164012;False;CRO
12962;647;164871;True;CRO
12963;644;165483;False;CRO
12964;644;165533;False;CRO
12965;647;165646;False;CRO
12966;647;166646;False;CRO
12967;644;167207;True;CRO
12968;647;167838;False;CRO
12969;647;168424;False;CRO
12970;647;169028;True;CRO
12971;644;169028;True;CRO
12972;644;170088;True;CRO
12973;647;170088;True;CRO
12974;644;170669;False;CRO
12975;644;171320;False;CRO
12976;647;171565;False;CRO
12977;647;171611;False;CRO
12978;644;172464;True;CRO
12979;647;173347;False;CRO
12980;647;173393;False;CRO
12981;644;174085;False;CRO
12982;644;174133;False;CRO
12983;647;175007;True;CRO
12984;644;175753;False;CRO
12985;644;175805;False;CRO
12986;647;176554;False;CRO
12987;647;177142;False;CRO
12988;644;177258;False;CRO
12989;647;177924;False;CRO
12990;647;178467;True;CRO
12991;644;178769;True;CRO
12992;644;178986;False;CRO
12993;644;179036;False;CRO
12994;647;179490;False;CRO
12995;644;179550;False;CRO
12996;4869;179561;False;CRO
12997;4895;179568;False;CRO
12998;4869;179899;False;CRO
12999;4895;179915;False;CRO
13000;644;179991;True;CRO
13001;4869;180217;False;CRO
13002;647;180422;True;CRO
13003;4869;180422;True;CRO
13004;647;180845;True;CRO
13005;644;180948;False;CRO
13006;644;180995;False;CRO
13007;647;181785;False;CRO
13008;644;182110;True;CRO
13009;644;182413;False;CRO
13010;647;183312;True;CRO
13011;644;184173;True;CRO
13012;647;185089;False;CRO
13013;647;185124;False;CRO
13014;644;185847;False;CRO
13015;647;186784;False;CRO
13016;647;187005;False;CRO
13017;644;187388;False;CRO
13018;644;187437;False;CRO
13019;647;188739;True;CRO
13020;644;188850;True;CRO
13021;644;189221;False;CRO
13022;644;190730;False;CRO
13023;647;190796;False;CRO
13024;647;190827;False;CRO
13025;647;192178;True;CRO
13026;644;192235;True;CRO
13027;644;192897;True;CRO
13028;647;192900;True;CRO
13029;644;193688;False;CRO
13030;644;194115;False;CRO
13031;647;194474;False;CRO
13032;4852;194688;True;CRO
13033;644;195200;True;CRO
13034;4870;195245;False;CRO
13035;647;196206;True;CRO
13036;644;196800;False;CRO
13037;644;197913;False;CRO
13038;647;197925;False;CRO
13039;644;198430;False;CRO
13040;644;199540;True;CRO
13041;647;199545;True;CRO
13042;644;200028;False;CRO
13043;647;201078;False;CRO
13044;644;201398;False;CRO
13045;647;202086;False;CRO
13046;647;202722;False;CRO
13047;644;203073;True;CRO
13048;647;203300;True;CRO
13049;644;204210;True;CRO
13050;647;204341;True;CRO
13051;644;204740;False;CRO
13052;644;205422;False;CRO
13053;647;205854;False;CRO
13054;644;206415;False;CRO
13055;647;207414;False;CRO
13056;644;207976;True;CRO
13057;647;208965;True;CRO
13058;644;209483;False;CRO
13059;644;209530;False;CRO
13060;647;210483;False;CRO
13061;644;210987;False;CRO
13062;644;211019;False;CRO
13063;647;211897;True;CRO
13064;4834;211926;False;CRO
13065;4845;212470;False;CRO
13066;647;213706;True;CRO
13067;644;214228;True;CRO
13068;647;214850;False;CRO
13069;647;215272;False;CRO
13070;644;215859;True;CRO
13071;647;216105;True;CRO
13072;647;216910;True;CRO
13073;644;216914;True;CRO
13074;644;217359;False;CRO
13075;644;218105;False;CRO
13076;647;218476;False;CRO
13077;644;218964;False;CRO
13078;647;220032;False;CRO
13079;644;220591;False;CRO
13080;647;221700;True;CRO
13081;644;221765;True;CRO
13082;644;222139;False;CRO
13083;647;223255;False;CRO
13084;644;223255;False;CRO
13085;644;223645;False;CRO
13086;647;224657;False;CRO
13087;644;224980;False;CRO
13088;647;224980;False;CRO
13089;647;225458;False;CRO
13090;644;225593;False;CRO
13091;647;225687;False;CRO
13092;644;226574;True;CRO
13093;647;226600;True;CRO
13094;644;227380;True;CRO
13095;647;227400;False;CRO
13096;644;228173;True;CRO
13097;647;228392;True;CRO
13098;4917;228835;True;CRO
13099;647;229371;True;CRO
13100;4918;229635;True;CRO
13101;4835;229685;False;CRO
13102;647;229685;False;CRO
13103;644;229685;True;CRO
13104;4846;230215;True;CRO
13105;4835;230215;True;CRO
13106;647;230522;False;CRO
13107;4835;230857;False;CRO
13108;644;231175;True;CRO
13109;4915;231192;True;CRO
13110;4920;231525;True;CRO
13111;647;231628;True;CRO
13112;4846;231744;True;CRO
13113;4921;231750;True;CRO
13114;4915;232162;False;CRO
13115;4835;232222;False;CRO
13116;4920;232240;True;CRO
13117;4921;232394;True;CRO
13118;647;232424;True;CRO
13119;644;232425;True;CRO
13120;4846;232558;True;CRO
13121;647;232775;False;CRO
13122;5188;232775;True;CRO
13123;4915;232885;True;CRO
13124;4835;232885;True;CRO
13125;4921;232913;False;CRO
13126;4920;232913;False;CRO
13127;4921;232986;True;CRO
13128;4920;232986;False;CRO
13129;4920;233087;True;CRO
13130;4921;233205;False;CRO
13131;644;233223;False;CRO
13132;5188;233223;False;CRO
13133;4871;233277;True;CRO
13134;644;233410;False;CRO
13135;647;233573;False;CRO
13136;647;233593;False;CRO
13137;644;233680;True;CRO
13138;4922;233705;False;CRO
13139;647;234228;True;CRO
13140;644;234874;False;CRO
13141;644;234921;False;CRO
13142;647;234921;True;CRO
13143;647;238323;True;CRO
13144;644;238323;True;CRO
13145;644;239093;False;CRO
13146;647;239094;False;CRO
13147;647;239948;False;CRO
13148;644;239948;False;CRO
13149;647;240446;True;CRO
13150;644;240446;True;CRO
13151;644;241297;False;CRO
13152;644;241346;False;CRO
13153;647;241512;False;CRO
13154;647;242352;True;CRO
13155;647;243357;False;CRO
13156;644;243406;True;CRO
13157;644;244135;False;CRO
13158;647;245174;False;CRO
13159;647;245929;True;CRO
13160;644;246086;False;CRO
13161;647;246738;False;CRO
13162;644;246930;False;CRO
13163;647;247464;False;CRO
13164;644;247504;False;CRO
13165;647;247507;False;CRO
13166;647;248353;True;CRO
13167;644;248353;True;CRO
13168;647;249055;False;CRO
13169;644;249075;False;CRO
13170;647;249709;True;CRO
13171;644;249710;True;CRO
13172;644;249970;False;CRO
13173;644;249989;False;CRO
13174;644;251142;False;CRO
13175;647;251144;False;CRO
13176;647;251800;False;CRO
13177;644;251800;False;CRO
13178;647;253325;False;CRO
13179;644;253626;False;CRO
13180;644;253994;True;CRO
13181;647;254491;False;CRO
13182;647;255460;True;CRO
13183;644;256168;False;CRO
13184;644;256213;False;CRO
13185;4847;256568;False;CRO
13186;647;257013;False;CRO
13187;647;257565;True;CRO
13188;644;258259;False;CRO
13189;647;258894;False;CRO
13190;647;259443;False;CRO
13191;647;259450;False;CRO
13192;647;259770;True;CRO
13193;644;259770;True;CRO
13194;4836;260392;False;CRO
13195;647;260999;False;CRO
13196;644;260999;False;CRO
13197;4836;261265;False;CRO
13198;647;261690;True;CRO
13199;644;261690;True;CRO
13200;644;262158;False;CRO
13201;644;262570;False;CRO
13202;647;263458;True;CRO
13203;644;264006;True;CRO
13204;647;265217;False;CRO
13205;647;265275;False;CRO
13206;644;266234;False;CRO
13207;647;267161;False;CRO
13208;647;267219;False;CRO
13209;644;268114;False;CRO
13210;644;268390;True;CRO
13211;647;269143;True;CRO
13212;644;269552;False;CRO
13213;644;269917;True;CRO
13214;647;271097;True;CRO
13215;644;272004;False;CRO
13216;647;273054;False;CRO
13217;644;274082;False;CRO
13218;644;274096;False;CRO
13219;647;274490;False;CRO
13220;647;274985;False;CRO
13221;644;275182;False;CRO
13222;647;275308;False;CRO
13223;647;276198;True;CRO
13224;644;276198;True;CRO
13225;644;277100;True;CRO
13226;647;277100;True;CRO
13227;647;277820;False;CRO
13228;644;278215;False;CRO
13229;644;278310;False;CRO
13230;644;278687;False;CRO
13231;647;278876;True;CRO
13232;644;280044;True;CRO
13233;4896;280495;True;CRO
13234;647;280862;False;CRO
13235;4853;280920;False;CRO
13236;4896;281249;False;CRO
13237;644;281307;True;CRO
13238;647;281750;True;CRO
13239;647;281961;False;CRO
13240;644;282019;True;CRO
13241;644;283434;False;CRO
13242;647;283485;False;CRO
13243;647;283523;False;CRO
13244;644;284494;False;CRO
13245;647;285312;True;CRO
13246;644;285560;True;CRO
13247;647;288953;True;CRO
13248;644;288976;True;CRO
13249;644;289395;False;CRO
13250;647;290122;False;CRO
13251;644;290811;False;CRO
13252;647;290820;False;CRO
13253;644;290982;False;CRO
13254;647;291214;False;CRO
13255;644;291730;True;CRO
13256;647;291730;True;CRO
13257;644;292852;True;CRO
13258;647;292852;True;CRO
13259;644;293236;False;CRO
13260;647;293550;False;CRO
13261;644;293740;False;CRO
13262;644;294532;False;CRO
13263;647;294847;False;CRO
13264;647;294905;False;CRO
13265;647;295110;True;CRO
13266;644;295167;False;CRO
13267;647;296435;True;CRO
13268;647;296828;False;CRO
13269;644;297093;True;CRO
13270;644;298028;False;CRO
13271;644;298825;False;CRO
13272;647;298924;False;CRO
13273;644;299796;False;CRO
13274;644;300377;True;CRO
13275;647;300705;False;CRO
13276;647;301025;True;CRO
13277;644;303050;True;CRO
13278;4914;303050;True;CRO
13279;647;303092;True;CRO
13280;644;303530;False;CRO
13281;4914;303530;False;CRO
13282;647;303552;False;CRO
13283;4909;303569;True;CRO
13284;4872;304253;True;CRO
13285;647;304337;False;CRO
13286;644;304386;True;CRO
13287;647;305430;True;CRO
13288;644;305530;False;CRO
13289;644;305542;False;CRO
13290;644;306011;False;CRO
13291;647;307435;False;CRO
13292;644;307720;True;CRO
13293;647;307787;False;CRO
13294;647;309342;False;CRO
13295;647;309400;False;CRO
13296;644;309785;False;CRO
13297;644;309833;False;CRO
13298;647;311403;True;CRO
13299;644;311434;True;CRO
13300;644;311881;False;CRO
13301;647;313334;False;CRO
13302;644;313411;False;CRO
13303;644;314951;False;CRO
13304;647;314951;False;CRO
13305;647;315216;False;CRO
13306;647;315338;False;CRO
13307;644;315775;False;CRO
13308;647;316511;True;CRO
13309;644;316516;True;CRO
13310;647;317174;True;CRO
13311;644;317325;True;CRO
13312;644;317494;False;CRO
13313;644;318063;False;CRO
13314;647;318442;False;CRO
13315;647;318760;False;CRO
13316;644;319192;False;CRO
13317;644;319259;False;CRO
13318;647;320420;False;CRO
13319;644;320890;False;CRO
13320;647;321990;False;CRO
13321;647;322299;True;CRO
13322;644;322428;True;CRO
13323;647;323560;False;CRO
13324;644;323980;False;CRO
13325;647;323980;False;CRO
13326;644;324427;False;CRO
13327;647;325130;False;CRO
13328;647;325575;True;CRO
13329;644;325575;True;CRO
13330;4910;325972;True;CRO
13331;4913;325982;True;CRO
13332;4910;326455;False;CRO
13333;4913;326472;False;CRO
13334;644;327070;True;CRO
13335;647;327070;True;CRO
13336;644;327340;False;CRO
13337;647;328056;False;CRO
13338;644;328790;False;CRO
13339;644;328848;False;CRO
13340;647;329095;False;CRO
13341;647;330428;True;CRO
13342;644;330440;True;CRO
13343;647;331058;False;CRO
13344;644;331112;False;CRO
13345;647;331862;False;CRO
13346;644;331904;False;CRO
13347;647;332430;True;CRO
13348;644;332469;True;CRO
13349;647;333553;False;CRO
13350;644;333640;False;CRO
13351;644;333987;False;CRO
13352;647;334003;True;CRO
13353;644;335406;True;CRO
13354;647;335434;False;CRO
13355;647;335480;False;CRO
13356;644;336057;True;CRO
13357;644;336240;False;CRO
13358;647;336250;False;CRO
13359;4907;336263;False;CRO
13360;4873;336263;False;CRO
13361;4897;336263;False;CRO
13362;5185;336267;False;CRO
13363;4907;336640;False;CRO
13364;4897;336640;False;CRO
13365;4873;336666;False;CRO
13366;644;336709;False;CRO
13367;647;336727;False;CRO
13368;5185;336744;False;CRO
13369;4883;336809;False;CRO
13370;4884;336820;False;CRO
13371;644;337101;True;CRO
13372;647;337161;True;CRO
13373;647;338304;False;CRO
13374;647;338362;False;CRO
13375;644;338990;False;CRO
13376;644;339048;False;CRO
13377;647;339843;False;CRO
13378;644;340570;True;CRO
13379;647;340570;True;CRO
13380;644;341560;True;CRO
13381;647;341885;True;CRO
13382;644;342572;False;CRO
13383;644;343085;False;CRO
13384;647;343550;False;CRO
13385;644;344109;False;CRO
13386;647;345700;False;CRO
13387;647;346480;True;CRO
13388;644;346747;True;CRO
13389;647;348042;False;CRO
13390;647;348100;False;CRO
13391;644;348327;False;CRO
13392;644;348986;False;CRO
13393;647;349820;True;CRO
13394;644;349970;True;CRO
13395;644;350490;False;CRO
13396;647;351430;False;CRO
13397;644;351898;False;CRO
13398;647;352830;False;CRO
13399;647;353545;False;CRO
13400;644;353805;False;CRO
13401;647;353995;False;CRO
13402;647;354375;True;CRO
13403;644;354375;True;CRO
13404;644;355632;False;CRO
13405;647;355632;False;CRO
13406;644;356218;True;CRO
13407;647;356252;True;CRO
13408;644;356510;False;CRO
13409;644;357142;False;CRO
13410;647;357881;False;CRO
13411;644;357910;False;CRO
13412;644;359870;True;CRO
13413;647;360180;True;CRO
13414;644;361988;False;CRO
13415;647;362176;False;CRO
13416;647;362208;False;CRO
13417;644;363635;True;CRO
13418;647;363635;False;CRO
13419;647;364810;True;CRO
13420;644;365224;False;CRO
13421;644;365280;False;CRO
13422;644;366825;False;CRO
13423;644;366876;False;CRO
13424;647;367335;False;CRO
13425;644;368564;True;CRO
13426;647;369540;True;CRO
13427;644;370100;False;CRO
13428;4898;370409;False;CRO
13429;647;370900;False;CRO
13430;4888;371114;False;CRO
13431;647;371463;True;CRO
13432;644;371840;True;CRO
13433;647;372050;False;CRO
13434;647;372410;False;CRO
13435;644;372420;False;CRO
13436;644;373532;True;CRO
13437;647;373532;True;CRO
13438;647;374300;False;CRO
13439;644;374530;False;CRO
13440;644;374685;False;CRO
13441;644;375075;False;CRO
13442;647;376014;False;CRO
13443;644;377050;True;CRO
13444;647;378350;True;CRO
13445;647;378473;False;CRO
13446;644;379363;False;CRO
13447;647;379862;False;CRO
13448;647;379920;False;CRO
13449;644;380242;False;CRO
13450;644;381283;False;CRO
13451;644;381750;False;CRO
13452;647;381924;False;CRO
13453;644;383315;True;CRO
13454;647;383977;True;CRO
13455;644;385443;False;CRO
13456;647;385443;False;CRO
13457;647;386184;False;CRO
13458;644;386435;False;CRO
13459;647;387000;True;CRO
13460;644;387000;True;CRO
13461;647;387970;True;CRO
13462;644;387970;False;CRO
13463;644;388530;False;CRO
13464;4854;388568;True;CRO
13465;644;388850;True;CRO
13466;647;388980;False;CRO
13467;647;389208;False;CRO
13468;644;389518;False;CRO
13469;644;390850;True;CRO
13470;647;390950;True;CRO
13471;647;393284;False;CRO
13472;644;393467;False;CRO
13473;647;394740;False;CRO
13474;644;395320;False;CRO
13475;647;395390;True;CRO
13476;644;395770;True;CRO
13477;644;396830;False;CRO
13478;647;397599;False;CRO
13479;644;398360;False;CRO
13480;647;399245;False;CRO
13481;647;399845;False;CRO
13482;647;400058;False;CRO
13483;644;400081;False;CRO
13484;644;400550;True;CRO
13485;647;400768;True;CRO
13486;4874;401665;True;CRO
13487;644;401714;True;CRO
13488;647;401714;True;CRO
13489;644;402137;False;CRO
13490;4874;402517;False;CRO
13491;647;402517;False;CRO
13492;647;402565;False;CRO
13493;4855;402992;True;CRO
13494;644;403100;False;CRO
13495;647;403202;True;CRO
13496;644;403222;False;CRO
13497;644;404153;True;CRO
13498;644;404852;False;CRO
13499;647;405255;False;CRO
13500;644;406206;False;CRO
13501;647;407297;False;CRO
13502;647;407576;False;CRO
13503;644;408010;False;CRO
13504;647;409575;False;CRO
13505;644;410270;True;CRO
13506;647;410276;True;CRO
13507;647;411620;False;CRO
13508;644;412337;False;CRO
13509;644;412395;False;CRO
13510;647;413209;False;CRO
13511;644;414382;False;CRO
13512;644;414684;True;CRO
13513;647;414970;True;CRO
13514;644;417290;False;CRO
13515;647;417672;False;CRO
13516;647;417720;False;CRO
13517;647;418431;False;CRO
13518;644;418431;False;CRO
13519;647;419237;True;CRO
13520;644;419242;True;CRO
13521;647;420108;True;CRO
13522;644;420108;True;CRO
13523;4875;420435;False;CRO
13524;644;420890;False;CRO
13525;644;421060;False;CRO
13526;647;421060;False;CRO
13527;647;421680;False;CRO
13528;4856;422114;True;CRO
13529;644;422265;False;CRO
13530;647;423405;True;CRO
13531;644;423905;True;CRO
13532;647;424940;False;CRO
13533;644;425775;False;CRO
13534;647;425800;False;CRO
13535;647;427298;False;CRO
13536;647;427966;True;CRO
13537;644;428290;True;CRO
13538;647;430232;False;CRO
13539;644;430910;False;CRO
13540;644;430963;False;CRO
13541;647;431640;False;CRO
13542;644;432543;False;CRO
13543;647;433449;True;CRO
13544;644;433580;True;CRO
13545;647;435425;False;CRO
13546;644;436214;False;CRO
13547;647;437363;False;CRO
13548;644;438075;True;CRO
13549;647;438142;False;CRO
13550;647;438900;False;CRO
13551;644;439741;False;CRO
13552;644;439799;False;CRO
13553;647;440091;True;CRO
13554;644;441982;False;CRO
13555;644;442080;False;CRO
13556;647;442091;False;CRO
13557;644;443760;False;CRO
13558;647;444370;False;CRO
13559;647;444421;False;CRO
13560;644;445751;False;CRO
13561;644;445806;False;CRO
13562;647;446562;False;CRO
13563;647;446614;False;CRO
13564;644;447609;True;CRO
13565;647;447883;True;CRO
13566;644;448340;False;CRO
13567;644;448389;False;CRO
13568;647;448577;True;CRO
13569;4899;448903;False;CRO
13570;647;449087;False;CRO
13571;644;449503;True;CRO
13572;647;449604;False;CRO
13573;644;449828;True;CRO
13574;647;451073;False;CRO
13575;644;451327;False;CRO
13576;647;452033;True;CRO
13577;644;452056;True;CRO
13578;644;453536;True;CRO
13579;644;454122;False;CRO
13580;644;454650;False;CRO
13581;647;454869;False;CRO
13582;644;455138;False;CRO
13583;647;455180;False;CRO
13584;647;456778;False;CRO
13585;647;456830;False;CRO
13586;644;457400;True;CRO
13587;647;459008;True;CRO
13588;644;459917;False;CRO
13589;644;459973;False;CRO
13590;647;461174;False;CRO
13591;644;461667;True;CRO
13592;644;462490;False;CRO
13593;644;464325;False;CRO
13594;647;464695;False;CRO
13595;647;465641;False;CRO
13596;647;465692;False;CRO
13597;647;466440;True;CRO
13598;644;466515;True;CRO
13599;4877;467051;False;CRO
13600;644;467053;False;CRO
13601;644;467774;False;CRO
13602;4858;467814;False;CRO
13603;647;468310;True;CRO
13604;644;468310;True;CRO
13605;644;469120;False;CRO
13606;647;469376;False;CRO
13607;644;469548;False;CRO
13608;644;470110;True;CRO
13609;647;470377;False;CRO
13610;647;471230;False;CRO
13611;644;471230;False;CRO
13612;647;471635;False;CRO
13613;644;471635;True;CRO
13614;647;472033;True;CRO
13615;644;472039;False;CRO
13616;647;472678;False;CRO
13617;644;472678;False;CRO
13618;644;474224;False;CRO
13619;647;474610;False;CRO
13620;644;474988;False;CRO
13621;647;474988;False;CRO
13622;644;475190;False;CRO
13623;644;476052;False;CRO
13624;647;477213;True;CRO
13625;644;477670;True;CRO
13626;647;479270;False;CRO
13627;647;480357;False;CRO
13628;644;480366;False;CRO
13629;647;481230;False;CRO
13630;647;481482;False;CRO
13631;644;481482;False;CRO
13632;644;482140;True;CRO
13633;647;482310;True;CRO
13634;644;483284;False;CRO
13635;647;483298;False;CRO
13636;644;483773;False;CRO
13637;647;483897;False;CRO
13638;4878;483999;True;CRO
13639;644;484110;False;CRO
13640;4859;484803;True;CRO
13641;647;484970;True;CRO
13642;644;484985;True;CRO
13643;644;485880;False;CRO
13644;644;487112;False;CRO
13645;647;487112;False;CRO
13646;644;488579;True;CRO
13647;647;489201;False;CRO
13648;647;490085;True;CRO
13649;644;491204;False;CRO
13650;644;491262;False;CRO
13651;647;491587;False;CRO
13652;647;491644;False;CRO
13653;644;492755;False;CRO
13654;644;493660;False;CRO
13655;647;494008;False;CRO
13656;644;495795;True;CRO
13657;647;495914;True;CRO
13658;647;497919;False;CRO
13659;644;498072;False;CRO
13660;647;499185;False;CRO
13661;647;499779;False;CRO
13662;647;500150;False;CRO
13663;644;500150;False;CRO
13664;644;500853;True;CRO
13665;647;500855;True;CRO
13666;647;501834;True;CRO
13667;644;501834;True;CRO
13668;644;502530;False;CRO
13669;647;502560;False;CRO
13670;644;502786;False;CRO
13671;644;503580;False;CRO
13672;647;503580;False;CRO
13673;644;504616;True;CRO
13674;647;505198;True;CRO
13675;4879;505479;False;CRO
13676;644;506204;False;CRO
13677;4860;506255;False;CRO
13678;647;506709;True;CRO
13679;644;507975;True;CRO
13680;647;507994;False;CRO
13681;647;508651;False;CRO
13682;647;509565;False;CRO
13683;644;509593;False;CRO
13684;644;510670;False;CRO
13685;647;511230;True;CRO
13686;644;511235;False;CRO
13687;644;513355;True;CRO
13688;647;513597;False;CRO
13689;647;515132;False;CRO
13690;644;515132;False;CRO
13691;647;516150;False;CRO
13692;644;516480;False;CRO
13693;647;516480;False;CRO
13694;647;517218;True;CRO
13695;644;517218;True;CRO
13696;644;518402;True;CRO
13697;647;518402;True;CRO
13698;647;519133;False;CRO
13699;644;519133;False;CRO
13700;644;519471;False;CRO
13701;644;520190;False;CRO
13702;647;521054;False;CRO
13703;644;522066;False;CRO
13704;647;522749;False;CRO
13705;644;524078;True;CRO
13706;647;524732;True;CRO
13707;644;526360;False;CRO
13708;647;527064;False;CRO
13709;644;528565;False;CRO
13710;647;528565;False;CRO
13711;647;529177;True;CRO
13712;644;530158;True;CRO
13713;647;530617;True;CRO
13714;4861;531019;False;CRO
13715;647;531031;False;CRO
13716;644;531050;False;CRO
13717;4903;531092;False;CRO
13718;4889;531092;False;CRO
13719;4903;531327;False;CRO
13720;4861;531327;False;CRO
13721;4889;531327;False;CRO
13722;644;531338;False;CRO
13723;4865;531592;False;CRO
13724;4864;531592;False;CRO
13725;644;531941;False;CRO
13726;4880;532196;True;CRO
13727;4864;532228;True;CRO
13728;4865;532228;True;CRO
13729;647;532881;True;CRO
13730;644;532891;True;CRO
13731;644;533885;False;CRO
13732;647;534167;False;CRO
13733;647;534419;False;CRO
13734;647;534471;False;CRO
13735;644;535370;False;CRO
13736;647;535984;True;CRO
13737;644;536301;True;CRO
13738;647;536975;False;CRO
13739;647;537525;False;CRO
13740;644;537995;False;CRO
13741;644;538056;False;CRO
13742;647;539005;True;CRO
13743;644;539690;True;CRO
13744;647;539690;False;CRO
13745;644;540812;False;CRO
13746;647;540827;False;CRO
13747;644;541508;False;CRO
13748;647;542552;False;CRO
13749;647;542610;False;CRO
13750;644;543295;False;CRO
13751;644;543353;False;CRO
13752;647;544378;False;CRO
13753;647;544416;False;CRO
13754;647;545085;True;CRO
13755;644;545085;False;CRO
13756;4900;545920;True;CRO
13757;644;545922;False;CRO
13758;647;545922;False;CRO
13759;647;546479;True;CRO
13760;644;546485;True;CRO
13761;647;546975;False;CRO
13762;4890;546980;False;CRO
13763;4862;546980;False;CRO
13764;4881;547016;False;CRO
13765;647;547372;False;CRO
13766;4881;547405;False;CRO
13767;644;547446;False;CRO
13768;4862;547523;False;CRO
13769;644;547904;False;CRO
13770;647;547904;True;CRO
13771;644;547940;False;CRO
13772;647;548405;False;CRO
13773;644;548405;True;CRO
13774;647;549635;True;CRO
13775;644;549790;False;CRO
13776;644;549842;False;CRO
13777;647;551036;False;CRO
13778;647;551136;False;CRO
13779;647;551194;False;CRO
13780;644;551290;False;CRO
13781;644;552264;False;CRO
13782;644;552624;True;CRO
13783;647;552750;False;CRO
13784;644;552840;False;CRO
13785;647;553672;False;CRO
13786;647;554450;False;CRO
13787;644;554637;False;CRO
13788;644;554693;False;CRO
13789;647;555931;False;CRO
13790;647;556109;True;CRO
13791;644;556455;False;CRO
13792;644;556973;False;CRO
13793;647;557696;False;CRO
13794;644;557696;False;CRO
13795;647;557730;False;CRO
13796;644;558450;True;CRO
13797;647;558705;True;CRO
13798;644;559492;True;CRO
13799;647;559492;True;CRO
13800;644;560020;False;CRO
13801;647;560500;False;CRO
13802;644;560500;False;CRO
13803;647;561229;False;CRO
13804;647;561288;False;CRO
13805;644;561288;False;CRO
13806;644;561835;True;CRO
13807;647;563010;False;CRO
13808;647;563625;False;CRO
13809;644;563625;False;CRO
13810;644;563680;False;CRO
13811;647;564700;True;CRO
13812;4863;564884;False;CRO
13813;644;565331;False;CRO
13814;644;565388;False;CRO
13815;647;566241;False;CRO
13816;647;566300;False;CRO
13817;644;566860;True;CRO
13818;644;567596;False;CRO
13819;647;568095;True;CRO
13820;644;568389;False;CRO
13821;647;568389;False;CRO
13822;644;568787;True;CRO
13823;647;569714;False;CRO
13824;647;570607;True;CRO
13825;644;570607;False;CRO
13826;644;570662;False;CRO
13827;647;571800;False;CRO
13828;647;572635;False;CRO
13829;644;572635;False;CRO
13830;644;572682;False;CRO
13831;647;573398;False;CRO
13832;644;574094;False;CRO
13833;647;574646;True;CRO
13834;644;574670;True;CRO
13835;644;575191;True;CRO
13836;647;575191;True;CRO
13837;647;576160;False;CRO
13838;644;576160;False;CRO
13839;644;576615;False;CRO
13840;647;576625;False;CRO
13841;647;577324;False;CRO
13842;644;577334;False;CRO
13843;644;577476;False;CRO
13844;647;578224;True;CRO
13845;644;578276;True;CRO
13846;647;578784;True;CRO
13847;644;578798;True;CRO
13848;647;579313;False;CRO
13849;644;579313;False;CRO
13850;647;579724;True;CRO
13851;644;579724;True;CRO
13852;647;579930;False;CRO
13853;644;579930;False;CRO
13854;647;580278;False;CRO
13855;644;580410;False;CRO
13856;647;580828;True;CRO
13857;647;580940;False;CRO
13858;647;580991;False;CRO
13859;644;581180;True;CRO
13860;647;582377;False;CRO
13861;644;582377;False;CRO
13862;647;582953;False;CRO
13863;644;582953;False;CRO
13864;647;583582;False;CRO
13865;644;583597;False;CRO
13866;656;49744;True;CRO
13867;657;5953;True;CRO
13868;663;-22;False;CRO
13869;661;612;True;CRO
13870;661;830;False;CRO
13871;660;1297;False;CRO
13872;660;1675;False;CRO
13873;660;2390;False;CRO
13874;660;7471;True;CRO
13875;660;13378;True;CRO
13876;660;15485;False;CRO
13877;660;15626;False;CRO
13878;660;19253;False;CRO
13879;660;20741;True;CRO
13880;660;22467;False;CRO
13881;660;23031;False;CRO
13882;660;23996;False;CRO
13883;660;24674;False;CRO
13884;660;51173;False;CRO
13885;660;52651;False;CRO
13886;660;53355;False;CRO
13887;660;54978;False;CRO
13888;660;60784;True;CRO
13889;664;62215;False;CRO
13890;662;62446;False;CRO
13891;664;63209;False;CRO
13892;664;64069;True;CRO
13893;662;64250;True;CRO
13894;666;577818;False;CRO
13895;666;578626;True;CRO
13896;669;1217;True;CRO
13897;668;1217;True;CRO
13898;668;1924;True;CRO
13899;667;2283;True;CRO
13900;667;3629;True;CRO
13901;667;6204;True;CRO
13902;667;10751;True;CRO
13903;667;15421;True;CRO
13904;667;19680;True;CRO
13905;667;22320;True;CRO
13906;667;26221;True;CRO
13907;667;44093;True;CRO
13908;667;44263;False;CRO
13909;5201;46068;False;CRO
13910;667;46516;False;CRO
13911;667;47172;True;CRO
13912;667;47713;False;CRO
13913;667;47875;False;CRO
13914;667;48632;False;CRO
13915;667;49971;False;CRO
13916;667;51181;True;CRO
13917;667;64412;True;CRO
13918;667;68675;True;CRO
13919;667;97915;True;CRO
13920;667;98115;False;CRO
13921;667;99215;True;CRO
13922;671;4222;True;CRO
13923;670;4788;True;CRO
13924;671;5811;True;CRO
13925;670;6938;False;CRO
13926;671;7393;False;CRO
13927;671;8862;True;CRO
13928;670;8953;True;CRO
13929;670;9803;True;CRO
13930;671;9896;True;CRO
13931;670;11720;True;CRO
13932;671;12053;True;CRO
13933;670;14134;False;CRO
13934;670;14679;True;CRO
13935;672;13728;True;CRO
13936;672;14530;True;CRO
13937;673;117935;True;CRO
13938;675;118610;True;CRO
13939;675;119053;False;CRO
13940;673;119061;False;CRO
13941;675;119692;True;CRO
13942;673;119880;True;CRO
13943;675;119926;False;CRO
13944;674;122318;False;CRO
13945;674;122373;False;CRO
13946;676;122615;True;CRO
13947;674;123950;True;CRO
13948;676;124456;True;CRO
13949;674;125605;False;CRO
13950;676;126116;False;CRO
13951;676;126415;False;CRO
13952;674;127245;False;CRO
13953;676;127835;False;CRO
13954;674;128845;True;CRO
13955;676;129463;False;CRO
13956;676;129515;True;CRO
13957;674;130545;False;CRO
13958;676;131215;False;CRO
13959;674;132200;True;CRO
13960;676;132917;True;CRO
13961;674;133825;True;CRO
13962;676;134709;False;CRO
13963;674;135629;False;CRO
13964;674;135629;False;CRO
13965;676;136509;False;CRO
13966;674;137416;False;CRO
13967;676;138312;False;CRO
13968;676;139194;True;CRO
13969;674;139200;True;CRO
13970;676;140161;True;CRO
13971;674;140161;True;CRO
13972;674;140994;False;CRO
13973;674;141879;False;CRO
13974;676;141890;False;CRO
13975;674;142715;False;CRO
13976;676;143712;True;CRO
13977;674;144610;False;CRO
13978;676;145519;False;CRO
13979;674;146320;True;CRO
13980;676;147257;False;CRO
13981;676;147307;False;CRO
13982;674;148139;False;CRO
13983;674;148186;False;CRO
13984;676;149097;False;CRO
13985;674;150025;False;CRO
13986;674;150067;False;CRO
13987;676;150904;True;CRO
13988;674;151769;True;CRO
13989;676;152595;False;CRO
13990;674;153512;False;CRO
13991;676;154610;True;CRO
13992;674;155930;False;CRO
13993;676;156512;False;CRO
13994;676;156765;False;CRO
13995;676;158133;True;CRO
13996;674;158325;True;CRO
13997;676;158500;False;CRO
13998;8864;159068;True;CRO
13999;676;159917;True;CRO
14000;674;160025;True;CRO
14001;676;160094;False;CRO
14002;8863;160330;True;CRO
14003;674;160330;False;CRO
14004;674;160885;False;CRO
14005;8863;161098;False;CRO
14006;676;161515;True;CRO
14007;674;161742;True;CRO
14008;674;162963;True;CRO
14009;676;163103;True;CRO
14010;674;163332;False;CRO
14011;676;164630;False;CRO
14012;674;165720;False;CRO
14013;676;166267;False;CRO
14014;674;167365;True;CRO
14015;676;168098;False;CRO
14016;676;168154;False;CRO
14017;674;169282;False;CRO
14018;674;169337;False;CRO
14019;676;169988;False;CRO
14020;674;171358;False;CRO
14021;674;171419;False;CRO
14022;676;171877;True;CRO
14023;674;173224;True;CRO
14024;676;173725;False;CRO
14025;674;174960;False;CRO
14026;676;174976;False;CRO
14027;676;175575;True;CRO
14028;676;176842;False;CRO
14029;674;177056;True;CRO
14030;674;178130;True;CRO
14031;676;178130;True;CRO
14032;674;178827;True;CRO
14033;674;179907;True;CRO
14034;676;179917;True;CRO
14035;674;180558;False;CRO
14036;676;181658;False;CRO
14037;674;182361;False;CRO
14038;676;183321;True;CRO
14039;674;184186;True;CRO
14040;676;184969;False;CRO
14041;676;185007;False;CRO
14042;674;185958;False;CRO
14043;676;186754;False;CRO
14044;676;186813;False;CRO
14045;674;187643;False;CRO
14046;674;187701;False;CRO
14047;676;188604;True;CRO
14048;674;189642;True;CRO
14049;676;190423;False;CRO
14050;674;191378;False;CRO
14051;676;192023;False;CRO
14052;674;193211;False;CRO
14053;676;193580;False;CRO
14054;676;193627;False;CRO
14055;674;195088;True;CRO
14056;676;195209;False;CRO
14057;676;195381;False;CRO
14058;676;196716;True;CRO
14059;674;196883;False;CRO
14060;674;197504;True;CRO
14061;676;198392;True;CRO
14062;674;198930;True;CRO
14063;674;199719;True;CRO
14064;676;199772;True;CRO
14065;674;200335;True;CRO
14066;676;200473;True;CRO
14067;5210;200888;True;CRO
14068;5218;200888;True;CRO
14069;674;200888;True;CRO
14070;676;200888;True;CRO
14071;5214;200924;True;CRO
14072;5213;200924;True;CRO
14073;5219;200948;True;CRO
14074;5211;200997;True;CRO
14075;5219;201306;True;CRO
14076;5211;201306;True;CRO
14077;676;201311;True;CRO
14078;5210;201311;True;CRO
14079;674;201311;True;CRO
14080;5218;201340;True;CRO
14081;5213;201357;False;CRO
14082;5214;201357;True;CRO
14083;674;201700;True;CRO
14084;676;201785;True;CRO
14085;674;201785;True;CRO
14086;676;202980;False;CRO
14087;674;203088;False;CRO
14088;676;203123;True;CRO
14089;674;203132;False;CRO
14090;674;203554;True;CRO
14091;676;204344;False;CRO
14092;674;204569;True;CRO
14093;676;204611;False;CRO
14094;676;204886;True;CRO
14095;674;205594;True;CRO
14096;676;206590;False;CRO
14097;674;208260;True;CRO
14098;676;208316;True;CRO
14099;674;213670;True;CRO
14100;676;213752;True;CRO
14101;676;215725;True;CRO
14102;674;216192;False;CRO
14103;676;218119;False;CRO
14104;674;218890;True;CRO
14105;676;220149;True;CRO
14106;674;220852;True;CRO
14107;676;222703;False;CRO
14108;674;222820;False;CRO
14109;676;225260;True;CRO
14110;674;225282;True;CRO
14111;676;227415;False;CRO
14112;674;228044;False;CRO
14113;676;229868;True;CRO
14114;674;230165;True;CRO
14115;674;231985;False;CRO
14116;676;232483;False;CRO
14117;674;234050;False;CRO
14118;676;234956;True;CRO
14119;674;236350;True;CRO
14120;676;236895;True;CRO
14121;674;237557;False;CRO
14122;676;238457;False;CRO
14123;674;240170;True;CRO
14124;676;240211;False;CRO
14125;676;242366;True;CRO
14126;674;242626;False;CRO
14127;676;244296;False;CRO
14128;674;244685;True;CRO
14129;676;246515;False;CRO
14130;674;247090;True;CRO
14131;676;248640;True;CRO
14132;674;249767;True;CRO
14133;676;250938;True;CRO
14134;674;251790;False;CRO
14135;676;252791;False;CRO
14136;674;254035;True;CRO
14137;676;255535;False;CRO
14138;674;256305;False;CRO
14139;674;257868;False;CRO
14140;676;257980;True;CRO
14141;674;259405;True;CRO
14142;676;259530;False;CRO
14143;676;260790;False;CRO
14144;676;261680;False;CRO
14145;674;261723;True;CRO
14146;676;262015;True;CRO
14147;5233;262991;True;CRO
14148;676;263197;False;CRO
14149;674;263220;True;CRO
14150;676;263225;False;CRO
14151;674;263464;False;CRO
14152;5220;264072;True;CRO
14153;676;264072;True;CRO
14154;5220;264444;False;CRO
14155;674;264458;False;CRO
14156;5228;264461;False;CRO
14157;676;265000;True;CRO
14158;674;265700;True;CRO
14159;676;266490;True;CRO
14160;674;268450;False;CRO
14161;676;269047;False;CRO
14162;674;271310;True;CRO
14163;676;271370;True;CRO
14164;676;273526;False;CRO
14165;674;273778;False;CRO
14166;676;276230;True;CRO
14167;674;276336;True;CRO
14168;676;278600;False;CRO
14169;674;279032;False;CRO
14170;674;280803;True;CRO
14171;676;281170;True;CRO
14172;674;281640;True;CRO
14173;676;283685;False;CRO
14174;674;283815;False;CRO
14175;676;285850;False;CRO
14176;674;286007;False;CRO
14177;676;287832;True;CRO
14178;674;288069;True;CRO
14179;676;290025;False;CRO
14180;674;290240;False;CRO
14181;674;292355;False;CRO
14182;676;292740;True;CRO
14183;674;293859;True;CRO
14184;674;294482;False;CRO
14185;5221;294482;True;CRO
14186;676;294482;True;CRO
14187;5221;295167;True;CRO
14188;674;295242;True;CRO
14189;676;295748;True;CRO
14190;674;297033;True;CRO
14191;676;297911;False;CRO
14192;674;299233;False;CRO
14193;676;300238;True;CRO
14194;674;301433;True;CRO
14195;676;302434;False;CRO
14196;674;303636;False;CRO
14197;676;305010;True;CRO
14198;674;305437;True;CRO
14199;676;307528;False;CRO
14200;674;307981;True;CRO
14201;676;310229;False;CRO
14202;674;310443;False;CRO
14203;674;312472;True;CRO
14204;676;313020;True;CRO
14205;674;314672;True;CRO
14206;676;315805;True;CRO
14207;674;316768;False;CRO
14208;676;317612;True;CRO
14209;674;318965;True;CRO
14210;676;320054;False;CRO
14211;674;321140;False;CRO
14212;676;322845;True;CRO
14213;674;323475;False;CRO
14214;676;325278;False;CRO
14215;674;326062;True;CRO
14216;676;327565;True;CRO
14217;674;328270;False;CRO
14218;676;329928;False;CRO
14219;674;330536;True;CRO
14220;5212;331670;True;CRO
14221;676;332078;False;CRO
14222;674;333200;True;CRO
14223;676;334258;True;CRO
14224;674;336025;False;CRO
14225;676;336409;False;CRO
14226;674;338585;False;CRO
14227;676;338605;True;CRO
14228;674;340748;True;CRO
14229;676;341311;False;CRO
14230;676;341397;False;CRO
14231;674;342413;True;CRO
14232;676;342551;True;CRO
14233;676;345130;False;CRO
14234;674;345210;False;CRO
14235;674;347405;True;CRO
14236;676;347450;True;CRO
14237;676;349210;False;CRO
14238;674;349490;False;CRO
14239;676;351350;True;CRO
14240;674;351980;True;CRO
14241;676;353735;False;CRO
14242;674;356013;True;CRO
14243;676;356296;True;CRO
14244;674;358090;False;CRO
14245;676;358738;True;CRO
14246;674;360540;False;CRO
14247;676;361475;True;CRO
14248;674;362680;True;CRO
14249;676;363617;False;CRO
14250;674;364865;False;CRO
14251;676;365286;False;CRO
14252;674;365300;False;CRO
14253;676;365704;False;CRO
14254;676;366874;True;CRO
14255;674;367044;True;CRO
14256;5222;367504;False;CRO
14257;674;367504;False;CRO
14258;5229;367504;False;CRO
14259;676;367504;False;CRO
14260;5229;368261;False;CRO
14261;5222;368303;False;CRO
14262;674;368340;False;CRO
14263;676;368340;False;CRO
14264;676;368612;True;CRO
14265;674;368980;True;CRO
14266;676;370656;False;CRO
14267;674;370965;False;CRO
14268;676;370999;False;CRO
14269;676;373208;True;CRO
14270;674;373215;True;CRO
14271;674;375440;False;CRO
14272;676;375463;False;CRO
14273;674;377690;True;CRO
14274;676;377710;True;CRO
14275;674;379945;False;CRO
14276;676;379956;False;CRO
14277;674;381852;True;CRO
14278;676;382159;True;CRO
14279;674;383460;False;CRO
14280;674;383690;True;CRO
14281;676;383906;True;CRO
14282;674;385295;False;CRO
14283;674;385354;False;CRO
14284;676;386410;False;CRO
14285;674;387540;False;CRO
14286;676;388613;True;CRO
14287;674;389790;True;CRO
14288;676;390779;False;CRO
14289;676;390836;False;CRO
14290;674;392414;True;CRO
14291;676;392716;True;CRO
14292;676;393120;True;CRO
14293;674;393198;True;CRO
14294;674;394490;False;CRO
14295;676;395074;False;CRO
14296;676;395130;False;CRO
14297;676;395376;False;CRO
14298;674;395638;True;CRO
14299;674;395983;False;CRO
14300;676;396896;True;CRO
14301;676;397306;True;CRO
14302;5349;397311;False;CRO
14303;674;398080;False;CRO
14304;5350;398208;False;CRO
14305;674;398454;False;CRO
14306;674;398510;False;CRO
14307;676;398812;False;CRO
14308;676;399517;False;CRO
14309;5350;399523;False;CRO
14310;5351;399543;False;CRO
14311;676;399640;False;CRO
14312;674;400195;True;CRO
14313;5350;400195;True;CRO
14314;5351;400205;True;CRO
14315;5227;400836;True;CRO
14316;5348;400892;False;CRO
14317;5223;400947;True;CRO
14318;5231;400951;True;CRO
14319;674;400951;True;CRO
14320;8794;400951;True;CRO
14321;5236;400951;True;CRO
14322;676;400951;True;CRO
14323;5348;400951;True;CRO
14324;5230;401419;True;CRO
14325;5227;401419;False;CRO
14326;8794;401420;False;CRO
14327;5239;401421;False;CRO
14328;674;401438;False;CRO
14329;676;401441;False;CRO
14330;5231;401441;False;CRO
14331;5348;401463;False;CRO
14332;5225;401518;False;CRO
14333;5236;401548;False;CRO
14334;676;401859;True;CRO
14335;674;402007;True;CRO
14336;674;402470;False;CRO
14337;676;402512;False;CRO
14338;676;403074;True;CRO
14339;674;403833;True;CRO
14340;676;404295;True;CRO
14341;674;404810;False;CRO
14342;674;404868;True;CRO
14343;676;405344;False;CRO
14344;674;406715;False;CRO
14345;674;406773;False;CRO
14346;676;407808;True;CRO
14347;674;408570;True;CRO
14348;674;408729;False;CRO
14349;676;410283;False;CRO
14350;676;410515;False;CRO
14351;674;410651;True;CRO
14352;676;412324;True;CRO
14353;676;412542;False;CRO
14354;674;412555;True;CRO
14355;674;412990;False;CRO
14356;674;413048;True;CRO
14357;676;413075;True;CRO
14358;674;415163;False;CRO
14359;674;415210;False;CRO
14360;676;415230;False;CRO
14361;676;417035;False;CRO
14362;674;417225;True;CRO
14363;676;418925;False;CRO
14364;674;419359;False;CRO
14365;676;421010;True;CRO
14366;674;421346;True;CRO
14367;676;421828;True;CRO
14368;674;421871;True;CRO
14369;676;423812;False;CRO
14370;674;423957;False;CRO
14371;676;425687;False;CRO
14372;674;426109;False;CRO
14373;676;427506;True;CRO
14374;674;428090;True;CRO
14375;676;429852;False;CRO
14376;674;430260;False;CRO
14377;676;432135;False;CRO
14378;674;432490;False;CRO
14379;676;434113;False;CRO
14380;674;434725;False;CRO
14381;676;436273;True;CRO
14382;674;436890;True;CRO
14383;676;437338;True;CRO
14384;674;437406;True;CRO
14385;676;439306;False;CRO
14386;674;439537;False;CRO
14387;676;441370;False;CRO
14388;674;441903;False;CRO
14389;676;443352;True;CRO
14390;674;443931;True;CRO
14391;676;445604;False;CRO
14392;676;445632;False;CRO
14393;674;446053;False;CRO
14394;676;447607;True;CRO
14395;676;447897;False;CRO
14396;674;447939;False;CRO
14397;674;448216;True;CRO
14398;676;448600;True;CRO
14399;674;449114;True;CRO
14400;674;450753;False;CRO
14401;674;450773;False;CRO
14402;676;450842;False;CRO
14403;676;451088;False;CRO
14404;674;452830;False;CRO
14405;676;452875;False;CRO
14406;674;452888;False;CRO
14407;676;452933;False;CRO
14408;674;454380;False;CRO
14409;674;454987;True;CRO
14410;676;455026;True;CRO
14411;674;456810;False;CRO
14412;676;457189;False;CRO
14413;676;457226;False;CRO
14414;674;458810;True;CRO
14415;676;459034;True;CRO
14416;676;459252;False;CRO
14417;674;459258;False;CRO
14418;674;459860;True;CRO
14419;676;459906;False;CRO
14420;674;460114;True;CRO
14421;676;460250;True;CRO
14422;674;461630;False;CRO
14423;674;462017;False;CRO
14424;676;462125;False;CRO
14425;674;463793;False;CRO
14426;676;464160;False;CRO
14427;676;465870;False;CRO
14428;674;466023;True;CRO
14429;676;466594;True;CRO
14430;674;467819;False;CRO
14431;674;468343;False;CRO
14432;676;468367;False;CRO
14433;674;469599;False;CRO
14434;674;469823;False;CRO
14435;676;470619;False;CRO
14436;676;472425;True;CRO
14437;674;472524;True;CRO
14438;676;474214;False;CRO
14439;676;474323;False;CRO
14440;674;474421;False;CRO
14441;676;476154;True;CRO
14442;674;476258;True;CRO
14443;676;476395;False;CRO
14444;674;476724;False;CRO
14445;674;477737;True;CRO
14446;676;478580;False;CRO
14447;674;478797;False;CRO
14448;676;480635;False;CRO
14449;676;481199;False;CRO
14450;674;481199;False;CRO
14451;674;482905;True;CRO
14452;676;482927;True;CRO
14453;676;483260;True;CRO
14454;674;483689;False;CRO
14455;674;483791;False;CRO
14456;676;485142;False;CRO
14457;674;485460;False;CRO
14458;674;485990;False;CRO
14459;676;487167;True;CRO
14460;674;487716;True;CRO
14461;676;489402;False;CRO
14462;674;489430;False;CRO
14463;676;489432;False;CRO
14464;676;491405;False;CRO
14465;676;491465;False;CRO
14466;674;491502;False;CRO
14467;674;491560;False;CRO
14468;674;493148;False;CRO
14469;674;493175;False;CRO
14470;676;493412;False;CRO
14471;674;495331;True;CRO
14472;676;495418;True;CRO
14473;676;496586;False;CRO
14474;676;497311;False;CRO
14475;674;497631;False;CRO
14476;676;497692;False;CRO
14477;674;498014;True;CRO
14478;676;498091;True;CRO
14479;5238;498916;True;CRO
14480;5237;498965;True;CRO
14481;674;499060;True;CRO
14482;676;499060;False;CRO
14483;676;499080;False;CRO
14484;5238;499407;True;CRO
14485;5237;499407;False;CRO
14486;5237;499642;True;CRO
14487;5235;499642;True;CRO
14488;5238;499642;True;CRO
14489;676;499685;True;CRO
14490;5232;499685;True;CRO
14491;5226;499737;True;CRO
14492;5224;499737;True;CRO
14493;674;499737;True;CRO
14494;676;500116;True;CRO
14495;5237;500116;True;CRO
14496;5235;500116;True;CRO
14497;5232;500116;True;CRO
14498;8936;500132;True;CRO
14499;5224;500132;True;CRO
14500;674;500132;True;CRO
14501;5226;500132;True;CRO
14502;5238;500190;False;CRO
14503;674;500733;True;CRO
14504;676;500781;True;CRO
14505;676;502110;False;CRO
14506;674;502706;False;CRO
14507;676;502720;False;CRO
14508;676;505315;True;CRO
14509;674;505490;True;CRO
14510;676;507814;True;CRO
14511;674;508106;False;CRO
14512;676;510160;True;CRO
14513;674;510410;True;CRO
14514;676;512672;False;CRO
14515;674;513080;False;CRO
14516;676;515007;False;CRO
14517;674;515220;False;CRO
14518;676;517454;True;CRO
14519;674;517660;True;CRO
14520;676;519637;False;CRO
14521;674;520111;True;CRO
14522;676;521749;True;CRO
14523;674;522683;False;CRO
14524;676;524173;False;CRO
14525;674;525383;False;CRO
14526;676;526615;False;CRO
14527;674;528010;True;CRO
14528;676;528715;True;CRO
14529;674;530821;False;CRO
14530;676;531427;False;CRO
14531;674;533400;False;CRO
14532;676;534121;False;CRO
14533;676;534332;False;CRO
14534;676;536169;True;CRO
14535;674;536200;True;CRO
14536;676;536862;False;CRO
14537;676;537486;False;CRO
14538;674;537613;False;CRO
14539;676;538042;True;CRO
14540;674;539594;True;CRO
14541;676;539628;False;CRO
14542;674;541265;True;CRO
14543;676;541620;True;CRO
14544;5234;542216;True;CRO
14545;676;543688;False;CRO
14546;674;543968;False;CRO
14547;676;545688;False;CRO
14548;674;546706;True;CRO
14549;676;548389;True;CRO
14550;674;548775;True;CRO
14551;676;550322;False;CRO
14552;674;550740;False;CRO
14553;676;551975;False;CRO
14554;674;552206;False;CRO
14555;676;553816;True;CRO
14556;674;554035;True;CRO
14557;674;555898;False;CRO
14558;676;556634;True;CRO
14559;674;557839;False;CRO
14560;676;559104;True;CRO
14561;674;559701;True;CRO
14562;676;559856;True;CRO
14563;674;561889;True;CRO
14564;676;561910;True;CRO
14565;676;564127;False;CRO
14566;674;564157;False;CRO
14567;674;565904;False;CRO
14568;676;566978;False;CRO
14569;674;567897;False;CRO
14570;676;569484;True;CRO
14571;674;569890;True;CRO
14572;674;572085;False;CRO
14573;676;572251;False;CRO
14574;676;574597;False;CRO
14575;674;574637;False;CRO
14576;674;576350;True;CRO
14577;676;577202;True;CRO
14578;674;577287;True;CRO
14579;674;577792;False;CRO
14580;674;577824;False;CRO
14581;676;578050;True;CRO
14582;676;579036;False;CRO
14583;674;579080;True;CRO
14584;674;579406;False;CRO
14585;676;581613;False;CRO
14586;674;582010;False;CRO
14587;676;584340;True;CRO
14588;674;584583;True;CRO
14589;676;586384;False;CRO
14590;676;586420;False;CRO
14591;674;586705;False;CRO
14592;676;588560;True;CRO
14593;674;589290;True;CRO
14594;674;589674;False;CRO
14595;676;591356;False;CRO
14596;674;592100;False;CRO
14597;676;593764;True;CRO
14598;674;594946;True;CRO
14599;676;596120;False;CRO
14600;674;597596;False;CRO
14601;676;597804;False;CRO
14602;676;598006;False;CRO
14603;676;599074;True;CRO
14604;674;599074;True;CRO
14605;5217;599557;True;CRO
14606;676;599608;True;CRO
14607;5217;600233;False;CRO
14608;676;600233;True;CRO
14609;674;600254;False;CRO
14610;5215;600317;True;CRO
14611;676;600846;True;CRO
14612;674;600846;True;CRO
14613;674;601196;True;CRO
14614;674;601403;False;CRO
14615;676;602725;False;CRO
14616;674;603028;False;CRO
14617;674;603205;False;CRO
14618;676;604835;True;CRO
14619;674;604997;True;CRO
14620;676;607535;False;CRO
14621;674;607690;False;CRO
14622;676;609675;False;CRO
14623;674;609700;False;CRO
14624;676;611657;True;CRO
14625;674;611795;True;CRO
14626;676;613540;False;CRO
14627;674;613927;False;CRO
14628;674;615427;False;CRO
14629;676;615869;False;CRO
14630;676;616120;True;CRO
14631;674;617462;True;CRO
14632;676;617732;False;CRO
14633;676;617776;False;CRO
14634;674;618121;False;CRO
14635;676;618350;True;CRO
14636;674;618570;True;CRO
14637;674;619243;False;CRO
14638;676;619804;False;CRO
14639;674;621229;True;CRO
14640;676;621490;True;CRO
14641;674;623938;False;CRO
14642;676;625080;True;CRO
14643;674;626638;True;CRO
14644;676;626835;True;CRO
14645;676;629640;False;CRO
14646;674;631885;False;CRO
14647;676;632225;False;CRO
14648;674;634540;True;CRO
14649;676;634897;True;CRO
14650;674;637240;False;CRO
14651;676;637490;False;CRO
14652;676;637759;False;CRO
14653;676;639041;True;CRO
14654;674;639047;True;CRO
14655;674;639750;False;CRO
14656;676;639905;False;CRO
14657;674;640750;True;CRO
14658;676;640866;True;CRO
14659;674;641310;False;CRO
14660;676;643195;True;CRO
14661;674;643490;False;CRO
14662;676;645899;True;CRO
14663;674;646284;True;CRO
14664;676;648311;False;CRO
14665;674;648525;False;CRO
14666;676;649530;False;CRO
14667;676;650508;False;CRO
14668;674;651322;False;CRO
14669;674;653106;True;CRO
14670;676;653134;True;CRO
14671;674;653719;False;CRO
14672;674;654606;False;CRO
14673;676;655823;False;CRO
14674;674;656219;False;CRO
14675;676;658207;True;CRO
14676;674;658727;True;CRO
14677;676;660317;False;CRO
14678;676;660407;False;CRO
14679;674;660469;False;CRO
14680;676;660684;False;CRO
14681;674;660990;False;CRO
14682;674;661412;False;CRO
14683;676;661941;False;CRO
14684;676;662193;False;CRO
14685;674;662453;False;CRO
14686;674;662590;True;CRO
14687;676;662885;True;CRO
14688;677;400317;True;CRO
14689;677;401944;True;CRO
14690;679;200450;True;CRO
14691;680;200574;True;CRO
14692;680;201568;False;CRO
14693;679;201997;False;CRO
14694;679;208280;False;CRO
14695;679;209742;True;CRO
14696;680;209770;True;CRO
14697;680;211395;False;CRO
14698;679;221490;True;CRO
14699;679;222990;True;CRO
14700;679;224519;True;CRO
14701;680;224641;True;CRO
14702;680;226048;False;CRO
14703;680;227705;False;CRO
14704;680;229872;True;CRO
14705;679;230190;True;CRO
14706;680;231462;False;CRO
14707;679;231753;False;CRO
14708;679;238090;False;CRO
14709;679;239620;True;CRO
14710;680;240195;True;CRO
14711;679;241245;False;CRO
14712;680;241765;False;CRO
14713;680;243315;False;CRO
14714;679;251690;False;CRO
14715;679;253290;True;CRO
14716;680;254478;True;CRO
14717;679;255123;True;CRO
14718;680;256000;False;CRO
14719;679;257150;True;CRO
14720;680;257600;True;CRO
14721;679;269000;False;CRO
14722;680;270255;True;CRO
14723;679;270611;True;CRO
14724;680;272313;False;CRO
14725;679;283540;True;CRO
14726;680;284390;True;CRO
14727;679;285143;True;CRO
14728;680;286622;True;CRO
14729;679;287410;True;CRO
14730;680;287795;True;CRO
14731;680;289295;False;CRO
14732;679;295478;False;CRO
14733;680;296712;True;CRO
14734;679;297083;True;CRO
14735;680;298210;False;CRO
14736;679;302397;False;CRO
14737;680;302794;True;CRO
14738;679;303659;True;CRO
14739;680;304250;True;CRO
14740;681;241167;True;CRO
14741;681;241298;False;CRO
14742;681;351192;False;CRO
14743;681;352052;True;CRO
14744;682;281762;True;CRO
14745;683;383653;True;CRO
14746;692;341530;True;CRO
14747;692;342530;False;CRO
14748;693;370065;True;CRO
14749;693;372391;True;CRO
14750;695;468530;True;CRO
14751;695;469640;True;CRO
14752;695;472292;False;CRO
14753;695;472336;False;CRO
14754;695;473709;False;CRO
14755;695;473729;False;CRO
14756;697;402240;False;CRO
14757;697;402260;False;CRO
14758;5395;402356;False;CRO
14759;697;403255;False;CRO
14760;697;403305;False;CRO
14761;697;405796;True;CRO
14762;5396;406217;False;CRO
14763;698;410845;True;CRO
14764;698;414700;True;CRO
14765;698;415510;False;CRO
14766;698;417420;True;CRO
14767;698;418986;False;CRO
14768;698;419454;False;CRO
14769;698;420811;True;CRO
14770;698;428080;True;CRO
14771;698;429717;False;CRO
14772;698;430192;False;CRO
14773;698;431705;True;CRO
14774;698;437062;True;CRO
14775;698;440790;True;CRO
14776;698;444604;True;CRO
14777;698;446445;False;CRO
14778;698;446917;False;CRO
14779;698;448627;True;CRO
14780;698;453291;True;CRO
14781;698;454884;False;CRO
14782;698;455327;False;CRO
14783;698;456789;False;CRO
14784;698;456862;True;CRO
14785;698;457662;False;CRO
14786;698;459288;False;CRO
14787;698;459788;False;CRO
14788;698;461580;True;CRO
14789;698;465636;False;CRO
14790;698;466033;True;CRO
14791;698;468914;False;CRO
14792;698;469302;False;CRO
14793;698;478520;True;CRO
14794;698;480073;False;CRO
14795;698;480581;False;CRO
14796;698;481994;True;CRO
14797;698;490279;False;CRO
14798;698;491938;False;CRO
14799;698;492380;False;CRO
14800;698;493964;False;CRO
14801;698;512286;False;CRO
14802;698;513594;False;CRO
14803;698;514209;False;CRO
14804;698;515637;False;CRO
14805;698;516420;True;CRO
14806;698;517290;False;CRO
14807;698;517522;False;CRO
14808;698;517626;False;CRO
14809;698;518472;True;CRO
14810;700;402961;True;CRO
14811;701;403044;True;CRO
14812;701;403601;False;CRO
14813;700;403822;False;CRO
14814;700;403970;True;CRO
14815;701;404040;True;CRO
14816;700;410566;False;CRO
14817;701;411631;True;CRO
14818;700;411850;True;CRO
14819;701;413130;True;CRO
14820;700;418715;False;CRO
14821;700;420030;True;CRO
14822;701;420438;True;CRO
14823;701;421197;False;CRO
14824;700;421197;False;CRO
14825;699;421715;False;CRO
14826;699;421794;False;CRO
14827;699;423369;True;CRO
14828;699;427490;True;CRO
14829;5407;429291;False;CRO
14830;699;429291;False;CRO
14831;699;429935;False;CRO
14832;5407;429935;False;CRO
14833;699;431898;True;CRO
14834;699;436300;True;CRO
14835;699;438309;False;CRO
14836;5408;438341;False;CRO
14837;699;439110;False;CRO
14838;5408;439110;False;CRO
14839;699;441104;True;CRO
14840;699;446590;True;CRO
14841;699;448485;False;CRO
14842;5402;448485;False;CRO
14843;699;449101;False;CRO
14844;5402;449101;False;CRO
14845;699;450890;True;CRO
14846;699;461380;False;CRO
14847;699;462970;False;CRO
14848;5403;462976;False;CRO
14849;699;463810;False;CRO
14850;5403;463870;False;CRO
14851;699;464860;False;CRO
14852;699;465753;True;CRO
14853;699;470890;True;CRO
14854;699;473062;False;CRO
14855;5404;473062;False;CRO
14856;699;473663;False;CRO
14857;5404;473663;False;CRO
14858;699;475420;True;CRO
14859;699;481890;True;CRO
14860;699;483832;False;CRO
14861;5405;483843;False;CRO
14862;699;484474;False;CRO
14863;5405;484474;False;CRO
14864;699;486210;True;CRO
14865;699;488645;True;CRO
14866;699;490660;False;CRO
14867;5406;490660;False;CRO
14868;5406;491276;False;CRO
14869;699;491276;False;CRO
14870;699;493111;True;CRO
14871;699;497510;True;CRO
14872;699;497630;False;CRO
14873;699;499010;True;CRO
14874;702;421725;False;CRO
14875;702;421775;False;CRO
14876;702;422810;True;CRO
14877;702;446435;False;CRO
14878;702;448386;True;CRO
14879;702;450319;False;CRO
14880;702;451471;False;CRO
14881;702;451910;False;CRO
14882;702;468556;False;CRO
14883;702;468970;False;CRO
14884;702;484471;False;CRO
14885;702;485074;False;CRO
14886;702;496890;True;CRO
14887;702;497797;False;CRO
14888;702;498037;False;CRO
14889;702;499335;False;CRO
14890;702;500163;False;CRO
14891;702;501467;True;CRO
14892;706;750;True;CRO
14893;706;2170;False;CRO
14894;706;3761;True;CRO
14895;707;9620;True;CRO
14896;706;12420;True;CRO
14897;706;16040;True;CRO
14898;707;20705;False;CRO
14899;707;22180;True;CRO
14900;706;25846;False;CRO
14901;706;27370;True;CRO
14902;707;37250;False;CRO
14903;707;37680;False;CRO
14904;706;38649;False;CRO
14905;707;38834;True;CRO
14906;706;40700;True;CRO
14907;706;42280;True;CRO
14908;707;45730;False;CRO
14909;707;53860;False;CRO
14910;707;55401;True;CRO
14911;706;56635;False;CRO
14912;707;56985;False;CRO
14913;706;59310;True;CRO
14914;706;60850;True;CRO
14915;707;63850;True;CRO
14916;706;67030;False;CRO
14917;707;71059;False;CRO
14918;707;71810;False;CRO
14919;707;72728;False;CRO
14920;707;73325;True;CRO
14921;707;74330;True;CRO
14922;707;74844;True;CRO
14923;706;74868;True;CRO
14924;707;75250;False;CRO
14925;5418;75250;False;CRO
14926;5419;75250;False;CRO
14927;5420;75284;False;CRO
14928;5418;75590;False;CRO
14929;707;75605;False;CRO
14930;8891;76223;True;CRO
14931;8891;77502;False;CRO
14932;8890;79950;True;CRO
14933;8890;83645;True;CRO
14934;8890;85140;False;CRO
14935;8890;86408;False;CRO
14936;8891;86410;False;CRO
14937;704;86869;True;CRO
14938;704;88297;False;CRO
14939;704;96062;True;CRO
14940;704;97359;False;CRO
14941;704;97415;False;CRO
14942;704;98915;True;CRO
14943;704;107090;True;CRO
14944;704;108413;False;CRO
14945;704;108990;False;CRO
14946;704;110315;True;CRO
14947;704;120550;True;CRO
14948;704;124965;True;CRO
14949;704;126323;True;CRO
14950;704;128055;False;CRO
14951;704;128812;False;CRO
14952;704;130583;True;CRO
14953;704;136390;True;CRO
14954;704;137763;False;CRO
14955;704;137813;False;CRO
14956;704;139961;False;CRO
14957;704;140957;True;CRO
14958;704;142207;False;CRO
14959;704;142350;False;CRO
14960;704;143417;False;CRO
14961;704;144824;False;CRO
14962;704;145850;True;CRO
14963;705;148276;True;CRO
14964;705;148585;False;CRO
14965;705;148712;False;CRO
14966;705;149120;False;CRO
14967;705;149375;False;CRO
14968;705;149412;False;CRO
14969;705;151120;False;CRO
14970;705;151375;False;CRO
14971;705;152412;True;CRO
14972;705;156232;False;CRO
14973;705;157526;True;CRO
14974;5424;158021;False;CRO
14975;705;158021;False;CRO
14976;5424;158278;False;CRO
14977;705;158278;False;CRO
14978;705;158718;True;CRO
14979;705;159753;False;CRO
14980;705;163665;True;CRO
14981;705;165469;False;CRO
14982;705;165525;False;CRO
14983;705;166750;True;CRO
14984;705;171462;True;CRO
14985;705;171784;False;CRO
14986;705;172340;False;CRO
14987;705;172438;True;CRO
14988;5425;173011;True;CRO
14989;705;173028;True;CRO
14990;708;566225;True;CRO
14991;708;570130;True;CRO
14992;708;573416;True;CRO
14993;708;588766;True;CRO
14994;709;546784;True;CRO
14995;709;547582;False;CRO
14996;709;548105;True;CRO
14997;709;552783;False;CRO
14998;709;554283;True;CRO
14999;709;554698;False;CRO
15000;5443;554698;False;CRO
15001;709;554983;False;CRO
15002;5443;554983;False;CRO
15003;709;555315;True;CRO
15004;709;556818;False;CRO
15005;709;562635;False;CRO
15006;709;564135;True;CRO
15007;709;564361;False;CRO
15008;5444;564361;False;CRO
15009;5444;564919;False;CRO
15010;709;564919;False;CRO
15011;709;565154;True;CRO
15012;709;566620;False;CRO
15013;709;574190;False;CRO
15014;709;575855;True;CRO
15015;709;576076;False;CRO
15016;5440;576076;False;CRO
15017;5440;576424;False;CRO
15018;709;576424;False;CRO
15019;709;576627;True;CRO
15020;709;578330;False;CRO
15021;709;583516;False;CRO
15022;709;585352;True;CRO
15023;709;585555;False;CRO
15024;5445;585555;False;CRO
15025;709;585975;False;CRO
15026;5445;585975;False;CRO
15027;709;586160;True;CRO
15028;709;587868;False;CRO
15029;709;592360;False;CRO
15030;709;594117;True;CRO
15031;5446;594348;False;CRO
15032;709;594350;False;CRO
15033;5446;594613;False;CRO
15034;709;594620;False;CRO
15035;709;594999;True;CRO
15036;709;596464;False;CRO
15037;709;605100;False;CRO
15038;709;605390;False;CRO
15039;709;605590;False;CRO
15040;709;606678;True;CRO
15041;709;608716;False;CRO
15042;709;609189;False;CRO
15043;709;610435;False;CRO
15044;709;618418;True;CRO
15045;709;626430;True;CRO
15046;709;629704;True;CRO
15047;709;630905;False;CRO
15048;709;642108;False;CRO
15049;709;642374;True;CRO
15050;709;643562;False;CRO
15051;711;511665;True;CRO
15052;711;512562;False;CRO
15053;711;512960;False;CRO
15054;711;522815;True;CRO
15055;711;526546;True;CRO
15056;711;538590;True;CRO
15057;711;540331;False;CRO
15058;711;540872;False;CRO
15059;711;542605;True;CRO
15060;711;552947;False;CRO
15061;711;555323;False;CRO
15062;711;555641;False;CRO
15063;711;555800;True;CRO
15064;711;556730;False;CRO
15065;713;562867;False;CRO
15066;713;563452;False;CRO
15067;714;564325;False;CRO
15068;712;566012;False;CRO
15069;712;566252;False;CRO
15070;712;568370;True;CRO
15071;712;569652;False;CRO
15072;712;570374;False;CRO
15073;712;571940;True;CRO
15074;712;578890;True;CRO
15075;712;582803;True;CRO
15076;712;596240;True;CRO
15077;712;601320;True;CRO
15078;712;604235;True;CRO
15079;712;607375;True;CRO
15080;712;607664;False;CRO
15081;712;610590;True;CRO
15082;712;610810;False;CRO
15083;712;611170;False;CRO
15084;712;613220;False;CRO
15085;712;623455;True;CRO
15086;712;625255;False;CRO
15087;5450;625406;False;CRO
15088;712;625949;False;CRO
15089;712;627680;True;CRO
15090;712;639313;True;CRO
15091;712;642674;False;CRO
15092;712;649756;True;CRO
15093;715;608648;True;CRO
15094;716;625505;True;CRO
15095;5470;20;False;CRO
15096;5471;129;False;CRO
15097;5506;163;True;CRO
15098;5508;163;True;CRO
15099;5465;210;False;CRO
15100;5470;210;False;CRO
15101;5467;210;False;CRO
15102;5503;217;True;CRO
15103;5469;220;True;CRO
15104;5498;232;True;CRO
15105;720;269;True;CRO
15106;5494;269;True;CRO
15107;719;269;True;CRO
15108;5467;302;False;CRO
15109;5470;422;True;CRO
15110;5471;422;True;CRO
15111;719;510;True;CRO
15112;720;573;True;CRO
15113;720;673;False;CRO
15114;720;873;False;CRO
15115;5470;1166;False;CRO
15116;5471;1166;False;CRO
15117;719;1213;True;CRO
15118;720;1694;True;CRO
15119;719;1694;True;CRO
15120;5647;1694;True;CRO
15121;5647;2159;False;CRO
15122;720;2462;True;CRO
15123;719;2462;True;CRO
15124;5647;2462;True;CRO
15125;720;2880;False;CRO
15126;1451;3385;True;CRO
15127;719;3550;False;CRO
15128;1452;3562;False;CRO
15129;1451;3575;False;CRO
15130;1452;3682;False;CRO
15131;1451;3687;False;CRO
15132;1452;3862;False;CRO
15133;1452;3997;False;CRO
15134;720;4071;False;CRO
15135;719;4594;True;CRO
15136;1452;4718;True;CRO
15137;1451;4758;False;CRO
15138;1452;4974;True;CRO
15139;1451;5009;False;CRO
15140;1453;5055;False;CRO
15141;1451;5055;False;CRO
15142;1453;5067;False;CRO
15143;1452;5230;False;CRO
15144;720;5258;False;CRO
15145;1451;5301;True;CRO
15146;719;5615;False;CRO
15147;1452;5961;False;CRO
15148;1451;6128;False;CRO
15149;1452;6214;True;CRO
15150;720;6419;True;CRO
15151;719;7424;True;CRO
15152;720;7830;False;CRO
15153;720;9529;False;CRO
15154;720;11338;False;CRO
15155;720;13072;True;CRO
15156;719;13823;True;CRO
15157;720;15222;False;CRO
15158;719;15588;False;CRO
15159;719;17126;True;CRO
15160;719;17819;False;CRO
15161;719;18671;True;CRO
15162;720;19828;False;CRO
15163;719;20350;False;CRO
15164;720;21488;True;CRO
15165;719;22245;False;CRO
15166;719;24046;False;CRO
15167;719;24056;True;CRO
15168;719;26050;False;CRO
15169;719;28046;True;CRO
15170;720;29253;True;CRO
15171;719;30251;False;CRO
15172;720;31014;False;CRO
15173;719;32080;False;CRO
15174;720;32750;False;CRO
15175;719;33875;False;CRO
15176;719;35582;True;CRO
15177;720;37660;True;CRO
15178;720;37977;False;CRO
15179;719;38983;False;CRO
15180;719;40574;True;CRO
15181;5485;41372;True;CRO
15182;5499;41372;True;CRO
15183;720;41384;True;CRO
15184;719;41719;False;CRO
15185;720;41729;True;CRO
15186;5479;41730;False;CRO
15187;719;41977;True;CRO
15188;720;42291;True;CRO
15189;719;43508;False;CRO
15190;719;43961;False;CRO
15191;720;44115;False;CRO
15192;719;45485;False;CRO
15193;720;46715;True;CRO
15194;719;47340;True;CRO
15195;720;48750;False;CRO
15196;720;50333;False;CRO
15197;719;51284;True;CRO
15198;720;52951;True;CRO
15199;719;52951;False;CRO
15200;719;53240;False;CRO
15201;720;55249;False;CRO
15202;720;55305;False;CRO
15203;719;55866;True;CRO
15204;720;57783;False;CRO
15205;719;57797;False;CRO
15206;720;57839;False;CRO
15207;719;59639;False;CRO
15208;719;60269;False;CRO
15209;720;60336;False;CRO
15210;720;60694;True;CRO
15211;719;60875;True;CRO
15212;719;61990;True;CRO
15213;720;62057;True;CRO
15214;720;63694;False;CRO
15215;719;63694;False;CRO
15216;719;65286;False;CRO
15217;720;66771;True;CRO
15218;719;66890;True;CRO
15219;720;67876;False;CRO
15220;720;68524;False;CRO
15221;720;69406;False;CRO
15222;719;70328;False;CRO
15223;719;71427;False;CRO
15224;719;71844;False;CRO
15225;720;72808;True;CRO
15226;719;73088;True;CRO
15227;720;74547;False;CRO
15228;719;75993;False;CRO
15229;720;75993;True;CRO
15230;719;77496;True;CRO
15231;720;77584;False;CRO
15232;720;77584;False;CRO
15233;720;77637;False;CRO
15234;720;77637;False;CRO
15235;720;78137;False;CRO
15236;5495;78256;False;CRO
15237;5480;78555;False;CRO
15238;5480;78941;True;CRO
15239;5495;78980;True;CRO
15240;720;79471;True;CRO
15241;719;79699;True;CRO
15242;720;81321;False;CRO
15243;720;82952;False;CRO
15244;719;85465;False;CRO
15245;719;87067;True;CRO
15246;720;87702;True;CRO
15247;720;89355;False;CRO
15248;719;93325;False;CRO
15249;720;95112;True;CRO
15250;719;95134;True;CRO
15251;719;96300;False;CRO
15252;720;98103;True;CRO
15253;719;99977;True;CRO
15254;720;100020;False;CRO
15255;719;101627;False;CRO
15256;719;104088;False;CRO
15257;720;106222;True;CRO
15258;719;106353;True;CRO
15259;719;108751;True;CRO
15260;720;109108;True;CRO
15261;720;110757;True;CRO
15262;719;112108;False;CRO
15263;719;114213;True;CRO
15264;719;115913;False;CRO
15265;720;116356;True;CRO
15266;720;117973;False;CRO
15267;719;120051;False;CRO
15268;719;120053;True;CRO
15269;719;121855;False;CRO
15270;720;121972;False;CRO
15271;720;123722;True;CRO
15272;720;128710;True;CRO
15273;719;129251;False;CRO
15274;719;130184;True;CRO
15275;720;130360;False;CRO
15276;719;132041;False;CRO
15277;719;132073;False;CRO
15278;720;133701;True;CRO
15279;719;133868;False;CRO
15280;719;134521;True;CRO
15281;720;135274;True;CRO
15282;719;135809;False;CRO
15283;719;135995;True;CRO
15284;720;136311;True;CRO
15285;719;136363;True;CRO
15286;720;137847;False;CRO
15287;720;138629;False;CRO
15288;720;138829;False;CRO
15289;719;139220;False;CRO
15290;720;140647;True;CRO
15291;719;142107;True;CRO
15292;720;142477;True;CRO
15293;720;144171;False;CRO
15294;719;144380;False;CRO
15295;720;149053;True;CRO
15296;719;149459;True;CRO
15297;720;151138;False;CRO
15298;719;152885;False;CRO
15299;720;155376;False;CRO
15300;720;157112;True;CRO
15301;719;158197;False;CRO
15302;719;159848;True;CRO
15303;5497;160652;False;CRO
15304;720;160673;True;CRO
15305;5497;161419;True;CRO
15306;719;161970;True;CRO
15307;720;162402;True;CRO
15308;720;164213;False;CRO
15309;719;165084;False;CRO
15310;719;166693;False;CRO
15311;720;168031;True;CRO
15312;719;168809;False;CRO
15313;719;169128;True;CRO
15314;720;170821;True;CRO
15315;720;172379;False;CRO
15316;719;173376;False;CRO
15317;719;175184;False;CRO
15318;720;176989;True;CRO
15319;719;177097;True;CRO
15320;719;177898;True;CRO
15321;720;179935;False;CRO
15322;720;180250;False;CRO
15323;719;180659;False;CRO
15324;720;181551;True;CRO
15325;719;182690;True;CRO
15326;719;186623;True;CRO
15327;720;186691;True;CRO
15328;719;187655;True;CRO
15329;720;187770;True;CRO
15330;720;190841;False;CRO
15331;720;190855;False;CRO
15332;719;193062;True;CRO
15333;720;193124;True;CRO
15334;719;194792;False;CRO
15335;719;194820;False;CRO
15336;720;194845;False;CRO
15337;720;194890;False;CRO
15338;719;197679;False;CRO
15339;719;200658;True;CRO
15340;720;200824;True;CRO
15341;719;203391;False;CRO
15342;720;203504;False;CRO
15343;720;203647;False;CRO
15344;720;203680;False;CRO
15345;719;203690;False;CRO
15346;719;205160;True;CRO
15347;720;205326;True;CRO
15348;5500;205803;True;CRO
15349;5489;205803;True;CRO
15350;720;205813;True;CRO
15351;720;206420;True;CRO
15352;5489;206420;True;CRO
15353;719;206420;True;CRO
15354;5500;206526;True;CRO
15355;719;206992;True;CRO
15356;720;207133;True;CRO
15357;719;207222;True;CRO
15358;719;207954;False;CRO
15359;719;207954;False;CRO
15360;720;208420;False;CRO
15361;720;208595;True;CRO
15362;719;209560;False;CRO
15363;720;210146;False;CRO
15364;720;210404;False;CRO
15365;719;210530;False;CRO
15366;719;211304;True;CRO
15367;720;212146;False;CRO
15368;720;212652;True;CRO
15369;719;213217;False;CRO
15370;720;213999;False;CRO
15371;719;214042;False;CRO
15372;719;214876;True;CRO
15373;719;215262;False;CRO
15374;720;215751;False;CRO
15375;719;216626;False;CRO
15376;720;217436;True;CRO
15377;719;218362;True;CRO
15378;720;218908;False;CRO
15379;720;219186;True;CRO
15380;720;219949;False;CRO
15381;720;220033;False;CRO
15382;719;220033;True;CRO
15383;719;220857;True;CRO
15384;720;220967;True;CRO
15385;719;221632;False;CRO
15386;719;221966;False;CRO
15387;720;222630;False;CRO
15388;719;223312;False;CRO
15389;720;224445;False;CRO
15390;719;225202;True;CRO
15391;720;225485;True;CRO
15392;720;226014;False;CRO
15393;720;226502;False;CRO
15394;719;226763;False;CRO
15395;719;226809;False;CRO
15396;720;227572;False;CRO
15397;719;227810;False;CRO
15398;719;228271;False;CRO
15399;720;229122;True;CRO
15400;719;230010;True;CRO
15401;720;230435;False;CRO
15402;720;230859;False;CRO
15403;720;231537;True;CRO
15404;719;231537;True;CRO
15405;720;232523;False;CRO
15406;719;233186;False;CRO
15407;719;233203;False;CRO
15408;719;233388;False;CRO
15409;720;234054;True;CRO
15410;719;234729;True;CRO
15411;5468;235658;False;CRO
15412;5466;235658;False;CRO
15413;719;236293;False;CRO
15414;719;236315;False;CRO
15415;5468;236386;True;CRO
15416;5466;236434;True;CRO
15417;720;237001;False;CRO
15418;720;237077;False;CRO
15419;719;237795;False;CRO
15420;720;238532;False;CRO
15421;720;238592;False;CRO
15422;719;238643;False;CRO
15423;719;239295;False;CRO
15424;719;239732;False;CRO
15425;720;240158;False;CRO
15426;719;241215;False;CRO
15427;720;241765;False;CRO
15428;719;242770;True;CRO
15429;720;242970;True;CRO
15430;720;243223;False;CRO
15431;720;244077;True;CRO
15432;719;244079;True;CRO
15433;720;244497;True;CRO
15434;719;245340;False;CRO
15435;5517;246484;True;CRO
15436;719;246557;True;CRO
15437;720;246934;True;CRO
15438;719;247357;True;CRO
15439;720;248193;False;CRO
15440;719;248688;False;CRO
15441;720;249456;False;CRO
15442;720;251089;True;CRO
15443;719;254027;True;CRO
15444;5478;254558;False;CRO
15445;719;254707;False;CRO
15446;5478;254795;True;CRO
15447;719;254798;False;CRO
15448;5474;254798;True;CRO
15449;719;255654;True;CRO
15450;5474;255654;True;CRO
15451;5478;255840;False;CRO
15452;5478;255873;False;CRO
15453;5501;256069;True;CRO
15454;720;256069;True;CRO
15455;5482;256069;True;CRO
15456;5475;256069;True;CRO
15457;719;256069;True;CRO
15458;5464;256070;True;CRO
15459;5510;256071;True;CRO
15460;5513;256076;True;CRO
15461;5505;256121;True;CRO
15462;5507;256214;True;CRO
15463;5509;256214;True;CRO
15464;720;257000;True;CRO
15465;719;257703;True;CRO
15466;720;258557;False;CRO
15467;720;258758;True;CRO
15468;719;265215;True;CRO
15469;719;267599;True;CRO
15470;720;269210;True;CRO
15471;720;270077;True;CRO
15472;719;270189;True;CRO
15473;720;271410;False;CRO
15474;719;272479;False;CRO
15475;720;273334;False;CRO
15476;719;274935;False;CRO
15477;720;275436;True;CRO
15478;720;277125;False;CRO
15479;719;277435;True;CRO
15480;720;278757;True;CRO
15481;719;279901;True;CRO
15482;720;281260;True;CRO
15483;719;282422;False;CRO
15484;720;283910;False;CRO
15485;719;284930;False;CRO
15486;719;287616;True;CRO
15487;720;288502;True;CRO
15488;720;290216;False;CRO
15489;720;291127;False;CRO
15490;720;293610;False;CRO
15491;720;298755;True;CRO
15492;719;306110;False;CRO
15493;720;306510;False;CRO
15494;719;308468;False;CRO
15495;720;308910;True;CRO
15496;719;310320;True;CRO
15497;5502;310776;False;CRO
15498;5490;310825;False;CRO
15499;720;310980;False;CRO
15500;5483;311010;True;CRO
15501;719;311359;True;CRO
15502;719;311517;False;CRO
15503;5502;311573;True;CRO
15504;5490;311573;True;CRO
15505;5483;311636;False;CRO
15506;720;312150;True;CRO
15507;719;313220;True;CRO
15508;720;313810;False;CRO
15509;719;315155;True;CRO
15510;720;316010;False;CRO
15511;720;318672;True;CRO
15512;719;322892;True;CRO
15513;720;323907;False;CRO
15514;719;325677;True;CRO
15515;720;326549;True;CRO
15516;719;328330;True;CRO
15517;720;329083;True;CRO
15518;719;330427;False;CRO
15519;720;331311;False;CRO
15520;719;332552;True;CRO
15521;720;333322;True;CRO
15522;719;334865;False;CRO
15523;719;335260;False;CRO
15524;720;335417;False;CRO
15525;719;337016;False;CRO
15526;720;337445;True;CRO
15527;719;338815;True;CRO
15528;720;339585;True;CRO
15529;719;340843;True;CRO
15530;720;341415;False;CRO
15531;719;342970;False;CRO
15532;720;343632;False;CRO
15533;719;344692;False;CRO
15534;5476;345382;False;CRO
15535;719;345441;False;CRO
15536;720;345562;True;CRO
15537;719;346441;True;CRO
15538;5484;346901;False;CRO
15539;720;346958;True;CRO
15540;5511;346958;False;CRO
15541;719;346958;False;CRO
15542;5511;347751;False;CRO
15543;719;347751;False;CRO
15544;5484;347840;False;CRO
15545;720;348966;True;CRO
15546;720;349100;False;CRO
15547;719;350200;True;CRO
15548;720;350770;True;CRO
15549;719;352750;False;CRO
15550;720;353415;True;CRO
15551;719;354740;False;CRO
15552;720;355716;True;CRO
15553;719;357478;True;CRO
15554;720;358310;False;CRO
15555;719;359890;False;CRO
15556;720;360978;False;CRO
15557;719;362507;False;CRO
15558;720;363425;True;CRO
15559;719;365080;True;CRO
15560;720;365910;True;CRO
15561;719;367205;True;CRO
15562;720;368244;False;CRO
15563;720;370240;True;CRO
15564;719;371146;True;CRO
15565;719;372627;True;CRO
15566;720;373780;True;CRO
15567;719;375005;False;CRO
15568;720;375920;False;CRO
15569;719;377714;True;CRO
15570;720;378635;True;CRO
15571;719;379855;False;CRO
15572;720;381260;True;CRO
15573;719;382602;True;CRO
15574;720;383390;False;CRO
15575;5493;383431;True;CRO
15576;719;384387;True;CRO
15577;720;385010;True;CRO
15578;719;386893;False;CRO
15579;720;387565;False;CRO
15580;719;389259;True;CRO
15581;720;390110;True;CRO
15582;719;391470;False;CRO
15583;720;392650;False;CRO
15584;719;393944;False;CRO
15585;720;394778;True;CRO
15586;719;396365;True;CRO
15587;720;396958;True;CRO
15588;719;398963;True;CRO
15589;720;399010;False;CRO
15590;720;401048;False;CRO
15591;719;401400;False;CRO
15592;720;402550;True;CRO
15593;719;402960;True;CRO
15594;719;403443;False;CRO
15595;720;404060;False;CRO
15596;720;404543;False;CRO
15597;719;404543;False;CRO
15598;5516;404842;False;CRO
15599;719;404842;True;CRO
15600;720;404842;True;CRO
15601;5516;405160;True;CRO
15602;719;405160;False;CRO
15603;720;405160;False;CRO
15604;5520;405947;False;CRO
15605;5514;405947;False;CRO
15606;5512;405947;False;CRO
15607;719;405947;False;CRO
15608;720;405947;False;CRO
15609;9490;406450;True;CRO
15610;9489;406450;True;CRO
15611;5512;406450;True;CRO
15612;5514;406450;True;CRO
15613;5520;406450;True;CRO
15614;9489;406950;True;CRO
15615;9490;407223;False;CRO
15616;9490;407373;True;CRO
15617;9489;408327;False;CRO
15618;9490;408332;False;CRO
15619;9490;408889;False;CRO
15620;9489;410008;False;CRO
15621;9490;410630;False;CRO
15622;9489;411625;False;CRO
15623;9490;412972;True;CRO
15624;9489;414168;True;CRO
15625;9490;415717;False;CRO
15626;9489;416710;False;CRO
15627;9490;418465;False;CRO
15628;9489;419190;False;CRO
15629;9489;419370;False;CRO
15630;9489;420960;True;CRO
15631;9490;421193;True;CRO
15632;9490;421677;False;CRO
15633;9489;421720;True;CRO
15634;9490;421906;True;CRO
15635;9489;423451;True;CRO
15636;9490;423451;False;CRO
15637;9490;423900;True;CRO
15638;9489;424330;False;CRO
15639;9490;425310;True;CRO
15640;9489;425970;True;CRO
15641;9490;427698;False;CRO
15642;9489;427772;False;CRO
15643;9489;429072;False;CRO
15644;9490;429216;False;CRO
15645;9489;429495;False;CRO
15646;9490;429652;False;CRO
15647;9489;429652;False;CRO
15648;9489;429872;False;CRO
15649;9489;430612;True;CRO
15650;9490;430721;True;CRO
15651;9489;431425;True;CRO
15652;5515;431425;True;CRO
15653;9490;431425;True;CRO
15654;5521;431442;True;CRO
15655;5519;431442;True;CRO
15656;5519;431781;False;CRO
15657;5521;431781;False;CRO
15658;5515;431833;False;CRO
15659;9489;431915;False;CRO
15660;9490;431915;False;CRO
15661;9490;432386;True;CRO
15662;9490;432520;False;CRO
15663;9490;432540;False;CRO
15664;9489;432540;False;CRO
15665;9489;433758;False;CRO
15666;9490;433758;False;CRO
15667;9489;434491;True;CRO
15668;9490;434491;True;CRO
15669;9489;435515;False;CRO
15670;9490;435753;False;CRO
15671;9490;436023;False;CRO
15672;9489;436386;False;CRO
15673;9489;437125;False;CRO
15674;9490;438150;False;CRO
15675;9489;439240;False;CRO
15676;9490;440766;True;CRO
15677;9489;441760;True;CRO
15678;9489;443340;False;CRO
15679;9490;443365;False;CRO
15680;9490;445950;False;CRO
15681;9489;446610;False;CRO
15682;9489;446910;False;CRO
15683;9489;448260;True;CRO
15684;9490;448351;True;CRO
15685;831;448878;True;CRO
15686;9489;449148;True;CRO
15687;9490;449148;True;CRO
15688;9490;449877;False;CRO
15689;9489;450899;True;CRO
15690;9490;450917;True;CRO
15691;9490;451326;False;CRO
15692;5473;451498;True;CRO
15693;5477;452265;True;CRO
15694;9490;452302;False;CRO
15695;9489;452665;True;CRO
15696;9489;453940;False;CRO
15697;9490;454384;True;CRO
15698;9489;454880;False;CRO
15699;9490;456800;False;CRO
15700;9490;457141;False;CRO
15701;9489;457460;False;CRO
15702;9490;459250;False;CRO
15703;9489;460206;False;CRO
15704;9489;460493;False;CRO
15705;9490;461939;True;CRO
15706;9489;462015;True;CRO
15707;9489;462956;True;CRO
15708;9490;462958;True;CRO
15709;9490;464310;False;CRO
15710;9490;464390;False;CRO
15711;9489;465198;False;CRO
15712;9490;466719;False;CRO
15713;9489;467612;False;CRO
15714;9490;468998;True;CRO
15715;9489;470010;True;CRO
15716;9490;471664;True;CRO
15717;9489;472326;False;CRO
15718;9489;472855;False;CRO
15719;9490;473233;False;CRO
15720;9489;473478;True;CRO
15721;9490;473484;False;CRO
15722;1454;170;True;CRO
15723;1455;214;True;CRO
15724;1455;637;True;CRO
15725;1454;638;True;CRO
15726;723;254706;True;CRO
15727;730;140460;True;CRO
15728;730;142130;False;CRO
15729;730;170202;True;CRO
15730;730;173423;False;CRO
15731;730;204570;True;CRO
15732;731;6136;True;CRO
15733;731;6809;False;CRO
15734;731;6936;False;CRO
15735;731;8065;False;CRO
15736;731;8112;False;CRO
15737;731;9165;False;CRO
15738;731;9300;True;CRO
15739;8866;9508;False;CRO
15740;731;9508;False;CRO
15741;8781;9508;False;CRO
15742;8866;9674;False;CRO
15743;731;9702;False;CRO
15744;8781;9702;False;CRO
15745;8781;10110;True;CRO
15746;731;10110;True;CRO
15747;8781;10932;False;CRO
15748;731;10932;False;CRO
15749;731;11210;True;CRO
15750;731;12242;False;CRO
15751;731;12363;False;CRO
15752;8782;13340;False;CRO
15753;731;13540;False;CRO
15754;8782;13840;False;CRO
15755;8782;14780;False;CRO
15756;731;14780;False;CRO
15757;731;15030;False;CRO
15758;8782;15030;False;CRO
15759;8782;15767;False;CRO
15760;8782;15940;True;CRO
15761;731;15940;True;CRO
15762;731;16468;False;CRO
15763;8861;16468;False;CRO
15764;8782;16468;False;CRO
15765;8782;16648;False;CRO
15766;731;16648;False;CRO
15767;731;17372;False;CRO
15768;731;17428;False;CRO
15769;731;18603;True;CRO
15770;731;25555;True;CRO
15771;731;26699;False;CRO
15772;731;27900;True;CRO
15773;731;39545;True;CRO
15774;731;40761;False;CRO
15775;731;40785;False;CRO
15776;5655;40858;False;CRO
15777;5655;41218;False;CRO
15778;731;41247;False;CRO
15779;731;41274;False;CRO
15780;731;42505;True;CRO
15781;731;61300;True;CRO
15782;731;64447;True;CRO
15783;731;87086;False;CRO
15784;731;87229;True;CRO
15785;735;2444;True;CRO
15786;735;3930;True;CRO
15787;735;5526;True;CRO
15788;736;5530;True;CRO
15789;736;6121;True;CRO
15790;736;7243;False;CRO
15791;736;7605;False;CRO
15792;736;9286;True;CRO
15793;735;9492;True;CRO
15794;735;10687;True;CRO
15795;736;11510;False;CRO
15796;735;11839;False;CRO
15797;736;12447;True;CRO
15798;735;12890;True;CRO
15799;736;14232;False;CRO
15800;735;14440;False;CRO
15801;736;16092;False;CRO
15802;735;16370;False;CRO
15803;736;18019;True;CRO
15804;735;18161;True;CRO
15805;736;19814;True;CRO
15806;735;20092;True;CRO
15807;736;20707;False;CRO
15808;8933;20707;True;CRO
15809;735;20927;False;CRO
15810;736;21020;False;CRO
15811;8933;21020;False;CRO
15812;736;21480;True;CRO
15813;736;23137;False;CRO
15814;735;32562;True;CRO
15815;736;36048;True;CRO
15816;735;53822;True;CRO
15817;735;55542;False;CRO
15818;735;56238;True;CRO
15819;735;58330;True;CRO
15820;736;58733;True;CRO
15821;736;60339;False;CRO
15822;735;78195;True;CRO
15823;736;81410;True;CRO
15824;735;88496;True;CRO
15825;735;90471;True;CRO
15826;736;91792;True;CRO
15827;735;101408;True;CRO
15828;735;102899;False;CRO
15829;5659;103631;False;CRO
15830;5665;103631;False;CRO
15831;5659;104051;True;CRO
15832;5665;104051;True;CRO
15833;736;104741;True;CRO
15834;736;106210;False;CRO
15835;735;118160;True;CRO
15836;735;119552;False;CRO
15837;736;121102;True;CRO
15838;736;121980;False;CRO
15839;735;124900;True;CRO
15840;736;126423;True;CRO
15841;736;127066;False;CRO
15842;735;135685;True;CRO
15843;735;137470;False;CRO
15844;735;139023;True;CRO
15845;736;139699;True;CRO
15846;736;140923;False;CRO
15847;736;148888;True;CRO
15848;735;150950;True;CRO
15849;735;152616;False;CRO
15850;735;153206;True;CRO
15851;735;154112;False;CRO
15852;735;154244;False;CRO
15853;735;155087;False;CRO
15854;735;155480;True;CRO
15855;736;156094;True;CRO
15856;5673;156111;False;CRO
15857;5674;156111;False;CRO
15858;5672;156440;False;CRO
15859;735;156470;False;CRO
15860;736;156556;False;CRO
15861;5674;156708;False;CRO
15862;5673;156708;False;CRO
15863;736;157229;True;CRO
15864;735;157608;True;CRO
15865;736;158517;False;CRO
15866;736;158733;False;CRO
15867;735;159273;False;CRO
15868;735;160717;False;CRO
15869;735;165281;True;CRO
15870;736;166093;True;CRO
15871;735;166625;False;CRO
15872;736;167640;True;CRO
15873;735;173956;True;CRO
15874;736;175466;True;CRO
15875;735;176057;False;CRO
15876;5669;176469;False;CRO
15877;5670;176525;False;CRO
15878;5664;176526;False;CRO
15879;736;176526;False;CRO
15880;735;176526;False;CRO
15881;5668;176526;False;CRO
15882;5660;176526;False;CRO
15883;5668;176982;False;CRO
15884;735;176982;False;CRO
15885;5657;176982;False;CRO
15886;736;176982;False;CRO
15887;5664;176982;False;CRO
15888;735;177191;True;CRO
15889;736;177273;True;CRO
15890;736;178465;False;CRO
15891;735;185825;True;CRO
15892;736;188380;True;CRO
15893;735;196865;True;CRO
15894;736;198752;True;CRO
15895;735;199163;True;CRO
15896;736;200822;True;CRO
15897;735;212480;True;CRO
15898;736;215018;True;CRO
15899;735;216010;True;CRO
15900;736;217160;True;CRO
15901;735;218985;True;CRO
15902;735;220995;True;CRO
15903;736;221930;True;CRO
15904;735;222724;True;CRO
15905;736;223015;True;CRO
15906;735;223688;True;CRO
15907;736;224450;True;CRO
15908;735;227290;True;CRO
15909;735;233488;True;CRO
15910;735;235000;True;CRO
15911;736;235429;True;CRO
15912;735;236093;False;CRO
15913;736;236733;True;CRO
15914;735;237030;True;CRO
15915;736;238035;True;CRO
15916;735;238596;True;CRO
15917;736;241082;True;CRO
15918;735;241259;True;CRO
15919;736;243195;True;CRO
15920;736;244495;False;CRO
15921;736;248568;True;CRO
15922;735;253564;True;CRO
15923;735;255669;True;CRO
15924;736;256855;True;CRO
15925;735;268295;True;CRO
15926;735;269480;True;CRO
15927;736;269656;True;CRO
15928;5661;269972;True;CRO
15929;736;269976;False;CRO
15930;5667;270299;False;CRO
15931;736;270375;True;CRO
15932;734;270806;True;CRO
15933;734;271820;False;CRO
15934;734;272062;False;CRO
15935;734;285795;True;CRO
15936;734;287603;False;CRO
15937;734;288175;False;CRO
15938;734;290170;False;CRO
15939;734;301997;False;CRO
15940;734;303080;True;CRO
15941;734;304726;True;CRO
15942;734;304835;False;CRO
15943;734;305350;False;CRO
15944;734;305507;True;CRO
15945;734;307080;True;CRO
15946;734;314860;True;CRO
15947;734;316208;False;CRO
15948;734;316260;False;CRO
15949;734;316620;False;CRO
15950;734;316652;False;CRO
15951;734;317737;False;CRO
15952;734;317795;False;CRO
15953;734;319045;True;CRO
15954;737;109436;False;CRO
15955;737;109567;True;CRO
15956;737;111002;False;CRO
15957;737;111205;False;CRO
15958;737;122595;True;CRO
15959;737;127019;True;CRO
15960;737;144760;False;CRO
15961;737;145100;True;CRO
15962;737;146183;False;CRO
15963;737;147593;True;CRO
15964;737;244590;True;CRO
15965;738;249056;True;CRO
15966;742;220;True;CRO
15967;741;220;True;CRO
15968;742;1707;True;CRO
15969;741;1707;True;CRO
15970;741;3414;True;CRO
15971;742;3414;True;CRO
15972;742;4242;False;CRO
15973;741;4242;False;CRO
15974;742;5140;True;CRO
15975;741;5140;True;CRO
15976;741;5700;False;CRO
15977;741;5913;False;CRO
15978;741;7604;False;CRO
15979;742;8719;True;CRO
15980;741;10090;True;CRO
15981;742;10691;False;CRO
15982;742;11030;False;CRO
15983;742;12592;True;CRO
15984;741;12690;True;CRO
15985;741;13287;False;CRO
15986;742;13287;False;CRO
15987;741;14320;True;CRO
15988;742;14678;False;CRO
15989;742;14891;True;CRO
15990;741;16026;False;CRO
15991;741;22743;True;CRO
15992;741;25042;False;CRO
15993;741;27028;True;CRO
15994;742;28244;True;CRO
15995;741;29124;True;CRO
15996;742;30483;True;CRO
15997;741;31253;False;CRO
15998;742;32513;False;CRO
15999;741;33341;False;CRO
16000;742;34636;False;CRO
16001;741;35378;False;CRO
16002;742;36775;True;CRO
16003;741;37450;True;CRO
16004;5733;38095;True;CRO
16005;742;38895;True;CRO
16006;741;39694;True;CRO
16007;741;40008;True;CRO
16008;742;40406;True;CRO
16009;741;41431;True;CRO
16010;5735;42385;True;CRO
16011;5739;42476;True;CRO
16012;742;42476;False;CRO
16013;741;43125;False;CRO
16014;5735;43165;False;CRO
16015;742;44010;True;CRO
16016;741;44773;True;CRO
16017;742;45528;False;CRO
16018;741;47025;False;CRO
16019;742;47782;False;CRO
16020;741;49359;True;CRO
16021;742;50596;True;CRO
16022;741;51541;True;CRO
16023;742;53577;False;CRO
16024;741;54513;False;CRO
16025;742;56461;True;CRO
16026;741;57490;True;CRO
16027;742;59439;False;CRO
16028;741;60403;False;CRO
16029;742;62112;True;CRO
16030;741;63342;True;CRO
16031;742;64773;False;CRO
16032;741;66283;True;CRO
16033;742;66922;False;CRO
16034;742;69504;False;CRO
16035;741;71815;True;CRO
16036;742;71933;True;CRO
16037;741;74420;False;CRO
16038;742;74718;True;CRO
16039;741;76445;True;CRO
16040;742;77476;False;CRO
16041;741;79157;False;CRO
16042;742;80400;True;CRO
16043;741;81930;True;CRO
16044;742;82613;False;CRO
16045;741;84343;False;CRO
16046;742;85160;False;CRO
16047;742;86830;False;CRO
16048;741;87068;True;CRO
16049;742;88395;True;CRO
16050;741;89673;False;CRO
16051;742;90025;True;CRO
16052;741;92143;True;CRO
16053;742;92762;True;CRO
16054;741;94705;True;CRO
16055;742;95313;False;CRO
16056;741;97195;True;CRO
16057;742;97601;True;CRO
16058;741;99427;False;CRO
16059;742;100002;False;CRO
16060;741;102146;False;CRO
16061;741;104482;False;CRO
16062;742;104969;False;CRO
16063;741;106197;False;CRO
16064;742;106680;True;CRO
16065;741;107765;True;CRO
16066;742;108369;False;CRO
16067;741;108772;False;CRO
16068;742;109772;True;CRO
16069;741;110477;True;CRO
16070;742;111634;False;CRO
16071;741;112441;False;CRO
16072;742;113822;True;CRO
16073;741;114688;True;CRO
16074;742;116448;False;CRO
16075;741;117558;False;CRO
16076;742;119033;True;CRO
16077;741;120282;True;CRO
16078;742;121772;False;CRO
16079;741;122529;True;CRO
16080;742;123951;True;CRO
16081;741;124262;False;CRO
16082;742;126053;False;CRO
16083;741;126463;False;CRO
16084;742;128875;False;CRO
16085;741;129345;False;CRO
16086;742;131286;False;CRO
16087;741;131768;True;CRO
16088;742;133170;True;CRO
16089;742;135444;True;CRO
16090;741;135678;True;CRO
16091;741;137206;False;CRO
16092;742;138014;True;CRO
16093;741;139233;True;CRO
16094;742;140432;False;CRO
16095;741;140993;False;CRO
16096;742;142914;True;CRO
16097;741;143190;True;CRO
16098;741;143940;False;CRO
16099;741;144899;False;CRO
16100;742;145635;True;CRO
16101;741;146485;True;CRO
16102;742;146977;True;CRO
16103;741;147566;False;CRO
16104;742;148149;True;CRO
16105;741;148287;True;CRO
16106;742;149060;False;CRO
16107;742;149813;False;CRO
16108;741;150397;False;CRO
16109;741;155640;False;CRO
16110;741;158896;True;CRO
16111;741;160488;False;CRO
16112;742;160517;False;CRO
16113;742;162259;True;CRO
16114;741;169102;True;CRO
16115;741;170633;True;CRO
16116;742;171360;True;CRO
16117;741;172370;True;CRO
16118;742;173140;True;CRO
16119;742;174660;False;CRO
16120;741;183232;True;CRO
16121;742;184410;True;CRO
16122;741;184843;False;CRO
16123;742;186110;True;CRO
16124;741;192044;True;CRO
16125;741;194235;False;CRO
16126;741;195101;True;CRO
16127;741;195373;False;CRO
16128;742;196119;True;CRO
16129;741;196939;True;CRO
16130;741;197271;True;CRO
16131;5742;197338;True;CRO
16132;5744;197410;True;CRO
16133;5745;197438;True;CRO
16134;742;197629;True;CRO
16135;5742;197629;False;CRO
16136;5745;197634;False;CRO
16137;5744;197667;False;CRO
16138;741;197667;False;CRO
16139;741;198241;True;CRO
16140;742;198241;True;CRO
16141;741;198962;False;CRO
16142;742;198962;False;CRO
16143;742;200801;False;CRO
16144;742;200998;True;CRO
16145;741;201463;False;CRO
16146;741;201866;True;CRO
16147;742;203221;True;CRO
16148;741;204180;True;CRO
16149;742;204790;False;CRO
16150;742;205493;True;CRO
16151;741;206463;True;CRO
16152;5743;206746;True;CRO
16153;742;207013;False;CRO
16154;741;207092;False;CRO
16155;5743;207404;True;CRO
16156;741;207404;False;CRO
16157;742;207946;True;CRO
16158;741;208020;True;CRO
16159;741;208790;False;CRO
16160;741;209606;False;CRO
16161;742;209679;False;CRO
16162;741;210462;False;CRO
16163;742;211795;True;CRO
16164;741;212539;True;CRO
16165;742;213808;False;CRO
16166;742;213835;False;CRO
16167;741;214273;False;CRO
16168;742;215527;False;CRO
16169;742;215585;False;CRO
16170;741;216476;False;CRO
16171;741;216534;False;CRO
16172;742;217714;True;CRO
16173;741;218025;False;CRO
16174;741;218567;True;CRO
16175;742;219968;True;CRO
16176;741;220660;True;CRO
16177;742;221819;False;CRO
16178;742;222282;False;CRO
16179;741;222916;False;CRO
16180;741;222975;False;CRO
16181;742;223798;False;CRO
16182;742;223856;False;CRO
16183;741;224516;False;CRO
16184;741;224998;True;CRO
16185;742;226103;True;CRO
16186;741;226830;False;CRO
16187;742;228242;False;CRO
16188;741;228762;False;CRO
16189;742;228967;False;CRO
16190;742;229872;False;CRO
16191;741;230337;False;CRO
16192;742;230609;True;CRO
16193;741;231221;True;CRO
16194;742;231221;True;CRO
16195;741;231900;True;CRO
16196;742;232190;True;CRO
16197;741;232407;True;CRO
16198;742;232414;False;CRO
16199;5741;232443;True;CRO
16200;5731;232760;True;CRO
16201;5732;232760;True;CRO
16202;744;270801;True;CRO
16203;743;270801;True;CRO
16204;744;272308;False;CRO
16205;743;277014;False;CRO
16206;743;278514;True;CRO
16207;744;280466;True;CRO
16208;744;281767;False;CRO
16209;743;285869;True;CRO
16210;743;287267;False;CRO
16211;744;289530;True;CRO
16212;743;295368;True;CRO
16213;744;297110;True;CRO
16214;743;298325;False;CRO
16215;743;298867;True;CRO
16216;744;299120;True;CRO
16217;743;299896;True;CRO
16218;746;42470;True;CRO
16219;745;43910;True;CRO
16220;746;44531;False;CRO
16221;745;45898;False;CRO
16222;746;47058;True;CRO
16223;745;47893;True;CRO
16224;746;48408;False;CRO
16225;745;50312;False;CRO
16226;746;50757;True;CRO
16227;745;52614;True;CRO
16228;746;53127;False;CRO
16229;745;53920;False;CRO
16230;746;54208;False;CRO
16231;745;55073;True;CRO
16232;746;55417;True;CRO
16233;745;56337;False;CRO
16234;745;56516;False;CRO
16235;746;56627;True;CRO
16236;745;57177;True;CRO
16237;746;57386;False;CRO
16238;745;57661;False;CRO
16239;5787;57669;False;CRO
16240;746;57678;False;CRO
16241;747;200708;True;CRO
16242;747;201816;True;CRO
16243;748;199892;True;CRO
16244;748;200872;False;CRO
16245;748;234690;True;CRO
16246;748;236075;False;CRO
16247;751;216000;False;CRO
16248;751;217017;False;CRO
16249;751;217238;True;CRO
16250;751;233824;False;CRO
16251;751;234089;True;CRO
16252;751;236335;True;CRO
16253;751;236849;False;CRO
16254;751;248641;False;CRO
16255;751;249030;True;CRO
16256;754;121369;True;CRO
16257;755;104786;True;CRO
16258;755;106016;False;CRO
16259;755;123763;False;CRO
16260;755;124266;False;CRO
16261;755;129545;True;CRO
16262;755;132119;True;CRO
16263;755;134602;True;CRO
16264;755;136513;False;CRO
16265;755;138913;True;CRO
16266;8929;12470;True;CRO
16267;759;12880;True;CRO
16268;8929;12880;False;CRO
16269;759;13754;False;CRO
16270;759;14304;True;CRO
16271;759;15462;False;CRO
16272;759;20891;True;CRO
16273;759;22583;False;CRO
16274;5816;22584;False;CRO
16275;759;23257;False;CRO
16276;759;25010;True;CRO
16277;759;31403;True;CRO
16278;5817;33221;False;CRO
16279;759;33221;False;CRO
16280;5817;33640;False;CRO
16281;759;33640;False;CRO
16282;759;35640;True;CRO
16283;759;46308;True;CRO
16284;759;47908;False;CRO
16285;759;48524;False;CRO
16286;759;50385;True;CRO
16287;759;60757;True;CRO
16288;759;62017;False;CRO
16289;759;63348;True;CRO
16290;759;63940;False;CRO
16291;759;64321;False;CRO
16292;759;66337;True;CRO
16293;759;67627;False;CRO
16294;759;71440;True;CRO
16295;759;71700;False;CRO
16296;759;73248;False;CRO
16297;759;73649;False;CRO
16298;759;75614;True;CRO
16299;759;75801;False;CRO
16300;759;80070;False;CRO
16301;759;80812;True;CRO
16302;759;81088;False;CRO
16303;759;81198;False;CRO
16304;5814;81669;False;CRO
16305;5814;82245;False;CRO
16306;759;82306;False;CRO
16307;759;82756;True;CRO
16308;759;83307;False;CRO
16309;759;83791;False;CRO
16310;759;96003;True;CRO
16311;759;97603;False;CRO
16312;759;98155;False;CRO
16313;759;99295;True;CRO
16314;759;113271;True;CRO
16315;759;114763;False;CRO
16316;759;115164;False;CRO
16317;759;116574;True;CRO
16318;759;121565;True;CRO
16319;759;122120;False;CRO
16320;759;122293;False;CRO
16321;759;122519;True;CRO
16322;759;123734;True;CRO
16323;759;125258;False;CRO
16324;759;132230;True;CRO
16325;8930;132942;False;CRO
16326;759;133242;False;CRO
16327;759;135139;True;CRO
16328;759;142341;True;CRO
16329;759;143647;False;CRO
16330;5822;143842;True;CRO
16331;759;143842;False;CRO
16332;759;144085;False;CRO
16333;5822;144087;False;CRO
16334;759;144519;True;CRO
16335;759;145910;False;CRO
16336;759;150846;True;CRO
16337;5824;152260;False;CRO
16338;759;152469;False;CRO
16339;759;153306;True;CRO
16340;759;161390;True;CRO
16341;759;162237;False;CRO
16342;759;162336;False;CRO
16343;760;348246;False;CRO
16344;760;348276;False;CRO
16345;760;348710;True;CRO
16346;760;349755;True;CRO
16347;760;372850;True;CRO
16348;760;391903;False;CRO
16349;760;395995;False;CRO
16350;760;400425;False;CRO
16351;764;404995;True;CRO
16352;763;405413;True;CRO
16353;764;405413;False;CRO
16354;764;406080;True;CRO
16355;764;406860;False;CRO
16356;763;407805;True;CRO
16357;764;409738;True;CRO
16358;763;410376;False;CRO
16359;764;412018;False;CRO
16360;763;413004;False;CRO
16361;764;414340;True;CRO
16362;763;415741;True;CRO
16363;764;416988;True;CRO
16364;763;418290;True;CRO
16365;764;419704;True;CRO
16366;763;420634;False;CRO
16367;764;422399;True;CRO
16368;763;422529;True;CRO
16369;763;424354;True;CRO
16370;5832;425022;True;CRO
16371;764;425041;True;CRO
16372;763;425272;True;CRO
16373;5832;425844;True;CRO
16374;764;426181;True;CRO
16375;5830;426235;True;CRO
16376;763;427585;True;CRO
16377;764;428373;False;CRO
16378;763;430144;False;CRO
16379;764;430787;False;CRO
16380;763;432654;False;CRO
16381;764;433178;True;CRO
16382;763;434798;True;CRO
16383;764;435565;True;CRO
16384;763;437529;True;CRO
16385;764;438109;False;CRO
16386;763;440221;False;CRO
16387;763;440225;True;CRO
16388;764;440847;False;CRO
16389;763;442785;True;CRO
16390;764;443355;True;CRO
16391;763;445490;False;CRO
16392;764;445644;False;CRO
16393;763;447295;False;CRO
16394;764;448132;True;CRO
16395;763;449316;True;CRO
16396;764;450282;True;CRO
16397;763;450283;True;CRO
16398;763;450875;False;CRO
16399;763;452038;False;CRO
16400;764;452566;True;CRO
16401;763;452665;False;CRO
16402;764;454580;False;CRO
16403;763;455050;False;CRO
16404;764;456659;False;CRO
16405;763;456680;False;CRO
16406;764;456910;False;CRO
16407;764;458238;True;CRO
16408;763;458250;True;CRO
16409;764;459054;False;CRO
16410;764;459421;False;CRO
16411;5831;459564;True;CRO
16412;763;459840;False;CRO
16413;763;459894;False;CRO
16414;764;460021;True;CRO
16415;764;461810;True;CRO
16416;763;461830;False;CRO
16417;763;462153;True;CRO
16418;764;463707;False;CRO
16419;763;464690;False;CRO
16420;764;465090;False;CRO
16421;764;465473;False;CRO
16422;764;465550;False;CRO
16423;764;466658;True;CRO
16424;763;466678;True;CRO
16425;763;467318;False;CRO
16426;764;467371;False;CRO
16427;5835;467371;False;CRO
16428;5835;467719;False;CRO
16429;764;467757;False;CRO
16430;763;467765;False;CRO
16431;764;468255;True;CRO
16432;763;468377;True;CRO
16433;763;468442;False;CRO
16434;764;469950;True;CRO
16435;763;470800;True;CRO
16436;764;472120;False;CRO
16437;763;472600;False;CRO
16438;764;474508;True;CRO
16439;763;474664;True;CRO
16440;763;476714;False;CRO
16441;764;476836;False;CRO
16442;763;478864;False;CRO
16443;764;479267;True;CRO
16444;763;480464;True;CRO
16445;764;481020;True;CRO
16446;763;481640;True;CRO
16447;763;482400;False;CRO
16448;764;483083;True;CRO
16449;764;484265;False;CRO
16450;764;484510;False;CRO
16451;763;485055;False;CRO
16452;764;486760;False;CRO
16453;763;487705;True;CRO
16454;764;489010;True;CRO
16455;763;489794;False;CRO
16456;764;491790;False;CRO
16457;763;492300;False;CRO
16458;764;494565;True;CRO
16459;763;494990;True;CRO
16460;763;496793;True;CRO
16461;5833;497116;True;CRO
16462;764;497160;True;CRO
16463;5833;497638;True;CRO
16464;763;497790;True;CRO
16465;764;498270;True;CRO
16466;763;499030;False;CRO
16467;764;500082;False;CRO
16468;763;500448;False;CRO
16469;764;502013;False;CRO
16470;763;502495;False;CRO
16471;764;503872;False;CRO
16472;763;504352;False;CRO
16473;764;505733;True;CRO
16474;763;506349;True;CRO
16475;764;507530;True;CRO
16476;763;508355;True;CRO
16477;764;508650;True;CRO
16478;5836;508650;True;CRO
16479;763;508650;True;CRO
16480;9506;508650;True;CRO
16481;9506;509055;True;CRO
16482;5836;509055;True;CRO
16483;765;25;False;CRO
16484;765;444;True;CRO
16485;767;471580;False;CRO
16486;767;471820;False;CRO
16487;767;473710;False;CRO
16488;767;479897;False;CRO
16489;767;481379;False;CRO
16490;767;481423;False;CRO
16491;767;482813;False;CRO
16492;767;487806;True;CRO
16493;767;489261;False;CRO
16494;767;489819;False;CRO
16495;767;491398;True;CRO
16496;767;505886;True;CRO
16497;767;507202;False;CRO
16498;767;507621;False;CRO
16499;767;508965;True;CRO
16500;767;510986;True;CRO
16501;767;511615;False;CRO
16502;767;512803;True;CRO
16503;768;481031;True;CRO
16504;768;481923;True;CRO
16505;768;482518;False;CRO
16506;768;483533;True;CRO
16507;768;495170;True;CRO
16508;771;134892;True;CRO
16509;773;56395;False;CRO
16510;773;56640;True;CRO
16511;773;57236;False;CRO
16512;773;57385;True;CRO
16513;773;57665;False;CRO
16514;777;118186;True;CRO
16515;778;122981;True;CRO
16516;782;204913;True;CRO
16517;781;204935;False;CRO
16518;781;205610;True;CRO
16519;782;206230;False;CRO
16520;781;206410;False;CRO
16521;782;207080;False;CRO
16522;781;207434;False;CRO
16523;782;209082;True;CRO
16524;781;209403;True;CRO
16525;782;210933;False;CRO
16526;781;211329;False;CRO
16527;782;213160;False;CRO
16528;781;213211;False;CRO
16529;782;213345;False;CRO
16530;782;214915;True;CRO
16531;781;214915;True;CRO
16532;782;215912;True;CRO
16533;781;215912;True;CRO
16534;781;216957;True;CRO
16535;781;217450;False;CRO
16536;782;218510;False;CRO
16537;781;219290;False;CRO
16538;782;221267;True;CRO
16539;781;221630;True;CRO
16540;782;223790;False;CRO
16541;782;223887;False;CRO
16542;781;223990;False;CRO
16543;781;224123;False;CRO
16544;782;224640;True;CRO
16545;781;225399;True;CRO
16546;781;225860;True;CRO
16547;782;225860;True;CRO
16548;782;226960;False;CRO
16549;781;227260;False;CRO
16550;781;227890;False;CRO
16551;782;228110;False;CRO
16552;781;229578;False;CRO
16553;782;230280;False;CRO
16554;782;230310;False;CRO
16555;781;231584;True;CRO
16556;782;231584;True;CRO
16557;5872;232313;True;CRO
16558;5871;232313;True;CRO
16559;781;232373;False;CRO
16560;782;232373;False;CRO
16561;781;233019;False;CRO
16562;782;233019;False;CRO
16563;5872;233037;False;CRO
16564;5871;233041;False;CRO
16565;782;233893;True;CRO
16566;781;234610;True;CRO
16567;782;235480;False;CRO
16568;781;237074;False;CRO
16569;782;237724;True;CRO
16570;781;239350;False;CRO
16571;782;239661;False;CRO
16572;781;240140;True;CRO
16573;782;242530;False;CRO
16574;781;242910;False;CRO
16575;782;244860;True;CRO
16576;781;245590;True;CRO
16577;782;246907;False;CRO
16578;781;248319;False;CRO
16579;782;249630;False;CRO
16580;781;251090;False;CRO
16581;782;252362;True;CRO
16582;781;252987;True;CRO
16583;5873;253245;True;CRO
16584;5873;254039;True;CRO
16585;782;254365;True;CRO
16586;781;254941;True;CRO
16587;782;254941;False;CRO
16588;782;256230;False;CRO
16589;781;257835;False;CRO
16590;782;258570;False;CRO
16591;781;260255;True;CRO
16592;782;261110;True;CRO
16593;781;262587;False;CRO
16594;782;263880;False;CRO
16595;781;265290;True;CRO
16596;782;266210;True;CRO
16597;781;267494;False;CRO
16598;782;268870;False;CRO
16599;781;269235;True;CRO
16600;781;270102;False;CRO
16601;782;270860;True;CRO
16602;781;271690;False;CRO
16603;782;272865;False;CRO
16604;781;274440;False;CRO
16605;782;275570;True;CRO
16606;781;276640;True;CRO
16607;782;278340;True;CRO
16608;781;278630;False;CRO
16609;781;280585;True;CRO
16610;782;281040;True;CRO
16611;781;281714;True;CRO
16612;782;283020;False;CRO
16613;781;284540;False;CRO
16614;782;285014;True;CRO
16615;781;286340;True;CRO
16616;782;287110;False;CRO
16617;781;288391;False;CRO
16618;782;289275;True;CRO
16619;781;289557;False;CRO
16620;781;290800;True;CRO
16621;781;291580;True;CRO
16622;783;226150;True;CRO
16623;783;228005;False;CRO
16624;783;230280;False;CRO
16625;783;231584;True;CRO
16626;790;227160;True;CRO
16627;790;228260;False;CRO
16628;790;228610;False;CRO
16629;789;235390;True;CRO
16630;789;236790;True;CRO
16631;789;238036;False;CRO
16632;789;238276;False;CRO
16633;789;239273;True;CRO
16634;5893;327405;False;CRO
16635;5894;327432;False;CRO
16636;5906;327445;True;CRO
16637;5893;327698;True;CRO
16638;791;263350;True;CRO
16639;791;264270;True;CRO
16640;798;244313;False;CRO
16641;798;244360;False;CRO
16642;798;244522;True;CRO
16643;798;245590;False;CRO
16644;798;254703;False;CRO
16645;798;256615;True;CRO
16646;798;257508;False;CRO
16647;6219;258002;False;CRO
16648;6219;258811;False;CRO
16649;798;260794;True;CRO
16650;798;263294;False;CRO
16651;798;263940;True;CRO
16652;798;266303;False;CRO
16653;798;266732;True;CRO
16654;798;277415;True;CRO
16655;798;278855;False;CRO
16656;798;279416;False;CRO
16657;798;280612;True;CRO
16658;798;289227;True;CRO
16659;798;290736;False;CRO
16660;798;291197;False;CRO
16661;798;292897;True;CRO
16662;798;307480;True;CRO
16663;798;308202;False;CRO
16664;798;309040;True;CRO
16665;6228;389676;False;CRO
16666;6228;390205;False;CRO
16667;804;328723;False;CRO
16668;804;328860;False;CRO
16669;805;328946;True;CRO
16670;804;329930;True;CRO
16671;805;339018;True;CRO
16672;805;339851;False;CRO
16673;805;340329;False;CRO
16674;804;340693;True;CRO
16675;805;340782;False;CRO
16676;6234;340803;False;CRO
16677;805;341043;False;CRO
16678;807;341912;True;CRO
16679;807;343334;True;CRO
16680;808;357312;False;CRO
16681;808;357478;False;CRO
16682;808;358312;True;CRO
16683;808;358955;False;CRO
16684;6240;359123;True;CRO
16685;809;359671;True;CRO
16686;809;414746;True;CRO
16687;6261;456530;True;CRO
16688;6266;442826;False;CRO
16689;6263;442826;False;CRO
16690;815;487161;False;CRO
16691;815;487647;True;CRO
16692;814;487990;True;CRO
16693;814;488473;False;CRO
16694;815;494988;True;CRO
16695;815;496567;False;CRO
16696;815;497835;True;CRO
16697;814;498824;True;CRO
16698;814;499663;False;CRO
16699;815;504757;False;CRO
16700;815;505177;False;CRO
16701;814;505531;True;CRO
16702;815;505798;True;CRO
16703;816;389310;True;CRO
16704;816;389990;False;CRO
16705;816;390118;False;CRO
16706;816;412054;True;CRO
16707;816;413785;True;CRO
16708;816;417825;True;CRO
16709;818;393464;False;CRO
16710;818;393514;False;CRO
16711;818;394595;True;CRO
16712;818;406343;True;CRO
16713;818;407348;False;CRO
16714;818;407729;False;CRO
16715;818;408850;True;CRO
16716;818;423398;True;CRO
16717;818;424671;False;CRO
16718;6284;424902;False;CRO
16719;818;426224;True;CRO
16720;818;432180;True;CRO
16721;818;433711;False;CRO
16722;818;434110;False;CRO
16723;818;434975;True;CRO
16724;818;435574;False;CRO
16725;818;457003;False;CRO
16726;818;457238;True;CRO
16727;818;460241;True;CRO
16728;818;460740;False;CRO
16729;818;482166;True;CRO
16730;6281;483183;True;CRO
16731;818;483592;True;CRO
16732;818;485230;True;CRO
16733;818;494832;False;CRO
16734;818;495532;False;CRO
16735;818;495672;False;CRO
16736;818;496192;False;CRO
16737;818;496714;False;CRO
16738;818;496901;False;CRO
16739;818;498537;False;CRO
16740;818;506155;True;CRO
16741;818;509517;True;CRO
16742;819;597678;False;CRO
16743;819;598120;True;CRO
16744;819;599120;False;CRO
16745;819;612788;True;CRO
16746;819;615810;True;CRO
16747;819;630192;True;CRO
16748;819;633545;True;CRO
16749;819;650175;True;CRO
16750;820;148277;True;CRO
16751;820;148422;False;CRO
16752;820;149127;False;CRO
16753;820;149730;False;CRO
16754;820;151733;False;CRO
16755;820;153089;False;CRO
16756;820;153125;False;CRO
16757;820;154646;False;CRO
16758;820;155892;True;CRO
16759;820;157839;False;CRO
16760;820;157886;False;CRO
16761;820;158172;False;CRO
16762;820;159304;False;CRO
16763;820;160734;False;CRO
16764;820;162290;True;CRO
16765;820;163077;False;CRO
16766;6302;163077;False;CRO
16767;820;163408;True;CRO
16768;820;164674;False;CRO
16769;820;165289;False;CRO
16770;820;166713;False;CRO
16771;820;166769;False;CRO
16772;820;168021;False;CRO
16773;820;169567;False;CRO
16774;820;171033;False;CRO
16775;820;171089;False;CRO
16776;820;172413;False;CRO
16777;820;173331;False;CRO
16778;820;173580;False;CRO
16779;820;174663;True;CRO
16780;6303;175541;True;CRO
16781;820;175590;False;CRO
16782;820;176544;True;CRO
16783;820;176812;False;CRO
16784;820;188431;False;CRO
16785;820;192531;True;CRO
16786;820;195722;True;CRO
16787;820;200008;True;CRO
16788;820;203502;False;CRO
16789;820;203818;True;CRO
16790;820;217003;True;CRO
16791;820;220589;True;CRO
16792;820;226472;False;CRO
16793;820;230854;False;CRO
16794;820;236241;True;CRO
16795;820;236995;False;CRO
16796;6321;237217;False;CRO
16797;820;237257;False;CRO
16798;820;237607;False;CRO
16799;6321;237661;False;CRO
16800;820;237849;True;CRO
16801;820;239409;False;CRO
16802;820;239538;False;CRO
16803;820;241520;True;CRO
16804;820;241755;False;CRO
16805;820;241875;False;CRO
16806;6295;243092;False;CRO
16807;6319;243104;False;CRO
16808;6300;243104;False;CRO
16809;820;243125;False;CRO
16810;6295;243292;False;CRO
16811;820;243292;False;CRO
16812;6300;243347;False;CRO
16813;6319;243389;False;CRO
16814;820;243814;False;CRO
16815;820;243950;False;CRO
16816;820;245238;True;CRO
16817;820;255740;True;CRO
16818;820;258660;True;CRO
16819;820;271185;True;CRO
16820;820;274975;True;CRO
16821;820;276558;False;CRO
16822;820;287458;True;CRO
16823;820;291019;True;CRO
16824;820;299195;True;CRO
16825;820;301449;True;CRO
16826;820;306636;True;CRO
16827;820;309991;True;CRO
16828;820;317828;True;CRO
16829;820;321208;True;CRO
16830;820;336990;True;CRO
16831;820;338006;False;CRO
16832;6296;338469;False;CRO
16833;820;338499;False;CRO
16834;6320;338499;False;CRO
16835;6320;338860;False;CRO
16836;820;338860;False;CRO
16837;6296;338890;False;CRO
16838;6320;338927;False;CRO
16839;820;339386;False;CRO
16840;820;339492;False;CRO
16841;820;341010;True;CRO
16842;820;342051;True;CRO
16843;6308;342573;False;CRO
16844;820;342573;False;CRO
16845;6308;343090;False;CRO
16846;820;343090;False;CRO
16847;820;343658;True;CRO
16848;820;345719;False;CRO
16849;820;346043;False;CRO
16850;820;348330;False;CRO
16851;820;351016;True;CRO
16852;820;351503;False;CRO
16853;6317;351503;False;CRO
16854;6317;352033;False;CRO
16855;820;352033;False;CRO
16856;820;352266;True;CRO
16857;820;354272;False;CRO
16858;820;354460;False;CRO
16859;820;356671;False;CRO
16860;820;356727;False;CRO
16861;820;358846;True;CRO
16862;6318;359116;False;CRO
16863;820;359116;False;CRO
16864;820;359597;False;CRO
16865;6318;359597;False;CRO
16866;820;359966;True;CRO
16867;820;362490;False;CRO
16868;820;362794;False;CRO
16869;820;364448;True;CRO
16870;820;365352;False;CRO
16871;820;365400;False;CRO
16872;6297;365778;True;CRO
16873;820;365813;True;CRO
16874;6298;365841;False;CRO
16875;6301;365841;False;CRO
16876;6297;366147;False;CRO
16877;820;366189;False;CRO
16878;6301;366509;False;CRO
16879;820;366794;False;CRO
16880;820;367066;True;CRO
16881;820;368822;False;CRO
16882;820;368878;False;CRO
16883;820;370679;True;CRO
16884;6309;370891;False;CRO
16885;820;370891;False;CRO
16886;820;371547;False;CRO
16887;6309;371547;False;CRO
16888;820;371795;True;CRO
16889;820;373781;False;CRO
16890;820;373825;False;CRO
16891;820;376092;True;CRO
16892;820;376309;False;CRO
16893;6310;376312;False;CRO
16894;6310;376803;False;CRO
16895;820;376804;False;CRO
16896;820;377125;True;CRO
16897;820;378354;False;CRO
16898;820;378406;False;CRO
16899;820;379736;True;CRO
16900;6322;380066;False;CRO
16901;820;380196;False;CRO
16902;6311;380196;False;CRO
16903;820;380667;False;CRO
16904;6311;380667;False;CRO
16905;6322;380697;False;CRO
16906;820;381128;True;CRO
16907;820;383241;False;CRO
16908;820;383291;False;CRO
16909;820;385864;False;CRO
16910;820;385914;False;CRO
16911;820;387990;True;CRO
16912;6312;388673;False;CRO
16913;820;388673;False;CRO
16914;820;389181;False;CRO
16915;6312;389181;False;CRO
16916;820;389632;True;CRO
16917;820;392126;False;CRO
16918;820;392174;False;CRO
16919;820;393677;True;CRO
16920;820;394505;False;CRO
16921;820;394609;False;CRO
16922;820;395182;False;CRO
16923;6299;395187;False;CRO
16924;6299;395615;True;CRO
16925;6299;395766;False;CRO
16926;6353;237816;False;CRO
16927;6353;238045;False;CRO
16928;6346;288537;False;CRO
16929;6346;289009;False;CRO
16930;6347;302525;False;CRO
16931;6342;302525;False;CRO
16932;6342;302766;False;CRO
16933;6347;302781;False;CRO
16934;6348;322011;False;CRO
16935;6348;322395;False;CRO
16936;6350;350006;False;CRO
16937;6350;350485;False;CRO
16938;6351;359924;False;CRO
16939;6341;359946;False;CRO
16940;6369;449956;False;CRO
16941;6369;450524;False;CRO
16942;6370;464280;False;CRO
16943;6365;473925;False;CRO
16944;6365;474725;False;CRO
16945;6359;524344;True;CRO
16946;6360;531507;False;CRO
16947;6360;532041;False;CRO
16948;6366;549501;False;CRO
16949;6362;579306;False;CRO
16950;6362;579824;False;CRO
16951;6363;605329;False;CRO
16952;6367;619971;False;CRO
16953;6364;641633;False;CRO
16954;6364;642085;False;CRO
16955;8723;653080;False;CRO
16956;827;615041;False;CRO
16957;827;615483;True;CRO
16958;827;617080;True;CRO
16959;827;617090;False;CRO
16960;827;644266;True;CRO
16961;827;645014;True;CRO
16962;827;692025;True;CRO
16963;828;660584;True;CRO
16964;829;579286;False;CRO
16965;829;579734;True;CRO
16966;829;621601;False;CRO
16967;829;623040;False;CRO
16968;829;623651;True;CRO
16969;830;953;True;CRO
16970;830;2010;True;CRO
16971;833;407653;True;CRO
16972;834;311771;False;CRO
16973;835;364350;True;CRO
16974;835;364496;False;CRO
16975;835;365185;False;CRO
16976;835;365353;False;CRO
16977;835;365400;False;CRO
16978;836;412775;False;CRO
16979;836;413134;False;CRO
16980;6377;413168;False;CRO
16981;6377;413420;False;CRO
16982;836;413441;False;CRO
16983;836;413654;True;CRO
16984;836;413852;False;CRO
16985;836;413874;False;CRO
16986;836;414715;True;CRO
16987;836;414960;False;CRO
16988;836;415437;False;CRO
16989;836;416565;True;CRO
16990;836;417801;False;CRO
16991;836;419067;False;CRO
16992;836;423346;False;CRO
16993;836;423857;False;CRO
16994;836;426688;False;CRO
16995;836;427873;True;CRO
16996;836;428880;False;CRO
16997;836;428991;False;CRO
16998;6384;429525;False;CRO
16999;836;429620;False;CRO
17000;6378;429620;False;CRO
17001;836;429810;False;CRO
17002;6378;429810;False;CRO
17003;6384;429922;False;CRO
17004;836;430156;True;CRO
17005;836;430273;False;CRO
17006;836;431098;False;CRO
17007;836;437840;True;CRO
17008;836;457576;True;CRO
17009;836;458736;False;CRO
17010;836;459144;False;CRO
17011;836;460454;True;CRO
17012;836;462217;False;CRO
17013;836;472145;True;CRO
17014;836;473620;False;CRO
17015;836;474983;True;CRO
17016;836;479598;False;CRO
17017;836;481719;True;CRO
17018;836;483337;False;CRO
17019;836;486075;True;CRO
17020;836;493937;False;CRO
17021;836;494590;False;CRO
17022;836;494773;True;CRO
17023;837;366982;False;CRO
17024;837;367074;False;CRO
17025;837;368110;True;CRO
17026;837;368345;False;CRO
17027;837;372423;False;CRO
17028;837;372537;False;CRO
17029;837;373628;False;CRO
17030;837;375847;False;CRO
17031;837;375975;False;CRO
17032;837;377074;True;CRO
17033;837;380444;True;CRO
17034;837;383282;False;CRO
17035;837;383482;False;CRO
17036;837;384687;True;CRO
17037;840;249889;False;CRO
17038;840;249942;False;CRO
17039;840;249968;False;CRO
17040;840;250450;True;CRO
17041;840;251388;False;CRO
17042;840;262218;True;CRO
17043;840;264046;False;CRO
17044;840;264772;False;CRO
17045;840;266685;True;CRO
17046;840;273365;True;CRO
17047;840;278404;True;CRO
17048;840;280210;False;CRO
17049;840;281706;True;CRO
17050;840;289298;True;CRO
17051;840;290491;False;CRO
17052;840;291015;False;CRO
17053;840;292464;True;CRO
17054;843;339641;True;CRO
17055;843;340631;False;CRO
17056;843;340945;False;CRO
17057;843;344448;True;CRO
17058;843;348160;True;CRO
17059;843;353171;False;CRO
17060;843;353654;False;CRO
17061;843;354486;True;CRO
17062;849;15397;True;CRO
17063;1468;15397;True;CRO
17064;1467;15397;True;CRO
17065;848;15410;True;CRO
17066;1470;15417;True;CRO
17067;1469;15418;True;CRO
17068;1468;15936;False;CRO
17069;848;15936;True;CRO
17070;1467;15936;False;CRO
17071;849;16423;False;CRO
17072;1470;16423;True;CRO
17073;1469;16600;False;CRO
17074;848;16995;True;CRO
17075;1468;16995;False;CRO
17076;1467;16995;False;CRO
17077;1470;17100;False;CRO
17078;849;17700;True;CRO
17079;1470;17743;False;CRO
17080;848;18073;True;CRO
17081;1468;18073;True;CRO
17082;1468;18278;False;CRO
17083;1470;18433;True;CRO
17084;849;18433;False;CRO
17085;848;18710;False;CRO
17086;849;19091;True;CRO
17087;848;19220;True;CRO
17088;1468;19220;True;CRO
17089;1470;19463;True;CRO
17090;1468;19790;False;CRO
17091;848;19790;False;CRO
17092;849;19810;True;CRO
17093;848;20387;True;CRO
17094;1468;20392;True;CRO
17095;849;20767;True;CRO
17096;9045;20931;False;CRO
17097;1468;20934;True;CRO
17098;1470;20955;False;CRO
17099;1470;21241;False;CRO
17100;9045;21241;False;CRO
17101;1468;21241;False;CRO
17102;9045;21261;False;CRO
17103;849;21261;False;CRO
17104;848;21270;False;CRO
17105;1470;21283;False;CRO
17106;1468;21285;False;CRO
17107;848;21693;True;CRO
17108;848;21793;False;CRO
17109;848;21843;False;CRO
17110;849;21906;True;CRO
17111;849;22157;False;CRO
17112;848;22297;True;CRO
17113;849;22455;False;CRO
17114;849;22581;False;CRO
17115;849;23025;False;CRO
17116;849;23171;True;CRO
17117;848;23171;False;CRO
17118;848;23203;False;CRO
17119;849;23558;True;CRO
17120;848;23737;True;CRO
17121;849;24177;True;CRO
17122;848;24276;True;CRO
17123;848;24845;False;CRO
17124;849;24845;False;CRO
17125;849;25454;True;CRO
17126;848;25800;True;CRO
17127;849;26635;False;CRO
17128;848;26810;False;CRO
17129;849;27265;False;CRO
17130;849;27991;False;CRO
17131;848;28006;False;CRO
17132;849;29343;False;CRO
17133;849;29780;False;CRO
17134;848;29800;False;CRO
17135;848;30638;True;CRO
17136;849;30638;True;CRO
17137;849;30780;False;CRO
17138;848;30780;False;CRO
17139;849;30836;False;CRO
17140;849;31340;True;CRO
17141;849;31788;False;CRO
17142;848;31788;True;CRO
17143;8677;32301;False;CRO
17144;6408;32306;True;CRO
17145;6406;32306;True;CRO
17146;849;32327;True;CRO
17147;6403;32351;True;CRO
17148;848;32351;True;CRO
17149;8677;32400;True;CRO
17150;6408;32615;False;CRO
17151;6406;32615;False;CRO
17152;848;32715;False;CRO
17153;8677;32800;False;CRO
17154;849;32820;False;CRO
17155;6403;32932;True;CRO
17156;848;32932;True;CRO
17157;849;32996;True;CRO
17158;6408;32996;True;CRO
17159;849;33560;True;CRO
17160;848;34610;True;CRO
17161;849;35270;False;CRO
17162;848;36210;False;CRO
17163;849;37410;False;CRO
17164;848;38460;False;CRO
17165;849;39714;True;CRO
17166;848;40540;True;CRO
17167;849;41185;False;CRO
17168;849;42769;False;CRO
17169;848;42990;False;CRO
17170;849;43560;False;CRO
17171;848;45190;False;CRO
17172;849;46450;True;CRO
17173;848;47280;True;CRO
17174;849;48771;False;CRO
17175;848;49740;False;CRO
17176;849;51260;True;CRO
17177;848;51570;True;CRO
17178;849;52273;False;CRO
17179;848;52273;False;CRO
17180;848;52602;False;CRO
17181;6404;52620;True;CRO
17182;849;52872;True;CRO
17183;848;53875;True;CRO
17184;849;55360;False;CRO
17185;848;56540;False;CRO
17186;849;58160;True;CRO
17187;848;59340;True;CRO
17188;849;60960;False;CRO
17189;848;61990;True;CRO
17190;849;63765;True;CRO
17191;848;64570;True;CRO
17192;849;66510;True;CRO
17193;848;67590;True;CRO
17194;849;69467;True;CRO
17195;848;70580;True;CRO
17196;849;72210;False;CRO
17197;848;73469;False;CRO
17198;849;75000;True;CRO
17199;848;75075;True;CRO
17200;848;76098;True;CRO
17201;6407;76392;True;CRO
17202;6405;76392;True;CRO
17203;6409;76443;False;CRO
17204;6409;77172;True;CRO
17205;847;78025;True;CRO
17206;847;123125;True;CRO
17207;851;33566;True;CRO
17208;851;33882;False;CRO
17209;850;34302;True;CRO
17210;851;34858;False;CRO
17211;850;35444;False;CRO
17212;851;36258;False;CRO
17213;850;36806;False;CRO
17214;851;37610;True;CRO
17215;850;38209;True;CRO
17216;851;39036;False;CRO
17217;850;39418;False;CRO
17218;851;40514;False;CRO
17219;850;40838;False;CRO
17220;851;41862;True;CRO
17221;850;42129;True;CRO
17222;851;43044;False;CRO
17223;850;43530;False;CRO
17224;851;44615;False;CRO
17225;850;44884;False;CRO
17226;851;45964;False;CRO
17227;850;46344;True;CRO
17228;851;47168;True;CRO
17229;850;47833;False;CRO
17230;851;49040;True;CRO
17231;850;49497;True;CRO
17232;851;50386;False;CRO
17233;850;51120;True;CRO
17234;851;52249;False;CRO
17235;850;52573;False;CRO
17236;850;53766;False;CRO
17237;851;53886;True;CRO
17238;850;54281;False;CRO
17239;851;55064;True;CRO
17240;850;56069;True;CRO
17241;851;56692;True;CRO
17242;850;56692;True;CRO
17243;850;57019;True;CRO
17244;851;57335;False;CRO
17245;850;57892;False;CRO
17246;851;58441;True;CRO
17247;850;59280;True;CRO
17248;851;59533;False;CRO
17249;850;60306;False;CRO
17250;851;61272;False;CRO
17251;850;61600;False;CRO
17252;851;62372;True;CRO
17253;850;63103;True;CRO
17254;851;63514;False;CRO
17255;850;64502;False;CRO
17256;851;65141;False;CRO
17257;850;65944;False;CRO
17258;851;66710;True;CRO
17259;850;67208;True;CRO
17260;851;68253;False;CRO
17261;850;68760;False;CRO
17262;851;69514;False;CRO
17263;850;70267;False;CRO
17264;851;71055;False;CRO
17265;850;71471;True;CRO
17266;851;72428;True;CRO
17267;850;72901;False;CRO
17268;851;74138;True;CRO
17269;850;74451;True;CRO
17270;851;75417;False;CRO
17271;850;75590;False;CRO
17272;850;76702;False;CRO
17273;851;77021;False;CRO
17274;851;78196;False;CRO
17275;850;78406;False;CRO
17276;851;79471;True;CRO
17277;850;80161;True;CRO
17278;851;80822;False;CRO
17279;850;81191;False;CRO
17280;851;82293;False;CRO
17281;850;82735;False;CRO
17282;851;83972;False;CRO
17283;850;84288;False;CRO
17284;851;85016;True;CRO
17285;850;85236;True;CRO
17286;850;86586;False;CRO
17287;851;86649;True;CRO
17288;851;87710;False;CRO
17289;850;88228;True;CRO
17290;851;89348;False;CRO
17291;850;89913;False;CRO
17292;851;90612;False;CRO
17293;850;90696;False;CRO
17294;850;90982;False;CRO
17295;851;91883;True;CRO
17296;850;92316;True;CRO
17297;852;24773;False;CRO
17298;852;25260;True;CRO
17299;855;118212;False;CRO
17300;855;118724;True;CRO
17301;6464;66633;True;CRO
17302;858;66700;True;CRO
17303;857;66723;True;CRO
17304;858;66767;False;CRO
17305;857;67290;True;CRO
17306;6464;67348;False;CRO
17307;6458;67379;True;CRO
17308;858;67412;True;CRO
17309;858;67807;True;CRO
17310;858;69055;False;CRO
17311;858;69430;False;CRO
17312;857;69990;False;CRO
17313;858;71829;True;CRO
17314;857;72670;True;CRO
17315;858;74610;False;CRO
17316;857;75320;False;CRO
17317;857;77317;False;CRO
17318;858;77406;True;CRO
17319;857;79020;True;CRO
17320;858;79553;False;CRO
17321;857;81710;False;CRO
17322;858;82310;False;CRO
17323;857;84425;True;CRO
17324;858;85085;True;CRO
17325;857;86340;True;CRO
17326;858;87687;True;CRO
17327;857;88618;False;CRO
17328;858;90034;False;CRO
17329;857;91104;True;CRO
17330;858;91790;True;CRO
17331;857;93064;False;CRO
17332;858;93915;False;CRO
17333;857;95643;True;CRO
17334;858;96403;True;CRO
17335;857;97535;True;CRO
17336;858;98573;True;CRO
17337;857;100009;False;CRO
17338;858;101025;False;CRO
17339;857;102375;True;CRO
17340;858;103730;True;CRO
17341;857;105125;False;CRO
17342;858;106527;False;CRO
17343;857;107813;True;CRO
17344;858;109330;True;CRO
17345;857;110570;False;CRO
17346;858;112140;False;CRO
17347;857;113160;False;CRO
17348;858;114616;True;CRO
17349;857;114765;False;CRO
17350;857;116313;True;CRO
17351;858;116765;True;CRO
17352;857;117043;True;CRO
17353;6459;117538;False;CRO
17354;857;117538;False;CRO
17355;6465;117538;False;CRO
17356;858;117538;True;CRO
17357;6468;117561;False;CRO
17358;6468;117834;True;CRO
17359;6468;118039;True;CRO
17360;6465;118039;True;CRO
17361;857;118080;True;CRO
17362;6459;118080;True;CRO
17363;857;118611;True;CRO
17364;858;118721;True;CRO
17365;857;120620;False;CRO
17366;858;121320;False;CRO
17367;857;123200;True;CRO
17368;858;123960;True;CRO
17369;858;126682;False;CRO
17370;858;128676;True;CRO
17371;857;131175;False;CRO
17372;857;133035;True;CRO
17373;858;136690;True;CRO
17374;858;138744;False;CRO
17375;857;142081;True;CRO
17376;858;147498;True;CRO
17377;857;149630;True;CRO
17378;857;151628;False;CRO
17379;857;153532;True;CRO
17380;6460;153809;True;CRO
17381;858;153830;True;CRO
17382;857;154376;False;CRO
17383;857;154621;True;CRO
17384;858;154633;True;CRO
17385;857;155971;False;CRO
17386;858;156496;True;CRO
17387;857;157176;True;CRO
17388;858;160943;False;CRO
17389;858;162792;True;CRO
17390;857;165000;False;CRO
17391;857;166800;True;CRO
17392;858;168390;True;CRO
17393;858;169596;True;CRO
17394;857;169600;True;CRO
17395;858;171115;False;CRO
17396;858;173866;False;CRO
17397;858;175792;True;CRO
17398;857;178490;False;CRO
17399;857;180490;True;CRO
17400;858;184260;True;CRO
17401;857;189420;True;CRO
17402;857;191444;False;CRO
17403;857;191452;True;CRO
17404;857;194290;True;CRO
17405;858;194745;True;CRO
17406;857;194780;True;CRO
17407;857;195249;True;CRO
17408;6456;195475;True;CRO
17409;858;196010;True;CRO
17410;858;197560;False;CRO
17411;857;202850;True;CRO
17412;857;204875;False;CRO
17413;858;207204;True;CRO
17414;857;210620;False;CRO
17415;857;212435;True;CRO
17416;857;214902;True;CRO
17417;858;216430;True;CRO
17418;858;218510;False;CRO
17419;858;220522;True;CRO
17420;857;222388;True;CRO
17421;857;224390;True;CRO
17422;858;228330;True;CRO
17423;858;230235;False;CRO
17424;857;235155;True;CRO
17425;858;238295;True;CRO
17426;857;242670;True;CRO
17427;857;244704;True;CRO
17428;858;245730;True;CRO
17429;857;247090;True;CRO
17430;858;247958;True;CRO
17431;857;249332;False;CRO
17432;857;249788;False;CRO
17433;858;250060;True;CRO
17434;857;251152;True;CRO
17435;858;252154;True;CRO
17436;857;252267;True;CRO
17437;857;252663;True;CRO
17438;6461;252663;True;CRO
17439;858;252663;True;CRO
17440;6475;252663;True;CRO
17441;6471;252663;True;CRO
17442;6475;253028;False;CRO
17443;6471;253079;False;CRO
17444;858;253093;False;CRO
17445;857;253120;False;CRO
17446;6461;253182;False;CRO
17447;857;253466;True;CRO
17448;858;253472;True;CRO
17449;857;254767;False;CRO
17450;857;254990;False;CRO
17451;857;254990;False;CRO
17452;858;255110;False;CRO
17453;857;255141;False;CRO
17454;858;255940;False;CRO
17455;858;255940;False;CRO
17456;857;257647;True;CRO
17457;858;258440;True;CRO
17458;857;260164;True;CRO
17459;858;260828;False;CRO
17460;858;260859;False;CRO
17461;857;261030;False;CRO
17462;858;261189;False;CRO
17463;858;261189;True;CRO
17464;857;261663;False;CRO
17465;857;261663;False;CRO
17466;858;262865;True;CRO
17467;857;262871;True;CRO
17468;857;263497;False;CRO
17469;6454;263540;True;CRO
17470;858;263584;True;CRO
17471;857;264125;False;CRO
17472;858;264125;False;CRO
17473;857;264315;False;CRO
17474;857;264569;True;CRO
17475;858;264569;True;CRO
17476;857;265230;False;CRO
17477;857;265770;True;CRO
17478;858;265770;True;CRO
17479;858;267173;False;CRO
17480;857;267273;False;CRO
17481;857;268070;False;CRO
17482;858;268105;False;CRO
17483;858;270506;True;CRO
17484;857;270740;True;CRO
17485;858;272004;False;CRO
17486;858;272810;False;CRO
17487;857;273499;False;CRO
17488;858;275160;False;CRO
17489;857;276190;False;CRO
17490;857;276670;False;CRO
17491;858;277703;False;CRO
17492;857;278890;True;CRO
17493;857;279633;False;CRO
17494;858;280025;True;CRO
17495;858;280980;True;CRO
17496;857;280980;True;CRO
17497;857;281592;True;CRO
17498;858;281592;True;CRO
17499;857;282998;False;CRO
17500;858;283174;False;CRO
17501;857;283174;False;CRO
17502;857;283790;False;CRO
17503;858;284407;True;CRO
17504;857;285640;True;CRO
17505;858;286800;False;CRO
17506;857;287953;False;CRO
17507;858;288791;False;CRO
17508;858;288940;False;CRO
17509;857;290190;True;CRO
17510;858;291328;True;CRO
17511;857;292572;False;CRO
17512;857;292890;False;CRO
17513;857;292927;False;CRO
17514;858;293565;False;CRO
17515;857;295290;False;CRO
17516;858;295770;False;CRO
17517;858;295810;False;CRO
17518;857;295896;False;CRO
17519;858;296262;False;CRO
17520;857;297337;True;CRO
17521;858;297337;True;CRO
17522;858;298133;True;CRO
17523;857;298133;True;CRO
17524;857;299920;False;CRO
17525;857;300260;False;CRO
17526;858;301010;False;CRO
17527;857;302730;True;CRO
17528;858;303686;True;CRO
17529;857;305312;False;CRO
17530;858;306166;False;CRO
17531;857;307835;False;CRO
17532;858;308695;False;CRO
17533;858;309390;True;CRO
17534;857;310433;True;CRO
17535;857;310743;False;CRO
17536;858;311025;False;CRO
17537;858;311255;False;CRO
17538;858;312251;True;CRO
17539;857;312265;True;CRO
17540;858;312639;False;CRO
17541;6469;312682;False;CRO
17542;857;312682;False;CRO
17543;858;313181;True;CRO
17544;6469;313181;True;CRO
17545;6472;313181;True;CRO
17546;857;313181;True;CRO
17547;857;313748;True;CRO
17548;858;313748;True;CRO
17549;858;314088;False;CRO
17550;857;314088;False;CRO
17551;858;314610;True;CRO
17552;857;314815;True;CRO
17553;858;315530;False;CRO
17554;857;316039;True;CRO
17555;857;316330;False;CRO
17556;858;317040;True;CRO
17557;857;318240;False;CRO
17558;858;319435;False;CRO
17559;857;320900;False;CRO
17560;858;321661;False;CRO
17561;858;321785;False;CRO
17562;857;323603;True;CRO
17563;858;324220;True;CRO
17564;858;326427;False;CRO
17565;858;329000;False;CRO
17566;857;329020;False;CRO
17567;858;329675;False;CRO
17568;858;331237;True;CRO
17569;857;331237;True;CRO
17570;6455;331745;True;CRO
17571;6455;332643;False;CRO
17572;857;332643;False;CRO
17573;857;333360;True;CRO
17574;858;333360;True;CRO
17575;857;333707;False;CRO
17576;857;334935;False;CRO
17577;858;336150;False;CRO
17578;857;336390;False;CRO
17579;858;338500;True;CRO
17580;857;339090;True;CRO
17581;858;340335;False;CRO
17582;858;340375;False;CRO
17583;857;341780;False;CRO
17584;858;343200;False;CRO
17585;858;345770;True;CRO
17586;857;346390;True;CRO
17587;858;347979;False;CRO
17588;857;348690;False;CRO
17589;857;349890;False;CRO
17590;858;350360;False;CRO
17591;857;351115;True;CRO
17592;858;351796;False;CRO
17593;858;352779;False;CRO
17594;857;353330;True;CRO
17595;858;353330;True;CRO
17596;9512;353881;True;CRO
17597;6453;353931;True;CRO
17598;6473;354124;True;CRO
17599;858;354166;True;CRO
17600;857;354248;False;CRO
17601;6466;354248;False;CRO
17602;6473;354591;False;CRO
17603;858;354591;False;CRO
17604;6453;354621;True;CRO
17605;6466;354644;True;CRO
17606;857;354644;True;CRO
17607;6457;354657;True;CRO
17608;858;355179;True;CRO
17609;857;355838;True;CRO
17610;858;356585;False;CRO
17611;858;357150;False;CRO
17612;858;358803;True;CRO
17613;857;367384;True;CRO
17614;857;369557;False;CRO
17615;857;372270;True;CRO
17616;858;373821;True;CRO
17617;858;375772;False;CRO
17618;857;384743;True;CRO
17619;857;386362;False;CRO
17620;858;387915;True;CRO
17621;857;388783;True;CRO
17622;858;390565;True;CRO
17623;858;392030;False;CRO
17624;857;396340;True;CRO
17625;858;397440;False;CRO
17626;857;397832;False;CRO
17627;858;398749;True;CRO
17628;857;404065;True;CRO
17629;857;405560;False;CRO
17630;858;406794;True;CRO
17631;857;407778;True;CRO
17632;858;409407;True;CRO
17633;858;411064;False;CRO
17634;857;417590;False;CRO
17635;857;418690;False;CRO
17636;858;418910;True;CRO
17637;857;419117;True;CRO
17638;858;420094;True;CRO
17639;6470;420220;False;CRO
17640;857;420220;False;CRO
17641;858;420587;False;CRO
17642;6470;420611;True;CRO
17643;857;420611;True;CRO
17644;858;420953;True;CRO
17645;857;421934;True;CRO
17646;858;422190;False;CRO
17647;858;422465;True;CRO
17648;858;422987;False;CRO
17649;857;423132;False;CRO
17650;858;424010;True;CRO
17651;857;424187;True;CRO
17652;858;425158;False;CRO
17653;857;449540;True;CRO
17654;857;451065;True;CRO
17655;858;451380;True;CRO
17656;858;452096;True;CRO
17657;858;453760;False;CRO
17658;857;459895;True;CRO
17659;857;461294;True;CRO
17660;858;464710;True;CRO
17661;858;467978;True;CRO
17662;857;470979;True;CRO
17663;857;472379;True;CRO
17664;858;473570;True;CRO
17665;858;475070;True;CRO
17666;857;480188;True;CRO
17667;857;481700;True;CRO
17668;857;483581;True;CRO
17669;858;483677;True;CRO
17670;858;485410;True;CRO
17671;857;487610;False;CRO
17672;857;489260;True;CRO
17673;858;489826;True;CRO
17674;858;492472;False;CRO
17675;857;492929;True;CRO
17676;857;499390;False;CRO
17677;857;500582;False;CRO
17678;857;500679;True;CRO
17679;858;500702;True;CRO
17680;858;501581;True;CRO
17681;857;501581;True;CRO
17682;6462;502004;True;CRO
17683;857;502004;True;CRO
17684;6476;502004;True;CRO
17685;858;502004;True;CRO
17686;6474;502004;True;CRO
17687;6477;502102;True;CRO
17688;6476;502242;True;CRO
17689;6474;502267;True;CRO
17690;857;502368;True;CRO
17691;858;502674;True;CRO
17692;857;502788;True;CRO
17693;857;503463;True;CRO
17694;858;503476;True;CRO
17695;857;504109;True;CRO
17696;858;504109;True;CRO
17697;857;505616;True;CRO
17698;858;505616;False;CRO
17699;858;505665;False;CRO
17700;857;506168;True;CRO
17701;858;506168;True;CRO
17702;858;507428;False;CRO
17703;857;507428;False;CRO
17704;857;507517;False;CRO
17705;858;508842;False;CRO
17706;857;509665;False;CRO
17707;858;509665;False;CRO
17708;858;510351;False;CRO
17709;858;511872;False;CRO
17710;857;511885;False;CRO
17711;858;511930;False;CRO
17712;857;513016;False;CRO
17713;858;513310;False;CRO
17714;857;513841;True;CRO
17715;858;513847;True;CRO
17716;858;514620;True;CRO
17717;857;514620;True;CRO
17718;857;515095;False;CRO
17719;858;516115;False;CRO
17720;857;516201;False;CRO
17721;857;516753;True;CRO
17722;857;518493;True;CRO
17723;858;518570;False;CRO
17724;858;519856;False;CRO
17725;858;519893;False;CRO
17726;857;520143;False;CRO
17727;858;521300;False;CRO
17728;857;521818;True;CRO
17729;858;521818;True;CRO
17730;858;522675;False;CRO
17731;857;523130;False;CRO
17732;857;523575;True;CRO
17733;858;523575;True;CRO
17734;857;524582;False;CRO
17735;858;524582;False;CRO
17736;857;524709;False;CRO
17737;858;524740;False;CRO
17738;858;525968;False;CRO
17739;857;526389;False;CRO
17740;858;526611;False;CRO
17741;858;527550;False;CRO
17742;857;527597;False;CRO
17743;858;528351;True;CRO
17744;857;528351;True;CRO
17745;857;529207;True;CRO
17746;858;529207;True;CRO
17747;858;530432;False;CRO
17748;857;530505;False;CRO
17749;857;530960;False;CRO
17750;858;530960;False;CRO
17751;858;532643;True;CRO
17752;857;532841;True;CRO
17753;857;533266;False;CRO
17754;858;534369;False;CRO
17755;857;535072;False;CRO
17756;858;535570;False;CRO
17757;858;535941;True;CRO
17758;857;537165;True;CRO
17759;858;537165;False;CRO
17760;858;537670;False;CRO
17761;6467;537670;False;CRO
17762;6463;537670;False;CRO
17763;6467;537922;False;CRO
17764;6463;537922;False;CRO
17765;857;537922;False;CRO
17766;1472;537922;False;CRO
17767;857;538656;True;CRO
17768;9302;539215;True;CRO
17769;9302;539437;True;CRO
17770;9301;539750;True;CRO
17771;9302;539956;True;CRO
17772;9301;540544;True;CRO
17773;9302;540980;True;CRO
17774;9301;541467;True;CRO
17775;9302;541758;True;CRO
17776;9301;543082;True;CRO
17777;9302;544410;True;CRO
17778;9301;545639;False;CRO
17779;9302;546540;False;CRO
17780;9301;547680;True;CRO
17781;9302;549025;True;CRO
17782;9301;550429;False;CRO
17783;9302;551104;False;CRO
17784;9301;552158;False;CRO
17785;9302;553506;True;CRO
17786;9301;554480;True;CRO
17787;9302;555086;True;CRO
17788;9302;555971;True;CRO
17789;9301;555975;True;CRO
17790;9302;556792;True;CRO
17791;9301;557181;True;CRO
17792;9302;557370;False;CRO
17793;9301;557736;False;CRO
17794;9302;558070;True;CRO
17795;9301;558294;True;CRO
17796;9301;558672;True;CRO
17797;860;263070;True;CRO
17798;859;263343;True;CRO
17799;862;224;True;CRO
17800;861;448;True;CRO
17801;864;71;True;CRO
17802;863;160;False;CRO
17803;863;193;False;CRO
17804;863;640;True;CRO
17805;863;1610;False;CRO
17806;864;1610;False;CRO
17807;863;1780;True;CRO
17808;863;5100;True;BLGV
17809;863;10000;True;BLGV
17810;864;10000;True;BLGV
17811;864;20000;True;BLGV
17812;863;20000;True;BLGV
17813;864;30000;True;BLGV
17814;863;30000;True;BLGV
17815;863;40000;True;BLGV
17816;864;40000;True;BLGV
17817;863;50000;True;BLGV
17818;864;50000;True;BLGV
17819;863;60000;True;BLGV
17820;864;60000;True;BLGV
17821;864;70000;True;BLGV
17822;863;70000;True;BLGV
17823;864;80000;True;BLGV
17824;863;80000;True;BLGV
17825;863;90000;True;BLGV
17826;864;90000;True;BLGV
17827;864;100000;True;BLGV
17828;863;100000;True;BLGV
17829;864;110000;True;BLGV
17830;863;110000;True;BLGV
17831;864;120000;True;BLGV
17832;863;120000;True;BLGV
17833;863;130000;True;BLGV
17834;864;130000;True;BLGV
17835;863;140000;True;BLGV
17836;864;140000;True;BLGV
17837;863;150000;True;BLGV
17838;864;150000;True;BLGV
17839;863;160000;True;BLGV
17840;864;160000;True;BLGV
17841;864;170000;True;BLGV
17842;863;170000;True;BLGV
17843;864;180000;True;BLGV
17844;863;180000;True;BLGV
17845;863;190000;True;BLGV
17846;864;190000;True;BLGV
17847;863;200000;True;BLGV
17848;864;200000;True;BLGV
17849;863;210000;True;BLGV
17850;864;210000;True;BLGV
17851;864;220000;True;BLGV
17852;863;220000;True;BLGV
17853;863;230000;True;BLGV
17854;864;230000;True;BLGV
17855;863;240000;True;BLGV
17856;864;240000;True;BLGV
17857;864;250000;True;BLGV
17858;863;250000;True;BLGV
17859;863;260000;True;BLGV
17860;864;260000;True;BLGV
17861;864;270000;True;BLGV
17862;863;270000;True;BLGV
17863;863;280000;True;BLGV
17864;864;280000;True;BLGV
17865;864;290000;True;BLGV
17866;863;290000;True;BLGV
17867;863;300000;True;BLGV
17868;864;300000;True;BLGV
17869;864;310000;True;BLGV
17870;863;310000;True;BLGV
17871;863;320000;True;BLGV
17872;864;320000;True;BLGV
17873;863;330000;True;BLGV
17874;864;330000;True;BLGV
17875;864;340000;True;BLGV
17876;863;340000;True;BLGV
17877;863;350000;True;BLGV
17878;864;350000;True;BLGV
17879;864;360000;True;BLGV
17880;863;360000;True;BLGV
17881;864;370000;True;BLGV
17882;863;370000;True;BLGV
17883;863;380000;True;BLGV
17884;864;380000;True;BLGV
17885;863;390000;True;BLGV
17886;864;390000;True;BLGV
17887;864;400000;True;BLGV
17888;863;400000;True;BLGV
17889;864;407042;False;CRO
17890;863;410000;True;BLGV
17891;864;410000;True;BLGV
17892;864;420000;True;BLGV
17893;863;420000;True;BLGV
17894;863;430000;True;BLGV
17895;864;430000;True;BLGV
17896;864;440000;True;BLGV
17897;863;440000;True;BLGV
17898;863;450000;True;BLGV
17899;864;450000;True;BLGV
17900;864;460000;True;BLGV
17901;863;460000;True;BLGV
17902;863;470000;True;BLGV
17903;864;470000;True;BLGV
17904;863;480000;True;BLGV
17905;864;480000;True;BLGV
17906;864;490000;True;BLGV
17907;863;490000;True;BLGV
17908;863;495000;True;BLGV
17909;863;495100;True;BLGV
17910;864;500000;True;BLGV
17911;863;500000;True;BLGV
17912;863;510000;True;BLGV
17913;864;510000;True;BLGV
17914;864;520000;True;BLGV
17915;863;520000;True;BLGV
17916;863;530000;True;BLGV
17917;864;530000;True;BLGV
17918;864;540000;True;BLGV
17919;863;540000;True;BLGV
17920;863;550000;True;BLGV
17921;864;550000;True;BLGV
17922;864;560000;True;BLGV
17923;863;560000;True;BLGV
17924;864;570000;True;BLGV
17925;863;570000;True;BLGV
17926;864;580000;True;BLGV
17927;863;580000;True;BLGV
17928;863;590000;True;BLGV
17929;864;590000;True;BLGV
17930;863;600000;True;BLGV
17931;864;600000;True;BLGV
17932;864;610000;True;BLGV
17933;863;610000;True;BLGV
17934;864;620000;True;BLGV
17935;863;620000;True;BLGV
17936;863;630000;True;BLGV
17937;864;630000;True;BLGV
17938;863;640000;True;BLGV
17939;864;640000;True;BLGV
17940;864;650000;True;BLGV
17941;863;650000;True;BLGV
17942;863;660000;True;BLGV
17943;864;660000;True;BLGV
17944;864;670000;True;BLGV
17945;863;670000;True;BLGV
17946;864;680000;True;BLGV
17947;863;680000;True;BLGV
17948;863;690000;True;BLGV
17949;864;690000;True;BLGV
17950;863;700000;True;BLGV
17951;864;700000;True;BLGV
17952;863;709923;False;CRO
17953;864;709923;False;CRO
17954;863;709979;True;CRO
17955;864;709979;True;CRO
17956;864;710000;True;BLGV
17957;863;710000;True;BLGV
17958;1477;900;True;BLGV
17959;1478;900;True;BLGV
17960;1477;1000;True;BLGV
17961;1478;1000;True;BLGV
17962;1477;1490;False;CRO
17963;1478;2520;False;CRO
17964;1477;3070;False;CRO
17965;1478;4790;False;CRO
17966;1477;4790;False;CRO
17967;1477;4842;False;CRO
17968;1478;4842;False;CRO
17969;1478;5954;False;CRO
17970;1477;5954;False;CRO
17971;1477;6245;False;CRO
17972;1478;6245;False;CRO
17973;1477;6297;False;CRO
17974;1478;6297;False;CRO
17975;1477;7797;False;CRO
17976;1478;7797;False;CRO
17977;1478;7849;False;CRO
17978;1477;7849;False;CRO
17979;1478;9649;False;CRO
17980;1477;9649;False;CRO
17981;1478;9705;False;CRO
17982;1477;9705;False;CRO
17983;1477;10000;True;BLGV
17984;1478;10000;True;BLGV
17985;1478;11590;False;CRO
17986;1477;11590;False;CRO
17987;1478;11642;False;CRO
17988;1477;11642;False;CRO
17989;1477;20000;True;BLGV
17990;1478;20000;True;BLGV
17991;1477;30000;True;BLGV
17992;1478;30000;True;BLGV
17993;1478;38170;True;BLGV
17994;1478;38270;True;BLGV
17995;1477;39000;True;BLGV
17996;1477;39100;True;BLGV
17997;6625;108;True;CRO
17998;6626;108;True;CRO
17999;6625;825;True;CRO
18000;6626;844;True;CRO
18001;6627;55346;True;BLGV
18002;6627;55446;True;BLGV
18003;1479;56000;True;BLGV
18004;1479;56100;True;BLGV
18005;865;385990;True;CRO
18006;866;385990;True;CRO
18007;866;386811;False;CRO
18008;865;386811;False;CRO
18009;865;387065;False;CRO
18010;866;387065;False;CRO
18011;866;387720;False;CRO
18012;865;387720;False;CRO
18013;866;388622;False;CRO
18014;865;388622;False;CRO
18015;865;388907;True;CRO
18016;866;388907;True;CRO
18017;6628;389307;False;CRO
18018;866;389315;True;CRO
18019;865;389496;True;CRO
18020;6628;389827;True;CRO
18021;866;390131;True;CRO
18022;865;390131;True;CRO
18023;865;391576;False;CRO
18024;865;391632;False;CRO
18025;866;391632;False;CRO
18026;866;392826;False;CRO
18027;866;392948;False;CRO
18028;865;393008;False;CRO
18029;866;394257;False;CRO
18030;866;394460;True;CRO
18031;865;394460;True;CRO
18032;867;417684;True;CRO
18033;867;417796;False;CRO
18034;867;418000;True;BLGV
18035;867;418100;True;BLGV
18036;868;418790;True;CRO
18037;868;419000;True;BLGV
18038;868;419100;True;BLGV
18039;869;494931;True;CRO
18040;870;495019;False;CRO
18041;870;495111;True;CRO
18042;869;495340;False;CRO
18043;872;417248;True;CRO
18044;872;417340;False;CRO
18045;871;417460;True;CRO
18046;872;417900;True;BLGV
18047;871;417900;True;BLGV
18048;871;417940;False;CRO
18049;871;418000;True;BLGV
18050;872;418000;True;BLGV
18051;8455;1410;True;CRO
18052;8455;2490;True;CRO
18053;8457;156;True;CRO
18054;1480;154606;True;CRO
18055;875;154688;True;CRO
18056;874;154688;True;CRO
18057;1480;154904;True;CRO
18058;874;155060;True;CRO
18059;875;155815;True;CRO
18060;874;161200;True;CRO
18061;875;162065;True;CRO
18062;874;162428;True;CRO
18063;873;163559;True;CRO
18064;873;164810;False;CRO
18065;873;169910;True;CRO
18066;873;171175;False;CRO
18067;873;172274;True;CRO
18068;873;173270;True;CRO
18069;873;173338;False;CRO
18070;873;175898;True;CRO
18071;873;176110;False;CRO
18072;873;180232;True;CRO
18073;873;181946;True;CRO
18074;873;182615;False;CRO
18075;873;183847;True;CRO
18076;873;189187;False;CRO
18077;873;189790;False;CRO
18078;873;190388;True;CRO
18079;873;191593;True;CRO
18080;873;192361;False;CRO
18081;873;192379;False;CRO
18082;873;192991;True;CRO
18083;873;193695;False;CRO
18084;873;199116;True;CRO
18085;873;201817;True;CRO
18086;873;208162;True;CRO
18087;873;211625;True;CRO
18088;873;216454;True;CRO
18089;873;219630;True;CRO
18090;873;224590;False;CRO
18091;873;225783;True;CRO
18092;6640;226276;False;CRO
18093;6640;226778;True;CRO
18094;8681;564;True;CRO
18095;8681;666;False;CRO
18096;877;1170;True;CRO
18097;876;1170;True;CRO
18098;877;1928;True;CRO
18099;876;1940;True;CRO
18100;880;192361;False;CRO
18101;880;192379;False;CRO
18102;880;193112;False;CRO
18103;880;193762;True;CRO
18104;880;195938;False;CRO
18105;880;199010;True;CRO
18106;880;202995;True;CRO
18107;880;206167;True;CRO
18108;880;212665;True;CRO
18109;880;215433;True;CRO
18110;880;222948;True;CRO
18111;880;226193;True;CRO
18112;880;226770;False;CRO
18113;880;227277;False;CRO
18114;880;227844;True;CRO
18115;880;228848;False;CRO
18116;880;229140;True;CRO
18117;880;231144;True;CRO
18118;880;242422;True;CRO
18119;880;244737;True;CRO
18120;880;280099;True;CRO
18121;880;281317;True;CRO
18122;880;302390;True;CRO
18123;880;302979;True;CRO
18124;884;1443;True;CRO
18125;885;1727;True;CRO
18126;884;2144;False;CRO
18127;885;2574;False;CRO
18128;884;3138;True;CRO
18129;885;3249;False;CRO
18130;884;3556;True;CRO
18131;884;4426;False;CRO
18132;885;5619;True;CRO
18133;884;5901;False;CRO
18134;884;7397;True;CRO
18135;885;10005;False;CRO
18136;884;11989;False;CRO
18137;884;13329;True;CRO
18138;885;14790;True;CRO
18139;884;15712;True;CRO
18140;885;17040;True;CRO
18141;885;18460;True;CRO
18142;884;30600;True;CRO
18143;884;36190;True;CRO
18144;885;39138;True;CRO
18145;884;39180;True;CRO
18146;885;40438;False;CRO
18147;884;49734;True;CRO
18148;884;50988;False;CRO
18149;884;51183;True;CRO
18150;884;52508;False;CRO
18151;885;52996;True;CRO
18152;885;54410;False;CRO
18153;885;54610;False;CRO
18154;884;67730;True;CRO
18155;885;68795;True;CRO
18156;884;80633;True;CRO
18157;884;83195;True;CRO
18158;885;83734;True;CRO
18159;885;85532;True;CRO
18160;884;102109;True;CRO
18161;884;103840;True;CRO
18162;885;105238;True;CRO
18163;885;106635;False;CRO
18164;884;117750;True;CRO
18165;885;120260;True;CRO
18166;884;123910;False;CRO
18167;884;125023;True;CRO
18168;885;126148;True;CRO
18169;885;127648;False;CRO
18170;885;129148;True;CRO
18171;884;131024;True;CRO
18172;884;132294;False;CRO
18173;884;132370;False;CRO
18174;884;133038;True;CRO
18175;885;133038;True;CRO
18176;6669;133070;True;CRO
18177;6669;133495;True;CRO
18178;884;133495;True;CRO
18179;885;133906;True;CRO
18180;885;135366;False;CRO
18181;884;139455;True;CRO
18182;885;140936;True;CRO
18183;885;142360;True;CRO
18184;884;146140;True;CRO
18185;884;147665;False;CRO
18186;885;150010;True;CRO
18187;885;151320;False;CRO
18188;884;156000;True;CRO
18189;885;156590;True;CRO
18190;884;157520;False;CRO
18191;885;158148;False;CRO
18192;884;158472;False;CRO
18193;885;159625;False;CRO
18194;884;159640;False;CRO
18195;884;160673;True;CRO
18196;885;161032;True;CRO
18197;884;161930;True;CRO
18198;6670;162258;True;CRO
18199;6668;162325;True;CRO
18200;1483;960;True;CRO
18201;1484;1016;True;CRO
18202;1484;1731;True;CRO
18203;1483;1864;True;CRO
18204;1483;2790;True;CRO
18205;1484;3242;True;CRO
18206;1483;3289;True;CRO
18207;1483;4005;True;CRO
18208;1484;4005;True;CRO
18209;6689;4333;True;CRO
18210;6690;4333;True;CRO
18211;6690;4681;True;CRO
18212;6689;4681;True;CRO
18213;887;173;True;CRO
18214;886;431;True;CRO
18215;888;543;True;CRO
18216;888;1460;True;CRO
18217;888;13208;True;CRO
18218;888;13390;False;CRO
18219;888;14091;True;CRO
18220;888;15415;True;CRO
18221;888;17317;True;CRO
18222;888;19471;True;CRO
18223;893;927;True;BLGV
18224;893;1027;True;BLGV
18225;892;1500;True;BLGV
18226;892;1600;True;BLGV
18227;893;9484;True;BLGV
18228;892;9509;True;BLGV
18229;892;15000;True;BLGV
18230;893;15000;True;BLGV
18231;892;15100;True;BLGV
18232;893;15100;True;BLGV
18233;894;3129;True;CRO
18234;6699;58752;True;CRO
18235;895;58824;True;CRO
18236;6698;58834;True;CRO
18237;896;58856;True;CRO
18238;895;59290;True;CRO
18239;6699;59418;True;CRO
18240;6698;59418;True;CRO
18241;896;59793;True;CRO
18242;896;60695;False;CRO
18243;896;60810;False;CRO
18244;895;68710;True;CRO
18245;895;78264;True;CRO
18246;896;81016;True;CRO
18247;895;84442;True;CRO
18248;895;91648;True;CRO
18249;895;93327;True;CRO
18250;896;93507;True;CRO
18251;895;95006;True;CRO
18252;896;95250;True;CRO
18253;896;95538;False;CRO
18254;896;96527;False;CRO
18255;895;98260;True;CRO
18256;896;101450;True;CRO
18257;895;105530;True;CRO
18258;895;106680;False;CRO
18259;895;108921;True;CRO
18260;900;37683;False;CRO
18261;900;39085;True;CRO
18262;900;39086;True;CRO
18263;899;52675;True;CRO
18264;899;54175;True;CRO
18265;899;55757;True;CRO
18266;900;55997;True;CRO
18267;900;57410;True;CRO
18268;900;58910;True;CRO
18269;899;65134;True;CRO
18270;899;66237;True;CRO
18271;903;628;True;CRO
18272;903;1875;False;CRO
18273;903;2025;False;CRO
18274;903;26595;True;CRO
18275;903;29697;True;CRO
18276;903;31421;False;CRO
18277;903;37269;True;CRO
18278;903;40211;True;CRO
18279;903;62874;True;CRO
18280;903;63215;False;CRO
18281;6707;64735;False;CRO
18282;903;64735;False;CRO
18283;903;65881;False;CRO
18284;6707;65882;False;CRO
18285;903;67111;False;CRO
18286;903;67343;True;CRO
18287;903;82478;False;CRO
18288;903;85510;False;CRO
18289;903;91630;True;CRO
18290;903;93048;True;CRO
18291;906;93584;True;CRO
18292;905;94200;False;CRO
18293;905;95090;True;CRO
18294;9387;95574;False;CRO
18295;9387;95672;True;CRO
18296;9386;95723;True;CRO
18297;9386;97021;False;CRO
18298;904;98904;True;CRO
18299;904;104962;True;CRO
18300;904;106123;False;CRO
18301;904;107021;False;CRO
18302;6708;107318;False;CRO
18303;904;107339;False;CRO
18304;6708;107531;False;CRO
18305;904;107540;False;CRO
18306;904;107902;False;CRO
18307;904;108805;True;CRO
18308;904;111290;True;CRO
18309;904;111999;False;CRO
18310;904;112881;True;CRO
18311;6706;113260;False;CRO
18312;904;113260;False;CRO
18313;6706;113993;True;CRO
18314;904;113993;True;CRO
18315;904;114162;True;CRO
18316;904;114413;False;CRO
18317;904;114485;False;CRO
18318;904;115274;True;CRO
18319;904;115376;False;CRO
18320;904;123927;True;CRO
18321;904;124092;False;CRO
18322;904;132339;True;CRO
18323;904;133488;False;CRO
18324;904;133584;False;CRO
18325;907;134424;False;CRO
18326;907;134474;True;CRO
18327;909;2265;True;BLGV
18328;910;2265;True;BLGV
18329;909;3881;True;CRO
18330;910;3901;True;CRO
18331;910;4328;False;CRO
18332;909;4328;False;CRO
18333;909;4365;True;BLGV
18334;910;4365;True;BLGV
18335;910;4465;True;BLGV
18336;909;4465;True;BLGV
18337;911;620;False;CRO
18338;911;676;False;CRO
18339;911;1165;True;CRO
18340;6710;2020;False;CRO
18341;6710;2060;False;CRO
18342;911;2294;True;CRO
18343;6710;2336;True;CRO
18344;913;1220;True;CRO
18345;914;1225;True;CRO
18346;913;1706;False;CRO
18347;913;1731;False;CRO
18348;914;1905;False;CRO
18349;914;1921;False;CRO
18350;6711;157;True;CRO
18351;918;157;True;CRO
18352;9377;164;True;CRO
18353;919;164;True;CRO
18354;918;440;True;CRO
18355;919;455;True;CRO
18356;918;1274;False;CRO
18357;919;1274;False;CRO
18358;918;1729;False;CRO
18359;919;1729;False;CRO
18360;918;1865;True;CRO
18361;919;1865;True;CRO
18362;917;2288;True;CRO
18363;917;2680;False;CRO
18364;917;2700;False;CRO
18365;917;3125;False;CRO
18366;917;3639;True;CRO
18367;917;3916;False;CRO
18368;6712;3916;False;CRO
18369;6712;4159;False;CRO
18370;917;4159;False;CRO
18371;917;4429;True;CRO
18372;917;5133;False;CRO
18373;917;5348;True;CRO
18374;6713;5592;False;CRO
18375;917;5592;False;CRO
18376;917;5805;False;CRO
18377;6713;5805;False;CRO
18378;917;6288;True;CRO
18379;917;6745;False;CRO
18380;917;7080;False;CRO
18381;917;7134;False;CRO
18382;917;8012;True;CRO
18383;917;8455;False;CRO
18384;9376;8455;False;CRO
18385;6714;8455;False;CRO
18386;917;8745;False;CRO
18387;6714;8745;False;CRO
18388;917;9020;True;CRO
18389;917;9235;False;CRO
18390;917;10255;False;CRO
18391;917;11164;False;CRO
18392;917;12090;False;CRO
18393;917;12745;False;CRO
18394;917;13736;True;CRO
18395;917;14510;False;CRO
18396;6715;14510;False;CRO
18397;917;14760;False;CRO
18398;6715;14760;False;CRO
18399;917;15370;True;CRO
18400;917;16290;False;CRO
18401;917;17126;False;CRO
18402;917;18020;True;CRO
18403;917;18741;False;CRO
18404;8724;18741;False;CRO
18405;8724;18869;False;CRO
18406;917;18869;False;CRO
18407;917;19593;True;CRO
18408;917;20502;True;CRO
18409;917;21095;False;CRO
18410;917;21516;False;CRO
18411;917;22337;True;CRO
18412;6716;22695;False;CRO
18413;917;22695;False;CRO
18414;917;23399;False;CRO
18415;917;23504;True;CRO
18416;917;25272;True;CRO
18417;917;25656;False;CRO
18418;921;424008;True;CRO
18419;920;424541;True;CRO
18420;921;426710;False;CRO
18421;921;428560;True;CRO
18422;920;433266;True;CRO
18423;920;434893;False;CRO
18424;921;436609;True;CRO
18425;920;437203;True;CRO
18426;921;438310;True;CRO
18427;921;439760;False;CRO
18428;920;447246;False;CRO
18429;921;448485;True;CRO
18430;920;448517;True;CRO
18431;920;449232;True;CRO
18432;921;449510;True;CRO
18433;921;451225;False;CRO
18434;920;452940;False;CRO
18435;920;454142;True;CRO
18436;921;457212;False;CRO
18437;921;458413;True;CRO
18438;920;459930;True;CRO
18439;920;461630;True;CRO
18440;921;462506;True;CRO
18441;921;463197;True;CRO
18442;920;463213;True;CRO
18443;921;464520;False;CRO
18444;920;469105;False;CRO
18445;921;469800;False;CRO
18446;920;470745;True;CRO
18447;921;471270;True;CRO
18448;920;477469;False;CRO
18449;920;479153;True;CRO
18450;921;479939;True;CRO
18451;920;481809;True;CRO
18452;921;482148;False;CRO
18453;920;484192;True;CRO
18454;921;484303;True;CRO
18455;921;485285;True;CRO
18456;920;485490;True;CRO
18457;921;486310;False;CRO
18458;921;486410;False;CRO
18459;920;486707;True;CRO
18460;921;488200;True;CRO
18461;920;488250;False;CRO
18462;920;490776;True;CRO
18463;921;490820;True;CRO
18464;920;492291;False;CRO
18465;921;492811;True;CRO
18466;920;493207;False;CRO
18467;920;494139;True;CRO
18468;921;494853;True;CRO
18469;920;494952;True;CRO
18470;920;495525;False;CRO
18471;920;495635;True;CRO
18472;921;495860;False;CRO
18473;6726;1957;True;CRO
18474;6731;67786;False;CRO
18475;6731;68328;False;CRO
18476;6732;93669;False;CRO
18477;6732;94195;False;CRO
18478;6733;111368;False;CRO
18479;6733;111958;True;CRO
18480;6734;117762;True;CRO
18481;6734;118318;False;CRO
18482;6735;127024;False;CRO
18483;926;356610;True;CRO
18484;925;359120;True;CRO
18485;926;359310;True;CRO
18486;925;362000;True;CRO
18487;926;362165;True;CRO
18488;925;364090;True;CRO
18489;925;364813;True;CRO
18490;6737;364828;True;CRO
18491;926;364848;True;CRO
18492;6736;364848;True;CRO
18493;925;365269;True;CRO
18494;6737;365275;True;CRO
18495;6736;365405;True;CRO
18496;926;365405;True;CRO
18497;929;366082;True;CRO
18498;928;366892;True;CRO
18499;929;367553;False;CRO
18500;929;369487;False;CRO
18501;928;369692;False;CRO
18502;929;371973;True;CRO
18503;928;372455;True;CRO
18504;929;374576;True;CRO
18505;928;375297;False;CRO
18506;929;377372;False;CRO
18507;928;378037;True;CRO
18508;929;380166;True;CRO
18509;928;380892;True;CRO
18510;929;382915;True;CRO
18511;928;383685;False;CRO
18512;929;385199;False;CRO
18513;928;386486;False;CRO
18514;929;387518;True;CRO
18515;928;389314;True;CRO
18516;929;390292;False;CRO
18517;928;392152;False;CRO
18518;929;392773;True;CRO
18519;928;394843;False;CRO
18520;929;395028;False;CRO
18521;929;396810;True;CRO
18522;928;397590;True;CRO
18523;929;399164;False;CRO
18524;928;399625;False;CRO
18525;928;401911;True;CRO
18526;929;401948;False;CRO
18527;928;404076;False;CRO
18528;929;404510;True;CRO
18529;929;405172;False;CRO
18530;928;405581;True;CRO
18531;929;405608;True;CRO
18532;937;355278;True;CRO
18533;934;356210;True;CRO
18534;937;356632;False;CRO
18535;934;359090;True;CRO
18536;937;359110;False;CRO
18537;937;360620;True;CRO
18538;934;367730;True;CRO
18539;937;367750;True;CRO
18540;934;369340;False;CRO
18541;937;369360;False;CRO
18542;934;375992;False;CRO
18543;937;376080;True;CRO
18544;934;376238;False;CRO
18545;934;377613;True;CRO
18546;6755;378245;True;CRO
18547;6755;378705;False;CRO
18548;938;403920;True;CRO
18549;935;405223;True;CRO
18550;6756;405260;True;CRO
18551;938;405324;True;CRO
18552;935;405613;False;CRO
18553;938;405640;False;CRO
18554;938;406364;True;CRO
18555;935;406606;True;CRO
18556;938;407275;False;CRO
18557;935;407290;False;CRO
18558;935;408230;False;CRO
18559;938;408410;False;CRO
18560;935;409741;False;CRO
18561;938;410370;False;CRO
18562;938;410810;True;CRO
18563;938;412010;False;CRO
18564;938;412060;False;CRO
18565;935;412209;True;CRO
18566;938;412580;True;CRO
18567;935;412580;False;CRO
18568;935;413163;True;CRO
18569;938;413163;False;CRO
18570;935;414618;False;CRO
18571;938;414618;True;CRO
18572;938;415437;True;CRO
18573;935;415437;True;CRO
18574;938;417066;True;CRO
18575;935;417066;True;CRO
18576;935;417330;False;CRO
18577;938;417330;False;CRO
18578;6752;417781;True;CRO
18579;6749;417781;True;CRO
18580;938;418010;True;CRO
18581;935;418010;True;CRO
18582;938;418390;False;CRO
18583;935;418390;False;CRO
18584;6752;418460;True;CRO
18585;6749;418460;True;CRO
18586;935;418958;False;CRO
18587;6776;418958;False;CRO
18588;938;418987;False;CRO
18589;6764;419053;False;CRO
18590;6762;419135;False;CRO
18591;6751;419159;False;CRO
18592;6757;419159;False;CRO
18593;6760;419159;False;CRO
18594;6764;419438;False;CRO
18595;6762;419438;False;CRO
18596;6760;419438;False;CRO
18597;6751;419456;False;CRO
18598;6757;419456;False;CRO
18599;938;419463;False;CRO
18600;6776;419463;False;CRO
18601;935;419466;False;CRO
18602;938;419796;False;CRO
18603;938;420537;True;CRO
18604;935;420537;True;CRO
18605;938;420842;False;CRO
18606;938;421313;False;CRO
18607;935;421990;True;CRO
18608;938;422647;True;CRO
18609;935;423912;False;CRO
18610;938;424608;False;CRO
18611;935;425994;False;CRO
18612;938;426458;True;CRO
18613;935;427501;True;CRO
18614;938;427756;False;CRO
18615;938;429213;False;CRO
18616;935;429960;True;CRO
18617;938;431410;True;CRO
18618;935;432415;False;CRO
18619;935;432700;False;CRO
18620;938;434010;False;CRO
18621;935;434903;False;CRO
18622;938;435550;True;CRO
18623;935;436667;True;CRO
18624;938;437078;True;CRO
18625;6758;437092;False;CRO
18626;6758;437345;True;CRO
18627;938;437374;False;CRO
18628;935;437446;False;CRO
18629;938;437730;False;CRO
18630;938;438760;False;CRO
18631;935;440010;True;CRO
18632;938;441075;False;CRO
18633;935;442210;False;CRO
18634;938;443820;True;CRO
18635;935;444590;True;CRO
18636;938;445977;False;CRO
18637;935;446980;False;CRO
18638;938;448540;False;CRO
18639;935;448987;False;CRO
18640;935;450993;True;CRO
18641;938;451360;True;CRO
18642;935;453420;True;CRO
18643;938;453474;True;CRO
18644;938;453828;False;CRO
18645;935;454095;False;CRO
18646;6754;454148;False;CRO
18647;935;454720;True;CRO
18648;938;455591;True;CRO
18649;938;456848;False;CRO
18650;935;457265;False;CRO
18651;935;461086;False;CRO
18652;935;461381;False;CRO
18653;938;463012;True;CRO
18654;935;463272;True;CRO
18655;938;464551;False;CRO
18656;935;469202;False;CRO
18657;938;470110;False;CRO
18658;935;470390;True;CRO
18659;938;471210;True;CRO
18660;935;476410;False;CRO
18661;935;476589;False;CRO
18662;938;477617;True;CRO
18663;935;477769;True;CRO
18664;938;478795;True;CRO
18665;935;478800;True;CRO
18666;6759;478819;True;CRO
18667;6767;488557;False;CRO
18668;6767;489147;False;CRO
18669;6769;520252;False;CRO
18670;6769;520751;False;CRO
18671;6771;567647;False;CRO
18672;6771;568244;False;CRO
18673;8683;586604;False;CRO
18674;8683;587192;False;CRO
18675;6750;606508;False;CRO
18676;6750;607115;False;CRO
18677;6750;607140;False;CRO
18678;6772;627037;False;CRO
18679;6773;639559;False;CRO
18680;6773;640105;False;CRO
18681;6774;646793;False;CRO
18682;6774;647136;False;CRO
18683;6775;660155;False;CRO
18684;6775;660875;False;CRO
18685;6761;674036;False;CRO
18686;936;674057;False;CRO
18687;939;674084;False;CRO
18688;6763;674098;False;CRO
18689;936;674244;False;CRO
18690;6761;674244;False;CRO
18691;939;674350;False;CRO
18692;936;674510;False;CRO
18693;6763;674513;False;CRO
18694;939;675060;True;CRO
18695;939;676160;False;CRO
18696;939;676373;False;CRO
18697;936;693990;True;CRO
18698;939;697650;True;CRO
18699;936;702072;True;CRO
18700;939;705948;True;CRO
18701;936;719830;True;CRO
18702;936;720935;True;CRO
18703;945;739;True;CRO
18704;9389;82090;True;CRO
18705;9389;82605;True;CRO
18706;9389;82854;True;CRO
18707;9389;83440;False;CRO
18708;9389;83490;False;CRO
18709;9389;83770;True;CRO
18710;946;110;True;CRO
18711;946;889;True;CRO
18712;947;375;True;CRO
18713;6810;52568;False;CRO
18714;6809;52670;False;CRO
18715;952;123574;False;CRO
18716;950;123574;False;CRO
18717;950;123862;False;CRO
18718;952;123862;False;CRO
18719;952;124190;True;CRO
18720;950;124362;True;CRO
18721;952;124914;False;CRO
18722;950;125423;False;CRO
18723;952;125579;False;CRO
18724;950;126740;False;CRO
18725;952;127295;False;CRO
18726;950;128390;False;CRO
18727;952;129157;True;CRO
18728;950;129860;False;CRO
18729;953;132930;False;CRO
18730;951;132930;False;CRO
18731;951;133794;False;CRO
18732;951;133847;False;CRO
18733;953;133880;False;CRO
18734;951;134760;False;CRO
18735;953;134840;False;CRO
18736;951;135346;False;CRO
18737;953;135767;False;CRO
18738;951;135860;True;CRO
18739;953;136912;False;CRO
18740;951;136918;False;CRO
18741;953;137127;True;CRO
18742;951;137140;False;CRO
18743;953;137660;False;CRO
18744;951;137670;True;CRO
18745;953;137676;False;CRO
18746;955;531113;True;CRO
18747;954;531384;True;CRO
18748;955;531964;False;CRO
18749;954;531994;False;CRO
18750;955;532148;False;CRO
18751;954;533496;False;CRO
18752;955;533527;False;CRO
18753;954;534526;True;CRO
18754;955;534743;True;CRO
18755;954;536175;True;CRO
18756;955;536524;False;CRO
18757;954;538547;True;CRO
18758;955;538984;False;CRO
18759;955;541460;True;CRO
18760;954;542732;False;CRO
18761;955;543992;False;CRO
18762;954;544938;True;CRO
18763;955;546374;True;CRO
18764;954;547193;False;CRO
18765;954;549606;False;CRO
18766;955;551160;True;CRO
18767;954;551797;True;CRO
18768;6822;552168;True;CRO
18769;6822;552914;False;CRO
18770;955;553188;True;CRO
18771;954;553305;True;CRO
18772;955;555418;False;CRO
18773;954;555727;False;CRO
18774;955;557689;True;CRO
18775;954;558100;True;CRO
18776;955;560025;False;CRO
18777;954;562886;False;CRO
18778;955;564838;False;CRO
18779;954;565010;False;CRO
18780;955;567011;True;CRO
18781;954;567227;True;CRO
18782;955;568886;False;CRO
18783;954;569267;False;CRO
18784;955;571545;False;CRO
18785;954;571750;False;CRO
18786;955;573657;True;CRO
18787;954;573860;True;CRO
18788;1488;574330;True;CRO
18789;1486;575040;True;CRO
18790;955;575553;True;CRO
18791;954;576193;True;CRO
18792;955;577144;False;CRO
18793;954;578723;False;CRO
18794;955;579428;False;CRO
18795;954;581414;True;CRO
18796;955;581869;True;CRO
18797;955;584096;False;CRO
18798;954;584124;False;CRO
18799;955;586246;False;CRO
18800;954;586879;False;CRO
18801;955;588351;False;CRO
18802;954;589271;False;CRO
18803;955;590982;True;CRO
18804;954;591681;True;CRO
18805;955;592799;False;CRO
18806;954;594033;False;CRO
18807;955;595308;False;CRO
18808;954;596705;False;CRO
18809;955;597543;True;CRO
18810;954;598888;True;CRO
18811;955;600238;False;CRO
18812;954;601564;False;CRO
18813;955;602537;True;CRO
18814;954;603558;True;CRO
18815;955;605096;True;CRO
18816;954;606132;False;CRO
18817;955;607043;True;CRO
18818;954;608216;True;CRO
18819;955;608741;False;CRO
18820;955;610622;False;CRO
18821;954;610830;False;CRO
18822;955;613060;True;CRO
18823;954;613291;True;CRO
18824;955;615484;True;CRO
18825;954;616070;True;CRO
18826;955;617909;False;CRO
18827;954;618181;False;CRO
18828;955;620105;True;CRO
18829;954;620980;True;CRO
18830;955;622860;False;CRO
18831;954;623195;False;CRO
18832;955;625210;True;CRO
18833;954;625794;True;CRO
18834;955;627369;False;CRO
18835;954;628090;False;CRO
18836;955;630010;False;CRO
18837;954;630857;False;CRO
18838;955;631970;True;CRO
18839;954;632209;True;CRO
18840;1487;633419;True;CRO
18841;955;634222;True;CRO
18842;954;634508;True;CRO
18843;955;635752;True;CRO
18844;954;636100;True;CRO
18845;955;637170;False;CRO
18846;954;638205;False;CRO
18847;955;639209;False;CRO
18848;954;640420;True;CRO
18849;955;640645;True;CRO
18850;954;642393;True;CRO
18851;955;642746;False;CRO
18852;954;644903;False;CRO
18853;955;645280;True;CRO
18854;954;647148;True;CRO
18855;955;647554;False;CRO
18856;954;649381;False;CRO
18857;955;649791;False;CRO
18858;954;651860;False;CRO
18859;955;652315;False;CRO
18860;954;654182;True;CRO
18861;955;654566;True;CRO
18862;954;656846;False;CRO
18863;955;656952;False;CRO
18864;954;659025;True;CRO
18865;955;659293;True;CRO
18866;955;661424;False;CRO
18867;954;661634;False;CRO
18868;955;663391;True;CRO
18869;954;663674;True;CRO
18870;955;665735;True;CRO
18871;954;665884;True;CRO
18872;954;667356;False;CRO
18873;955;667678;True;CRO
18874;954;668882;True;CRO
18875;955;669687;True;CRO
18876;954;671080;True;CRO
18877;955;672337;False;CRO
18878;954;673332;False;CRO
18879;955;674482;True;CRO
18880;954;675665;True;CRO
18881;955;677004;False;CRO
18882;954;678337;False;CRO
18883;955;679298;False;CRO
18884;954;681022;True;CRO
18885;955;681835;True;CRO
18886;954;683459;False;CRO
18887;955;683875;False;CRO
18888;954;685676;True;CRO
18889;955;685962;True;CRO
18890;1491;686740;True;CRO
18891;954;687766;True;CRO
18892;955;687850;True;CRO
18893;955;690079;False;CRO
18894;954;690344;False;CRO
18895;955;692539;True;CRO
18896;954;692838;True;CRO
18897;955;694923;False;CRO
18898;954;695318;False;CRO
18899;955;697282;True;CRO
18900;954;698035;True;CRO
18901;955;699664;False;CRO
18902;954;700526;False;CRO
18903;955;702133;True;CRO
18904;954;703244;True;CRO
18905;955;704290;False;CRO
18906;954;705684;False;CRO
18907;955;706406;False;CRO
18908;954;708440;True;CRO
18909;955;709166;True;CRO
18910;954;710812;False;CRO
18911;955;711094;False;CRO
18912;954;713315;False;CRO
18913;955;713513;True;CRO
18914;955;715560;False;CRO
18915;954;715754;True;CRO
18916;955;717525;True;CRO
18917;954;717982;False;CRO
18918;955;719687;False;CRO
18919;954;720597;True;CRO
18920;955;721879;True;CRO
18921;954;722680;True;CRO
18922;6820;722893;True;CRO
18923;6818;723640;True;CRO
18924;955;724116;True;CRO
18925;954;724607;True;CRO
18926;955;725726;True;CRO
18927;954;726581;False;CRO
18928;955;728088;False;CRO
18929;954;728746;False;CRO
18930;955;730635;True;CRO
18931;954;731141;True;CRO
18932;955;733014;False;CRO
18933;954;733609;False;CRO
18934;955;735483;False;CRO
18935;954;736079;True;CRO
18936;955;737904;True;CRO
18937;954;738347;False;CRO
18938;955;740256;False;CRO
18939;954;741054;False;CRO
18940;955;742778;True;CRO
18941;954;743000;True;CRO
18942;955;744501;True;CRO
18943;954;744770;True;CRO
18944;955;745370;True;CRO
18945;954;745848;True;CRO
18946;955;746216;False;CRO
18947;954;746660;False;CRO
18948;955;746922;True;CRO
18949;955;748506;False;CRO
18950;954;748660;False;CRO
18951;955;751223;True;CRO
18952;954;751440;True;CRO
18953;955;753581;True;CRO
18954;954;753875;True;CRO
18955;6821;754990;True;CRO
18956;6819;755290;True;CRO
18957;954;755841;True;CRO
18958;955;756260;True;CRO
18959;955;758456;False;CRO
18960;955;761077;True;CRO
18961;955;763160;False;CRO
18962;954;763276;True;CRO
18963;954;765900;True;CRO
18964;955;767590;True;CRO
18965;954;768293;True;CRO
18966;955;769725;True;CRO
18967;954;770490;False;CRO
18968;955;772207;False;CRO
18969;954;772423;False;CRO
18970;954;774135;True;CRO
18971;955;774251;True;CRO
18972;955;776430;False;CRO
18973;954;776440;False;CRO
18974;955;778528;True;CRO
18975;954;778879;True;CRO
18976;955;780760;True;CRO
18977;954;781124;False;CRO
18978;955;782404;False;CRO
18979;954;783289;True;CRO
18980;954;783482;False;CRO
18981;954;783515;False;CRO
18982;955;783804;True;CRO
18983;957;665733;True;CRO
18984;958;763438;True;CRO
18985;958;764205;True;CRO
18986;960;123;True;CRO
18987;961;525;True;CRO
18988;960;1059;True;CRO
18989;961;2329;True;CRO
18990;960;2690;True;CRO
18991;961;3981;True;CRO
18992;960;4787;True;CRO
18993;961;5757;False;CRO
18994;960;7190;False;CRO
18995;961;8185;False;CRO
18996;960;9474;True;CRO
18997;961;10587;True;CRO
18998;960;11420;False;CRO
18999;961;11610;False;CRO
19000;961;13310;False;CRO
19001;960;13792;False;CRO
19002;961;14843;False;CRO
19003;961;14985;True;CRO
19004;960;15332;True;CRO
19005;960;16320;True;CRO
19006;961;16322;True;CRO
19007;960;16953;False;CRO
19008;960;18017;False;CRO
19009;961;18160;False;CRO
19010;960;18660;False;CRO
19011;961;20385;False;CRO
19012;960;20399;False;CRO
19013;961;21674;False;CRO
19014;960;21871;True;CRO
19015;961;22036;True;CRO
19016;6938;22253;True;CRO
19017;960;22678;True;CRO
19018;961;22678;False;CRO
19019;961;23405;True;CRO
19020;961;24085;True;CRO
19021;960;24345;False;CRO
19022;6879;24636;True;CRO
19023;6870;24636;True;CRO
19024;960;25066;True;CRO
19025;961;25175;True;CRO
19026;960;25490;False;CRO
19027;960;25670;True;CRO
19028;961;26034;False;CRO
19029;960;26312;True;CRO
19030;961;26637;True;CRO
19031;961;26941;False;CRO
19032;8793;26949;False;CRO
19033;960;26965;False;CRO
19034;6884;27062;False;CRO
19035;6884;27218;True;CRO
19036;6869;27218;True;CRO
19037;8793;27376;True;CRO
19038;6884;27376;False;CRO
19039;960;27376;True;CRO
19040;961;27376;True;CRO
19041;961;27686;True;CRO
19042;960;27977;False;CRO
19043;960;28030;False;CRO
19044;960;28539;True;CRO
19045;960;28910;False;CRO
19046;961;28972;False;CRO
19047;960;29040;False;CRO
19048;961;29137;False;CRO
19049;961;29749;False;CRO
19050;960;30137;True;CRO
19051;961;30206;True;CRO
19052;961;30864;True;CRO
19053;960;30869;True;CRO
19054;960;31638;False;CRO
19055;961;31702;False;CRO
19056;960;32162;True;CRO
19057;961;32811;True;CRO
19058;960;33224;False;CRO
19059;960;33800;False;CRO
19060;961;34086;False;CRO
19061;961;35186;False;CRO
19062;961;35242;False;CRO
19063;960;36200;False;CRO
19064;960;36256;False;CRO
19065;960;37442;True;CRO
19066;961;37609;True;CRO
19067;960;38353;False;CRO
19068;961;39679;False;CRO
19069;961;40355;False;CRO
19070;960;40650;True;CRO
19071;961;40812;False;CRO
19072;960;41223;False;CRO
19073;960;42537;False;CRO
19074;961;42852;False;CRO
19075;960;43123;True;CRO
19076;960;44290;False;CRO
19077;960;44940;False;CRO
19078;961;44990;False;CRO
19079;961;45813;False;CRO
19080;961;47116;True;CRO
19081;960;47689;False;CRO
19082;960;48248;True;CRO
19083;961;49180;False;CRO
19084;960;50436;False;CRO
19085;961;51143;False;CRO
19086;961;51175;False;CRO
19087;960;52467;True;CRO
19088;961;52467;True;CRO
19089;961;52986;False;CRO
19090;6872;53156;True;CRO
19091;961;53276;False;CRO
19092;6872;53961;False;CRO
19093;960;53968;True;CRO
19094;961;54783;False;CRO
19095;6867;55076;True;CRO
19096;960;55556;False;CRO
19097;960;56160;True;CRO
19098;961;56339;True;CRO
19099;960;57282;False;CRO
19100;960;57817;False;CRO
19101;961;58773;False;CRO
19102;961;59214;False;CRO
19103;960;60312;True;CRO
19104;961;60480;True;CRO
19105;960;61108;False;CRO
19106;961;61131;False;CRO
19107;960;62261;False;CRO
19108;960;62833;False;CRO
19109;961;63500;False;CRO
19110;961;64045;False;CRO
19111;960;65263;True;CRO
19112;961;65263;True;CRO
19113;960;66056;True;CRO
19114;961;66056;True;CRO
19115;960;67188;False;CRO
19116;960;67703;False;CRO
19117;961;68226;False;CRO
19118;961;68514;False;CRO
19119;961;70005;True;CRO
19120;960;70078;False;CRO
19121;961;70600;False;CRO
19122;960;71066;True;CRO
19123;960;71780;False;CRO
19124;960;72187;False;CRO
19125;961;73010;False;CRO
19126;960;73492;False;CRO
19127;960;73811;False;CRO
19128;961;74993;False;CRO
19129;960;75174;False;CRO
19130;961;75174;False;CRO
19131;961;75356;False;CRO
19132;961;75901;False;CRO
19133;960;76260;True;CRO
19134;961;76295;True;CRO
19135;6880;76832;False;CRO
19136;6882;76833;False;CRO
19137;961;76833;False;CRO
19138;8784;76872;False;CRO
19139;8687;76989;False;CRO
19140;960;76989;False;CRO
19141;961;77262;True;CRO
19142;6882;77264;True;CRO
19143;6880;77285;True;CRO
19144;8784;77285;True;CRO
19145;960;77331;True;CRO
19146;8687;77387;True;CRO
19147;6874;77691;True;CRO
19148;960;77691;False;CRO
19149;961;77711;True;CRO
19150;960;77711;False;CRO
19151;961;78318;False;CRO
19152;960;78318;True;CRO
19153;960;78565;False;CRO
19154;960;78770;False;CRO
19155;6868;78870;False;CRO
19156;961;78948;True;CRO
19157;6874;79058;False;CRO
19158;961;79083;False;CRO
19159;960;79303;True;CRO
19160;961;79670;True;CRO
19161;961;81275;False;CRO
19162;960;81275;False;CRO
19163;960;81331;False;CRO
19164;961;81331;False;CRO
19165;960;83072;False;CRO
19166;961;83072;False;CRO
19167;961;83112;False;CRO
19168;960;83128;False;CRO
19169;960;85004;False;CRO
19170;961;85004;False;CRO
19171;961;85060;False;CRO
19172;960;85060;False;CRO
19173;960;86681;True;CRO
19174;960;87282;True;CRO
19175;961;87282;True;CRO
19176;961;87563;False;CRO
19177;960;88455;False;CRO
19178;961;88455;False;CRO
19179;960;88830;False;CRO
19180;961;88830;False;CRO
19181;961;89400;True;CRO
19182;960;89400;True;CRO
19183;960;91403;False;CRO
19184;961;91459;False;CRO
19185;960;91459;False;CRO
19186;961;91515;False;CRO
19187;961;93772;False;CRO
19188;960;93772;False;CRO
19189;961;93828;False;CRO
19190;960;93828;False;CRO
19191;960;95783;False;CRO
19192;961;95837;False;CRO
19193;960;95839;False;CRO
19194;961;95891;False;CRO
19195;961;97289;False;CRO
19196;961;97335;False;CRO
19197;960;97783;True;CRO
19198;961;97787;True;CRO
19199;960;98727;True;CRO
19200;961;98727;True;CRO
19201;960;99235;False;CRO
19202;961;99235;False;CRO
19203;961;99255;False;CRO
19204;961;100180;True;CRO
19205;960;100180;False;CRO
19206;961;100710;False;CRO
19207;960;100710;True;CRO
19208;961;100730;False;CRO
19209;961;101785;False;CRO
19210;960;101785;False;CRO
19211;961;101803;True;CRO
19212;960;101805;False;CRO
19213;960;102095;True;CRO
19214;961;102095;False;CRO
19215;960;103010;False;CRO
19216;961;103010;False;CRO
19217;961;103030;False;CRO
19218;960;103030;False;CRO
19219;960;103512;False;CRO
19220;961;103512;False;CRO
19221;960;104194;True;CRO
19222;6883;104194;True;CRO
19223;961;104194;True;CRO
19224;6881;104194;False;CRO
19225;6883;104676;False;CRO
19226;961;104676;False;CRO
19227;960;104676;False;CRO
19228;6881;104676;True;CRO
19229;960;104987;True;CRO
19230;960;105610;True;CRO
19231;961;105670;True;CRO
19232;960;105820;False;CRO
19233;962;101804;False;CRO
19234;962;102446;False;CRO
19235;965;67426;True;CRO
19236;9522;69247;True;CRO
19237;9522;70160;False;CRO
19238;967;746349;True;CRO
19239;970;4627;True;CRO
19240;970;6382;True;CRO
19241;970;20802;True;CRO
19242;970;21476;True;CRO
19243;970;22430;True;CRO
19244;970;25600;True;CRO
19245;970;38948;True;CRO
19246;970;39548;True;CRO
19247;970;44685;True;CRO
19248;973;281;True;CRO
19249;975;2135;True;CRO
19250;974;2706;True;CRO
19251;975;2907;True;CRO
19252;974;3573;True;CRO
19253;977;213;True;CRO
19254;976;708;True;CRO
19255;979;2905;True;CRO
19256;978;3819;True;CRO
19257;979;3845;True;CRO
19258;978;4929;True;CRO
19259;6986;112;False;CRO
19260;1547;112;False;CRO
19261;6986;193;False;CRO
19262;6969;193;True;CRO
19263;1547;193;False;CRO
19264;1522;193;True;CRO
19265;1522;537;True;CRO
19266;6969;634;True;CRO
19267;6986;692;True;CRO
19268;1547;693;True;CRO
19269;6969;734;False;CRO
19270;1522;790;False;CRO
19271;1522;1015;False;CRO
19272;1501;1050;True;CRO
19273;980;1074;True;CRO
19274;1526;1236;False;CRO
19275;1545;1300;False;CRO
19276;1520;1333;False;CRO
19277;1501;1603;False;CRO
19278;980;1603;False;CRO
19279;1501;2125;True;CRO
19280;980;2125;True;CRO
19281;1526;2269;True;CRO
19282;1545;2545;True;CRO
19283;1520;2682;True;CRO
19284;1501;2801;False;CRO
19285;980;2801;False;CRO
19286;1526;2922;False;CRO
19287;1545;3039;True;CRO
19288;1520;3504;True;CRO
19289;1501;3552;True;CRO
19290;980;3552;True;CRO
19291;1526;3572;True;CRO
19292;981;3572;True;CRO
19293;1545;3575;True;CRO
19294;1520;4176;False;CRO
19295;980;4176;False;CRO
19296;1501;4176;False;CRO
19297;1526;4508;False;CRO
19298;1545;4508;False;CRO
19299;981;4508;False;CRO
19300;1520;4956;False;CRO
19301;1501;4956;False;CRO
19302;980;4956;False;CRO
19303;1526;5344;False;CRO
19304;981;5344;False;CRO
19305;1545;5344;False;CRO
19306;980;5638;False;CRO
19307;1501;5638;False;CRO
19308;1520;5638;False;CRO
19309;1545;6019;False;CRO
19310;981;6021;False;CRO
19311;1526;6021;False;CRO
19312;1520;6328;False;CRO
19313;980;6362;False;CRO
19314;1501;6362;False;CRO
19315;980;6684;False;CRO
19316;981;6911;True;CRO
19317;1545;6911;False;CRO
19318;1526;6911;True;CRO
19319;1501;7063;True;CRO
19320;1520;7063;True;CRO
19321;980;7063;True;CRO
19322;980;7206;False;CRO
19323;1526;7549;True;CRO
19324;981;7549;False;CRO
19325;1545;7600;True;CRO
19326;6981;8403;True;CRO
19327;1545;8403;False;CRO
19328;980;8441;True;CRO
19329;1501;8441;True;CRO
19330;1545;8610;False;CRO
19331;1545;8905;True;CRO
19332;1501;8941;True;CRO
19333;1520;9130;False;CRO
19334;6991;9130;False;CRO
19335;981;9130;False;CRO
19336;1545;9271;True;CRO
19337;1501;9322;True;CRO
19338;1526;9322;True;CRO
19339;6982;9372;False;CRO
19340;1545;9775;False;CRO
19341;1501;9775;False;CRO
19342;1501;9829;False;CRO
19343;1545;9829;False;CRO
19344;1526;9829;False;CRO
19345;6982;9900;False;CRO
19346;6966;9900;False;CRO
19347;6982;9945;False;CRO
19348;6966;9945;False;CRO
19349;1545;9995;False;CRO
19350;1501;10285;False;CRO
19351;1545;10285;False;CRO
19352;1545;10339;False;CRO
19353;1526;10339;False;CRO
19354;1501;10339;False;CRO
19355;6964;10343;True;CRO
19356;6966;10401;False;CRO
19357;6982;10401;False;CRO
19358;1550;10760;True;CRO
19359;1520;10843;False;CRO
19360;1545;10936;False;CRO
19361;1501;10936;False;CRO
19362;1526;10990;False;CRO
19363;1545;10990;False;CRO
19364;1501;10991;False;CRO
19365;980;11430;True;CRO
19366;6964;11430;True;CRO
19367;1520;11430;True;CRO
19368;1501;11605;False;CRO
19369;1545;11605;False;CRO
19370;1526;11659;False;CRO
19371;1501;11659;False;CRO
19372;1545;11659;False;CRO
19373;6964;11867;False;CRO
19374;1520;12181;False;CRO
19375;1501;12231;False;CRO
19376;1545;12231;False;CRO
19377;1501;12251;False;CRO
19378;1526;12251;True;CRO
19379;1545;12251;False;CRO
19380;980;12452;False;CRO
19381;1501;12869;False;CRO
19382;1545;12869;False;CRO
19383;1501;12919;False;CRO
19384;1526;12923;False;CRO
19385;6964;12980;True;CRO
19386;1520;13017;True;CRO
19387;6976;13316;False;CRO
19388;1545;13519;False;CRO
19389;1526;13573;False;CRO
19390;980;13573;False;CRO
19391;1545;13573;False;CRO
19392;1501;13573;False;CRO
19393;1501;13724;True;CRO
19394;1520;13849;False;CRO
19395;1545;13925;True;CRO
19396;981;14011;False;CRO
19397;1526;14101;False;CRO
19398;7030;14163;False;CRO
19399;7003;14163;False;CRO
19400;1501;14313;False;CRO
19401;7030;14472;True;CRO
19402;7003;14472;True;CRO
19403;1501;14514;True;CRO
19404;980;14593;True;CRO
19405;1520;14602;True;CRO
19406;1526;14675;False;CRO
19407;1545;14677;False;CRO
19408;7025;14677;False;CRO
19409;981;14677;True;CRO
19410;1501;15397;True;CRO
19411;981;15417;True;CRO
19412;1526;15418;True;CRO
19413;1501;16143;False;CRO
19414;980;16227;False;CRO
19415;1526;16753;False;CRO
19416;981;16753;False;CRO
19417;980;17584;True;CRO
19418;1501;17584;True;CRO
19419;1526;17610;True;CRO
19420;981;17611;True;CRO
19421;981;18531;False;CRO
19422;980;18568;False;CRO
19423;1501;18611;False;CRO
19424;1526;18631;False;CRO
19425;1501;19445;False;CRO
19426;980;19445;False;CRO
19427;981;19465;False;CRO
19428;1526;19465;False;CRO
19429;1501;20115;False;CRO
19430;980;20115;False;CRO
19431;981;20135;False;CRO
19432;1526;20135;False;CRO
19433;1501;20650;False;CRO
19434;980;20705;False;CRO
19435;981;20907;False;CRO
19436;1526;20995;False;CRO
19437;980;21395;False;CRO
19438;1501;21395;False;CRO
19439;981;21795;False;CRO
19440;1526;21795;False;CRO
19441;1501;22584;True;CRO
19442;980;22584;True;CRO
19443;981;22604;True;CRO
19444;1526;22604;True;CRO
19445;981;23335;False;CRO
19446;1526;23335;False;CRO
19447;980;23832;False;CRO
19448;1501;23842;False;CRO
19449;981;24155;False;CRO
19450;1526;24155;False;CRO
19451;980;24360;False;CRO
19452;1501;24360;False;CRO
19453;981;24810;False;CRO
19454;1526;24810;True;CRO
19455;1501;25130;True;CRO
19456;980;25130;True;CRO
19457;1526;25620;False;CRO
19458;981;25620;True;CRO
19459;7004;25620;False;CRO
19460;7004;25959;True;CRO
19461;1501;25959;False;CRO
19462;980;26039;False;CRO
19463;981;26356;False;CRO
19464;1526;26405;True;CRO
19465;1501;26800;False;CRO
19466;980;26800;False;CRO
19467;980;27544;True;CRO
19468;1526;27569;True;CRO
19469;981;27569;True;CRO
19470;1501;27589;True;CRO
19471;1501;28455;False;CRO
19472;980;28590;True;CRO
19473;7183;28604;True;CRO
19474;1526;28700;True;CRO
19475;981;28702;False;CRO
19476;980;29050;False;CRO
19477;980;29916;True;CRO
19478;1501;29916;False;CRO
19479;981;30298;True;CRO
19480;1526;30300;True;CRO
19481;980;30625;True;CRO
19482;1501;30668;True;CRO
19483;1526;31200;False;CRO
19484;980;32002;False;CRO
19485;1501;32002;False;CRO
19486;1526;32022;False;CRO
19487;981;32022;False;CRO
19488;1501;33439;False;CRO
19489;980;33439;False;CRO
19490;1526;33459;False;CRO
19491;981;33459;False;CRO
19492;980;34883;False;CRO
19493;1501;34883;False;CRO
19494;1526;34903;False;CRO
19495;981;34903;False;CRO
19496;980;35736;False;CRO
19497;1501;35736;False;CRO
19498;1526;36208;False;CRO
19499;981;36208;False;CRO
19500;1501;36560;False;CRO
19501;980;36560;False;CRO
19502;980;37279;True;CRO
19503;1501;37279;True;CRO
19504;1526;37510;True;CRO
19505;981;37510;True;CRO
19506;980;37997;False;CRO
19507;1501;37997;False;CRO
19508;981;38145;False;CRO
19509;1526;38145;False;CRO
19510;980;39161;False;CRO
19511;1501;39161;False;CRO
19512;981;39181;False;CRO
19513;1526;39181;False;CRO
19514;980;39900;False;CRO
19515;1501;39900;False;CRO
19516;981;39920;False;CRO
19517;1526;39920;False;CRO
19518;980;40657;False;CRO
19519;1501;40657;False;CRO
19520;1526;41348;False;CRO
19521;981;41348;False;CRO
19522;980;41668;True;CRO
19523;1501;41673;True;CRO
19524;1526;42013;False;CRO
19525;981;42013;False;CRO
19526;1501;42685;False;CRO
19527;980;42685;False;CRO
19528;981;42992;True;CRO
19529;1526;42992;True;CRO
19530;1501;43250;True;CRO
19531;980;43250;True;CRO
19532;7005;43816;True;CRO
19533;1526;43903;True;CRO
19534;981;43903;True;CRO
19535;1501;44200;True;CRO
19536;980;44200;True;CRO
19537;7005;44237;True;CRO
19538;1526;44353;True;CRO
19539;1540;44475;False;CRO
19540;7005;44600;True;CRO
19541;981;44638;False;CRO
19542;981;44666;False;CRO
19543;981;45175;False;CRO
19544;1515;45199;True;CRO
19545;6970;45279;True;CRO
19546;981;45336;True;CRO
19547;980;45385;False;CRO
19548;1549;45406;True;CRO
19549;980;46220;True;CRO
19550;981;46220;True;CRO
19551;980;46953;False;CRO
19552;981;46953;False;CRO
19553;981;47011;False;CRO
19554;980;47388;False;CRO
19555;980;48679;False;CRO
19556;981;48691;False;CRO
19557;981;48749;False;CRO
19558;980;48749;False;CRO
19559;981;50227;True;CRO
19560;980;51083;True;CRO
19561;981;51630;False;CRO
19562;981;51688;False;CRO
19563;980;51691;False;CRO
19564;980;52641;False;CRO
19565;981;53345;False;CRO
19566;980;54292;False;CRO
19567;981;54296;False;CRO
19568;980;54350;False;CRO
19569;980;54715;False;CRO
19570;981;54715;False;CRO
19571;981;55057;False;CRO
19572;981;56066;True;CRO
19573;980;56070;True;CRO
19574;981;56743;True;CRO
19575;980;56743;True;CRO
19576;981;57702;False;CRO
19577;980;57739;False;CRO
19578;980;57822;False;CRO
19579;981;58483;False;CRO
19580;981;58541;False;CRO
19581;980;58785;False;CRO
19582;980;58847;False;CRO
19583;980;59753;False;CRO
19584;981;59796;False;CRO
19585;981;60784;False;CRO
19586;980;60784;False;CRO
19587;981;60842;False;CRO
19588;980;60842;False;CRO
19589;981;62253;False;CRO
19590;980;62253;False;CRO
19591;980;62311;False;CRO
19592;981;62311;False;CRO
19593;981;63027;False;CRO
19594;981;63666;False;CRO
19595;980;63666;True;CRO
19596;980;63945;False;CRO
19597;981;64154;True;CRO
19598;980;64154;True;CRO
19599;980;65058;False;CRO
19600;980;65166;False;CRO
19601;981;65916;True;CRO
19602;981;66307;False;CRO
19603;980;66354;False;CRO
19604;6962;66372;True;CRO
19605;980;66692;True;CRO
19606;981;66733;True;CRO
19607;980;67166;False;CRO
19608;981;67200;False;CRO
19609;981;67394;True;CRO
19610;981;68081;True;CRO
19611;980;68442;True;CRO
19612;981;69833;False;CRO
19613;980;70588;False;CRO
19614;981;71329;False;CRO
19615;980;72532;True;CRO
19616;981;72960;True;CRO
19617;980;74228;False;CRO
19618;981;74402;False;CRO
19619;980;76204;False;CRO
19620;981;76323;False;CRO
19621;980;76719;False;CRO
19622;980;76837;True;CRO
19623;6992;77042;False;CRO
19624;981;77753;True;CRO
19625;6992;77782;True;CRO
19626;980;77787;True;CRO
19627;6985;78227;False;CRO
19628;6967;78238;True;CRO
19629;1544;78310;False;CRO
19630;981;78310;True;CRO
19631;6967;78441;False;CRO
19632;6968;78756;False;CRO
19633;980;78774;True;CRO
19634;1519;78774;True;CRO
19635;6983;78880;True;CRO
19636;1544;79183;True;CRO
19637;981;79191;True;CRO
19638;1519;79704;False;CRO
19639;980;79753;False;CRO
19640;1519;80351;True;CRO
19641;980;80361;True;CRO
19642;981;80371;True;CRO
19643;1544;80371;True;CRO
19644;980;82244;False;CRO
19645;1519;82244;False;CRO
19646;981;82264;False;CRO
19647;1544;82264;False;CRO
19648;1519;83335;False;CRO
19649;981;83770;True;CRO
19650;1544;83770;True;CRO
19651;1519;84253;True;CRO
19652;980;84253;True;CRO
19653;980;84840;False;CRO
19654;1519;85090;False;CRO
19655;1544;85323;True;CRO
19656;981;85326;False;CRO
19657;1541;85326;False;CRO
19658;1541;86271;False;CRO
19659;1516;86275;False;CRO
19660;980;86275;True;CRO
19661;1519;86277;False;CRO
19662;1527;87069;True;CRO
19663;981;87069;True;CRO
19664;1502;88258;True;CRO
19665;980;88258;True;CRO
19666;981;88278;False;CRO
19667;1527;88278;False;CRO
19668;981;89096;False;CRO
19669;1527;89096;False;CRO
19670;1502;89656;False;CRO
19671;980;89656;False;CRO
19672;1527;90585;False;CRO
19673;981;90585;False;CRO
19674;980;91222;False;CRO
19675;1502;91222;False;CRO
19676;981;92175;True;CRO
19677;1527;92175;True;CRO
19678;980;92637;True;CRO
19679;1502;92637;True;CRO
19680;981;93829;False;CRO
19681;1527;93829;False;CRO
19682;1502;94115;False;CRO
19683;980;94115;False;CRO
19684;1502;95559;True;CRO
19685;980;95566;True;CRO
19686;981;95588;True;CRO
19687;1527;95588;True;CRO
19688;980;96982;False;CRO
19689;1502;96982;False;CRO
19690;981;97002;False;CRO
19691;1527;97002;False;CRO
19692;980;98602;False;CRO
19693;1502;98608;False;CRO
19694;1527;99044;False;CRO
19695;981;99044;False;CRO
19696;980;100034;False;CRO
19697;1502;100034;False;CRO
19698;1527;101075;False;CRO
19699;981;101075;False;CRO
19700;980;101450;False;CRO
19701;1502;101450;False;CRO
19702;1527;103042;True;CRO
19703;981;103042;True;CRO
19704;1502;103396;True;CRO
19705;980;103396;True;CRO
19706;1502;104880;False;CRO
19707;980;104880;False;CRO
19708;981;104900;False;CRO
19709;1527;104900;False;CRO
19710;1502;106507;False;CRO
19711;980;106507;False;CRO
19712;1527;106527;False;CRO
19713;981;106527;False;CRO
19714;980;107950;True;CRO
19715;1502;107950;True;CRO
19716;981;108526;False;CRO
19717;1527;108526;False;CRO
19718;1502;109684;False;CRO
19719;980;109684;False;CRO
19720;981;110252;True;CRO
19721;1527;110252;True;CRO
19722;980;111181;True;CRO
19723;1502;111181;True;CRO
19724;1527;111914;True;CRO
19725;981;111914;True;CRO
19726;1502;111932;True;CRO
19727;980;111932;True;CRO
19728;981;112380;False;CRO
19729;1527;112380;False;CRO
19730;980;112880;False;CRO
19731;1502;112880;True;CRO
19732;1527;112900;True;CRO
19733;981;113589;True;CRO
19734;1527;113589;True;CRO
19735;1502;114636;True;CRO
19736;980;114636;True;CRO
19737;1527;115080;False;CRO
19738;981;115103;False;CRO
19739;1502;116646;False;CRO
19740;980;116646;False;CRO
19741;1527;116653;False;CRO
19742;981;116666;False;CRO
19743;1527;118519;True;CRO
19744;1502;118521;True;CRO
19745;980;118521;True;CRO
19746;981;118541;True;CRO
19747;1527;120011;False;CRO
19748;981;120037;False;CRO
19749;1502;120435;False;CRO
19750;980;120435;False;CRO
19751;980;121894;False;CRO
19752;1502;121894;False;CRO
19753;1527;121914;False;CRO
19754;981;121914;False;CRO
19755;1502;123659;True;CRO
19756;980;123663;True;CRO
19757;1527;123663;True;CRO
19758;981;123683;True;CRO
19759;1502;125183;False;CRO
19760;980;125183;False;CRO
19761;1527;125194;False;CRO
19762;981;125202;False;CRO
19763;1527;126701;False;CRO
19764;981;126724;False;CRO
19765;1502;127109;False;CRO
19766;980;127109;False;CRO
19767;1527;128460;False;CRO
19768;980;128469;False;CRO
19769;1502;128469;False;CRO
19770;981;128489;False;CRO
19771;980;129994;True;CRO
19772;1527;129994;True;CRO
19773;1502;129994;True;CRO
19774;981;130014;True;CRO
19775;980;131558;False;CRO
19776;1502;131558;False;CRO
19777;1527;131562;False;CRO
19778;981;131578;False;CRO
19779;1527;133003;False;CRO
19780;981;133029;False;CRO
19781;1502;133440;False;CRO
19782;980;133440;False;CRO
19783;1527;134437;True;CRO
19784;981;134468;True;CRO
19785;980;134906;True;CRO
19786;1502;134906;True;CRO
19787;1527;136078;True;CRO
19788;981;136108;False;CRO
19789;1502;136961;False;CRO
19790;980;136961;False;CRO
19791;1527;138137;False;CRO
19792;981;138148;False;CRO
19793;1502;138939;False;CRO
19794;980;138940;False;CRO
19795;1527;140174;True;CRO
19796;981;140193;True;CRO
19797;1502;140828;True;CRO
19798;980;140828;True;CRO
19799;980;142239;False;CRO
19800;1502;142239;False;CRO
19801;1527;142250;False;CRO
19802;981;142259;False;CRO
19803;980;143641;False;CRO
19804;1502;143641;False;CRO
19805;1527;143651;False;CRO
19806;981;143661;False;CRO
19807;1502;144837;True;CRO
19808;980;144837;True;CRO
19809;1527;145305;True;CRO
19810;981;145310;True;CRO
19811;980;145692;True;CRO
19812;1502;145692;True;CRO
19813;1502;147040;False;CRO
19814;980;147040;False;CRO
19815;1527;147054;False;CRO
19816;981;147060;False;CRO
19817;1502;148424;False;CRO
19818;980;148424;False;CRO
19819;1527;148439;False;CRO
19820;981;148444;False;CRO
19821;1502;149845;True;CRO
19822;980;149845;True;CRO
19823;1527;149859;True;CRO
19824;981;149865;True;CRO
19825;1502;151266;False;CRO
19826;980;151266;False;CRO
19827;1527;151285;False;CRO
19828;981;151286;False;CRO
19829;980;152677;False;CRO
19830;1502;152677;False;CRO
19831;981;152697;True;CRO
19832;1527;152698;True;CRO
19833;1502;154109;True;CRO
19834;980;154109;True;CRO
19835;1527;154235;False;CRO
19836;981;154247;False;CRO
19837;1527;154678;True;CRO
19838;981;154683;True;CRO
19839;6972;154905;True;CRO
19840;6972;155071;True;CRO
19841;980;155076;True;CRO
19842;1502;155076;True;CRO
19843;1527;155609;True;CRO
19844;981;155625;True;CRO
19845;1527;156278;True;CRO
19846;981;156295;True;CRO
19847;1527;156918;True;CRO
19848;980;156925;True;CRO
19849;1502;156929;True;CRO
19850;1527;157528;True;CRO
19851;1502;157547;True;CRO
19852;981;157547;True;CRO
19853;980;158800;True;CRO
19854;1502;158809;True;CRO
19855;1527;159325;False;CRO
19856;1527;159383;False;CRO
19857;1502;159399;False;CRO
19858;981;159400;False;CRO
19859;980;160502;False;CRO
19860;1502;160510;False;CRO
19861;1527;161203;False;CRO
19862;981;161223;True;CRO
19863;1527;162178;True;CRO
19864;980;162193;True;CRO
19865;1502;162205;False;CRO
19866;1502;162263;False;CRO
19867;1527;163223;False;CRO
19868;981;163237;False;CRO
19869;980;164109;False;CRO
19870;1502;164115;True;CRO
19871;980;164379;False;CRO
19872;1527;164987;False;CRO
19873;980;165035;False;CRO
19874;1502;165043;False;CRO
19875;1527;165050;False;CRO
19876;981;165064;False;CRO
19877;1502;165101;False;CRO
19878;980;165856;True;CRO
19879;1502;165859;False;CRO
19880;1527;166914;False;CRO
19881;981;166926;True;CRO
19882;980;166951;False;CRO
19883;1502;166965;True;CRO
19884;1527;167722;True;CRO
19885;980;167731;True;CRO
19886;1502;167745;False;CRO
19887;1502;167800;False;CRO
19888;980;168720;False;CRO
19889;1502;168737;True;CRO
19890;1527;168737;False;CRO
19891;981;168761;False;CRO
19892;980;169515;False;CRO
19893;1502;169522;False;CRO
19894;1527;169525;False;CRO
19895;1527;170181;False;CRO
19896;981;170195;False;CRO
19897;980;170472;False;CRO
19898;1502;170481;True;CRO
19899;980;171381;False;CRO
19900;1502;171389;False;CRO
19901;1527;171818;False;CRO
19902;981;171826;False;CRO
19903;980;172376;True;CRO
19904;1502;172380;True;CRO
19905;1527;172625;True;CRO
19906;981;172631;True;CRO
19907;980;173245;False;CRO
19908;1502;173250;False;CRO
19909;981;173891;True;CRO
19910;980;174642;True;CRO
19911;981;174909;False;CRO
19912;981;175436;False;CRO
19913;980;176045;False;CRO
19914;981;176504;False;CRO
19915;980;177440;False;CRO
19916;981;178365;True;CRO
19917;980;178835;True;CRO
19918;981;179984;False;CRO
19919;980;180639;False;CRO
19920;981;181549;False;CRO
19921;980;182259;False;CRO
19922;980;183318;True;CRO
19923;981;183576;True;CRO
19924;980;184869;False;CRO
19925;981;185645;False;CRO
19926;980;186340;False;CRO
19927;981;187558;False;CRO
19928;980;187892;False;CRO
19929;980;189555;True;CRO
19930;981;189596;True;CRO
19931;980;191412;False;CRO
19932;981;191459;False;CRO
19933;980;192948;False;CRO
19934;981;193454;True;CRO
19935;980;194726;True;CRO
19936;981;195049;False;CRO
19937;7031;195060;True;CRO
19938;980;195822;False;CRO
19939;7006;195830;True;CRO
19940;981;196024;True;CRO
19941;980;196030;True;CRO
19942;980;196858;True;CRO
19943;981;197595;True;CRO
19944;980;197599;False;CRO
19945;980;198818;True;CRO
19946;981;199495;True;CRO
19947;980;199497;True;CRO
19948;980;200855;False;CRO
19949;981;200855;False;CRO
19950;981;201586;False;CRO
19951;980;201586;False;CRO
19952;981;202652;False;CRO
19953;980;202655;False;CRO
19954;981;203641;False;CRO
19955;980;203647;False;CRO
19956;981;204604;False;CRO
19957;980;204616;False;CRO
19958;981;204654;False;CRO
19959;980;204660;False;CRO
19960;980;205835;False;CRO
19961;981;205839;False;CRO
19962;981;207036;True;CRO
19963;980;207044;True;CRO
19964;981;207545;True;CRO
19965;980;207552;True;CRO
19966;981;208986;False;CRO
19967;980;209007;False;CRO
19968;981;209052;False;CRO
19969;980;209061;False;CRO
19970;981;210060;False;CRO
19971;980;210067;False;CRO
19972;981;210820;False;CRO
19973;980;210829;False;CRO
19974;981;212100;False;CRO
19975;980;212110;False;CRO
19976;981;212471;True;CRO
19977;980;212476;True;CRO
19978;981;212905;False;CRO
19979;980;212913;False;CRO
19980;7007;212920;True;CRO
19981;980;213662;False;CRO
19982;981;213681;False;CRO
19983;7007;213690;True;CRO
19984;981;214110;True;CRO
19985;980;214118;True;CRO
19986;981;215158;False;CRO
19987;980;215170;False;CRO
19988;981;215586;False;CRO
19989;980;215594;False;CRO
19990;981;216819;True;CRO
19991;980;216820;True;CRO
19992;981;217247;True;CRO
19993;980;217250;True;CRO
19994;981;218372;False;CRO
19995;980;218376;False;CRO
19996;981;218813;False;CRO
19997;980;218821;False;CRO
19998;981;219796;False;CRO
19999;980;219805;False;CRO
20000;981;220609;False;CRO
20001;980;220610;False;CRO
20002;981;221322;True;CRO
20003;980;221325;True;CRO
20004;981;222159;False;CRO
20005;980;222165;False;CRO
20006;981;222825;False;CRO
20007;980;222829;False;CRO
20008;981;223889;True;CRO
20009;980;223892;True;CRO
20010;981;224528;True;CRO
20011;7008;224539;True;CRO
20012;980;224568;True;CRO
20013;1503;224570;True;CRO
20014;981;225301;True;CRO
20015;7008;225307;True;CRO
20016;1503;225307;True;CRO
20017;980;225308;True;CRO
20018;981;225687;True;CRO
20019;980;225692;True;CRO
20020;981;226834;False;CRO
20021;980;226838;False;CRO
20022;981;227205;False;CRO
20023;980;227209;False;CRO
20024;981;228164;False;CRO
20025;980;228171;False;CRO
20026;981;228970;True;CRO
20027;980;228981;True;CRO
20028;981;230071;False;CRO
20029;980;230082;False;CRO
20030;981;230635;False;CRO
20031;980;230648;False;CRO
20032;981;231635;False;CRO
20033;980;231642;True;CRO
20034;981;231950;False;CRO
20035;980;231952;False;CRO
20036;7009;231957;False;CRO
20037;980;232735;False;CRO
20038;7009;232736;True;CRO
20039;981;232739;True;CRO
20040;980;233141;True;CRO
20041;981;233146;False;CRO
20042;7032;233155;True;CRO
20043;981;233923;False;CRO
20044;980;233923;False;CRO
20045;7032;233925;True;CRO
20046;981;234249;True;CRO
20047;980;234255;True;CRO
20048;980;234602;False;CRO
20049;980;235169;False;CRO
20050;980;235638;False;CRO
20051;981;235641;False;CRO
20052;980;235978;True;CRO
20053;981;235984;False;CRO
20054;981;237389;False;CRO
20055;980;237398;False;CRO
20056;981;237420;False;CRO
20057;980;237429;False;CRO
20058;981;237847;False;CRO
20059;981;238873;False;CRO
20060;980;238879;False;CRO
20061;981;238906;False;CRO
20062;980;238912;False;CRO
20063;981;240415;True;CRO
20064;980;240425;True;CRO
20065;981;240755;False;CRO
20066;980;240762;False;CRO
20067;981;241290;True;CRO
20068;980;241311;True;CRO
20069;981;242358;False;CRO
20070;980;242372;False;CRO
20071;981;242392;False;CRO
20072;980;242415;False;CRO
20073;981;243797;False;CRO
20074;980;243799;False;CRO
20075;981;243831;False;CRO
20076;980;243840;False;CRO
20077;981;245371;True;CRO
20078;980;245376;True;CRO
20079;981;245689;False;CRO
20080;980;245696;False;CRO
20081;7033;245708;False;CRO
20082;7010;245708;False;CRO
20083;981;246445;False;CRO
20084;980;246449;False;CRO
20085;7010;246450;False;CRO
20086;7033;246450;False;CRO
20087;980;246695;True;CRO
20088;981;246710;True;CRO
20089;981;247762;True;CRO
20090;980;247771;True;CRO
20091;981;248255;True;CRO
20092;980;248259;True;CRO
20093;981;249363;False;CRO
20094;980;249372;False;CRO
20095;981;250280;False;CRO
20096;980;250287;False;CRO
20097;981;250826;True;CRO
20098;980;250839;True;CRO
20099;981;252295;False;CRO
20100;980;252296;False;CRO
20101;981;252325;False;CRO
20102;980;252338;False;CRO
20103;981;254246;False;CRO
20104;980;254259;False;CRO
20105;981;254284;False;CRO
20106;980;254292;False;CRO
20107;980;254617;False;CRO
20108;981;255793;True;CRO
20109;980;255801;True;CRO
20110;981;255911;False;CRO
20111;980;255919;False;CRO
20112;1528;256665;True;CRO
20113;981;256665;True;CRO
20114;1504;257100;True;CRO
20115;980;257125;True;CRO
20116;1504;257532;True;CRO
20117;981;257731;True;CRO
20118;1528;257731;True;CRO
20119;1504;258268;True;CRO
20120;980;258268;True;CRO
20121;1504;258570;False;CRO
20122;1504;258879;True;CRO
20123;980;258879;True;CRO
20124;1528;258899;True;CRO
20125;981;258899;True;CRO
20126;981;259063;False;CRO
20127;980;260592;True;CRO
20128;1504;260592;False;CRO
20129;1528;260612;False;CRO
20130;981;260612;False;CRO
20131;1504;262305;False;CRO
20132;980;262305;False;CRO
20133;981;262325;False;CRO
20134;1528;262325;False;CRO
20135;980;263624;False;CRO
20136;1504;263624;False;CRO
20137;981;264339;True;CRO
20138;1528;264339;True;CRO
20139;1504;265007;True;CRO
20140;980;265007;True;CRO
20141;981;265900;False;CRO
20142;1528;265900;False;CRO
20143;1504;266257;False;CRO
20144;980;266257;False;CRO
20145;981;267347;False;CRO
20146;1528;267347;False;CRO
20147;980;267705;False;CRO
20148;1504;267705;False;CRO
20149;980;268865;False;CRO
20150;1504;268865;False;CRO
20151;981;268885;False;CRO
20152;1528;268885;False;CRO
20153;1504;270321;True;CRO
20154;980;270321;True;CRO
20155;981;270341;True;CRO
20156;1528;270341;True;CRO
20157;1504;271783;False;CRO
20158;980;271783;False;CRO
20159;981;271803;False;CRO
20160;1528;271803;False;CRO
20161;980;272843;False;CRO
20162;1504;272843;False;CRO
20163;1528;272894;False;CRO
20164;981;272894;False;CRO
20165;980;274181;False;CRO
20166;1504;274181;False;CRO
20167;981;274831;False;CRO
20168;1528;274831;False;CRO
20169;980;275238;False;CRO
20170;1504;275238;False;CRO
20171;1504;276345;True;CRO
20172;980;276345;True;CRO
20173;981;276365;True;CRO
20174;1528;276365;True;CRO
20175;1504;277704;False;CRO
20176;980;277704;False;CRO
20177;1528;277904;False;CRO
20178;981;277904;False;CRO
20179;1504;278761;False;CRO
20180;980;278761;False;CRO
20181;1528;279297;False;CRO
20182;981;279297;False;CRO
20183;1504;280053;False;CRO
20184;980;280053;False;CRO
20185;981;280832;True;CRO
20186;1528;280832;True;CRO
20187;980;281111;True;CRO
20188;1504;281111;True;CRO
20189;1528;282375;False;CRO
20190;981;282375;False;CRO
20191;980;282472;False;CRO
20192;1504;282472;False;CRO
20193;980;283508;False;CRO
20194;1504;283508;False;CRO
20195;981;283906;False;CRO
20196;1528;283906;False;CRO
20197;980;284567;False;CRO
20198;1504;284567;False;CRO
20199;1528;285401;True;CRO
20200;981;285401;False;CRO
20201;980;285847;False;CRO
20202;1504;285847;False;CRO
20203;980;286877;False;CRO
20204;981;287659;True;CRO
20205;1504;288012;True;CRO
20206;980;288013;True;CRO
20207;980;288382;True;CRO
20208;981;288382;True;CRO
20209;981;289737;False;CRO
20210;980;289737;False;CRO
20211;981;289757;False;CRO
20212;980;289757;False;CRO
20213;980;291494;False;CRO
20214;981;291494;False;CRO
20215;980;291514;False;CRO
20216;981;291514;False;CRO
20217;980;292515;False;CRO
20218;981;292515;False;CRO
20219;981;292535;False;CRO
20220;980;292535;False;CRO
20221;980;293188;False;CRO
20222;981;293188;False;CRO
20223;981;293208;False;CRO
20224;980;293208;False;CRO
20225;980;293747;True;CRO
20226;981;293747;True;CRO
20227;980;294770;True;CRO
20228;981;294770;True;CRO
20229;981;295014;False;CRO
20230;980;295014;False;CRO
20231;7011;295014;True;CRO
20232;981;295787;False;CRO
20233;980;295787;False;CRO
20234;7011;295787;True;CRO
20235;981;296059;True;CRO
20236;980;296059;True;CRO
20237;980;296944;False;CRO
20238;981;296944;False;CRO
20239;980;297759;True;CRO
20240;981;297759;True;CRO
20241;980;298479;True;CRO
20242;981;298479;True;CRO
20243;980;298779;False;CRO
20244;981;298779;False;CRO
20245;981;299341;False;CRO
20246;980;299341;False;CRO
20247;980;300008;False;CRO
20248;981;300008;False;CRO
20249;981;300527;False;CRO
20250;980;300527;False;CRO
20251;980;300838;False;CRO
20252;981;300838;False;CRO
20253;980;302136;False;CRO
20254;981;302136;False;CRO
20255;981;302748;False;CRO
20256;980;302748;False;CRO
20257;981;303253;True;CRO
20258;980;303253;True;CRO
20259;980;304190;False;CRO
20260;981;304190;False;CRO
20261;980;304493;False;CRO
20262;981;304493;False;CRO
20263;980;305207;False;CRO
20264;981;305207;False;CRO
20265;980;305592;False;CRO
20266;981;305592;False;CRO
20267;980;305752;False;CRO
20268;981;305752;False;CRO
20269;981;306479;False;CRO
20270;980;306479;False;CRO
20271;981;306926;True;CRO
20272;980;306926;True;CRO
20273;981;307554;True;CRO
20274;980;307554;True;CRO
20275;980;308105;True;CRO
20276;981;308110;True;CRO
20277;980;308374;False;CRO
20278;981;308374;False;CRO
20279;7012;308374;True;CRO
20280;981;309166;False;CRO
20281;980;309166;False;CRO
20282;7012;309166;True;CRO
20283;980;309568;True;CRO
20284;981;309568;True;CRO
20285;980;309948;False;CRO
20286;981;309948;False;CRO
20287;981;310673;False;CRO
20288;980;310673;False;CRO
20289;980;311032;False;CRO
20290;981;311032;False;CRO
20291;981;311591;False;CRO
20292;980;311591;False;CRO
20293;980;311611;False;CRO
20294;981;311611;False;CRO
20295;980;311855;False;CRO
20296;981;311855;False;CRO
20297;981;312522;False;CRO
20298;980;312522;False;CRO
20299;980;312728;True;CRO
20300;981;312728;True;CRO
20301;981;313095;True;CRO
20302;980;313095;True;CRO
20303;981;313315;False;CRO
20304;7078;313459;False;CRO
20305;981;313459;False;CRO
20306;7044;313495;False;CRO
20307;981;313495;False;CRO
20308;7078;313495;False;CRO
20309;980;313495;True;CRO
20310;7044;313568;True;CRO
20311;980;313568;False;CRO
20312;980;313761;True;CRO
20313;7070;313878;False;CRO
20314;981;313878;False;CRO
20315;7078;313878;False;CRO
20316;7074;313878;False;CRO
20317;7065;313878;False;CRO
20318;7052;313919;False;CRO
20319;7013;313919;True;CRO
20320;7058;313919;False;CRO
20321;7044;313919;False;CRO
20322;7052;314340;False;CRO
20323;7044;314340;False;CRO
20324;7074;314360;False;CRO
20325;7058;314360;False;CRO
20326;981;314360;True;CRO
20327;7078;314360;False;CRO
20328;7065;314360;False;CRO
20329;7070;314360;False;CRO
20330;980;314455;False;CRO
20331;7013;314455;False;CRO
20332;981;314729;False;CRO
20333;980;314729;False;CRO
20334;981;314749;False;CRO
20335;980;314764;False;CRO
20336;981;314997;False;CRO
20337;980;315298;True;CRO
20338;981;315298;True;CRO
20339;981;315624;True;CRO
20340;980;315829;False;CRO
20341;981;315829;False;CRO
20342;980;315849;False;CRO
20343;981;315849;False;CRO
20344;980;316066;True;CRO
20345;981;316686;True;CRO
20346;6965;317199;False;CRO
20347;981;317785;False;CRO
20348;6965;318465;True;CRO
20349;981;318923;False;CRO
20350;980;320231;True;CRO
20351;981;320418;False;CRO
20352;980;323231;False;CRO
20353;981;323360;True;CRO
20354;980;324544;True;CRO
20355;981;325031;True;CRO
20356;980;325401;True;CRO
20357;981;326027;True;CRO
20358;981;326460;False;CRO
20359;980;326520;True;CRO
20360;980;326907;False;CRO
20361;981;327875;False;CRO
20362;980;328574;False;CRO
20363;981;329334;False;CRO
20364;981;329436;False;CRO
20365;980;330103;True;CRO
20366;981;330524;True;CRO
20367;981;331962;True;CRO
20368;980;331985;True;CRO
20369;981;332722;False;CRO
20370;980;332836;False;CRO
20371;980;333991;False;CRO
20372;981;334376;False;CRO
20373;981;334877;False;CRO
20374;981;335499;True;CRO
20375;980;335610;True;CRO
20376;981;336130;False;CRO
20377;981;336505;True;CRO
20378;980;337049;True;CRO
20379;981;337976;True;CRO
20380;980;338150;True;CRO
20381;980;338572;False;CRO
20382;981;339433;False;CRO
20383;980;340126;False;CRO
20384;981;340523;False;CRO
20385;981;340690;False;CRO
20386;981;340859;False;CRO
20387;980;341619;True;CRO
20388;981;341890;False;CRO
20389;981;342368;True;CRO
20390;980;343165;True;CRO
20391;980;344010;False;CRO
20392;981;344221;True;CRO
20393;980;344929;False;CRO
20394;981;346111;False;CRO
20395;980;346706;False;CRO
20396;981;347807;False;CRO
20397;980;348251;True;CRO
20398;981;349090;False;CRO
20399;980;349297;False;CRO
20400;981;349751;False;CRO
20401;980;350316;True;CRO
20402;981;350375;True;CRO
20403;981;350943;True;CRO
20404;980;351361;False;CRO
20405;1505;351410;True;CRO
20406;980;351580;True;CRO
20407;981;352313;True;CRO
20408;980;352900;False;CRO
20409;981;353767;False;CRO
20410;980;354228;False;CRO
20411;981;355227;False;CRO
20412;980;355561;False;CRO
20413;981;356623;False;CRO
20414;981;356733;False;CRO
20415;980;357163;True;CRO
20416;981;357901;True;CRO
20417;981;358315;False;CRO
20418;980;358674;True;CRO
20419;980;359571;False;CRO
20420;980;360144;False;CRO
20421;981;360203;True;CRO
20422;980;361482;False;CRO
20423;981;361648;False;CRO
20424;981;361779;False;CRO
20425;980;362845;True;CRO
20426;981;362885;True;CRO
20427;980;363460;True;CRO
20428;981;363638;True;CRO
20429;980;364317;False;CRO
20430;6993;364350;True;CRO
20431;981;364370;False;CRO
20432;981;364890;False;CRO
20433;980;365080;False;CRO
20434;980;365797;True;CRO
20435;981;366100;False;CRO
20436;980;366516;False;CRO
20437;981;366516;True;CRO
20438;980;367245;True;CRO
20439;981;367245;False;CRO
20440;980;368196;False;CRO
20441;981;368634;False;CRO
20442;980;368882;False;CRO
20443;980;370032;False;CRO
20444;981;370514;True;CRO
20445;980;371565;True;CRO
20446;981;372390;False;CRO
20447;981;372450;False;CRO
20448;980;373107;False;CRO
20449;981;373996;False;CRO
20450;981;374054;False;CRO
20451;980;374420;False;CRO
20452;980;374478;False;CRO
20453;981;375761;False;CRO
20454;980;376020;False;CRO
20455;980;376132;False;CRO
20456;981;377412;False;CRO
20457;980;378030;True;CRO
20458;981;378918;False;CRO
20459;981;379430;True;CRO
20460;980;379764;False;CRO
20461;981;381070;False;CRO
20462;981;381127;False;CRO
20463;980;381398;True;CRO
20464;981;381875;True;CRO
20465;7045;381876;True;CRO
20466;7014;381876;True;CRO
20467;7053;381888;True;CRO
20468;7059;381970;True;CRO
20469;7066;381970;True;CRO
20470;980;382536;True;CRO
20471;7045;382560;False;CRO
20472;7053;382582;True;CRO
20473;981;383170;True;CRO
20474;980;383735;False;CRO
20475;981;384366;True;CRO
20476;980;384842;True;CRO
20477;981;385740;False;CRO
20478;980;387257;False;CRO
20479;980;387280;False;CRO
20480;981;388698;True;CRO
20481;980;389137;True;CRO
20482;981;390315;True;CRO
20483;980;390751;True;CRO
20484;981;392363;False;CRO
20485;980;392389;False;CRO
20486;980;393920;False;CRO
20487;981;394403;False;CRO
20488;980;395524;True;CRO
20489;981;396427;False;CRO
20490;980;397064;False;CRO
20491;981;398078;True;CRO
20492;980;398579;True;CRO
20493;981;399645;True;CRO
20494;980;400132;True;CRO
20495;981;401238;False;CRO
20496;980;401625;False;CRO
20497;980;402774;False;CRO
20498;980;403176;False;CRO
20499;981;404303;False;CRO
20500;980;404597;False;CRO
20501;981;405771;False;CRO
20502;980;406027;True;CRO
20503;980;407038;True;CRO
20504;981;407204;True;CRO
20505;980;407971;True;CRO
20506;981;408555;False;CRO
20507;980;408958;False;CRO
20508;980;409587;False;CRO
20509;981;409900;False;CRO
20510;980;411117;False;CRO
20511;981;411240;False;CRO
20512;981;412670;False;CRO
20513;980;412744;False;CRO
20514;981;414117;True;CRO
20515;980;414337;False;CRO
20516;981;415632;False;CRO
20517;980;415951;True;CRO
20518;981;417112;True;CRO
20519;980;417560;True;CRO
20520;980;418545;False;CRO
20521;981;418613;True;CRO
20522;980;419203;False;CRO
20523;981;420221;False;CRO
20524;980;420714;True;CRO
20525;981;420740;False;CRO
20526;981;421841;True;CRO
20527;980;422566;False;CRO
20528;981;423284;True;CRO
20529;980;424084;True;CRO
20530;981;424879;False;CRO
20531;980;425677;False;CRO
20532;981;426768;False;CRO
20533;980;427032;False;CRO
20534;981;427753;False;CRO
20535;980;428390;True;CRO
20536;981;428603;True;CRO
20537;981;430320;True;CRO
20538;980;430996;True;CRO
20539;980;431397;False;CRO
20540;981;432069;False;CRO
20541;980;432871;False;CRO
20542;981;434015;False;CRO
20543;980;434401;False;CRO
20544;981;435553;True;CRO
20545;980;435938;True;CRO
20546;981;437269;False;CRO
20547;980;437519;False;CRO
20548;980;437956;False;CRO
20549;981;438017;False;CRO
20550;980;438872;True;CRO
20551;981;438913;True;CRO
20552;7015;439662;True;CRO
20553;981;439688;True;CRO
20554;6998;439805;True;CRO
20555;980;439945;False;CRO
20556;7015;439969;False;CRO
20557;6998;440071;False;CRO
20558;980;440332;True;CRO
20559;7015;440372;False;CRO
20560;980;440442;False;CRO
20561;981;440685;True;CRO
20562;981;441353;True;CRO
20563;980;441876;True;CRO
20564;981;442740;True;CRO
20565;980;443314;False;CRO
20566;981;444532;True;CRO
20567;980;444730;False;CRO
20568;981;445747;True;CRO
20569;980;446199;True;CRO
20570;981;446370;False;CRO
20571;981;446912;False;CRO
20572;981;448035;False;CRO
20573;980;449384;True;CRO
20574;981;449495;True;CRO
20575;981;450634;True;CRO
20576;980;451255;True;CRO
20577;981;452062;True;CRO
20578;980;452785;False;CRO
20579;981;453495;False;CRO
20580;980;454383;False;CRO
20581;981;455053;False;CRO
20582;980;456010;False;CRO
20583;981;456827;True;CRO
20584;980;457901;True;CRO
20585;981;458788;False;CRO
20586;980;459681;False;CRO
20587;981;460739;False;CRO
20588;980;461214;False;CRO
20589;981;462476;True;CRO
20590;980;462778;True;CRO
20591;981;463781;True;CRO
20592;980;464857;True;CRO
20593;981;466472;False;CRO
20594;980;466866;False;CRO
20595;981;467980;False;CRO
20596;980;468990;False;CRO
20597;981;469343;True;CRO
20598;980;470862;True;CRO
20599;981;471338;False;CRO
20600;980;472862;False;CRO
20601;981;473350;False;CRO
20602;980;474744;False;CRO
20603;981;475291;True;CRO
20604;980;476628;True;CRO
20605;981;476924;True;CRO
20606;7034;476985;False;CRO
20607;7034;477517;True;CRO
20608;7016;477625;False;CRO
20609;980;477625;False;CRO
20610;980;478269;True;CRO
20611;981;478343;True;CRO
20612;981;479676;False;CRO
20613;980;480199;False;CRO
20614;981;481054;True;CRO
20615;980;482054;True;CRO
20616;981;482471;True;CRO
20617;981;483935;False;CRO
20618;980;484076;False;CRO
20619;981;485410;False;CRO
20620;980;486083;True;CRO
20621;981;486852;True;CRO
20622;980;487051;False;CRO
20623;980;488066;True;CRO
20624;1534;488296;True;CRO
20625;981;488376;False;CRO
20626;980;489057;False;CRO
20627;1534;489248;True;CRO
20628;1508;489328;True;CRO
20629;981;489822;True;CRO
20630;980;490034;True;CRO
20631;1534;490054;False;CRO
20632;1508;490430;False;CRO
20633;1534;490450;False;CRO
20634;981;490450;False;CRO
20635;1534;490695;True;CRO
20636;1534;490940;False;CRO
20637;981;491043;False;CRO
20638;1508;491109;False;CRO
20639;980;491114;False;CRO
20640;981;491585;True;CRO
20641;1534;491586;True;CRO
20642;980;492564;True;CRO
20643;1508;492566;True;CRO
20644;981;493073;False;CRO
20645;1534;493073;False;CRO
20646;980;493984;False;CRO
20647;1508;493984;False;CRO
20648;981;494768;False;CRO
20649;1534;494768;False;CRO
20650;980;495392;False;CRO
20651;1508;495392;False;CRO
20652;981;496334;True;CRO
20653;1534;496334;True;CRO
20654;980;496776;True;CRO
20655;1508;496776;True;CRO
20656;981;497645;False;CRO
20657;1534;497645;False;CRO
20658;1508;497827;False;CRO
20659;980;497834;False;CRO
20660;1508;497954;False;CRO
20661;980;497954;False;CRO
20662;980;498884;True;CRO
20663;981;499242;True;CRO
20664;1534;499244;True;CRO
20665;980;499545;False;CRO
20666;1508;499556;True;CRO
20667;981;499749;False;CRO
20668;980;501324;True;CRO
20669;981;501374;True;CRO
20670;981;501983;False;CRO
20671;981;502194;False;CRO
20672;980;503209;False;CRO
20673;981;503743;False;CRO
20674;980;504332;True;CRO
20675;981;504873;True;CRO
20676;980;505576;True;CRO
20677;981;506041;True;CRO
20678;1535;506041;True;CRO
20679;1509;506535;True;CRO
20680;980;506535;True;CRO
20681;1535;506535;True;CRO
20682;981;507094;True;CRO
20683;980;507094;True;CRO
20684;980;507869;False;CRO
20685;980;508166;False;CRO
20686;981;508166;False;CRO
20687;981;509033;True;CRO
20688;980;509085;True;CRO
20689;981;509415;False;CRO
20690;981;509435;False;CRO
20691;980;510313;False;CRO
20692;981;510342;False;CRO
20693;980;510396;True;CRO
20694;981;510411;True;CRO
20695;7017;510661;False;CRO
20696;7035;510695;False;CRO
20697;980;510699;False;CRO
20698;7060;510699;False;CRO
20699;8785;510699;False;CRO
20700;981;510699;False;CRO
20701;1521;510752;False;CRO
20702;1546;510761;False;CRO
20703;1536;510772;False;CRO
20704;1521;510772;False;CRO
20705;7075;510772;False;CRO
20706;1546;510991;False;CRO
20707;1536;511020;False;CRO
20708;1521;511028;False;CRO
20709;7075;511048;False;CRO
20710;7071;511068;False;CRO
20711;981;511070;False;CRO
20712;7060;511080;False;CRO
20713;980;511099;False;CRO
20714;8785;511102;False;CRO
20715;7035;511117;False;CRO
20716;7017;511146;False;CRO
20717;1546;511401;False;CRO
20718;1521;511401;False;CRO
20719;980;511401;False;CRO
20720;1536;511401;False;CRO
20721;981;511401;False;CRO
20722;981;511421;False;CRO
20723;1546;511421;False;CRO
20724;1536;511421;False;CRO
20725;1521;511421;False;CRO
20726;980;511421;False;CRO
20727;1546;511907;True;CRO
20728;1536;511954;True;CRO
20729;1521;511954;True;CRO
20730;1517;511958;True;CRO
20731;1510;512000;True;CRO
20732;1521;512055;False;CRO
20733;1536;512055;False;CRO
20734;1510;512208;False;CRO
20735;980;512208;True;CRO
20736;1546;512237;False;CRO
20737;1521;512269;True;CRO
20738;1517;512289;True;CRO
20739;1521;512897;False;CRO
20740;1536;512897;False;CRO
20741;1510;513341;True;CRO
20742;980;513341;True;CRO
20743;1521;513504;True;CRO
20744;980;513813;True;CRO
20745;1510;513984;True;CRO
20746;1510;514243;False;CRO
20747;1510;514249;False;CRO
20748;980;514249;False;CRO
20749;1546;514412;True;CRO
20750;1536;514424;True;CRO
20751;981;514424;True;CRO
20752;980;514670;True;CRO
20753;1510;514670;True;CRO
20754;1521;514815;False;CRO
20755;981;515026;False;CRO
20756;1546;515142;False;CRO
20757;1546;515296;False;CRO
20758;1546;515318;False;CRO
20759;981;515400;False;CRO
20760;1536;515400;True;CRO
20761;1510;515990;True;CRO
20762;980;515990;False;CRO
20763;1521;516002;False;CRO
20764;1536;516657;False;CRO
20765;981;516657;False;CRO
20766;1510;516918;True;CRO
20767;980;516918;True;CRO
20768;981;517580;True;CRO
20769;1536;517580;True;CRO
20770;980;518310;True;CRO
20771;1510;518310;True;CRO
20772;981;518330;False;CRO
20773;1536;518330;False;CRO
20774;980;519756;False;CRO
20775;1510;519756;False;CRO
20776;1536;519787;True;CRO
20777;981;519787;True;CRO
20778;1510;519848;False;CRO
20779;980;519848;False;CRO
20780;1536;521576;True;CRO
20781;981;521576;True;CRO
20782;980;521606;True;CRO
20783;1510;521606;True;CRO
20784;1525;521719;True;CRO
20785;1525;522570;True;CRO
20786;980;523140;False;CRO
20787;1510;523140;False;CRO
20788;981;523194;False;CRO
20789;1536;523194;False;CRO
20790;1525;523735;True;CRO
20791;1548;523965;True;CRO
20792;1510;524876;True;CRO
20793;980;524876;True;CRO
20794;1548;524880;True;CRO
20795;981;524896;True;CRO
20796;1536;524896;True;CRO
20797;1525;524916;True;CRO
20798;1548;525402;True;CRO
20799;1525;525862;True;CRO
20800;1510;525882;False;CRO
20801;980;525882;False;CRO
20802;981;526252;True;CRO
20803;1536;526252;True;CRO
20804;980;526746;True;CRO
20805;1510;526746;True;CRO
20806;981;526766;False;CRO
20807;1536;526766;False;CRO
20808;1510;528402;False;CRO
20809;980;528403;False;CRO
20810;981;528420;True;CRO
20811;1536;528420;True;CRO
20812;980;529809;True;CRO
20813;1510;529809;True;CRO
20814;981;530235;False;CRO
20815;1536;530235;True;CRO
20816;1510;531128;True;CRO
20817;980;531131;True;CRO
20818;1510;531250;False;CRO
20819;1536;531476;False;CRO
20820;981;531476;False;CRO
20821;980;532055;False;CRO
20822;1510;532055;False;CRO
20823;1536;532091;True;CRO
20824;981;532475;True;CRO
20825;980;533136;True;CRO
20826;981;533392;False;CRO
20827;981;533507;False;CRO
20828;981;534547;True;CRO
20829;980;534641;False;CRO
20830;981;536027;False;CRO
20831;980;536676;True;CRO
20832;981;537611;True;CRO
20833;981;539444;False;CRO
20834;980;540141;False;CRO
20835;981;540763;False;CRO
20836;980;541060;False;CRO
20837;981;542372;True;CRO
20838;980;542402;True;CRO
20839;7037;542545;False;CRO
20840;7061;542545;True;CRO
20841;981;542797;True;CRO
20842;7061;542834;True;CRO
20843;7019;542879;True;CRO
20844;980;542879;True;CRO
20845;1537;543500;False;CRO
20846;981;543615;False;CRO
20847;980;543870;True;CRO
20848;981;544730;False;CRO
20849;980;544870;False;CRO
20850;1511;544935;False;CRO
20851;981;545720;True;CRO
20852;980;546117;True;CRO
20853;981;547120;False;CRO
20854;980;547761;False;CRO
20855;981;548856;False;CRO
20856;980;549660;True;CRO
20857;981;550596;True;CRO
20858;980;551563;False;CRO
20859;981;552336;False;CRO
20860;980;552362;False;CRO
20861;980;553293;True;CRO
20862;981;554129;True;CRO
20863;980;554765;False;CRO
20864;981;555749;True;CRO
20865;981;555968;False;CRO
20866;980;556719;True;CRO
20867;981;557613;False;CRO
20868;980;558696;True;CRO
20869;981;559335;True;CRO
20870;980;560531;False;CRO
20871;981;561016;False;CRO
20872;980;562206;False;CRO
20873;981;562807;False;CRO
20874;980;563962;True;CRO
20875;981;564770;True;CRO
20876;980;565784;False;CRO
20877;981;566746;True;CRO
20878;980;567438;True;CRO
20879;981;567578;False;CRO
20880;981;568682;True;CRO
20881;980;568929;False;CRO
20882;980;570241;True;CRO
20883;981;570630;True;CRO
20884;980;571238;True;CRO
20885;9328;571372;True;CRO
20886;981;571554;True;CRO
20887;9327;571600;True;CRO
20888;7020;571600;True;CRO
20889;9328;572041;True;CRO
20890;980;572041;False;CRO
20891;7020;572116;False;CRO
20892;981;572667;True;CRO
20893;980;573630;True;CRO
20894;981;574073;False;CRO
20895;980;575246;False;CRO
20896;981;575722;False;CRO
20897;980;576741;False;CRO
20898;981;577660;True;CRO
20899;980;578500;True;CRO
20900;981;579276;False;CRO
20901;980;580286;False;CRO
20902;981;580965;False;CRO
20903;980;581795;False;CRO
20904;981;582493;True;CRO
20905;980;583477;True;CRO
20906;981;584074;True;CRO
20907;980;585118;True;CRO
20908;981;585751;True;CRO
20909;980;586527;False;CRO
20910;981;587283;False;CRO
20911;980;588062;False;CRO
20912;981;588705;False;CRO
20913;980;589988;False;CRO
20914;981;590647;False;CRO
20915;980;591452;True;CRO
20916;981;591997;True;CRO
20917;981;593297;False;CRO
20918;980;593414;False;CRO
20919;981;595061;False;CRO
20920;980;595332;False;CRO
20921;981;596993;False;CRO
20922;980;597195;False;CRO
20923;981;598597;True;CRO
20924;980;598708;True;CRO
20925;980;599546;False;CRO
20926;981;600169;True;CRO
20927;980;601162;True;CRO
20928;981;602062;False;CRO
20929;980;603045;False;CRO
20930;981;604045;False;CRO
20931;980;605004;False;CRO
20932;981;606053;False;CRO
20933;980;606940;True;CRO
20934;981;608070;True;CRO
20935;980;608364;False;CRO
20936;981;610063;False;CRO
20937;980;610267;False;CRO
20938;981;611678;False;CRO
20939;980;612132;True;CRO
20940;981;612968;False;CRO
20941;980;613520;False;CRO
20942;980;614290;False;CRO
20943;981;614338;True;CRO
20944;980;614890;True;CRO
20945;981;615162;False;CRO
20946;981;615206;False;CRO
20947;981;615770;False;CRO
20948;980;615770;False;CRO
20949;980;615790;False;CRO
20950;981;615790;False;CRO
20951;981;616579;True;CRO
20952;980;616579;True;CRO
20953;7021;616844;False;CRO
20954;981;616844;False;CRO
20955;7046;616870;False;CRO
20956;7054;616870;False;CRO
20957;8725;616903;False;CRO
20958;980;616994;False;CRO
20959;7067;616994;False;CRO
20960;7054;617278;True;CRO
20961;7046;617278;True;CRO
20962;7067;617338;True;CRO
20963;8725;617338;True;CRO
20964;981;617338;False;CRO
20965;980;617360;True;CRO
20966;981;617634;True;CRO
20967;7457;617634;True;CRO
20968;980;618307;True;CRO
20969;7457;618307;True;CRO
20970;981;618795;True;CRO
20971;981;619260;False;CRO
20972;980;619687;True;CRO
20973;981;620489;True;CRO
20974;980;620984;True;CRO
20975;1538;621544;False;CRO
20976;1538;622067;False;CRO
20977;981;622094;False;CRO
20978;980;622400;False;CRO
20979;1512;622518;False;CRO
20980;1538;622940;True;CRO
20981;1512;623544;True;CRO
20982;1538;623919;False;CRO
20983;980;623981;True;CRO
20984;981;624144;True;CRO
20985;1512;624538;True;CRO
20986;1538;624968;True;CRO
20987;980;625585;False;CRO
20988;1512;625585;False;CRO
20989;981;626048;True;CRO
20990;980;627568;True;CRO
20991;981;627608;False;CRO
20992;980;629565;False;CRO
20993;981;629609;False;CRO
20994;981;631176;False;CRO
20995;980;631375;False;CRO
20996;980;632545;True;CRO
20997;981;632605;True;CRO
20998;980;633621;True;CRO
20999;981;634051;True;CRO
21000;7038;634179;True;CRO
21001;7022;634179;True;CRO
21002;981;634453;False;CRO
21003;980;634558;False;CRO
21004;7022;634558;False;CRO
21005;7038;634558;False;CRO
21006;981;634870;True;CRO
21007;981;636038;True;CRO
21008;980;636245;True;CRO
21009;981;637170;False;CRO
21010;980;637737;False;CRO
21011;981;639180;False;CRO
21012;980;639636;False;CRO
21013;981;641197;True;CRO
21014;980;641471;True;CRO
21015;981;643180;False;CRO
21016;980;643260;False;CRO
21017;981;644961;False;CRO
21018;980;645109;False;CRO
21019;981;646682;True;CRO
21020;980;647056;True;CRO
21021;981;648519;False;CRO
21022;980;649015;False;CRO
21023;981;650494;False;CRO
21024;980;650789;False;CRO
21025;981;652067;True;CRO
21026;980;652662;True;CRO
21027;981;653975;False;CRO
21028;980;654520;False;CRO
21029;981;655773;False;CRO
21030;980;656330;False;CRO
21031;981;657539;False;CRO
21032;980;658136;False;CRO
21033;981;659448;True;CRO
21034;980;659990;True;CRO
21035;1513;660887;True;CRO
21036;981;661015;True;CRO
21037;980;661782;True;CRO
21038;981;661940;True;CRO
21039;980;663726;False;CRO
21040;981;664920;False;CRO
21041;980;665631;False;CRO
21042;981;666863;True;CRO
21043;980;667561;True;CRO
21044;981;668588;False;CRO
21045;980;668883;False;CRO
21046;980;669393;False;CRO
21047;981;670679;False;CRO
21048;980;671094;False;CRO
21049;981;672665;False;CRO
21050;980;673110;False;CRO
21051;981;674586;True;CRO
21052;980;674868;True;CRO
21053;981;676154;False;CRO
21054;980;676803;False;CRO
21055;981;678156;False;CRO
21056;980;678257;False;CRO
21057;980;680104;False;CRO
21058;981;680175;True;CRO
21059;980;681651;True;CRO
21060;1539;682345;False;CRO
21061;981;682427;True;CRO
21062;980;683151;True;CRO
21063;1514;683215;True;CRO
21064;981;683411;True;CRO
21065;981;683938;False;CRO
21066;980;685237;True;CRO
21067;981;685475;False;CRO
21068;981;687094;False;CRO
21069;980;687234;False;CRO
21070;980;688860;False;CRO
21071;981;688972;False;CRO
21072;980;689610;False;CRO
21073;980;690490;True;CRO
21074;981;690624;True;CRO
21075;981;692555;False;CRO
21076;980;692933;True;CRO
21077;981;694294;True;CRO
21078;980;694681;True;CRO
21079;981;694744;False;CRO
21080;981;696136;True;CRO
21081;980;696646;True;CRO
21082;981;698039;False;CRO
21083;980;698670;False;CRO
21084;981;699961;False;CRO
21085;980;700705;False;CRO
21086;981;701932;False;CRO
21087;980;702248;False;CRO
21088;981;703930;True;CRO
21089;980;704256;True;CRO
21090;981;705876;False;CRO
21091;980;706334;False;CRO
21092;981;707720;False;CRO
21093;980;708238;False;CRO
21094;981;709610;False;CRO
21095;980;710250;False;CRO
21096;981;711310;True;CRO
21097;980;712115;True;CRO
21098;6956;712641;False;CRO
21099;981;712798;True;CRO
21100;6956;713035;False;CRO
21101;6956;713614;True;CRO
21102;980;713650;True;CRO
21103;981;714321;False;CRO
21104;980;714617;False;CRO
21105;981;715552;True;CRO
21106;980;716357;True;CRO
21107;981;717400;False;CRO
21108;980;718334;False;CRO
21109;981;719281;True;CRO
21110;980;720357;True;CRO
21111;981;721243;False;CRO
21112;980;722103;False;CRO
21113;981;723226;False;CRO
21114;980;723834;False;CRO
21115;981;725175;True;CRO
21116;980;725586;True;CRO
21117;981;726775;False;CRO
21118;980;727444;False;CRO
21119;981;728392;False;CRO
21120;980;729410;False;CRO
21121;981;730126;True;CRO
21122;980;731200;False;CRO
21123;980;731430;True;CRO
21124;6978;731707;True;CRO
21125;981;731738;True;CRO
21126;981;733022;True;CRO
21127;980;733177;True;CRO
21128;981;734637;True;CRO
21129;980;734930;True;CRO
21130;981;736252;True;CRO
21131;980;736556;True;CRO
21132;981;737947;True;CRO
21133;980;738034;False;CRO
21134;980;738237;False;CRO
21135;980;739696;True;CRO
21136;981;739778;False;CRO
21137;980;740559;True;CRO
21138;981;740800;False;CRO
21139;6979;740810;True;CRO
21140;7047;741117;False;CRO
21141;980;741117;False;CRO
21142;7039;741117;False;CRO
21143;7023;741117;False;CRO
21144;981;741140;False;CRO
21145;6979;741235;False;CRO
21146;6979;741480;False;CRO
21147;6957;741480;True;CRO
21148;7062;741594;True;CRO
21149;980;741594;False;CRO
21150;7047;741594;True;CRO
21151;981;741594;True;CRO
21152;7039;741594;True;CRO
21153;7023;741594;True;CRO
21154;7055;741594;True;CRO
21155;7049;741825;False;CRO
21156;7049;742005;True;CRO
21157;981;742296;True;CRO
21158;7049;742966;True;CRO
21159;980;743407;False;CRO
21160;7049;743407;False;CRO
21161;981;743580;True;CRO
21162;981;743705;False;CRO
21163;7049;743980;False;CRO
21164;980;744154;True;CRO
21165;7049;744154;True;CRO
21166;981;744617;True;CRO
21167;980;744740;True;CRO
21168;981;744740;False;CRO
21169;980;746352;False;CRO
21170;981;746352;False;CRO
21171;981;746397;False;CRO
21172;980;746398;False;CRO
21173;981;748329;False;CRO
21174;980;748331;False;CRO
21175;981;748373;False;CRO
21176;980;748380;False;CRO
21177;981;750247;False;CRO
21178;980;750269;False;CRO
21179;981;750296;False;CRO
21180;980;750319;False;CRO
21181;981;752117;False;CRO
21182;981;752167;False;CRO
21183;980;752207;False;CRO
21184;980;752254;False;CRO
21185;980;754001;False;CRO
21186;980;754051;False;CRO
21187;981;754128;False;CRO
21188;981;754178;False;CRO
21189;981;755646;True;CRO
21190;980;755646;True;CRO
21191;980;756136;False;CRO
21192;981;756136;False;CRO
21193;981;757326;False;CRO
21194;980;757326;False;CRO
21195;980;757619;False;CRO
21196;981;757801;False;CRO
21197;981;758123;False;CRO
21198;980;758123;False;CRO
21199;980;759085;True;CRO
21200;981;759085;True;CRO
21201;980;759693;True;CRO
21202;980;760075;False;CRO
21203;981;760083;True;CRO
21204;980;760791;True;CRO
21205;981;761123;False;CRO
21206;981;761396;True;CRO
21207;981;762068;True;CRO
21208;981;763318;True;CRO
21209;980;763318;True;CRO
21210;981;764443;True;CRO
21211;980;765083;True;CRO
21212;981;765627;False;CRO
21213;981;766144;True;CRO
21214;980;766980;False;CRO
21215;981;767955;False;CRO
21216;980;768893;False;CRO
21217;981;770123;True;CRO
21218;980;770794;True;CRO
21219;981;772092;False;CRO
21220;980;772740;False;CRO
21221;981;774036;True;CRO
21222;980;774613;True;CRO
21223;980;775790;True;CRO
21224;6980;776054;False;CRO
21225;981;776054;True;CRO
21226;6958;776058;False;CRO
21227;980;776061;True;CRO
21228;981;776482;False;CRO
21229;6980;776482;True;CRO
21230;6958;776570;True;CRO
21231;980;776570;False;CRO
21232;981;776900;True;CRO
21233;981;777948;True;CRO
21234;980;778214;True;CRO
21235;981;779829;False;CRO
21236;980;780070;False;CRO
21237;981;781804;True;CRO
21238;980;781955;True;CRO
21239;981;783797;False;CRO
21240;980;783816;False;CRO
21241;980;785630;False;CRO
21242;981;785801;False;CRO
21243;980;787504;True;CRO
21244;981;787796;True;CRO
21245;980;789322;False;CRO
21246;981;789802;False;CRO
21247;980;791173;True;CRO
21248;981;791812;True;CRO
21249;980;793105;True;CRO
21250;981;793917;True;CRO
21251;980;794908;False;CRO
21252;981;795927;False;CRO
21253;980;796835;False;CRO
21254;981;797969;True;CRO
21255;980;798781;True;CRO
21256;981;799951;False;CRO
21257;980;800576;True;CRO
21258;981;801928;False;CRO
21259;980;802266;False;CRO
21260;981;803645;True;CRO
21261;980;803786;False;CRO
21262;980;804757;True;CRO
21263;7024;805225;False;CRO
21264;981;805250;False;CRO
21265;7024;805267;False;CRO
21266;7024;806169;True;CRO
21267;980;806170;False;CRO
21268;6975;806779;False;CRO
21269;981;806779;True;CRO
21270;6971;806824;False;CRO
21271;6988;806824;False;CRO
21272;6971;807307;True;CRO
21273;6988;807307;True;CRO
21274;980;807307;True;CRO
21275;6975;807505;True;CRO
21276;6975;807760;False;CRO
21277;981;807760;False;CRO
21278;6988;807923;True;CRO
21279;6971;807923;True;CRO
21280;980;808575;True;CRO
21281;7471;808575;True;CRO
21282;7041;808640;True;CRO
21283;981;808912;True;CRO
21284;7040;808957;True;CRO
21285;980;809302;True;CRO
21286;7040;809339;True;CRO
21287;981;809994;False;CRO
21288;980;809994;False;CRO
21289;980;810047;False;CRO
21290;981;810047;False;CRO
21291;980;810959;True;CRO
21292;981;810959;True;CRO
21293;981;811843;False;CRO
21294;980;812093;False;CRO
21295;981;812093;False;CRO
21296;981;813419;False;CRO
21297;980;813419;False;CRO
21298;981;814318;False;CRO
21299;980;814453;False;CRO
21300;981;814971;False;CRO
21301;980;815929;False;CRO
21302;980;816198;False;CRO
21303;981;816258;False;CRO
21304;981;816513;False;CRO
21305;980;816687;False;CRO
21306;981;816687;False;CRO
21307;981;817895;True;CRO
21308;980;817895;True;CRO
21309;981;818630;True;CRO
21310;980;818718;True;CRO
21311;981;819326;False;CRO
21312;980;819400;False;CRO
21313;981;819648;False;CRO
21314;981;820156;False;CRO
21315;980;821242;False;CRO
21316;980;821300;False;CRO
21317;981;821723;False;CRO
21318;981;821781;False;CRO
21319;980;822410;False;CRO
21320;980;823464;False;CRO
21321;981;823464;True;CRO
21322;981;823874;False;CRO
21323;980;823938;True;CRO
21324;981;825164;False;CRO
21325;980;825485;False;CRO
21326;981;825485;False;CRO
21327;980;825533;False;CRO
21328;981;826005;False;CRO
21329;981;826784;False;CRO
21330;980;827122;False;CRO
21331;981;827122;True;CRO
21332;980;827166;False;CRO
21333;6959;827809;True;CRO
21334;981;828373;True;CRO
21335;6959;828574;False;CRO
21336;980;828574;True;CRO
21337;6984;828769;False;CRO
21338;981;829394;False;CRO
21339;980;829605;True;CRO
21340;981;829636;True;CRO
21341;981;831403;False;CRO
21342;980;831600;False;CRO
21343;981;833005;False;CRO
21344;980;833332;False;CRO
21345;981;834760;True;CRO
21346;980;834923;True;CRO
21347;980;835930;True;CRO
21348;6960;835957;True;CRO
21349;981;836431;True;CRO
21350;980;837462;True;CRO
21351;981;838111;False;CRO
21352;980;839050;False;CRO
21353;981;839882;True;CRO
21354;980;840874;True;CRO
21355;7026;841513;False;CRO
21356;981;841527;True;CRO
21357;7026;842251;False;CRO
21358;980;842856;True;CRO
21359;981;843160;True;CRO
21360;980;844003;True;CRO
21361;6961;844005;True;CRO
21362;981;844021;False;CRO
21363;980;844787;True;CRO
21364;981;844912;True;CRO
21365;981;845230;False;CRO
21366;981;846570;False;CRO
21367;980;846650;False;CRO
21368;981;846670;False;CRO
21369;980;846670;False;CRO
21370;981;848181;False;CRO
21371;980;848280;False;CRO
21372;981;848300;False;CRO
21373;980;848466;False;CRO
21374;980;849904;False;CRO
21375;981;849908;False;CRO
21376;980;849956;False;CRO
21377;981;849962;False;CRO
21378;980;850563;True;CRO
21379;981;850993;True;CRO
21380;981;851569;False;CRO
21381;980;851617;False;CRO
21382;981;851739;True;CRO
21383;980;851828;True;CRO
21384;7463;852084;True;CRO
21385;981;852128;True;CRO
21386;7464;852129;True;CRO
21387;980;852299;True;CRO
21388;7463;852529;True;CRO
21389;981;852991;True;CRO
21390;980;853140;True;CRO
21391;981;853140;False;CRO
21392;981;853296;False;CRO
21393;980;853296;False;CRO
21394;981;853560;False;CRO
21395;981;854195;False;CRO
21396;981;854241;False;CRO
21397;980;854435;False;CRO
21398;980;854485;False;CRO
21399;980;855484;True;CRO
21400;981;855484;True;CRO
21401;981;855699;False;CRO
21402;980;855699;False;CRO
21403;981;855719;False;CRO
21404;980;855719;False;CRO
21405;980;856173;False;CRO
21406;980;856623;True;CRO
21407;981;856623;True;CRO
21408;980;857216;True;CRO
21409;981;857216;True;CRO
21410;981;857903;False;CRO
21411;980;857903;False;CRO
21412;981;858124;False;CRO
21413;980;858124;False;CRO
21414;980;858144;False;CRO
21415;981;858144;False;CRO
21416;981;858722;False;CRO
21417;980;858722;False;CRO
21418;981;859361;False;CRO
21419;980;859361;False;CRO
21420;980;859461;True;CRO
21421;981;859461;False;CRO
21422;8691;859754;True;CRO
21423;980;859754;True;CRO
21424;981;859754;True;CRO
21425;8691;859951;False;CRO
21426;981;860093;True;CRO
21427;980;860093;True;CRO
21428;980;860487;False;CRO
21429;7064;860487;True;CRO
21430;8691;860494;False;CRO
21431;981;860494;False;CRO
21432;8691;860627;False;CRO
21433;7064;860834;False;CRO
21434;981;860834;False;CRO
21435;980;860834;False;CRO
21436;7064;860854;False;CRO
21437;980;860854;False;CRO
21438;981;860854;False;CRO
21439;980;861078;True;CRO
21440;981;861078;True;CRO
21441;8691;861094;True;CRO
21442;8691;861295;False;CRO
21443;980;861295;False;CRO
21444;981;861295;False;CRO
21445;980;861315;False;CRO
21446;981;861315;False;CRO
21447;7068;861612;True;CRO
21448;981;861647;True;CRO
21449;7056;861647;True;CRO
21450;7072;861647;True;CRO
21451;980;861647;True;CRO
21452;7063;861647;True;CRO
21453;7076;861647;True;CRO
21454;7458;861766;True;CRO
21455;7462;861820;True;CRO
21456;7460;861820;True;CRO
21457;8698;861820;True;CRO
21458;1553;170182;True;CRO
21459;1553;170868;True;CRO
21460;984;235;True;CRO
21461;984;804;True;CRO
21462;1555;364;True;CRO
21463;1555;968;True;CRO
21464;1554;1016;True;CRO
21465;7476;121;True;CRO
21466;7476;595;True;CRO
21467;985;595;True;CRO
21468;987;615;False;CRO
21469;9516;635405;False;CRO
21470;989;762043;True;CRO
21471;988;762232;True;CRO
21472;991;245;True;CRO
21473;990;574;True;CRO
21474;991;927;True;CRO
21475;8599;809725;True;CRO
21476;993;512723;True;CRO
21477;992;512760;True;CRO
21478;992;513030;True;CRO
21479;993;513281;True;CRO
21480;8703;752;True;CRO
21481;1556;826;True;CRO
21482;1560;1241;True;CRO
21483;1556;1385;True;CRO
21484;1558;1989;True;CRO
21485;1556;1989;True;CRO
21486;1560;2429;False;CRO
21487;1556;2495;False;CRO
21488;1556;2543;False;CRO
21489;1560;2543;False;CRO
21490;1556;3016;False;CRO
21491;1558;3102;False;CRO
21492;8702;3290;True;CRO
21493;8704;3290;False;CRO
21494;8708;3452;False;CRO
21495;1560;3452;False;CRO
21496;8701;3651;False;CRO
21497;1556;3680;True;CRO
21498;8704;3774;False;CRO
21499;8701;3774;False;CRO
21500;1556;4053;True;CRO
21501;8704;4061;True;CRO
21502;1558;4354;False;CRO
21503;8708;4397;False;CRO
21504;1560;4397;False;CRO
21505;8704;4670;False;CRO
21506;1556;4811;False;CRO
21507;1558;5006;True;CRO
21508;8704;5204;False;CRO
21509;1560;5423;True;CRO
21510;8704;5928;True;CRO
21511;1556;5928;True;CRO
21512;1558;6112;True;CRO
21513;1557;315829;False;CRO
21514;1557;315849;False;CRO
21515;1557;317280;True;CRO
21516;1561;317724;True;CRO
21517;1561;318355;True;CRO
21518;1557;318429;True;CRO
21519;1559;318435;True;CRO
21520;994;119618;False;CRO
21521;994;119948;False;CRO
21522;994;120046;False;CRO
21523;994;122036;True;CRO
21524;995;170025;True;CRO
21525;995;171110;True;CRO
21526;995;220385;True;CRO
21527;996;314;True;CRO
21528;996;620;False;CRO
21529;997;685;True;CRO
21530;996;835;True;BLGV
21531;996;935;True;BLGV
21532;997;1032;True;CRO
21533;996;1460;False;CRO
21534;996;1593;True;CRO
21535;8458;10000;True;BLGV
21536;8459;10000;True;BLGV
21537;8458;20000;True;BLGV
21538;8459;20000;True;BLGV
21539;9766;1470;True;CRO
21540;8445;1796;True;CRO
21541;8445;2600;False;CRO
21542;9766;2745;False;CRO
21543;8445;2910;True;CRO
21544;998;170070;True;CRO
21545;998;171125;True;CRO
21546;998;304836;True;CRO
21547;8734;305221;True;CRO
21548;8732;306210;True;CRO
21549;1000;67;False;CRO
21550;1000;325;True;CRO
21551;1001;347068;True;CRO
21552;1002;348103;True;CRO
21553;1001;348328;False;CRO
21554;1002;349275;False;CRO
21555;1001;349864;True;CRO
21556;1002;350527;False;CRO
21557;1001;351401;False;CRO
21558;1002;352148;False;CRO
21559;1001;352794;False;CRO
21560;1002;353707;True;CRO
21561;1001;354214;True;CRO
21562;1002;355220;False;CRO
21563;1001;356153;False;CRO
21564;1002;356775;False;CRO
21565;1001;357520;False;CRO
21566;1002;358597;False;CRO
21567;1001;359291;False;CRO
21568;1002;360358;True;CRO
21569;1001;360872;True;CRO
21570;1002;362025;False;CRO
21571;1001;362785;False;CRO
21572;1002;363688;False;CRO
21573;1001;364722;False;CRO
21574;1002;365379;False;CRO
21575;1001;366184;True;CRO
21576;1002;366989;True;CRO
21577;1001;368329;True;CRO
21578;1002;368659;True;CRO
21579;1001;370187;False;CRO
21580;1002;371002;False;CRO
21581;1001;371977;False;CRO
21582;1002;373553;True;CRO
21583;1001;374740;True;CRO
21584;1002;376160;False;CRO
21585;1001;377366;False;CRO
21586;1002;378625;True;CRO
21587;1001;380012;True;CRO
21588;1002;381434;False;CRO
21589;1001;382643;False;CRO
21590;1002;384203;False;CRO
21591;1001;385427;False;CRO
21592;1002;386859;True;CRO
21593;1001;387840;False;CRO
21594;1001;388042;True;CRO
21595;1002;388773;True;CRO
21596;1001;389220;True;CRO
21597;1001;389464;False;CRO
21598;1002;389642;True;CRO
21599;1001;390191;True;CRO
21600;8537;389638;True;CRO
21601;8536;390165;True;CRO
21602;1004;308275;True;CRO
21603;1007;318425;True;CRO
21604;1006;318705;True;CRO
21605;1007;319210;True;CRO
21606;1006;319765;True;CRO
21607;1007;319810;False;CRO
21608;1007;320437;False;CRO
21609;1006;320943;False;CRO
21610;1007;321676;True;CRO
21611;1006;322420;True;CRO
21612;1007;323090;False;CRO
21613;1006;323738;True;CRO
21614;1007;324590;True;CRO
21615;1006;324840;True;CRO
21616;1007;326445;False;CRO
21617;1006;326743;False;CRO
21618;1007;327429;False;CRO
21619;1006;328090;False;CRO
21620;1007;329107;False;CRO
21621;1006;329794;False;CRO
21622;1007;330926;False;CRO
21623;1006;331487;True;CRO
21624;1007;332909;True;CRO
21625;1006;333488;True;CRO
21626;1007;334619;True;CRO
21627;1006;335094;False;CRO
21628;1007;336361;False;CRO
21629;1006;336888;False;CRO
21630;1007;338110;False;CRO
21631;1006;338795;False;CRO
21632;1007;339906;True;CRO
21633;1006;340559;True;CRO
21634;1007;341625;False;CRO
21635;1006;342186;False;CRO
21636;1007;343511;False;CRO
21637;1006;344087;False;CRO
21638;1007;345209;True;CRO
21639;1006;345864;True;CRO
21640;1007;346694;True;CRO
21641;1019;314729;True;CRO
21642;1015;314729;True;CRO
21643;1019;314997;True;CRO
21644;1019;315298;False;CRO
21645;1015;315298;True;CRO
21646;1019;315829;False;CRO
21647;1015;315830;False;CRO
21648;1019;315849;False;CRO
21649;1015;315849;False;CRO
21650;1019;316450;True;CRO
21651;1015;316475;True;CRO
21652;1015;316937;False;CRO
21653;1019;317500;False;CRO
21654;1019;317955;True;CRO
21655;1015;318045;True;CRO
21656;1019;318590;True;CRO
21657;1015;318990;True;CRO
21658;1019;318990;True;CRO
21659;1019;319205;False;CRO
21660;1015;319832;True;CRO
21661;1019;319832;True;CRO
21662;1015;321190;False;CRO
21663;1015;321232;False;CRO
21664;1019;321232;False;CRO
21665;1019;323220;False;CRO
21666;1015;323419;False;CRO
21667;1019;324175;False;CRO
21668;1019;325470;False;CRO
21669;1015;325488;False;CRO
21670;1019;325526;False;CRO
21671;1015;327698;True;CRO
21672;1019;327746;True;CRO
21673;1015;327896;False;CRO
21674;1015;329978;False;CRO
21675;1019;330008;False;CRO
21676;1015;331595;True;CRO
21677;1019;331595;True;CRO
21678;1019;331753;False;CRO
21679;1015;332802;False;CRO
21680;1019;332874;True;CRO
21681;1019;333276;True;CRO
21682;1015;333280;True;CRO
21683;1015;334530;False;CRO
21684;1019;334530;True;CRO
21685;1015;335231;False;CRO
21686;1019;336419;False;CRO
21687;1015;337801;True;CRO
21688;1019;338410;False;CRO
21689;1019;339582;True;CRO
21690;1015;339970;True;CRO
21691;1019;340397;True;CRO
21692;1015;341790;False;CRO
21693;1019;341790;False;CRO
21694;1019;343220;True;CRO
21695;1015;343466;True;CRO
21696;1015;343770;True;CRO
21697;1019;343872;True;CRO
21698;1015;344970;False;CRO
21699;1015;345375;False;CRO
21700;1019;345375;True;CRO
21701;1015;346491;True;CRO
21702;1019;347590;False;CRO
21703;1019;348430;False;CRO
21704;1015;348611;False;CRO
21705;1019;349878;False;CRO
21706;1015;351138;False;CRO
21707;1015;351610;False;CRO
21708;1015;351872;True;CRO
21709;1019;352171;True;CRO
21710;1015;353687;False;CRO
21711;1019;354506;False;CRO
21712;1019;354536;False;CRO
21713;1015;356157;True;CRO
21714;1019;356157;True;CRO
21715;1019;356884;True;CRO
21716;1015;356884;True;CRO
21717;1019;357113;False;CRO
21718;1015;358420;False;CRO
21719;1019;358655;True;CRO
21720;1015;358660;True;CRO
21721;1019;359278;True;CRO
21722;1015;359962;True;CRO
21723;7514;360340;True;CRO
21724;1019;360419;True;CRO
21725;1015;360822;True;CRO
21726;7514;361062;True;CRO
21727;1011;361456;True;CRO
21728;1011;361715;True;CRO
21729;1011;364198;False;CRO
21730;1011;364246;False;CRO
21731;1011;366833;False;CRO
21732;1011;366885;False;CRO
21733;1011;368852;True;CRO
21734;1011;369309;False;CRO
21735;7517;369309;True;CRO
21736;7517;369993;False;CRO
21737;1011;369993;False;CRO
21738;1011;370690;True;CRO
21739;1011;372567;False;CRO
21740;1011;372616;False;CRO
21741;1011;374799;False;CRO
21742;1011;375132;True;CRO
21743;1011;378955;True;CRO
21744;7518;379464;True;CRO
21745;1011;379464;False;CRO
21746;1011;380190;False;CRO
21747;7518;380190;False;CRO
21748;1011;380668;True;CRO
21749;1011;382713;False;CRO
21750;1011;382763;False;CRO
21751;1020;385837;True;CRO
21752;1016;385842;True;CRO
21753;1016;386277;True;CRO
21754;1016;386280;False;CRO
21755;1020;387205;False;CRO
21756;1016;387734;True;CRO
21757;1020;387787;False;CRO
21758;1020;387791;True;CRO
21759;1016;389335;False;CRO
21760;1020;390095;True;CRO
21761;1016;391625;True;CRO
21762;7515;392234;True;CRO
21763;1020;392234;True;CRO
21764;1016;392884;False;CRO
21765;1012;393437;True;CRO
21766;1012;395019;False;CRO
21767;1012;395696;False;CRO
21768;1012;397474;False;CRO
21769;1012;397522;False;CRO
21770;1012;399660;True;CRO
21771;1012;400009;False;CRO
21772;1012;401842;True;CRO
21773;7519;402130;True;CRO
21774;1012;402130;False;CRO
21775;1012;402831;False;CRO
21776;7519;402831;False;CRO
21777;1012;403332;True;CRO
21778;1012;404768;False;CRO
21779;1012;406908;False;CRO
21780;1012;406958;False;CRO
21781;1012;408598;False;CRO
21782;1012;409389;False;CRO
21783;1012;410897;True;CRO
21784;1021;411219;False;CRO
21785;1017;411219;False;CRO
21786;1021;411794;False;CRO
21787;1017;412116;False;CRO
21788;1021;413628;False;CRO
21789;1017;414702;True;CRO
21790;1021;416093;True;CRO
21791;1017;416859;False;CRO
21792;1017;416975;False;CRO
21793;1013;417888;True;CRO
21794;1013;419425;False;CRO
21795;1013;420353;False;CRO
21796;1013;422138;True;CRO
21797;7520;422703;False;CRO
21798;1013;422703;False;CRO
21799;1013;423425;False;CRO
21800;7520;423425;False;CRO
21801;1013;424961;True;CRO
21802;1013;426096;False;CRO
21803;1013;426146;False;CRO
21804;1013;427876;True;CRO
21805;1018;428665;False;CRO
21806;1022;428665;True;CRO
21807;1018;429372;True;CRO
21808;1022;429857;False;CRO
21809;1018;431832;False;CRO
21810;1022;432200;False;CRO
21811;1018;434213;False;CRO
21812;1022;434418;True;CRO
21813;1018;436188;True;CRO
21814;1022;436719;False;CRO
21815;7516;436719;False;CRO
21816;7516;437076;True;CRO
21817;1022;437076;False;CRO
21818;1018;437310;False;CRO
21819;7516;437319;False;CRO
21820;1022;437319;True;CRO
21821;1014;437956;False;CRO
21822;1014;438006;False;CRO
21823;1014;439162;True;CRO
21824;1014;439772;False;CRO
21825;1014;440696;False;CRO
21826;1014;442371;False;CRO
21827;1014;443535;False;CRO
21828;1014;445146;True;CRO
21829;7521;445669;False;CRO
21830;1014;445669;False;CRO
21831;7521;446380;False;CRO
21832;1014;446380;False;CRO
21833;1014;446917;True;CRO
21834;1014;448839;False;CRO
21835;1014;448889;False;CRO
21836;1014;450445;False;CRO
21837;1014;450972;False;CRO
21838;1014;452213;False;CRO
21839;1014;453063;True;CRO
21840;7522;453572;False;CRO
21841;1014;453572;False;CRO
21842;7522;454292;False;CRO
21843;1014;454292;False;CRO
21844;1014;454856;True;CRO
21845;1014;456829;False;CRO
21846;1014;456879;False;CRO
21847;1014;458969;False;CRO
21848;1014;459019;False;CRO
21849;1023;32932;True;CRO
21850;1023;33648;True;CRO
21851;1024;53899;True;CRO
21852;1026;361656;True;CRO
21853;1025;361861;True;CRO
21854;1026;362585;False;CRO
21855;1025;363383;True;CRO
21856;1025;363837;False;CRO
21857;1026;364060;True;CRO
21858;1026;365525;False;CRO
21859;1025;365680;False;CRO
21860;1026;368034;True;CRO
21861;1025;368290;True;CRO
21862;1025;371965;False;CRO
21863;1026;372705;False;CRO
21864;1025;373838;True;CRO
21865;1026;375247;True;CRO
21866;1025;375857;False;CRO
21867;1026;376447;False;CRO
21868;1025;377664;False;CRO
21869;1026;378113;False;CRO
21870;1025;379331;False;CRO
21871;1026;380327;True;CRO
21872;1025;380766;True;CRO
21873;1026;382840;False;CRO
21874;1025;383250;False;CRO
21875;1026;385285;False;CRO
21876;1025;385799;True;CRO
21877;1026;387514;True;CRO
21878;1025;388035;True;CRO
21879;7550;388437;True;CRO
21880;1026;388460;False;CRO
21881;1025;389129;False;CRO
21882;7549;389170;True;CRO
21883;1026;389678;True;CRO
21884;1025;390762;True;CRO
21885;1026;392084;False;CRO
21886;1025;393180;False;CRO
21887;1026;394575;False;CRO
21888;1025;395846;False;CRO
21889;1026;396562;True;CRO
21890;1025;398184;True;CRO
21891;1026;398549;True;CRO
21892;1025;399035;True;CRO
21893;1026;399967;True;CRO
21894;1026;400334;False;CRO
21895;1025;400797;False;CRO
21896;1026;401932;True;CRO
21897;1025;402838;True;CRO
21898;1026;403481;False;CRO
21899;1025;404233;False;CRO
21900;1026;404667;False;CRO
21901;1025;405270;True;CRO
21902;1026;405653;True;CRO
21903;7551;405653;True;CRO
21904;1025;405653;True;CRO
21905;7552;405653;True;CRO
21906;1025;406063;True;CRO
21907;7551;406063;True;CRO
21908;7552;406063;True;CRO
21909;1026;406063;True;CRO
21910;7553;406063;True;CRO
21911;1026;406475;True;CRO
21912;1025;407140;True;CRO
21913;1026;407219;False;CRO
21914;1026;407466;True;CRO
21915;1026;409460;True;CRO
21916;1025;409635;True;CRO
21917;1026;410922;False;CRO
21918;1025;411106;False;CRO
21919;1026;413009;True;CRO
21920;1025;413168;False;CRO
21921;1026;414524;True;CRO
21922;1025;415025;True;CRO
21923;1026;416277;True;CRO
21924;1025;417490;False;CRO
21925;1026;418568;False;CRO
21926;1025;419560;True;CRO
21927;1026;420598;True;CRO
21928;1025;421809;False;CRO
21929;1026;423034;True;CRO
21930;1025;423988;True;CRO
21931;1026;425029;True;CRO
21932;1025;425391;True;CRO
21933;1025;428073;False;CRO
21934;1026;429921;True;CRO
21935;1025;430297;True;CRO
21936;1025;432602;False;CRO
21937;1026;435134;True;CRO
21938;1025;435300;False;CRO
21939;1025;438065;True;CRO
21940;1026;439612;True;CRO
21941;1026;441861;False;CRO
21942;1025;442371;True;CRO
21943;1026;444502;True;CRO
21944;1025;444911;False;CRO
21945;1025;447393;False;CRO
21946;1026;448734;True;CRO
21947;1025;449630;True;CRO
21948;1026;451210;False;CRO
21949;1025;452068;False;CRO
21950;1026;453170;True;CRO
21951;1025;453635;True;CRO
21952;1026;455300;True;CRO
21953;1025;455403;True;CRO
21954;1025;457152;False;CRO
21955;1026;457622;False;CRO
21956;1025;458939;False;CRO
21957;1025;460775;True;CRO
21958;1026;462573;True;CRO
21959;1025;463464;True;CRO
21960;1026;465146;True;CRO
21961;1025;465552;False;CRO
21962;1026;467456;False;CRO
21963;1025;467787;False;CRO
21964;1026;469748;False;CRO
21965;1025;470275;True;CRO
21966;1026;472020;True;CRO
21967;1025;472805;False;CRO
21968;1026;474209;False;CRO
21969;1025;475090;True;CRO
21970;1026;476651;True;CRO
21971;1025;477814;False;CRO
21972;1026;478911;True;CRO
21973;1025;479678;True;CRO
21974;1026;480853;False;CRO
21975;1025;481870;False;CRO
21976;1026;482893;True;CRO
21977;1025;483202;True;CRO
21978;1026;483856;False;CRO
21979;1026;484810;False;CRO
21980;1025;485878;True;CRO
21981;1026;485986;True;CRO
21982;1026;486165;False;CRO
21983;1026;487882;False;CRO
21984;1025;488264;False;CRO
21985;1026;489573;True;CRO
21986;1025;490286;True;CRO
21987;1026;491404;True;CRO
21988;1025;492690;False;CRO
21989;1026;493370;True;CRO
21990;1025;494920;True;CRO
21991;1026;495742;False;CRO
21992;1025;497284;True;CRO
21993;1026;497870;True;CRO
21994;1025;498643;False;CRO
21995;1025;499522;True;CRO
21996;1025;500009;False;CRO
21997;1026;500113;True;CRO
21998;1025;500601;True;CRO
21999;7583;127;True;CRO
22000;1568;287;True;CRO
22001;7583;528;False;CRO
22002;7583;600;False;CRO
22003;1567;1024;True;CRO
22004;1568;1125;False;CRO
22005;1027;444622;True;CRO
22006;1027;445710;False;CRO
22007;1027;446920;True;CRO
22008;1027;451160;True;CRO
22009;1027;453590;True;CRO
22010;1027;457987;True;CRO
22011;1027;458360;True;CRO
22012;1027;461310;True;CRO
22013;1028;406538;True;CRO
22014;1028;413810;False;CRO
22015;1028;415060;False;CRO
22016;1028;415338;False;CRO
22017;1028;415453;False;CRO
22018;1028;416689;False;CRO
22019;1028;416915;False;CRO
22020;9703;271;False;CRO
22021;9703;1871;False;CRO
22022;9703;2331;False;CRO
22023;1031;980;True;CRO
22024;1031;2010;False;CRO
22025;1035;316611;True;CRO
22026;1034;317212;True;CRO
22027;1035;317265;True;CRO
22028;1035;317791;True;CRO
22029;1035;318439;True;CRO
22030;1034;318532;True;CRO
22031;1035;319190;True;CRO
22032;1573;319824;True;CRO
22033;1034;319880;False;CRO
22034;1035;320043;True;CRO
22035;1035;321020;True;CRO
22036;1034;321412;True;CRO
22037;1035;322960;False;CRO
22038;1034;323278;False;CRO
22039;1034;324778;False;CRO
22040;1035;324808;True;CRO
22041;1034;326263;True;CRO
22042;1035;326851;True;CRO
22043;1034;327744;False;CRO
22044;1035;328850;True;CRO
22045;1034;329798;True;CRO
22046;1035;330762;False;CRO
22047;1034;331695;False;CRO
22048;1035;332831;False;CRO
22049;1034;333612;True;CRO
22050;1035;334619;True;CRO
22051;1034;335017;False;CRO
22052;1035;336882;False;CRO
22053;1034;336884;False;CRO
22054;1034;338860;True;CRO
22055;1035;338885;True;CRO
22056;1035;340576;False;CRO
22057;1034;340920;True;CRO
22058;1035;341929;True;CRO
22059;1034;342997;True;CRO
22060;1035;343504;True;CRO
22061;1034;344133;False;CRO
22062;1035;344625;False;CRO
22063;1035;345069;False;CRO
22064;1034;345129;True;CRO
22065;1035;345392;True;CRO
22066;1034;346737;True;CRO
22067;1035;347184;False;CRO
22068;1034;348068;False;CRO
22069;1035;349061;True;CRO
22070;1034;350017;False;CRO
22071;1035;350713;False;CRO
22072;1034;351424;False;CRO
22073;1035;352539;True;CRO
22074;1034;353233;True;CRO
22075;1035;354093;True;CRO
22076;1035;355133;True;CRO
22077;1034;355256;True;CRO
22078;1035;356014;False;CRO
22079;1034;356939;False;CRO
22080;1035;357675;True;CRO
22081;1034;358696;True;CRO
22082;1035;359619;True;CRO
22083;1034;360290;True;CRO
22084;1035;361444;True;CRO
22085;1034;361639;False;CRO
22086;1034;363399;False;CRO
22087;1035;365340;False;CRO
22088;1034;365366;True;CRO
22089;1035;366785;True;CRO
22090;1034;367290;False;CRO
22091;1035;368755;False;CRO
22092;1034;369408;True;CRO
22093;1035;370239;False;CRO
22094;1034;371395;False;CRO
22095;1035;372140;False;CRO
22096;1034;373343;True;CRO
22097;1035;373650;True;CRO
22098;1034;375017;True;CRO
22099;1035;375690;False;CRO
22100;1034;377050;False;CRO
22101;1035;377090;False;CRO
22102;1035;378656;False;CRO
22103;1034;378680;False;CRO
22104;1035;380408;True;CRO
22105;1034;380784;True;CRO
22106;1035;382038;False;CRO
22107;1034;382455;True;CRO
22108;1035;383905;True;CRO
22109;1034;384068;False;CRO
22110;1035;385722;False;CRO
22111;1034;385844;False;CRO
22112;1035;387225;False;CRO
22113;1034;387797;False;CRO
22114;1035;389166;True;CRO
22115;1034;389325;True;CRO
22116;1035;390666;False;CRO
22117;1034;391293;False;CRO
22118;1035;392410;False;CRO
22119;1034;393035;False;CRO
22120;1035;394430;False;CRO
22121;1034;394644;True;CRO
22122;1035;396404;True;CRO
22123;1034;396612;False;CRO
22124;1035;398035;False;CRO
22125;1034;398154;True;CRO
22126;1035;399375;False;CRO
22127;1034;399910;False;CRO
22128;1035;399913;False;CRO
22129;1035;400867;True;CRO
22130;1034;400867;True;CRO
22131;1035;401560;True;CRO
22132;1034;401560;True;CRO
22133;1034;401795;True;CRO
22134;1034;403161;False;CRO
22135;1035;403191;False;CRO
22136;1034;403217;False;CRO
22137;1035;405010;False;CRO
22138;1034;405040;False;CRO
22139;1034;406646;False;CRO
22140;1035;406680;False;CRO
22141;1035;407503;False;CRO
22142;1035;408338;True;CRO
22143;1034;408731;True;CRO
22144;1034;410011;False;CRO
22145;1035;410028;False;CRO
22146;1034;410062;False;CRO
22147;1034;411470;False;CRO
22148;1034;411607;False;CRO
22149;1035;412038;True;CRO
22150;1034;413190;True;CRO
22151;1035;413970;False;CRO
22152;1034;414842;False;CRO
22153;1035;415933;False;CRO
22154;1035;415974;False;CRO
22155;1034;416617;False;CRO
22156;1034;417592;False;CRO
22157;1035;418076;True;CRO
22158;1034;418415;False;CRO
22159;1034;419092;False;CRO
22160;1034;419664;False;CRO
22161;1034;421081;True;CRO
22162;1035;421546;False;CRO
22163;1035;422923;False;CRO
22164;1035;422973;False;CRO
22165;1034;422977;True;CRO
22166;1034;424336;True;CRO
22167;1035;424336;True;CRO
22168;1037;266;True;CRO
22169;1036;618;True;CRO
22170;1037;784;True;CRO
22171;1036;1390;True;CRO
22172;1040;120;True;CRO
22173;1039;925;True;CRO
22174;1044;285;True;CRO
22175;1043;1064;True;CRO
22176;1046;79220;False;CRO
22177;1046;80020;True;CRO
22178;1052;980;True;CRO
22179;1051;1374;True;CRO
22180;1052;3611;False;CRO
22181;1051;4006;True;CRO
22182;1052;5040;True;CRO
22183;1051;13255;False;CRO
22184;1052;14830;True;CRO
22185;1051;15481;True;CRO
22186;1052;17207;False;CRO
22187;1051;21520;True;CRO
22188;1051;23090;False;CRO
22189;1052;24990;False;CRO
22190;1051;25165;False;CRO
22191;1052;26232;True;CRO
22192;1051;27250;True;CRO
22193;1053;407363;False;CRO
22194;1053;407421;False;CRO
22195;1053;408696;False;CRO
22196;7602;408696;True;CRO
22197;1053;409231;False;CRO
22198;1053;411260;True;CRO
22199;1053;414516;True;CRO
22200;1053;415718;False;CRO
22201;1053;416214;False;CRO
22202;1053;417467;True;CRO
22203;1053;425775;True;CRO
22204;1053;427244;False;CRO
22205;1053;427761;False;CRO
22206;1053;429069;True;CRO
22207;1053;436321;True;CRO
22208;1053;437568;False;CRO
22209;1053;438170;False;CRO
22210;1053;439718;True;CRO
22211;1053;470343;True;CRO
22212;1053;471772;False;CRO
22213;1053;472458;False;CRO
22214;1053;473771;True;CRO
22215;1053;481428;True;CRO
22216;1054;438013;True;CRO
22217;1054;438523;False;CRO
22218;1054;439263;False;CRO
22219;1054;451405;False;CRO
22220;1054;451932;False;CRO
22221;1054;452705;True;CRO
22222;7607;453304;True;CRO
22223;7608;453340;True;CRO
22224;1054;453340;True;CRO
22225;7608;453632;False;CRO
22226;7607;453695;False;CRO
22227;1054;453707;False;CRO
22228;7609;13576;False;CRO
22229;7609;14031;False;CRO
22230;1057;115540;False;CRO
22231;1062;392227;True;CRO
22232;1059;393603;True;CRO
22233;1059;395020;False;CRO
22234;1059;399019;False;CRO
22235;1059;400584;True;CRO
22236;1059;402080;True;CRO
22237;1059;403480;True;CRO
22238;1059;411077;False;CRO
22239;1059;412546;True;CRO
22240;1059;414168;True;CRO
22241;1059;415410;False;CRO
22242;1059;419922;True;CRO
22243;1059;423010;False;CRO
22244;1059;426390;False;CRO
22245;1059;427895;True;CRO
22246;1059;429786;True;CRO
22247;1059;431290;False;CRO
22248;1059;433565;False;CRO
22249;1059;436639;True;CRO
22250;1059;439690;False;CRO
22251;1059;441189;True;CRO
22252;1059;442620;True;CRO
22253;1059;443920;False;CRO
22254;1059;452965;False;CRO
22255;1059;454485;True;CRO
22256;1059;456163;True;CRO
22257;1059;457726;False;CRO
22258;1059;461890;False;CRO
22259;1059;464160;True;CRO
22260;1059;470515;False;CRO
22261;1059;472450;True;CRO
22262;1579;473658;True;CRO
22263;1063;474262;False;CRO
22264;1061;474262;True;CRO
22265;1061;475307;False;CRO
22266;1063;475307;True;CRO
22267;1061;475812;False;CRO
22268;1063;475824;True;CRO
22269;1578;475824;True;CRO
22270;1061;475984;True;CRO
22271;1576;476329;True;CRO
22272;1063;476920;True;CRO
22273;1061;476996;False;CRO
22274;1061;477210;False;CRO
22275;1061;478423;True;CRO
22276;1063;478642;False;CRO
22277;1061;478642;False;CRO
22278;1063;480018;True;CRO
22279;1061;480208;False;CRO
22280;1063;480238;False;CRO
22281;1063;481593;False;CRO
22282;1063;481649;False;CRO
22283;1061;481743;False;CRO
22284;1061;481797;False;CRO
22285;1061;483193;False;CRO
22286;1063;483403;False;CRO
22287;1061;483440;False;CRO
22288;1063;483582;False;CRO
22289;1063;485130;False;CRO
22290;1061;485130;False;CRO
22291;1063;485495;True;CRO
22292;1061;486213;False;CRO
22293;1061;487289;True;CRO
22294;1063;487670;False;CRO
22295;1061;487768;False;CRO
22296;1063;488078;False;CRO
22297;1061;488506;False;CRO
22298;1063;489216;False;CRO
22299;1061;489216;False;CRO
22300;1063;489519;False;CRO
22301;1061;489925;True;CRO
22302;1063;489925;True;CRO
22303;1061;491214;True;CRO
22304;1063;491214;True;CRO
22305;1061;491338;False;CRO
22306;1061;492338;False;CRO
22307;1063;492338;False;CRO
22308;1061;492976;False;CRO
22309;1063;492976;False;CRO
22310;1063;493273;False;CRO
22311;1061;493421;False;CRO
22312;1063;494926;False;CRO
22313;1061;494954;True;CRO
22314;1063;494982;False;CRO
22315;1061;495407;False;CRO
22316;1061;496917;False;CRO
22317;1061;496958;False;CRO
22318;1063;496958;True;CRO
22319;1063;497993;False;CRO
22320;1061;498513;False;CRO
22321;1063;499013;False;CRO
22322;1063;499413;False;CRO
22323;1061;499733;False;CRO
22324;1061;499961;True;CRO
22325;1063;500682;False;CRO
22326;1063;501090;False;CRO
22327;1061;501190;False;CRO
22328;1061;501376;False;CRO
22329;1063;502583;True;CRO
22330;1063;502851;False;CRO
22331;1061;502851;False;CRO
22332;1063;503152;False;CRO
22333;1061;503158;False;CRO
22334;1061;504086;False;CRO
22335;1063;504086;False;CRO
22336;1061;504773;True;CRO
22337;1063;504776;True;CRO
22338;1063;505139;True;CRO
22339;1061;505139;True;CRO
22340;1061;505922;True;CRO
22341;1066;1081;True;CRO
22342;1065;2329;True;CRO
22343;1066;3680;False;CRO
22344;1065;5596;False;CRO
22345;1065;7051;True;CRO
22346;1066;7721;False;CRO
22347;1065;8560;False;CRO
22348;1066;9295;True;CRO
22349;1066;10812;False;CRO
22350;1065;14790;False;CRO
22351;1065;16302;False;CRO
22352;1066;16461;True;CRO
22353;1065;17984;True;CRO
22354;1066;18014;False;CRO
22355;1066;19731;True;CRO
22356;1065;26180;True;CRO
22357;1066;28964;True;CRO
22358;1065;34513;False;CRO
22359;1065;35938;True;CRO
22360;1066;36844;True;CRO
22361;7632;36861;True;CRO
22362;7633;36865;True;CRO
22363;7634;37266;True;CRO
22364;7632;37305;False;CRO
22365;7633;37305;False;CRO
22366;1065;37330;True;CRO
22367;1066;37736;True;CRO
22368;1065;38234;True;CRO
22369;1065;39585;False;CRO
22370;1066;39621;False;CRO
22371;1065;41568;False;CRO
22372;1066;41602;False;CRO
22373;1065;43509;True;CRO
22374;1066;43566;True;CRO
22375;1066;45199;False;CRO
22376;1065;45223;False;CRO
22377;1066;46846;True;CRO
22378;1065;47160;True;CRO
22379;1065;48028;False;CRO
22380;1066;48482;False;CRO
22381;1065;49141;True;CRO
22382;1066;50157;False;CRO
22383;1065;52295;False;CRO
22384;1065;53138;False;CRO
22385;1066;53452;False;CRO
22386;1065;55039;True;CRO
22387;1066;55069;True;CRO
22388;7630;56117;True;CRO
22389;1065;56965;False;CRO
22390;1066;57010;False;CRO
22391;1066;58524;True;CRO
22392;1065;58561;True;CRO
22393;1066;58994;False;CRO
22394;1065;60157;False;CRO
22395;1066;61090;False;CRO
22396;1065;61718;False;CRO
22397;1066;63135;True;CRO
22398;1065;63295;True;CRO
22399;1065;65015;False;CRO
22400;1066;65207;False;CRO
22401;1066;66577;True;CRO
22402;1065;67000;True;CRO
22403;1066;67608;True;CRO
22404;1065;67885;True;CRO
22405;1066;68178;True;CRO
22406;1065;68195;True;CRO
22407;1068;241;True;CRO
22408;1067;633;True;CRO
22409;1069;804;False;CRO
22410;1069;855;True;CRO
22411;1069;1311;False;CRO
22412;1069;1997;False;CRO
22413;1069;2768;False;CRO
22414;1069;4824;False;CRO
22415;1069;5400;False;CRO
22416;1069;7447;True;CRO
22417;1069;7696;False;CRO
22418;1069;7948;False;CRO
22419;1069;9018;True;CRO
22420;1069;9543;False;CRO
22421;1069;9907;False;CRO
22422;1069;10370;True;CRO
22423;1069;11525;False;CRO
22424;1069;12268;False;CRO
22425;1069;13684;True;CRO
22426;1069;14410;False;CRO
22427;1069;15918;False;CRO
22428;1069;17755;True;CRO
22429;1069;18492;False;CRO
22430;1069;18890;False;CRO
22431;1069;19060;False;CRO
22432;1069;20582;True;CRO
22433;1069;21026;False;CRO
22434;1069;22471;False;CRO
22435;1069;23185;True;CRO
22436;1069;24905;False;CRO
22437;1069;25064;False;CRO
22438;1069;25426;False;CRO
22439;1069;25781;True;CRO
22440;1069;27110;False;CRO
22441;1069;27355;False;CRO
22442;1069;29246;False;CRO
22443;1069;29377;False;CRO
22444;1069;31386;False;CRO
22445;1069;31428;False;CRO
22446;1069;31540;True;CRO
22447;1069;32912;False;CRO
22448;7651;33081;False;CRO
22449;9590;33149;False;CRO
22450;1069;33149;False;CRO
22451;1069;33533;False;CRO
22452;9590;33533;False;CRO
22453;7651;33593;False;CRO
22454;1069;33775;False;CRO
22455;1069;33982;True;CRO
22456;1069;35280;False;CRO
22457;1069;35563;False;CRO
22458;1069;36560;False;CRO
22459;1069;37060;True;CRO
22460;1069;38372;False;CRO
22461;1069;38932;False;CRO
22462;1069;40020;False;CRO
22463;1069;40929;False;CRO
22464;1069;42118;False;CRO
22465;1069;43035;False;CRO
22466;1069;44328;False;CRO
22467;1069;45346;True;CRO
22468;1069;46883;False;CRO
22469;1069;47529;False;CRO
22470;1069;48862;True;CRO
22471;1069;49116;False;CRO
22472;1069;49486;False;CRO
22473;1069;50074;True;CRO
22474;1069;50903;False;CRO
22475;1069;51422;False;CRO
22476;1069;52886;False;CRO
22477;1069;53426;False;CRO
22478;1069;54777;False;CRO
22479;1069;55468;False;CRO
22480;1069;56605;False;CRO
22481;1069;57432;False;CRO
22482;1069;58309;True;CRO
22483;1069;58958;False;CRO
22484;1069;59301;False;CRO
22485;1069;59472;False;CRO
22486;1069;60525;True;CRO
22487;1069;61020;False;CRO
22488;1069;62357;False;CRO
22489;1069;63863;False;CRO
22490;1581;13279;True;CRO
22491;1581;13532;False;CRO
22492;1070;14371;True;CRO
22493;1070;14471;False;CRO
22494;1070;15559;False;CRO
22495;1070;16010;False;CRO
22496;1070;18290;False;CRO
22497;1070;39680;True;CRO
22498;1070;40210;False;CRO
22499;1070;41180;False;CRO
22500;1070;49641;False;CRO
22501;1070;51070;True;CRO
22502;1070;51290;False;CRO
22503;8711;51290;False;CRO
22504;1070;51920;False;CRO
22505;8711;51920;False;CRO
22506;1070;52410;True;CRO
22507;1070;53870;False;CRO
22508;1070;61590;False;CRO
22509;1070;63000;True;CRO
22510;1070;64387;True;CRO
22511;1071;7214;True;CRO
22512;1071;7642;False;CRO
22513;1072;283;True;CRO
22514;1072;405;False;CRO
22515;1072;1173;True;CRO
22516;1077;8657;True;CRO
22517;1076;8813;True;CRO
22518;1076;9941;True;CRO
22519;1077;10341;True;CRO
22520;1076;11725;False;CRO
22521;1077;12434;False;CRO
22522;1076;13523;False;CRO
22523;1077;14428;True;CRO
22524;1076;15245;True;CRO
22525;1077;16495;False;CRO
22526;1076;16927;False;CRO
22527;1077;18539;True;CRO
22528;1076;18686;True;CRO
22529;1076;20320;False;CRO
22530;1077;20546;False;CRO
22531;1076;22081;False;CRO
22532;1077;22252;False;CRO
22533;1076;23745;False;CRO
22534;1077;24376;True;CRO
22535;1585;24585;True;CRO
22536;1584;24838;True;CRO
22537;1076;25577;True;CRO
22538;1077;26005;True;CRO
22539;1076;27467;False;CRO
22540;1077;28160;False;CRO
22541;1076;29578;False;CRO
22542;1077;30412;True;CRO
22543;1076;31573;True;CRO
22544;1077;32213;False;CRO
22545;1076;33554;True;CRO
22546;1077;34342;True;CRO
22547;1077;38301;True;CRO
22548;1076;38957;True;CRO
22549;1077;39204;False;CRO
22550;1076;40407;False;CRO
22551;1077;41127;False;CRO
22552;1076;42055;True;CRO
22553;1077;43130;True;CRO
22554;1076;47262;False;CRO
22555;1077;47287;False;CRO
22556;1076;48997;False;CRO
22557;1077;49030;True;CRO
22558;1077;50625;False;CRO
22559;1076;50689;True;CRO
22560;1077;50689;False;CRO
22561;1077;51215;True;CRO
22562;1076;51242;False;CRO
22563;7684;51296;True;CRO
22564;7685;51296;True;CRO
22565;7678;51423;True;CRO
22566;7685;51553;False;CRO
22567;1077;51577;False;CRO
22568;1076;51595;True;CRO
22569;1077;51910;True;CRO
22570;1076;52214;True;CRO
22571;1077;53145;True;CRO
22572;1076;53440;True;CRO
22573;1077;54168;True;CRO
22574;1076;54168;True;CRO
22575;1076;55368;False;CRO
22576;1076;55735;False;CRO
22577;1077;56198;False;CRO
22578;1077;56889;False;CRO
22579;1076;57095;False;CRO
22580;1077;58793;True;CRO
22581;1076;58839;True;CRO
22582;1077;59033;False;CRO
22583;1076;59120;False;CRO
22584;1076;60449;False;CRO
22585;1077;60631;False;CRO
22586;1076;60745;False;CRO
22587;1077;62461;False;CRO
22588;1077;62496;False;CRO
22589;1076;62545;False;CRO
22590;1076;63059;False;CRO
22591;1077;63095;False;CRO
22592;1076;63829;True;CRO
22593;1077;63829;True;CRO
22594;1077;64603;True;CRO
22595;1076;64603;True;CRO
22596;1076;64912;False;CRO
22597;1076;65346;False;CRO
22598;1077;65380;False;CRO
22599;1076;66307;False;CRO
22600;1077;66388;False;CRO
22601;1076;66533;False;CRO
22602;1077;67901;True;CRO
22603;1076;68052;True;CRO
22604;1077;68485;True;CRO
22605;1077;69322;True;CRO
22606;1077;69717;False;CRO
22607;1076;69778;True;CRO
22608;1076;70325;False;CRO
22609;1076;71415;False;CRO
22610;1077;71429;False;CRO
22611;1076;72357;False;CRO
22612;1077;73090;False;CRO
22613;1076;73105;False;CRO
22614;1077;73118;False;CRO
22615;1077;74490;False;CRO
22616;1076;74602;False;CRO
22617;1077;75005;False;CRO
22618;1076;75300;True;CRO
22619;1077;75300;True;CRO
22620;1077;76310;True;CRO
22621;1076;76310;True;CRO
22622;1077;76660;False;CRO
22623;1076;76713;False;CRO
22624;1076;77508;False;CRO
22625;1076;77538;False;CRO
22626;1077;78185;False;CRO
22627;1076;79628;False;CRO
22628;1077;79854;False;CRO
22629;1077;81544;False;CRO
22630;1076;83022;True;CRO
22631;1077;83024;True;CRO
22632;1077;83272;False;CRO
22633;1076;83344;False;CRO
22634;1077;84343;False;CRO
22635;1076;84343;False;CRO
22636;1076;85330;False;CRO
22637;1076;85544;False;CRO
22638;1077;85574;False;CRO
22639;1077;85618;False;CRO
22640;1077;86522;False;CRO
22641;1077;87250;False;CRO
22642;1076;87382;False;CRO
22643;1076;88113;False;CRO
22644;1077;88183;False;CRO
22645;1077;88285;False;CRO
22646;1077;88446;True;CRO
22647;1076;88876;True;CRO
22648;1076;89267;False;CRO
22649;1077;89822;True;CRO
22650;1077;90531;False;CRO
22651;1076;90531;True;CRO
22652;1076;90793;False;CRO
22653;1076;91079;False;CRO
22654;1077;92078;False;CRO
22655;1076;92754;False;CRO
22656;1076;92767;False;CRO
22657;1077;92878;True;CRO
22658;1077;94130;False;CRO
22659;1077;94298;False;CRO
22660;1076;95124;False;CRO
22661;1076;95180;False;CRO
22662;1077;96346;False;CRO
22663;1076;96476;True;CRO
22664;1076;97038;False;CRO
22665;1077;97038;False;CRO
22666;1077;98181;False;CRO
22667;1077;99000;True;CRO
22668;1076;99004;True;CRO
22669;1076;99353;False;CRO
22670;7679;99832;True;CRO
22671;1077;99832;False;CRO
22672;7679;100550;True;CRO
22673;1077;100550;True;CRO
22674;1076;100550;True;CRO
22675;1077;101178;True;CRO
22676;1076;101586;True;CRO
22677;1077;101586;False;CRO
22678;1077;102229;True;CRO
22679;1077;103340;False;CRO
22680;1077;103709;False;CRO
22681;1077;103723;False;CRO
22682;1076;108678;True;CRO
22683;1077;112001;True;CRO
22684;1076;114373;False;CRO
22685;1076;115674;True;CRO
22686;1077;116973;True;CRO
22687;1077;118369;False;CRO
22688;1076;121692;True;CRO
22689;1077;123651;False;CRO
22690;1077;125070;True;CRO
22691;1076;132613;False;CRO
22692;1076;132713;False;CRO
22693;1076;133636;True;CRO
22694;7682;133920;True;CRO
22695;1076;133920;False;CRO
22696;1077;133920;False;CRO
22697;7683;133920;True;CRO
22698;7681;133920;True;CRO
22699;7681;134411;False;CRO
22700;7682;134411;False;CRO
22701;7683;134411;False;CRO
22702;1076;134411;False;CRO
22703;1076;134639;False;CRO
22704;1077;134761;True;CRO
22705;1076;134918;True;CRO
22706;1077;135264;True;CRO
22707;1076;135264;True;CRO
22708;1076;136422;False;CRO
22709;1077;136494;False;CRO
22710;1076;136542;False;CRO
22711;1076;137869;False;CRO
22712;1077;137944;False;CRO
22713;1077;138022;False;CRO
22714;1077;139290;True;CRO
22715;1076;139290;True;CRO
22716;1077;139622;False;CRO
22717;1077;140143;True;CRO
22718;1077;142005;True;CRO
22719;1076;150565;True;CRO
22720;1076;151848;False;CRO
22721;1078;270;True;CRO
22722;1078;487;False;CRO
22723;7722;172535;False;CRO
22724;7720;172938;False;CRO
22725;7724;172938;False;CRO
22726;7723;172945;False;CRO
22727;7722;173042;False;CRO
22728;7730;178907;False;CRO
22729;7730;179347;False;CRO
22730;7731;181893;False;CRO
22731;7731;182510;False;CRO
22732;7732;186292;False;CRO
22733;7732;186708;False;CRO
22734;7733;192448;False;CRO
22735;7733;193162;False;CRO
22736;7734;202540;False;CRO
22737;7734;202970;False;CRO
22738;7735;211055;False;CRO
22739;1081;500589;True;CRO
22740;1082;500702;True;CRO
22741;1081;501338;False;CRO
22742;1082;501364;False;CRO
22743;1082;501407;False;CRO
22744;1081;501917;False;CRO
22745;1081;502599;False;CRO
22746;1082;502643;False;CRO
22747;1082;503884;False;CRO
22748;1081;503913;True;CRO
22749;1082;503981;True;CRO
22750;1586;504670;True;CRO
22751;1081;504670;True;CRO
22752;1082;504690;True;CRO
22753;1587;504690;False;CRO
22754;1587;505330;True;CRO
22755;7747;505330;True;CRO
22756;1082;505330;False;CRO
22757;1081;505418;True;CRO
22758;7746;505418;True;CRO
22759;1586;505424;False;CRO
22760;1587;505851;True;CRO
22761;1082;505874;True;CRO
22762;1081;506134;True;CRO
22763;1586;506134;True;CRO
22764;1082;506617;False;CRO
22765;1081;506640;True;CRO
22766;1082;506640;True;CRO
22767;1586;506704;True;CRO
22768;7742;507029;False;CRO
22769;1082;507149;False;CRO
22770;8786;507349;False;CRO
22771;8787;507349;False;CRO
22772;1081;507349;True;CRO
22773;7743;507398;False;CRO
22774;1082;507398;False;CRO
22775;7742;507398;False;CRO
22776;7740;507398;False;CRO
22777;7741;507398;False;CRO
22778;1586;507398;False;CRO
22779;7743;507805;True;CRO
22780;7740;507805;True;CRO
22781;1586;507805;True;CRO
22782;1587;507805;True;CRO
22783;7742;507805;True;CRO
22784;8786;507805;True;CRO
22785;1082;507805;True;CRO
22786;8787;507805;True;CRO
22787;7741;507805;True;CRO
22788;1081;507960;True;CRO
22789;1082;508473;False;CRO
22790;1586;508473;False;CRO
22791;1587;508473;False;CRO
22792;1081;508473;False;CRO
22793;1082;508503;False;CRO
22794;1587;508503;False;CRO
22795;1586;508503;False;CRO
22796;1586;509250;False;CRO
22797;1081;509250;True;CRO
22798;1082;509250;False;CRO
22799;1587;509250;False;CRO
22800;1587;509270;False;CRO
22801;1586;509270;False;CRO
22802;1082;509270;False;CRO
22803;1081;510264;True;CRO
22804;1082;510586;True;CRO
22805;1081;511351;True;CRO
22806;1085;121;True;CRO
22807;1086;390;True;CRO
22808;1085;1001;True;CRO
22809;1086;1559;True;CRO
22810;1085;1972;True;CRO
22811;1088;770;False;CRO
22812;1088;1777;True;CRO
22813;1088;3805;True;CRO
22814;7786;6022;False;CRO
22815;1088;6022;False;CRO
22816;1088;6403;False;CRO
22817;7786;6403;False;CRO
22818;1088;7715;False;CRO
22819;1088;7746;False;CRO
22820;7787;9887;False;CRO
22821;1088;9887;False;CRO
22822;1088;10402;False;CRO
22823;7787;10402;False;CRO
22824;1088;11962;True;CRO
22825;1088;16296;True;CRO
22826;7788;17720;False;CRO
22827;1088;17720;False;CRO
22828;1088;18264;False;CRO
22829;7788;18264;False;CRO
22830;1088;19715;True;CRO
22831;1088;22326;True;CRO
22832;1088;22895;False;CRO
22833;1088;24227;False;CRO
22834;7789;24266;False;CRO
22835;7783;24277;False;CRO
22836;7783;24666;False;CRO
22837;7789;24675;False;CRO
22838;1088;24702;False;CRO
22839;1088;25976;False;CRO
22840;1088;26417;False;CRO
22841;1088;27640;True;CRO
22842;1088;29668;True;CRO
22843;1088;30965;False;CRO
22844;7790;31161;False;CRO
22845;1088;31161;False;CRO
22846;7790;31565;False;CRO
22847;1088;31565;False;CRO
22848;1088;33293;False;CRO
22849;1088;38490;False;CRO
22850;1088;39735;False;CRO
22851;1088;39968;True;CRO
22852;7791;40407;False;CRO
22853;1088;40411;False;CRO
22854;1088;40861;False;CRO
22855;7791;40861;False;CRO
22856;1088;41649;True;CRO
22857;1088;42850;False;CRO
22858;1088;45190;True;CRO
22859;1088;46085;False;CRO
22860;1088;46134;False;CRO
22861;7785;46535;False;CRO
22862;1088;46535;False;CRO
22863;7784;46535;False;CRO
22864;7782;46589;False;CRO
22865;7810;4252;False;CRO
22866;7810;4694;False;CRO
22867;7811;11724;False;CRO
22868;7811;12124;False;CRO
22869;7812;16587;False;CRO
22870;7812;17024;False;CRO
22871;7813;20655;False;CRO
22872;7813;21154;False;CRO
22873;7814;27161;False;CRO
22874;7814;27563;False;CRO
22875;7815;33175;False;CRO
22876;7815;33596;False;CRO
22877;9477;39145;False;CRO
22878;7807;39145;False;CRO
22879;7816;39165;False;CRO
22880;7806;39175;False;CRO
22881;7807;39536;False;CRO
22882;9477;39549;False;CRO
22883;7817;43846;False;CRO
22884;7817;44380;False;CRO
22885;7818;49532;False;CRO
22886;7818;49981;False;CRO
22887;7819;54816;False;CRO
22888;7820;61985;False;CRO
22889;7820;62433;False;CRO
22890;7821;70701;False;CRO
22891;7821;71135;False;CRO
22892;7809;77465;False;CRO
22893;7808;77468;False;CRO
22894;7809;77767;False;CRO
22895;7808;77834;False;CRO
22896;7822;84645;False;CRO
22897;7822;85088;False;CRO
22898;7837;9250;False;CRO
22899;7837;9687;False;CRO
22900;7838;15499;False;CRO
22901;7838;15951;False;CRO
22902;7839;32492;False;CRO
22903;7839;32969;False;CRO
22904;7840;36443;False;CRO
22905;7840;36854;False;CRO
22906;7841;43246;False;CRO
22907;7841;43644;False;CRO
22908;7842;48991;False;CRO
22909;7842;49420;False;CRO
22910;7833;51328;False;CRO
22911;7843;51328;False;CRO
22912;7828;51386;False;CRO
22913;7830;51386;False;CRO
22914;7830;51789;False;CRO
22915;7830;51789;False;CRO
22916;7833;51789;False;CRO
22917;7843;51789;False;CRO
22918;7844;57149;False;CRO
22919;7844;57546;False;CRO
22920;7845;61555;False;CRO
22921;7845;62007;False;CRO
22922;7846;66256;False;CRO
22923;7846;66652;False;CRO
22924;7847;73616;False;CRO
22925;7847;74052;False;CRO
22926;1095;101075;True;CRO
22927;7872;101075;True;CRO
22928;1096;101083;True;CRO
22929;7872;101488;False;CRO
22930;1096;101638;False;CRO
22931;1095;101652;False;CRO
22932;1096;102157;True;CRO
22933;1095;102187;False;CRO
22934;1095;103045;False;CRO
22935;1096;103117;False;CRO
22936;1095;103129;False;CRO
22937;1095;103572;True;CRO
22938;1096;103668;False;CRO
22939;1095;104558;False;CRO
22940;1096;105060;False;CRO
22941;1096;105386;False;CRO
22942;1095;106327;False;CRO
22943;1095;106374;False;CRO
22944;1096;106491;False;CRO
22945;1096;106530;False;CRO
22946;1095;107426;False;CRO
22947;1095;108127;False;CRO
22948;1096;108220;False;CRO
22949;1096;108478;False;CRO
22950;1096;109790;True;CRO
22951;1095;109795;True;CRO
22952;1095;110220;True;CRO
22953;1096;110227;False;CRO
22954;1095;111206;False;CRO
22955;1096;111621;True;CRO
22956;1095;111642;False;CRO
22957;1095;113060;False;CRO
22958;1096;113121;False;CRO
22959;1096;114732;False;CRO
22960;1095;114780;False;CRO
22961;1096;116620;False;CRO
22962;1095;116675;False;CRO
22963;1096;116689;False;CRO
22964;1095;116744;False;CRO
22965;1096;118181;True;CRO
22966;1095;118245;False;CRO
22967;1095;118405;False;CRO
22968;1095;119734;False;CRO
22969;1096;119751;False;CRO
22970;1095;121232;False;CRO
22971;1096;121262;False;CRO
22972;1096;121347;False;CRO
22973;1096;122785;True;CRO
22974;1095;122855;True;CRO
22975;1096;123110;False;CRO
22976;7932;123122;False;CRO
22977;1095;123430;False;CRO
22978;7873;123430;False;CRO
22979;7876;123430;False;CRO
22980;1095;123443;False;CRO
22981;1096;123448;False;CRO
22982;7879;123467;False;CRO
22983;7879;123744;False;CRO
22984;7876;123744;False;CRO
22985;7873;123822;False;CRO
22986;1096;123878;False;CRO
22987;7931;123878;False;CRO
22988;1095;123878;False;CRO
22989;1096;124235;False;CRO
22990;1095;124235;False;CRO
22991;7882;124235;False;CRO
22992;1095;125017;False;CRO
22993;1096;125020;False;CRO
22994;7882;125020;False;CRO
22995;1096;125461;True;CRO
22996;1095;125461;True;CRO
22997;1095;126344;False;CRO
22998;1095;126842;False;CRO
22999;1096;126861;False;CRO
23000;1096;128287;False;CRO
23001;1095;128393;False;CRO
23002;1096;130257;False;CRO
23003;1095;130430;True;CRO
23004;1096;130838;True;CRO
23005;1096;131951;False;CRO
23006;1095;131974;False;CRO
23007;1096;132004;False;CRO
23008;1095;132030;False;CRO
23009;1096;132110;False;CRO
23010;1095;133670;False;CRO
23011;1095;133700;False;CRO
23012;1096;133733;False;CRO
23013;1095;135109;True;CRO
23014;1096;135516;False;CRO
23015;1096;135550;False;CRO
23016;1095;135890;False;CRO
23017;1096;136476;True;CRO
23018;1095;136476;True;CRO
23019;1096;136993;False;CRO
23020;1095;136993;False;CRO
23021;1095;137085;False;CRO
23022;1096;137332;False;CRO
23023;1095;137332;False;CRO
23024;9401;137343;False;CRO
23025;7874;137416;False;CRO
23026;7880;137426;False;CRO
23027;7877;137426;False;CRO
23028;7877;137732;False;CRO
23029;7880;137732;False;CRO
23030;7874;137732;False;CRO
23031;1095;137818;False;CRO
23032;1096;138101;True;CRO
23033;1095;138257;True;CRO
23034;1095;138612;False;CRO
23035;1096;138626;False;CRO
23036;1096;139606;False;CRO
23037;1095;139620;False;CRO
23038;1095;140118;False;CRO
23039;1096;140150;False;CRO
23040;1096;141564;False;CRO
23041;1095;141567;False;CRO
23042;1096;142010;False;CRO
23043;1096;142914;True;CRO
23044;1095;142914;True;CRO
23045;1095;143721;True;CRO
23046;1096;143721;True;CRO
23047;1095;144302;False;CRO
23048;1095;144924;False;CRO
23049;1096;145632;False;CRO
23050;1095;146010;False;CRO
23051;1096;147048;True;CRO
23052;1095;147547;True;CRO
23053;1096;149142;False;CRO
23054;1095;149142;False;CRO
23055;1096;149218;False;CRO
23056;1095;149584;False;CRO
23057;1096;150263;True;CRO
23058;1095;150263;True;CRO
23059;1096;150814;False;CRO
23060;1095;150814;False;CRO
23061;1095;151086;False;CRO
23062;1096;152192;True;CRO
23063;1095;152192;True;CRO
23064;1095;152809;False;CRO
23065;1096;153565;False;CRO
23066;1095;153565;False;CRO
23067;1096;154702;False;CRO
23068;1095;154704;False;CRO
23069;1096;155138;False;CRO
23070;1095;156199;False;CRO
23071;1096;156886;True;CRO
23072;1095;156899;True;CRO
23073;1095;157501;False;CRO
23074;1096;158390;False;CRO
23075;1095;158964;False;CRO
23076;1096;159952;False;CRO
23077;1096;160114;False;CRO
23078;1096;161079;True;CRO
23079;1095;161089;True;CRO
23080;1095;161725;False;CRO
23081;7868;161725;False;CRO
23082;1096;161727;False;CRO
23083;1096;162483;False;CRO
23084;7868;162493;False;CRO
23085;1095;162519;False;CRO
23086;1095;163076;True;CRO
23087;1096;163076;True;CRO
23088;1096;163875;False;CRO
23089;1095;163881;False;CRO
23090;1096;164465;False;CRO
23091;1095;164465;False;CRO
23092;1095;165710;False;CRO
23093;1095;165800;False;CRO
23094;1096;166828;False;CRO
23095;1096;167119;False;CRO
23096;1095;168236;False;CRO
23097;1096;168260;False;CRO
23098;1095;168292;False;CRO
23099;1096;169328;True;CRO
23100;1095;169557;True;CRO
23101;1095;170664;False;CRO
23102;1096;171257;False;CRO
23103;1095;172837;False;CRO
23104;1096;172837;False;CRO
23105;1096;173451;False;CRO
23106;1095;174519;True;CRO
23107;1096;174519;True;CRO
23108;1095;175088;True;CRO
23109;1096;175088;True;CRO
23110;1095;176220;False;CRO
23111;1095;176350;False;CRO
23112;1096;177259;False;CRO
23113;1095;178662;True;CRO
23114;1096;179672;False;CRO
23115;1096;179802;False;CRO
23116;1096;180822;True;CRO
23117;1095;180826;False;CRO
23118;1095;181052;False;CRO
23119;1096;182225;False;CRO
23120;1095;183236;False;CRO
23121;1096;184406;False;CRO
23122;1096;184654;False;CRO
23123;1095;185487;False;CRO
23124;1096;185487;False;CRO
23125;1594;185643;False;CRO
23126;1095;185988;False;CRO
23127;1095;186729;False;CRO
23128;1592;186766;False;CRO
23129;1095;187123;False;CRO
23130;1096;187123;True;CRO
23131;1095;188480;False;CRO
23132;1095;189090;False;CRO
23133;1096;189717;False;CRO
23134;1095;191285;False;CRO
23135;1096;192363;True;CRO
23136;1095;192546;True;CRO
23137;1096;193110;False;CRO
23138;1095;193280;False;CRO
23139;1096;194202;False;CRO
23140;1096;194893;False;CRO
23141;1095;195297;False;CRO
23142;1095;197070;False;CRO
23143;1096;197169;False;CRO
23144;1096;197199;False;CRO
23145;1096;198320;True;CRO
23146;1095;198320;True;CRO
23147;1095;199065;False;CRO
23148;1593;199065;False;CRO
23149;1096;199065;False;CRO
23150;1095;199780;False;CRO
23151;1593;199780;False;CRO
23152;1095;200295;False;CRO
23153;1096;200313;True;CRO
23154;1095;200340;False;CRO
23155;1095;201550;True;CRO
23156;1096;202466;True;CRO
23157;1095;202498;False;CRO
23158;1095;202889;False;CRO
23159;1096;203435;False;CRO
23160;1095;204241;False;CRO
23161;1095;204282;False;CRO
23162;1096;204877;False;CRO
23163;1096;204933;False;CRO
23164;1095;205762;False;CRO
23165;1096;206252;False;CRO
23166;1096;206439;False;CRO
23167;1096;207164;True;CRO
23168;1095;207164;True;CRO
23169;1096;207842;False;CRO
23170;1095;207842;False;CRO
23171;1096;208117;False;CRO
23172;7875;208117;True;CRO
23173;1095;208119;False;CRO
23174;1096;208439;False;CRO
23175;1095;208439;True;CRO
23176;1096;208966;False;CRO
23177;1095;208966;False;CRO
23178;1095;209755;True;CRO
23179;1096;209755;True;CRO
23180;1095;210504;False;CRO
23181;1095;211214;False;CRO
23182;1096;211214;False;CRO
23183;1096;211406;False;CRO
23184;1095;211974;False;CRO
23185;1096;212570;False;CRO
23186;1096;212626;False;CRO
23187;1095;213305;False;CRO
23188;1095;213638;False;CRO
23189;1096;214270;False;CRO
23190;1096;214637;True;CRO
23191;1095;214667;True;CRO
23192;1095;214951;False;CRO
23193;1096;215714;False;CRO
23194;1096;216077;False;CRO
23195;1095;216088;False;CRO
23196;1095;217007;False;CRO
23197;1095;217605;False;CRO
23198;1095;218105;False;CRO
23199;1096;218242;False;CRO
23200;1096;219021;False;CRO
23201;1096;219301;True;CRO
23202;1095;219301;True;CRO
23203;1096;220028;False;CRO
23204;7870;220032;False;CRO
23205;7870;220457;False;CRO
23206;1095;220457;False;CRO
23207;1096;220457;False;CRO
23208;1096;220721;True;CRO
23209;1095;220721;True;CRO
23210;1096;221921;False;CRO
23211;1095;221921;False;CRO
23212;1095;222025;False;CRO
23213;1096;223575;True;CRO
23214;1095;223902;True;CRO
23215;1096;224575;False;CRO
23216;1096;225236;False;CRO
23217;1095;225258;False;CRO
23218;1095;225460;False;CRO
23219;1095;226700;False;CRO
23220;1096;226878;False;CRO
23221;1095;226955;False;CRO
23222;1096;227062;False;CRO
23223;1095;228456;True;CRO
23224;1096;228462;True;CRO
23225;1096;228868;True;CRO
23226;1095;228868;True;CRO
23227;1095;229578;False;CRO
23228;1096;230073;False;CRO
23229;1095;230075;False;CRO
23230;1096;230215;False;CRO
23231;1095;230954;True;CRO
23232;1095;231333;False;CRO
23233;1096;231431;True;CRO
23234;1096;231797;False;CRO
23235;1095;232494;False;CRO
23236;1095;232574;False;CRO
23237;1096;232897;False;CRO
23238;1096;233257;False;CRO
23239;1096;233834;False;CRO
23240;1095;233858;False;CRO
23241;1096;234770;True;CRO
23242;1095;234770;True;CRO
23243;1096;235645;False;CRO
23244;7881;235645;False;CRO
23245;1095;235645;False;CRO
23246;7881;235710;False;CRO
23247;1095;235710;False;CRO
23248;1096;235710;False;CRO
23249;7871;235890;False;CRO
23250;1096;235890;False;CRO
23251;7871;236163;False;CRO
23252;1095;236163;False;CRO
23253;7933;72929;False;CRO
23254;7933;73428;False;CRO
23255;7934;76903;False;CRO
23256;7934;77316;False;CRO
23257;7935;81995;False;CRO
23258;7935;82519;False;CRO
23259;7936;87863;False;CRO
23260;7936;88248;False;CRO
23261;7937;96190;False;CRO
23262;7937;96540;False;CRO
23263;1596;4837;True;CRO
23264;1105;4837;True;CRO
23265;1103;5075;True;CRO
23266;1595;5080;True;CRO
23267;1105;5897;True;CRO
23268;1596;5897;True;CRO
23269;1103;6393;True;CRO
23270;1595;6396;True;CRO
23271;1105;6497;False;CRO
23272;1105;7150;True;CRO
23273;7942;7150;True;CRO
23274;1103;7486;False;CRO
23275;7942;7965;False;CRO
23276;1103;7965;False;CRO
23277;1105;7986;False;CRO
23278;1103;8156;False;CRO
23279;7942;8796;True;CRO
23280;1103;8796;True;CRO
23281;7942;9490;True;CRO
23282;1105;9490;True;CRO
23283;7942;10230;False;CRO
23284;1103;10230;False;CRO
23285;1105;10230;False;CRO
23286;1105;10716;False;CRO
23287;1105;11160;False;CRO
23288;7942;11160;False;CRO
23289;1105;11585;True;CRO
23290;7942;11585;True;CRO
23291;1103;11585;True;CRO
23292;1105;12240;True;CRO
23293;1103;12435;True;CRO
23294;1103;13166;False;CRO
23295;1105;13280;False;CRO
23296;1105;13810;False;CRO
23297;1103;14105;False;CRO
23298;1103;14332;False;CRO
23299;1103;14890;False;CRO
23300;1105;15510;False;CRO
23301;1103;16540;True;CRO
23302;1105;17060;True;CRO
23303;1103;17863;False;CRO
23304;1105;19340;False;CRO
23305;1105;19947;False;CRO
23306;1103;19968;False;CRO
23307;1103;21072;False;CRO
23308;1105;21072;False;CRO
23309;1103;21945;True;CRO
23310;1105;21945;True;CRO
23311;1105;22918;False;CRO
23312;1103;22918;False;CRO
23313;1105;23593;False;CRO
23314;1103;23622;False;CRO
23315;1105;24017;False;CRO
23316;1105;24754;False;CRO
23317;1103;24760;False;CRO
23318;1103;24867;False;CRO
23319;1105;25450;True;CRO
23320;1103;26083;False;CRO
23321;1103;26126;False;CRO
23322;1105;26136;False;CRO
23323;1103;26631;False;CRO
23324;1103;27210;True;CRO
23325;1103;27456;False;CRO
23326;1105;27460;True;CRO
23327;1105;28518;False;CRO
23328;1103;28780;False;CRO
23329;1103;28830;False;CRO
23330;1105;29557;False;CRO
23331;1103;30918;False;CRO
23332;1105;31640;False;CRO
23333;1103;32650;True;CRO
23334;1105;33360;True;CRO
23335;1103;34690;False;CRO
23336;1105;35302;False;CRO
23337;1103;35790;False;CRO
23338;1105;36000;False;CRO
23339;1103;36477;False;CRO
23340;1105;37742;True;CRO
23341;1103;38149;True;CRO
23342;1105;39776;False;CRO
23343;1105;39810;False;CRO
23344;1103;40195;True;CRO
23345;1105;41065;True;CRO
23346;1103;41069;False;CRO
23347;1103;41458;False;CRO
23348;7943;41558;False;CRO
23349;1105;41737;False;CRO
23350;7943;41737;False;CRO
23351;1103;41884;False;CRO
23352;1105;42220;True;CRO
23353;1103;42230;True;CRO
23354;1103;42980;False;CRO
23355;1103;44390;False;CRO
23356;1105;44390;False;CRO
23357;1103;44580;False;CRO
23358;1105;46857;True;CRO
23359;1103;47065;True;CRO
23360;1105;49290;False;CRO
23361;1103;49413;False;CRO
23362;1105;49710;False;CRO
23363;1105;50890;False;CRO
23364;1103;51390;False;CRO
23365;1103;51446;False;CRO
23366;1105;52310;True;CRO
23367;1103;52875;True;CRO
23368;1103;53481;False;CRO
23369;1105;54527;False;CRO
23370;1103;55909;False;CRO
23371;1105;56215;True;CRO
23372;1103;57190;True;CRO
23373;1105;58740;False;CRO
23374;1103;59658;False;CRO
23375;1105;60595;False;CRO
23376;1105;60855;False;CRO
23377;1105;62135;True;CRO
23378;1103;62135;True;CRO
23379;1103;62645;False;CRO
23380;7946;62678;False;CRO
23381;1105;62779;False;CRO
23382;1103;62793;False;CRO
23383;7946;63435;False;CRO
23384;7944;63450;False;CRO
23385;1103;63467;False;CRO
23386;1105;64326;True;CRO
23387;1103;66038;True;CRO
23388;1105;66205;False;CRO
23389;1105;68713;True;CRO
23390;1103;68765;False;CRO
23391;1105;71150;False;CRO
23392;1103;71550;True;CRO
23393;1105;73807;True;CRO
23394;1103;74150;False;CRO
23395;1103;74490;False;CRO
23396;1105;76608;True;CRO
23397;1103;76940;True;CRO
23398;1105;79400;True;CRO
23399;1103;79590;True;CRO
23400;1105;82110;False;CRO
23401;1103;82390;False;CRO
23402;1105;84436;True;CRO
23403;1103;84795;True;CRO
23404;1105;86759;False;CRO
23405;1103;86795;False;CRO
23406;1105;89410;True;CRO
23407;1103;89418;False;CRO
23408;1103;91898;True;CRO
23409;1105;92014;True;CRO
23410;1103;93904;True;CRO
23411;1105;94208;True;CRO
23412;7948;94277;False;CRO
23413;7948;95007;False;CRO
23414;1103;95032;False;CRO
23415;1105;95968;True;CRO
23416;1103;97585;True;CRO
23417;1105;98175;False;CRO
23418;1105;100383;False;CRO
23419;1103;100459;False;CRO
23420;1103;102287;True;CRO
23421;1105;102291;True;CRO
23422;1103;104212;False;CRO
23423;1105;105043;False;CRO
23424;1103;105562;True;CRO
23425;1103;107115;False;CRO
23426;1105;107120;True;CRO
23427;1103;109005;False;CRO
23428;1105;109620;False;CRO
23429;1103;109970;False;CRO
23430;1103;110947;False;CRO
23431;1103;111303;True;CRO
23432;1105;111683;True;CRO
23433;1103;112315;False;CRO
23434;1105;112400;False;CRO
23435;1103;112973;True;CRO
23436;1105;112973;True;CRO
23437;1103;114204;False;CRO
23438;1105;114458;False;CRO
23439;1103;114473;False;CRO
23440;1103;116040;True;CRO
23441;1103;116240;False;CRO
23442;1105;116240;False;CRO
23443;1105;116627;False;CRO
23444;1105;117456;False;CRO
23445;1105;117967;True;CRO
23446;1103;117979;True;CRO
23447;1103;118520;True;CRO
23448;1105;118520;True;CRO
23449;1103;119210;False;CRO
23450;1105;119910;False;CRO
23451;1103;120461;False;CRO
23452;1103;120556;False;CRO
23453;1105;120556;False;CRO
23454;1103;122590;True;CRO
23455;1105;122915;True;CRO
23456;1103;124800;False;CRO
23457;1105;125160;False;CRO
23458;1105;125200;False;CRO
23459;1105;126588;True;CRO
23460;1103;126588;True;CRO
23461;1105;127314;True;CRO
23462;1103;127756;True;CRO
23463;1105;127970;True;CRO
23464;1105;128072;False;CRO
23465;1103;128335;False;CRO
23466;1103;128440;False;CRO
23467;7940;129040;False;CRO
23468;1105;129041;False;CRO
23469;1105;129044;True;CRO
23470;1103;129338;True;CRO
23471;7940;129340;True;CRO
23472;1103;129990;False;CRO
23473;1105;129990;False;CRO
23474;7940;130001;False;CRO
23475;1105;130036;False;CRO
23476;1103;130036;False;CRO
23477;7940;130062;False;CRO
23478;7965;130298;True;CRO
23479;7949;130298;True;CRO
23480;1105;130342;True;CRO
23481;7947;130342;True;CRO
23482;1103;130342;True;CRO
23483;7965;130705;False;CRO
23484;7949;130705;False;CRO
23485;1103;130779;False;CRO
23486;7941;130781;False;CRO
23487;7947;130781;False;CRO
23488;1105;130781;True;CRO
23489;1103;130913;True;CRO
23490;1105;130913;True;CRO
23491;1103;131180;True;CRO
23492;1105;131180;True;CRO
23493;1105;131562;False;CRO
23494;1103;131568;False;CRO
23495;1103;132230;False;CRO
23496;1105;132230;False;CRO
23497;1103;132668;False;CRO
23498;1105;132668;False;CRO
23499;1105;132718;False;CRO
23500;1105;133656;True;CRO
23501;1103;133656;True;CRO
23502;7959;137759;False;CRO
23503;7959;138358;False;CRO
23504;7960;143380;False;CRO
23505;7960;144018;False;CRO
23506;7963;187454;False;CRO
23507;7963;187912;False;CRO
23508;7964;211710;False;CRO
23509;7964;212149;False;CRO
23510;1104;233082;True;CRO
23511;1106;233082;True;CRO
23512;1104;233473;False;CRO
23513;1106;233921;True;CRO
23514;1104;234403;True;CRO
23515;1106;234510;False;CRO
23516;1106;235210;True;CRO
23517;1106;235210;False;CRO
23518;1104;235758;False;CRO
23519;1106;236277;False;CRO
23520;1104;237421;True;CRO
23521;1106;237468;True;CRO
23522;1104;238643;False;CRO
23523;1106;238654;False;CRO
23524;1104;239015;False;CRO
23525;1104;239605;True;CRO
23526;1106;239617;True;CRO
23527;7945;239617;True;CRO
23528;7951;271682;False;CRO
23529;7953;290738;False;CRO
23530;7954;306726;False;CRO
23531;7954;307235;False;CRO
23532;7956;340030;False;CRO
23533;7957;360006;False;CRO
23534;1108;1352;True;CRO
23535;1109;1634;True;CRO
23536;1109;2050;True;CRO
23537;1108;2420;True;CRO
23538;1109;2421;True;CRO
23539;1109;2790;False;CRO
23540;1108;3099;False;CRO
23541;1109;3465;True;CRO
23542;1108;3666;True;CRO
23543;1112;1710;True;CRO
23544;1113;1710;True;CRO
23545;1113;2887;False;CRO
23546;1112;2887;False;CRO
23547;1112;2943;False;CRO
23548;1113;2943;False;CRO
23549;1113;4702;False;CRO
23550;1112;4704;False;CRO
23551;1112;4760;False;CRO
23552;1113;4760;False;CRO
23553;1112;6910;False;CRO
23554;1113;6910;False;CRO
23555;1112;7621;True;CRO
23556;1113;7621;True;CRO
23557;1112;8810;False;CRO
23558;1113;8810;False;CRO
23559;1112;8984;True;CRO
23560;1113;8984;True;CRO
23561;1112;9337;False;CRO
23562;1113;9337;False;CRO
23563;1113;10252;True;CRO
23564;1112;10252;False;CRO
23565;1113;10946;True;CRO
23566;1112;11710;True;CRO
23567;1112;13266;False;CRO
23568;1112;14230;False;CRO
23569;1113;15850;False;CRO
23570;1112;16560;False;CRO
23571;1113;18613;True;CRO
23572;1112;19240;True;CRO
23573;1113;19980;False;CRO
23574;8015;26266;False;CRO
23575;8015;27076;False;CRO
23576;8016;35996;False;CRO
23577;8016;36782;False;CRO
23578;8014;47963;False;CRO
23579;8021;79153;False;CRO
23580;9459;79782;True;CRO
23581;8021;79789;True;CRO
23582;1114;6866;False;CRO
23583;1115;7520;True;CRO
23584;1115;9020;True;CRO
23585;1114;9192;True;CRO
23586;1115;12570;False;CRO
23587;1114;14215;True;CRO
23588;1114;18110;False;CRO
23589;1114;18575;False;CRO
23590;1114;22158;True;CRO
23591;1114;24184;False;CRO
23592;1115;27930;True;CRO
23593;1114;34450;True;CRO
23594;1115;38130;True;CRO
23595;1114;39632;True;CRO
23596;1115;43378;True;CRO
23597;1114;47690;False;CRO
23598;1114;48026;False;CRO
23599;1114;48980;True;CRO
23600;1115;49282;True;CRO
23601;1114;49882;True;CRO
23602;1115;49882;True;CRO
23603;1118;134020;True;CRO
23604;1117;135390;True;CRO
23605;1118;135435;False;CRO
23606;1117;136095;False;CRO
23607;1118;136730;False;CRO
23608;1117;137180;False;CRO
23609;1118;139372;True;CRO
23610;1117;139571;False;CRO
23611;1117;141498;True;CRO
23612;9463;141765;True;CRO
23613;1118;141831;True;CRO
23614;1119;715;False;CRO
23615;1119;747;False;CRO
23616;1119;2405;True;CRO
23617;1119;5523;False;CRO
23618;1119;7860;True;CRO
23619;1119;11380;False;CRO
23620;1119;12440;True;CRO
23621;1119;12797;False;CRO
23622;1119;13985;False;CRO
23623;1119;14576;True;CRO
23624;1119;15635;False;CRO
23625;1119;16516;True;CRO
23626;1119;17246;False;CRO
23627;1119;18389;True;CRO
23628;1119;18827;False;CRO
23629;1119;31151;True;CRO
23630;1119;32418;False;CRO
23631;1119;33113;False;CRO
23632;1119;35168;True;CRO
23633;1119;52085;True;CRO
23634;1119;52630;False;CRO
23635;1119;53425;True;CRO
23636;1119;54136;True;CRO
23637;1119;55210;False;CRO
23638;1119;55704;True;CRO
23639;1119;72185;False;CRO
23640;1119;72433;True;CRO
23641;1119;73180;False;CRO
23642;1119;73897;True;CRO
23643;1119;75394;True;CRO
23644;1119;76553;False;CRO
23645;1119;85857;True;CRO
23646;1119;86893;False;CRO
23647;1119;87683;True;CRO
23648;1119;90255;False;CRO
23649;1119;95444;True;CRO
23650;1119;96900;False;CRO
23651;1119;97610;False;CRO
23652;1119;98930;True;CRO
23653;1119;106761;False;CRO
23654;1119;107419;True;CRO
23655;1121;108752;True;CRO
23656;1120;109303;True;CRO
23657;1122;1206;False;CRO
23658;1122;1422;False;CRO
23659;1122;2751;True;CRO
23660;1122;3468;False;CRO
23661;1122;4423;True;CRO
23662;8038;240207;True;CRO
23663;8035;240207;True;CRO
23664;1123;240207;True;CRO
23665;1123;240790;True;CRO
23666;1123;240890;False;CRO
23667;1123;242160;True;CRO
23668;1123;245133;True;CRO
23669;1123;246381;False;CRO
23670;1123;247176;False;CRO
23671;1123;248860;True;CRO
23672;1123;254662;False;CRO
23673;1123;255639;True;CRO
23674;1123;256066;False;CRO
23675;8042;256066;False;CRO
23676;1123;256549;False;CRO
23677;8042;256580;False;CRO
23678;1123;256820;True;CRO
23679;1123;258005;False;CRO
23680;1123;264420;True;CRO
23681;1123;265647;False;CRO
23682;1123;265701;False;CRO
23683;1123;266224;False;CRO
23684;8039;266271;False;CRO
23685;8039;266696;False;CRO
23686;8036;266706;True;CRO
23687;1123;266767;True;CRO
23688;1123;267386;False;CRO
23689;1123;267435;False;CRO
23690;1123;268230;True;CRO
23691;1123;269100;False;CRO
23692;1123;274181;True;CRO
23693;1123;275385;False;CRO
23694;1123;276084;False;CRO
23695;1123;277294;True;CRO
23696;1123;280495;True;CRO
23697;1123;282193;False;CRO
23698;1123;282872;False;CRO
23699;1123;284345;True;CRO
23700;1123;291576;True;CRO
23701;1123;293164;False;CRO
23702;1123;293870;False;CRO
23703;1123;295380;True;CRO
23704;1123;298988;True;CRO
23705;1124;303123;True;CRO
23706;1124;303610;False;CRO
23707;1124;303815;True;CRO
23708;1124;304379;True;CRO
23709;8046;304385;False;CRO
23710;1124;304946;True;CRO
23711;8046;304959;True;CRO
23712;1124;305532;True;CRO
23713;1124;306775;False;CRO
23714;1124;308805;True;CRO
23715;1124;309977;True;CRO
23716;1124;310643;True;CRO
23717;1124;311910;True;CRO
23718;1124;319190;False;CRO
23719;1124;320188;True;CRO
23720;1124;320748;True;CRO
23721;8048;320756;False;CRO
23722;1124;321520;False;CRO
23723;8048;321520;True;CRO
23724;1124;321754;True;CRO
23725;1124;323190;False;CRO
23726;1124;327140;True;CRO
23727;1124;328140;False;CRO
23728;1124;328190;False;CRO
23729;1124;330140;False;CRO
23730;1124;333400;False;CRO
23731;1124;334373;True;CRO
23732;8049;335039;True;CRO
23733;1124;335039;False;CRO
23734;1124;335680;False;CRO
23735;8049;335680;False;CRO
23736;1124;335910;True;CRO
23737;1124;337263;False;CRO
23738;1124;342588;True;CRO
23739;1124;343610;False;CRO
23740;1124;343660;False;CRO
23741;1124;344860;False;CRO
23742;1124;346885;True;CRO
23743;1124;347738;False;CRO
23744;1124;347784;False;CRO
23745;8050;348595;True;CRO
23746;1124;348595;True;CRO
23747;8040;348600;True;CRO
23748;8037;348600;True;CRO
23749;1125;307472;True;CRO
23750;1126;842;True;CRO
23751;1127;37136;True;CRO
23752;1127;37846;False;CRO
23753;1127;38110;True;CRO
23754;1127;39677;False;CRO
23755;1127;51661;False;CRO
23756;1127;65221;False;CRO
23757;1129;734;True;CRO
23758;1128;831;True;CRO
23759;1129;1500;False;CRO
23760;1128;1892;False;CRO
23761;1129;2025;True;CRO
23762;1129;2522;True;CRO
23763;1128;3558;True;CRO
23764;1129;3655;True;CRO
23765;1129;5610;True;CRO
23766;1128;5615;True;CRO
23767;1129;7836;False;CRO
23768;1128;7947;True;CRO
23769;1129;10125;False;CRO
23770;1128;10182;False;CRO
23771;1128;12220;True;CRO
23772;1129;12575;True;CRO
23773;1129;14645;False;CRO
23774;1128;14790;False;CRO
23775;1129;16333;False;CRO
23776;1128;17392;False;CRO
23777;1129;18271;False;CRO
23778;1128;19864;False;CRO
23779;1129;20020;False;CRO
23780;1129;21515;True;CRO
23781;1128;21857;True;CRO
23782;8057;22124;True;CRO
23783;8057;22866;True;CRO
23784;1129;23518;True;CRO
23785;1128;24580;True;CRO
23786;1129;25674;False;CRO
23787;1128;27206;False;CRO
23788;1129;27870;False;CRO
23789;1128;29692;True;CRO
23790;1129;30510;True;CRO
23791;1128;32178;True;CRO
23792;8054;32730;True;CRO
23793;1128;32730;True;CRO
23794;1129;32730;True;CRO
23795;8052;32730;True;CRO
23796;8052;33495;False;CRO
23797;1129;33510;True;CRO
23798;1128;33510;True;CRO
23799;8054;33510;False;CRO
23800;1129;34110;True;CRO
23801;1128;34110;True;CRO
23802;1128;34915;False;CRO
23803;1129;35530;False;CRO
23804;1128;35530;False;CRO
23805;1128;36366;True;CRO
23806;1129;37740;False;CRO
23807;1128;38685;True;CRO
23808;1129;40199;False;CRO
23809;1129;40380;True;CRO
23810;1128;41414;False;CRO
23811;1129;42523;True;CRO
23812;1128;43810;True;CRO
23813;1129;44842;True;CRO
23814;1128;46248;True;CRO
23815;1129;47110;False;CRO
23816;1128;48529;True;CRO
23817;1129;49550;True;CRO
23818;1128;50790;True;CRO
23819;1129;52024;False;CRO
23820;1128;52782;False;CRO
23821;1129;53796;True;CRO
23822;1128;54614;False;CRO
23823;1128;54960;False;CRO
23824;1128;56818;True;CRO
23825;1129;57797;False;CRO
23826;1129;58117;False;CRO
23827;1129;58800;False;CRO
23828;1128;58971;False;CRO
23829;1129;59375;True;CRO
23830;1128;61114;True;CRO
23831;1129;61148;False;CRO
23832;1129;63188;False;CRO
23833;1128;63290;False;CRO
23834;1129;65304;True;CRO
23835;1128;65426;True;CRO
23836;1128;65626;False;CRO
23837;1129;65966;True;CRO
23838;1128;66870;True;CRO
23839;8053;67259;False;CRO
23840;8055;67401;True;CRO
23841;1129;67401;True;CRO
23842;8053;67585;True;CRO
23843;1129;68255;True;CRO
23844;1128;68283;True;CRO
23845;1133;16;True;CRO
23846;1133;24440;True;CRO
23847;1136;363;True;CRO
23848;1135;1013;True;CRO
23849;1135;1138;False;CRO
23850;1136;1384;True;CRO
23851;1135;1713;True;CRO
23852;8080;437;True;CRO
23853;1138;437;True;CRO
23854;8079;437;True;CRO
23855;8078;437;True;CRO
23856;1137;478;True;CRO
23857;1137;810;False;CRO
23858;1138;810;False;CRO
23859;1137;830;False;CRO
23860;1138;830;False;CRO
23861;1137;1240;True;CRO
23862;8068;1240;False;CRO
23863;8068;1260;False;CRO
23864;1138;1260;True;CRO
23865;8074;1260;True;CRO
23866;8068;1772;True;CRO
23867;1137;1772;False;CRO
23868;1137;2043;False;CRO
23869;8068;2084;False;CRO
23870;8074;2084;True;CRO
23871;1138;2094;False;CRO
23872;8068;2383;True;CRO
23873;1138;2463;False;CRO
23874;8074;2633;True;CRO
23875;8068;2757;False;CRO
23876;8068;2777;False;CRO
23877;8074;2777;False;CRO
23878;1138;2777;True;CRO
23879;1138;3025;False;CRO
23880;1138;3216;True;CRO
23881;1138;3323;False;CRO
23882;8068;3323;True;CRO
23883;1137;3327;True;CRO
23884;1138;3343;False;CRO
23885;8077;3538;True;CRO
23886;1138;3884;True;CRO
23887;1137;4454;True;CRO
23888;1138;4906;True;CRO
23889;1137;5785;False;CRO
23890;8076;6743;True;CRO
23891;1137;6913;True;CRO
23892;8076;8398;True;CRO
23893;1138;8398;True;CRO
23894;1137;8675;True;CRO
23895;1137;10380;True;CRO
23896;1138;10650;True;CRO
23897;1137;10973;False;CRO
23898;1138;12160;True;CRO
23899;1137;12709;True;CRO
23900;1138;13286;False;CRO
23901;1137;13843;False;CRO
23902;1138;14412;False;CRO
23903;1137;14981;False;CRO
23904;1138;15383;True;CRO
23905;1137;15988;True;CRO
23906;1138;16217;False;CRO
23907;1138;16310;False;CRO
23908;1137;16425;False;CRO
23909;8069;16425;True;CRO
23910;8075;16561;True;CRO
23911;1138;16579;False;CRO
23912;8075;17042;False;CRO
23913;8069;17062;False;CRO
23914;1137;17062;False;CRO
23915;8069;17195;True;CRO
23916;1137;17622;True;CRO
23917;1138;17622;True;CRO
23918;1137;18604;False;CRO
23919;1137;18927;False;CRO
23920;1138;19568;False;CRO
23921;1137;20178;False;CRO
23922;1138;21517;True;CRO
23923;1137;21773;False;CRO
23924;1137;23340;True;CRO
23925;1138;23510;True;CRO
23926;1138;24889;False;CRO
23927;1137;24890;False;CRO
23928;1138;24910;False;CRO
23929;1138;26264;True;CRO
23930;1137;26346;True;CRO
23931;1137;26754;True;CRO
23932;1137;27450;False;CRO
23933;1137;28255;False;CRO
23934;1138;28295;True;CRO
23935;1137;28962;True;CRO
23936;1138;29970;False;CRO
23937;1137;31225;True;CRO
23938;1138;31523;True;CRO
23939;1138;32540;False;CRO
23940;1138;32982;False;CRO
23941;1137;33370;False;CRO
23942;1138;34414;True;CRO
23943;1137;34427;False;CRO
23944;1137;35050;True;CRO
23945;1138;36260;False;CRO
23946;1137;36730;False;CRO
23947;1138;37567;False;CRO
23948;1137;38281;False;CRO
23949;1138;38557;False;CRO
23950;1138;38985;False;CRO
23951;1138;39810;True;CRO
23952;1137;39810;True;CRO
23953;1137;40393;True;CRO
23954;1138;40394;True;CRO
23955;1137;41488;False;CRO
23956;1138;41500;True;CRO
23957;1137;41764;True;CRO
23958;1138;42893;True;CRO
23959;1138;44076;False;CRO
23960;1138;44710;False;CRO
23961;1137;44926;False;CRO
23962;1138;46380;True;CRO
23963;1137;46796;False;CRO
23964;1137;47254;True;CRO
23965;1138;48384;False;CRO
23966;1137;48759;False;CRO
23967;1138;49470;False;CRO
23968;1138;50281;False;CRO
23969;1137;50704;True;CRO
23970;1138;50715;True;CRO
23971;1138;51127;True;CRO
23972;1137;51127;True;CRO
23973;1137;52279;False;CRO
23974;1138;52279;False;CRO
23975;1137;52590;False;CRO
23976;1138;54657;False;CRO
23977;1137;54768;False;CRO
23978;1138;54814;False;CRO
23979;1137;56401;True;CRO
23980;1138;56789;True;CRO
23981;1137;57997;False;CRO
23982;1138;58460;False;CRO
23983;1138;58561;False;CRO
23984;1138;59680;True;CRO
23985;1137;59761;True;CRO
23986;1138;60285;False;CRO
23987;1138;60873;False;CRO
23988;1137;60873;False;CRO
23989;1137;61595;False;CRO
23990;1138;61624;True;CRO
23991;8070;61796;True;CRO
23992;1137;61847;False;CRO
23993;1137;62849;True;CRO
23994;1138;63259;False;CRO
23995;1137;63540;False;CRO
23996;1138;64820;True;CRO
23997;1138;64947;False;CRO
23998;1137;64947;False;CRO
23999;1138;65983;False;CRO
24000;1138;66297;True;CRO
24001;1137;66302;True;CRO
24002;1138;66662;False;CRO
24003;8164;66737;True;CRO
24004;8071;66737;False;CRO
24005;8087;66737;False;CRO
24006;1137;66737;False;CRO
24007;8073;66778;False;CRO
24008;1138;67114;False;CRO
24009;8071;67187;False;CRO
24010;1137;67191;False;CRO
24011;8087;67202;False;CRO
24012;8073;67383;False;CRO
24013;1138;67510;True;CRO
24014;1138;68293;True;CRO
24015;1137;68476;True;CRO
24016;1138;69628;False;CRO
24017;1137;70001;False;CRO
24018;1138;71493;False;CRO
24019;1137;71550;False;CRO
24020;1137;73492;True;CRO
24021;1138;73845;True;CRO
24022;1137;75349;False;CRO
24023;1138;76199;True;CRO
24024;1137;77228;True;CRO
24025;1138;78558;True;CRO
24026;1137;79532;True;CRO
24027;1138;81007;True;CRO
24028;1137;81737;False;CRO
24029;1138;83447;True;CRO
24030;1137;83948;True;CRO
24031;1138;85616;True;CRO
24032;1137;86009;True;CRO
24033;1138;88102;True;CRO
24034;1137;88257;True;CRO
24035;1137;90420;True;CRO
24036;1138;90722;True;CRO
24037;1138;93472;False;CRO
24038;1137;94055;False;CRO
24039;1138;96026;True;CRO
24040;1137;96222;True;CRO
24041;1137;98139;False;CRO
24042;1138;98767;True;CRO
24043;1137;100019;True;CRO
24044;8081;100743;True;CRO
24045;1138;100814;False;CRO
24046;1138;101498;False;CRO
24047;1137;101553;True;CRO
24048;8081;101553;True;CRO
24049;1138;102230;True;CRO
24050;1137;103237;True;CRO
24051;1138;104309;True;CRO
24052;1137;105675;False;CRO
24053;1138;106527;False;CRO
24054;1137;107678;False;CRO
24055;1138;108705;False;CRO
24056;1137;110063;True;CRO
24057;1138;110471;True;CRO
24058;1138;112271;False;CRO
24059;1137;112504;False;CRO
24060;1138;114180;False;CRO
24061;1137;114888;False;CRO
24062;1138;116114;True;CRO
24063;1137;117616;True;CRO
24064;1138;118123;False;CRO
24065;1138;119915;True;CRO
24066;1137;120340;True;CRO
24067;1138;122257;False;CRO
24068;1137;122708;True;CRO
24069;1138;124112;True;CRO
24070;1137;125136;False;CRO
24071;1138;126091;False;CRO
24072;1137;127571;True;CRO
24073;1138;128085;True;CRO
24074;1138;129690;False;CRO
24075;1137;131833;False;CRO
24076;1138;132107;False;CRO
24077;1137;133599;True;CRO
24078;1138;133926;True;CRO
24079;1137;134925;False;CRO
24080;8082;135430;True;CRO
24081;1138;135430;False;CRO
24082;8082;135874;True;CRO
24083;1137;135874;False;CRO
24084;9154;135874;True;CRO
24085;1137;136345;True;CRO
24086;1138;136345;True;CRO
24087;1138;137412;False;CRO
24088;1137;137418;True;CRO
24089;1137;138117;False;CRO
24090;1138;138117;False;CRO
24091;1138;139430;False;CRO
24092;1137;139430;False;CRO
24093;1137;139851;False;CRO
24094;1138;139852;True;CRO
24095;1137;141497;False;CRO
24096;1138;141497;False;CRO
24097;1138;141746;False;CRO
24098;1137;141746;False;CRO
24099;1137;143357;True;CRO
24100;1138;143363;True;CRO
24101;1138;143940;True;CRO
24102;1137;143942;True;CRO
24103;1138;145359;False;CRO
24104;1137;145359;False;CRO
24105;1137;145795;False;CRO
24106;1138;145795;False;CRO
24107;1138;147231;False;CRO
24108;1137;147231;False;CRO
24109;1137;147533;False;CRO
24110;1138;147533;False;CRO
24111;1137;148447;False;CRO
24112;1138;148447;False;CRO
24113;1137;149145;False;CRO
24114;1138;149145;False;CRO
24115;1137;149771;True;CRO
24116;1138;149771;True;CRO
24117;1138;151551;False;CRO
24118;1138;151609;False;CRO
24119;1137;151658;False;CRO
24120;1137;151716;False;CRO
24121;1137;153606;False;CRO
24122;1137;153664;False;CRO
24123;1138;153766;False;CRO
24124;1138;153827;False;CRO
24125;1137;155448;False;CRO
24126;1137;155496;False;CRO
24127;1138;155638;False;CRO
24128;1138;155696;False;CRO
24129;1137;157420;False;CRO
24130;1138;157420;False;CRO
24131;1137;157674;True;CRO
24132;1138;157693;True;CRO
24133;1138;158837;False;CRO
24134;1137;158937;True;CRO
24135;1138;158937;True;CRO
24136;8088;159493;True;CRO
24137;1137;159525;False;CRO
24138;1138;159525;False;CRO
24139;1137;160228;False;CRO
24140;1138;160228;False;CRO
24141;8088;160241;True;CRO
24142;1138;160704;True;CRO
24143;1137;160704;True;CRO
24144;8083;161479;True;CRO
24145;1138;161479;False;CRO
24146;1137;161479;False;CRO
24147;1137;161821;True;CRO
24148;1138;161831;True;CRO
24149;1137;162561;False;CRO
24150;1138;162622;False;CRO
24151;1138;163422;False;CRO
24152;1137;163502;False;CRO
24153;1137;163748;False;CRO
24154;1137;164553;False;CRO
24155;1138;164618;False;CRO
24156;1138;164969;False;CRO
24157;1137;164984;False;CRO
24158;1137;165994;False;CRO
24159;1138;166024;False;CRO
24160;1138;166245;False;CRO
24161;1137;166345;False;CRO
24162;1137;167364;False;CRO
24163;1138;167368;False;CRO
24164;1138;168019;True;CRO
24165;1137;168052;True;CRO
24166;1138;169078;False;CRO
24167;1137;169164;False;CRO
24168;1138;169944;False;CRO
24169;1137;170037;False;CRO
24170;1138;170236;False;CRO
24171;1137;170236;False;CRO
24172;1137;171495;True;CRO
24173;1138;171495;True;CRO
24174;1138;172008;True;CRO
24175;1137;172013;False;CRO
24176;8761;172013;False;CRO
24177;1138;172668;False;CRO
24178;1137;172755;False;CRO
24179;8761;172763;False;CRO
24180;1138;173646;True;CRO
24181;1137;173714;True;CRO
24182;1137;174202;False;CRO
24183;1138;174202;False;CRO
24184;1138;175277;False;CRO
24185;1137;175347;False;CRO
24186;1137;176092;False;CRO
24187;1138;176134;False;CRO
24188;1138;176850;False;CRO
24189;1137;176905;False;CRO
24190;1138;178163;False;CRO
24191;1137;178214;False;CRO
24192;1137;179687;False;CRO
24193;1138;179767;False;CRO
24194;1137;180374;True;CRO
24195;1138;180374;True;CRO
24196;1138;181395;False;CRO
24197;1137;181395;False;CRO
24198;1138;182538;False;CRO
24199;1137;182538;False;CRO
24200;1137;183274;False;CRO
24201;1138;183312;False;CRO
24202;1138;184081;True;CRO
24203;1137;184157;True;CRO
24204;1137;184568;False;CRO
24205;1137;185411;False;CRO
24206;1138;185474;False;CRO
24207;1138;185861;False;CRO
24208;1137;185891;False;CRO
24209;1137;186282;False;CRO
24210;1138;186282;False;CRO
24211;1137;187131;False;CRO
24212;1138;187131;False;CRO
24213;1137;187473;True;CRO
24214;1138;187475;True;CRO
24215;1137;188588;True;CRO
24216;1138;188588;True;CRO
24217;1137;189013;False;CRO
24218;1137;189033;False;CRO
24219;1138;189033;False;CRO
24220;1137;189585;True;CRO
24221;1138;189585;True;CRO
24222;1137;190007;True;CRO
24223;1138;190007;True;CRO
24224;1137;190204;False;CRO
24225;1138;190204;False;CRO
24226;1137;190260;False;CRO
24227;1138;190260;False;CRO
24228;1138;191344;False;CRO
24229;1137;191344;False;CRO
24230;1137;191364;False;CRO
24231;1138;191364;False;CRO
24232;1138;192222;False;CRO
24233;1137;192222;False;CRO
24234;1138;192225;False;CRO
24235;1138;192242;False;CRO
24236;1137;192242;False;CRO
24237;1137;193033;True;CRO
24238;1138;193057;True;CRO
24239;8084;193064;True;CRO
24240;8084;193478;False;CRO
24241;1138;193501;False;CRO
24242;1137;193533;False;CRO
24243;1138;194244;True;CRO
24244;1137;194302;False;CRO
24245;1137;194351;False;CRO
24246;1137;195071;True;CRO
24247;1138;195528;False;CRO
24248;1138;195586;False;CRO
24249;1137;195983;False;CRO
24250;1137;196027;False;CRO
24251;1137;197838;False;CRO
24252;1138;198045;False;CRO
24253;1138;198103;False;CRO
24254;1137;198590;True;CRO
24255;1137;199466;False;CRO
24256;1138;199509;False;CRO
24257;1138;199557;False;CRO
24258;1137;200806;False;CRO
24259;1137;201536;False;CRO
24260;1138;201593;True;CRO
24261;1138;202436;False;CRO
24262;1137;202443;True;CRO
24263;1138;202646;False;CRO
24264;1137;203411;True;CRO
24265;1138;203413;True;CRO
24266;8085;203984;True;CRO
24267;1138;203984;False;CRO
24268;1137;203990;False;CRO
24269;8085;204453;False;CRO
24270;1138;204453;False;CRO
24271;1137;204472;True;CRO
24272;1138;204792;True;CRO
24273;1137;204792;False;CRO
24274;1137;205534;True;CRO
24275;1138;205972;False;CRO
24276;1138;206017;False;CRO
24277;1137;206088;False;CRO
24278;1137;206134;False;CRO
24279;1137;206662;True;CRO
24280;1137;207190;False;CRO
24281;1137;207239;False;CRO
24282;1138;207292;False;CRO
24283;1138;207342;False;CRO
24284;1137;208592;False;CRO
24285;1137;208640;False;CRO
24286;1138;208643;False;CRO
24287;1138;208690;False;CRO
24288;1137;210010;False;CRO
24289;1137;210054;False;CRO
24290;1138;210116;False;CRO
24291;1138;210170;False;CRO
24292;1137;211266;True;CRO
24293;1138;211399;True;CRO
24294;1137;212039;False;CRO
24295;8086;212039;False;CRO
24296;1138;212039;False;CRO
24297;1137;212760;True;CRO
24298;8086;212760;True;CRO
24299;1138;212760;True;CRO
24300;1137;213424;True;CRO
24301;1138;213466;True;CRO
24302;1137;214600;False;CRO
24303;1137;214647;False;CRO
24304;1138;214650;True;CRO
24305;1138;214885;False;CRO
24306;1137;216017;False;CRO
24307;1137;216061;False;CRO
24308;1138;216276;False;CRO
24309;1138;216331;False;CRO
24310;1137;217362;True;CRO
24311;1138;217365;True;CRO
24312;1138;217890;True;CRO
24313;1137;217890;True;CRO
24314;1137;218405;False;CRO
24315;1138;218405;False;CRO
24316;1137;218626;True;CRO
24317;1138;218626;False;CRO
24318;1138;219540;False;CRO
24319;1137;219540;False;CRO
24320;1137;219560;False;CRO
24321;1138;219560;False;CRO
24322;1138;220835;False;CRO
24323;1137;220835;False;CRO
24324;1138;220855;False;CRO
24325;1137;220855;False;CRO
24326;1137;222130;False;CRO
24327;1138;222130;False;CRO
24328;1137;222150;False;CRO
24329;1138;222150;False;CRO
24330;1138;222752;True;CRO
24331;1137;222752;True;CRO
24332;1137;223349;False;CRO
24333;1138;223349;False;CRO
24334;1138;223369;False;CRO
24335;1137;223369;False;CRO
24336;8094;223463;True;CRO
24337;8163;223463;True;CRO
24338;9189;223621;True;CRO
24339;8093;223751;True;CRO
24340;8089;223837;True;CRO
24341;1137;223838;True;CRO
24342;8090;223838;True;CRO
24343;1138;223838;True;CRO
24344;8092;223838;True;CRO
24345;8091;223838;True;CRO
24346;8094;224153;True;CRO
24347;8163;224159;True;CRO
24348;8093;224225;True;CRO
24349;1137;224283;True;CRO
24350;8089;224283;True;CRO
24351;8090;224283;True;CRO
24352;8091;224283;True;CRO
24353;1138;224283;True;CRO
24354;8092;224283;True;CRO
24355;1138;224625;False;CRO
24356;1137;224625;False;CRO
24357;1138;224645;False;CRO
24358;1137;224645;False;CRO
24359;1137;224954;True;CRO
24360;1138;224962;True;CRO
24361;1137;225831;False;CRO
24362;1137;225865;False;CRO
24363;1138;226091;False;CRO
24364;1137;226539;False;CRO
24365;1138;226903;False;CRO
24366;1137;226924;False;CRO
24367;1138;226961;False;CRO
24368;1138;228513;False;CRO
24369;1137;229077;False;CRO
24370;1137;229138;False;CRO
24371;1138;229177;False;CRO
24372;1138;230242;False;CRO
24373;1137;230918;True;CRO
24374;1138;230918;True;CRO
24375;1137;231607;True;CRO
24376;1137;231767;False;CRO
24377;1138;231798;True;CRO
24378;1137;232962;False;CRO
24379;1138;233186;False;CRO
24380;1137;233650;True;CRO
24381;1138;235240;False;CRO
24382;1137;235675;False;CRO
24383;1138;236565;True;CRO
24384;1138;237376;False;CRO
24385;1137;237439;True;CRO
24386;1138;238073;False;CRO
24387;1138;239080;True;CRO
24388;1137;239080;True;CRO
24389;8649;239814;False;CRO
24390;1137;239814;False;CRO
24391;1138;239814;False;CRO
24392;1137;240258;False;CRO
24393;8649;240258;False;CRO
24394;1138;240258;False;CRO
24395;1137;240756;True;CRO
24396;1138;240756;True;CRO
24397;1137;242135;False;CRO
24398;1137;242155;False;CRO
24399;1138;242159;False;CRO
24400;1138;244230;True;CRO
24401;1137;244655;True;CRO
24402;1138;246410;False;CRO
24403;1138;246624;False;CRO
24404;1137;246624;False;CRO
24405;1138;247571;True;CRO
24406;1137;247645;True;CRO
24407;1138;248370;False;CRO
24408;1137;248418;False;CRO
24409;1138;248711;False;CRO
24410;8072;248711;False;CRO
24411;1137;248711;False;CRO
24412;1138;249486;True;CRO
24413;1137;249553;True;CRO
24414;1137;249652;False;CRO
24415;1137;250472;False;CRO
24416;1138;250627;False;CRO
24417;1137;250749;False;CRO
24418;1138;251071;False;CRO
24419;1137;251316;False;CRO
24420;1138;251543;True;CRO
24421;1138;252704;False;CRO
24422;1138;252752;False;CRO
24423;1137;253392;True;CRO
24424;1138;253435;False;CRO
24425;1138;253479;False;CRO
24426;1137;253982;False;CRO
24427;1137;255822;False;CRO
24428;1137;255866;False;CRO
24429;1138;256357;False;CRO
24430;1138;256870;True;CRO
24431;1137;256987;True;CRO
24432;1137;257532;True;CRO
24433;1138;257611;False;CRO
24434;1138;257690;False;CRO
24435;1137;257705;False;CRO
24436;1138;258415;False;CRO
24437;1137;258415;False;CRO
24438;1138;258723;True;CRO
24439;1137;258723;True;CRO
24440;1139;358;True;CRO
24441;1139;799;True;CRO
24442;1139;1780;False;CRO
24443;1141;809302;True;CRO
24444;1141;809825;True;CRO
24445;1140;809825;True;CRO
24446;1141;810171;True;CRO
24447;1141;810422;False;CRO
24448;1140;811828;True;CRO
24449;1141;811902;True;CRO
24450;1141;812685;False;CRO
24451;1141;813204;False;CRO
24452;1140;813530;False;CRO
24453;1140;816211;False;CRO
24454;1140;818961;True;CRO
24455;1140;821330;False;CRO
24456;1141;821610;True;CRO
24457;1140;823122;True;CRO
24458;8166;823490;True;CRO
24459;1141;823561;False;CRO
24460;1140;823780;False;CRO
24461;8166;824599;True;CRO
24462;1140;824715;True;CRO
24463;1141;825110;True;CRO
24464;1140;826050;True;CRO
24465;1141;826390;True;CRO
24466;1140;827582;False;CRO
24467;1141;828030;False;CRO
24468;1140;829684;True;CRO
24469;1141;830264;True;CRO
24470;1141;831312;False;CRO
24471;1140;831710;False;CRO
24472;1141;832286;False;CRO
24473;1141;833610;True;CRO
24474;1140;833693;False;CRO
24475;1140;834542;True;CRO
24476;1141;834930;True;CRO
24477;1140;836090;True;CRO
24478;1141;836710;False;CRO
24479;1140;837531;False;CRO
24480;1141;838486;True;CRO
24481;1140;839006;True;CRO
24482;1141;840070;True;CRO
24483;1140;840465;True;CRO
24484;1141;841380;True;CRO
24485;1141;842550;False;CRO
24486;1140;848294;True;CRO
24487;1141;852315;True;CRO
24488;1140;857460;True;CRO
24489;1141;860213;True;CRO
24490;1140;867399;True;CRO
24491;1140;869139;True;CRO
24492;1141;869933;True;CRO
24493;1140;869999;True;CRO
24494;1142;821;True;CRO
24495;1142;871;True;CRO
24496;1143;785;True;CRO
24497;1144;155;True;CRO
24498;1145;330;True;CRO
24499;1145;1183;True;CRO
24500;1148;218;True;CRO
24501;1147;731;True;CRO
24502;1148;969;True;CRO
24503;1147;2386;True;CRO
24504;1148;2579;False;CRO
24505;1148;3742;True;CRO
24506;1147;4317;True;CRO
24507;8176;5031;True;CRO
24508;1146;5055;True;CRO
24509;1146;5943;False;CRO
24510;1146;6670;False;CRO
24511;1146;7596;True;CRO
24512;1150;4844;True;CRO
24513;1151;4955;True;CRO
24514;1151;6194;True;CRO
24515;1150;8704;True;CRO
24516;1150;9804;False;CRO
24517;1150;11205;True;CRO
24518;1151;11762;True;CRO
24519;1150;12455;True;CRO
24520;1149;13243;True;CRO
24521;1149;14603;True;CRO
24522;1149;15609;False;CRO
24523;1149;15656;False;CRO
24524;1154;11781;True;CRO
24525;1153;12588;True;CRO
24526;1152;12861;True;CRO
24527;1152;13891;False;CRO
24528;1152;18145;True;CRO
24529;1152;19513;False;CRO
24530;1152;21158;False;CRO
24531;1152;21276;True;CRO
24532;1155;21078;True;CRO
24533;1155;22410;False;CRO
24534;1155;22661;False;CRO
24535;1155;23582;True;CRO
24536;1155;23969;False;CRO
24537;1155;24791;False;CRO
24538;1155;24986;True;CRO
24539;1160;860548;True;CRO
24540;1159;860548;True;CRO
24541;1160;861276;True;CRO
24542;1159;861276;True;CRO
24543;1161;856629;True;CRO
24544;1161;857286;True;CRO
24545;1163;750;False;CRO
24546;1163;1627;True;CRO
24547;1166;850;True;CRO
24548;1167;2725;True;CRO
24549;1167;3822;False;CRO
24550;1167;4156;False;CRO
24551;1167;4812;False;CRO
24552;1167;5863;False;CRO
24553;1167;6630;False;CRO
24554;1167;7590;True;CRO
24555;1167;8386;True;CRO
24556;1167;9205;False;CRO
24557;1167;10046;False;CRO
24558;1167;10958;True;CRO
24559;9196;11683;True;CRO
24560;1167;11683;False;CRO
24561;9196;11876;False;CRO
24562;1167;11876;False;CRO
24563;1167;12630;True;CRO
24564;1167;13926;False;CRO
24565;1167;14570;False;CRO
24566;1167;16360;True;CRO
24567;1167;16790;False;CRO
24568;1167;18487;True;CRO
24569;1167;18978;False;CRO
24570;9197;18978;False;CRO
24571;1168;3055;True;CRO
24572;1168;3810;True;CRO
24573;1168;4830;False;CRO
24574;1168;8126;False;CRO
24575;1168;8624;True;CRO
24576;1168;41556;True;CRO
24577;1168;43256;True;CRO
24578;8187;77516;True;CRO
24579;8188;77516;True;CRO
24580;8188;78156;True;CRO
24581;8187;78183;True;CRO
24582;1171;78183;True;CRO
24583;1172;581;True;CRO
24584;1172;78155;True;CRO
24585;1177;20320;True;CRO
24586;1177;21580;False;CRO
24587;1177;22385;False;CRO
24588;1177;23184;False;CRO
24589;1177;24843;True;CRO
24590;1177;26570;False;CRO
24591;1177;27481;True;CRO
24592;1180;4;False;CRO
24593;1181;131;False;CRO
24594;1180;615;True;CRO
24595;1181;1211;True;CRO
24596;1180;1457;False;CRO
24597;1180;2271;False;CRO
24598;1181;2422;False;CRO
24599;1180;3071;False;CRO
24600;1181;3511;True;CRO
24601;1181;3511;False;CRO
24602;1180;3934;True;CRO
24603;1181;4600;True;CRO
24604;1180;4857;True;CRO
24605;1181;5468;False;CRO
24606;1180;5990;False;CRO
24607;1181;6376;True;CRO
24608;1181;7238;False;CRO
24609;1180;7321;True;CRO
24610;1181;8055;True;CRO
24611;1180;8355;True;CRO
24612;1181;8897;False;CRO
24613;1180;9119;False;CRO
24614;1181;9760;True;CRO
24615;1180;10265;True;CRO
24616;1181;10940;False;CRO
24617;1180;11540;True;CRO
24618;1181;11820;False;CRO
24619;1180;12642;False;CRO
24620;1181;12722;True;CRO
24621;1180;13680;True;CRO
24622;1181;13889;True;CRO
24623;1180;14565;True;CRO
24624;1181;14919;False;CRO
24625;1181;15620;True;CRO
24626;1180;15792;True;CRO
24627;1181;16605;False;CRO
24628;1180;17133;False;CRO
24629;1181;17314;False;CRO
24630;1181;18296;False;CRO
24631;1180;18440;False;CRO
24632;1181;19282;False;CRO
24633;1180;19775;False;CRO
24634;1181;20500;True;CRO
24635;1180;20916;True;CRO
24636;8210;77339;True;CRO
24637;1183;-52;False;CRO
24638;8716;155;True;CRO
24639;8715;1550;True;CRO
24640;1186;2652;True;CRO
24641;1186;2699;False;CRO
24642;1185;2716;True;CRO
24643;1186;2998;False;CRO
24644;1185;3015;False;CRO
24645;1186;3018;False;CRO
24646;1186;3280;True;CRO
24647;1185;3280;False;CRO
24648;1185;3548;True;CRO
24649;1186;3548;False;CRO
24650;1186;3752;True;CRO
24651;1185;4036;False;CRO
24652;1186;4250;False;CRO
24653;1185;4267;True;CRO
24654;1186;4544;False;CRO
24655;1185;4555;False;CRO
24656;1186;4775;True;CRO
24657;1185;4775;True;CRO
24658;1186;5082;True;CRO
24659;1185;5082;True;CRO
24660;1185;5300;False;CRO
24661;1186;5300;False;CRO
24662;1185;5589;False;CRO
24663;1186;6040;False;CRO
24664;1186;6374;False;CRO
24665;1185;6379;False;CRO
24666;1186;6631;False;CRO
24667;1185;6633;False;CRO
24668;1185;6873;False;CRO
24669;1186;7112;True;CRO
24670;1185;7112;True;CRO
24671;1186;7568;False;CRO
24672;1186;7662;True;CRO
24673;1185;7662;True;CRO
24674;1186;7873;False;CRO
24675;1185;7873;False;CRO
24676;1185;8010;False;CRO
24677;1186;8281;False;CRO
24678;1186;8615;True;CRO
24679;1185;8635;True;CRO
24680;1185;9245;False;CRO
24681;1186;9471;False;CRO
24682;1185;10020;False;CRO
24683;1186;10350;False;CRO
24684;1185;10770;False;CRO
24685;1186;10994;False;CRO
24686;1185;10995;False;CRO
24687;1185;11440;False;CRO
24688;1186;11440;False;CRO
24689;1185;11635;True;CRO
24690;1186;11635;True;CRO
24691;1185;12003;True;CRO
24692;1186;12003;True;CRO
24693;1186;12241;False;CRO
24694;1186;12487;False;CRO
24695;1185;12487;False;CRO
24696;1185;12693;False;CRO
24697;1186;12693;False;CRO
24698;1185;12964;False;CRO
24699;1186;12964;False;CRO
24700;1185;13382;False;CRO
24701;1186;13640;True;CRO
24702;1185;13640;True;CRO
24703;1186;14330;False;CRO
24704;1185;14747;False;CRO
24705;1186;15070;True;CRO
24706;1185;15070;True;CRO
24707;1186;15594;True;CRO
24708;1185;15594;True;CRO
24709;1186;15902;False;CRO
24710;1186;16498;False;CRO
24711;1185;16498;False;CRO
24712;1186;16732;False;CRO
24713;1185;17381;False;CRO
24714;1186;17615;False;CRO
24715;1185;18237;False;CRO
24716;1186;18470;False;CRO
24717;1186;19035;False;CRO
24718;1185;19100;False;CRO
24719;1186;19848;False;CRO
24720;1185;19848;False;CRO
24721;1185;20030;False;CRO
24722;1185;20475;True;CRO
24723;1186;20475;True;CRO
24724;1188;3980;True;CRO
24725;1188;5441;False;CRO
24726;1187;5898;True;CRO
24727;1190;8998;True;CRO
24728;1189;9541;True;CRO
24729;1190;10032;True;CRO
24730;1189;10122;True;CRO
24731;1190;10540;False;CRO
24732;1189;11316;True;CRO
24733;1190;11774;True;CRO
24734;1194;159;True;CRO
24735;1193;968;True;CRO
24736;1196;8045;True;CRO
24737;1197;680;True;CRO
24738;1198;751;True;CRO
24739;1198;1170;True;CRO
24740;1197;1193;True;CRO
24741;1198;1551;False;CRO
24742;1197;1713;True;CRO
24743;1197;2143;False;CRO
24744;1198;2158;True;CRO
24745;1197;2590;True;CRO
24746;1198;2611;True;CRO
24747;1197;3272;True;CRO
24748;1197;3722;False;CRO
24749;1197;4230;False;CRO
24750;1198;4467;True;CRO
24751;1197;4652;True;CRO
24752;1198;5161;True;CRO
24753;1197;5247;True;CRO
24754;1198;5628;True;CRO
24755;8275;5628;True;CRO
24756;1197;5818;True;CRO
24757;1198;6093;False;CRO
24758;1197;6268;True;CRO
24759;1197;6944;True;CRO
24760;1197;7654;True;CRO
24761;1198;7662;True;CRO
24762;8245;8251;True;CRO
24763;8246;8275;True;CRO
24764;1198;8279;False;CRO
24765;8246;8477;False;CRO
24766;8245;8480;False;CRO
24767;1197;8480;False;CRO
24768;1197;8806;True;CRO
24769;1198;8811;True;CRO
24770;1197;9030;False;CRO
24771;1198;9353;False;CRO
24772;1197;9354;False;CRO
24773;1197;9595;False;CRO
24774;1197;9696;False;CRO
24775;1198;9845;False;CRO
24776;1198;10210;False;CRO
24777;1197;10277;True;CRO
24778;1198;10755;True;CRO
24779;8243;10775;False;CRO
24780;8243;10970;True;CRO
24781;1198;11009;False;CRO
24782;1197;11179;False;CRO
24783;8243;11188;True;CRO
24784;1197;11536;True;CRO
24785;1197;11882;False;CRO
24786;1198;11920;True;CRO
24787;1198;12520;True;CRO
24788;1197;12578;True;CRO
24789;1198;12768;False;CRO
24790;8244;12768;True;CRO
24791;1197;13323;False;CRO
24792;8244;13323;False;CRO
24793;8244;13343;False;CRO
24794;1198;13343;True;CRO
24795;1198;13859;False;CRO
24796;8242;13882;False;CRO
24797;1197;14067;False;CRO
24798;8241;14083;False;CRO
24799;8242;14085;False;CRO
24800;1197;14433;True;CRO
24801;1198;14469;True;CRO
24802;1197;14722;True;CRO
24803;1198;15155;False;CRO
24804;1198;15696;False;CRO
24805;1197;15696;False;CRO
24806;1197;15746;False;CRO
24807;1198;15834;False;CRO
24808;1197;16479;False;CRO
24809;1198;16518;False;CRO
24810;1197;16688;True;CRO
24811;1198;16746;True;CRO
24812;1197;17390;True;CRO
24813;1198;17435;True;CRO
24814;1197;17631;False;CRO
24815;1197;18368;False;CRO
24816;1198;18390;False;CRO
24817;1197;18645;True;CRO
24818;1198;18646;False;CRO
24819;1198;19364;False;CRO
24820;1197;19495;False;CRO
24821;1198;19625;True;CRO
24822;1197;19785;False;CRO
24823;1198;20263;False;CRO
24824;1197;20315;False;CRO
24825;1198;20615;True;CRO
24826;1197;20619;True;CRO
24827;1197;20983;True;CRO
24828;1198;21457;True;CRO
24829;1197;21670;False;CRO
24830;1197;21770;False;CRO
24831;1198;22093;True;CRO
24832;1197;22386;True;CRO
24833;1197;22616;True;CRO
24834;1198;22693;True;CRO
24835;1199;184;True;CRO
24836;1200;234;True;CRO
24837;1201;15013;True;CRO
24838;1202;15128;True;CRO
24839;1201;15335;False;CRO
24840;1202;15390;False;CRO
24841;1202;15910;False;CRO
24842;1201;16224;False;CRO
24843;1202;16306;True;CRO
24844;1201;16310;True;CRO
24845;8278;16594;True;CRO
24846;1202;16616;False;CRO
24847;1201;16782;True;CRO
24848;8278;16799;False;CRO
24849;1201;17010;True;CRO
24850;1202;17620;True;CRO
24851;1201;18290;False;CRO
24852;1201;18340;False;CRO
24853;1202;19264;False;CRO
24854;1201;19295;False;CRO
24855;1201;19500;False;CRO
24856;1202;20513;False;CRO
24857;1201;20972;True;CRO
24858;1202;21722;True;CRO
24859;1201;22357;False;CRO
24860;1202;23121;False;CRO
24861;1201;23518;False;CRO
24862;1201;24190;False;CRO
24863;1202;24598;False;CRO
24864;1202;24804;True;CRO
24865;1201;25301;True;CRO
24866;1202;25621;True;CRO
24867;1202;25764;False;CRO
24868;8279;25795;True;CRO
24869;1202;25796;False;CRO
24870;1202;25980;True;CRO
24871;1202;26310;True;CRO
24872;1201;26366;True;CRO
24873;1202;27172;False;CRO
24874;1201;27614;False;CRO
24875;1202;28250;True;CRO
24876;1201;28780;False;CRO
24877;1201;29374;False;CRO
24878;1202;29688;False;CRO
24879;1201;29688;False;CRO
24880;1201;29878;True;CRO
24881;1202;29878;True;CRO
24882;1203;677;True;CRO
24883;1204;820;True;CRO
24884;1203;1193;False;CRO
24885;1204;1226;False;CRO
24886;1204;1551;True;CRO
24887;1203;1730;True;CRO
24888;1203;2138;False;CRO
24889;1204;2138;False;CRO
24890;1203;2591;False;CRO
24891;1204;2611;False;CRO
24892;1204;3062;False;CRO
24893;1203;3272;False;CRO
24894;1203;3722;False;CRO
24895;1204;3742;True;CRO
24896;1203;4230;True;CRO
24897;1203;4652;True;CRO
24898;1204;5161;True;CRO
24899;1203;5189;True;CRO
24900;8312;5570;True;CRO
24901;1204;5570;False;CRO
24902;8312;5764;False;CRO
24903;1203;5766;False;CRO
24904;1204;6292;False;CRO
24905;1203;6378;True;CRO
24906;1204;6940;True;CRO
24907;1203;7142;False;CRO
24908;1204;7410;True;CRO
24909;1203;7558;True;CRO
24910;1204;8031;True;CRO
24911;1203;8262;True;CRO
24912;1204;8741;False;CRO
24913;1203;8922;False;CRO
24914;1204;9468;False;CRO
24915;1203;9696;False;CRO
24916;1204;9814;True;CRO
24917;8288;10187;True;CRO
24918;1207;10187;False;CRO
24919;1205;10470;False;CRO
24920;1598;10704;False;CRO
24921;1207;11050;True;CRO
24922;1208;13320;True;CRO
24923;1206;13505;True;CRO
24924;1208;14130;False;CRO
24925;1206;14290;False;CRO
24926;1209;35;True;CRO
24927;8316;35;True;CRO
24928;1211;35;True;CRO
24929;8314;35;True;CRO
24930;8316;101;False;CRO
24931;8314;160;False;CRO
24932;1211;252;True;CRO
24933;1209;252;False;CRO
24934;8316;252;False;CRO
24935;8314;253;False;CRO
24936;1209;415;True;CRO
24937;1211;570;True;CRO
24938;1209;690;True;CRO
24939;1211;690;False;CRO
24940;1211;900;False;CRO
24941;1209;905;False;CRO
24942;1209;1010;False;CRO
24943;1211;1030;False;CRO
24944;1209;1191;False;CRO
24945;1211;1248;False;CRO
24946;1211;1292;False;CRO
24947;1209;1320;False;CRO
24948;1209;1431;False;CRO
24949;1211;1601;True;CRO
24950;1209;1630;True;CRO
24951;1211;2046;True;CRO
24952;1209;2119;True;CRO
24953;1211;2265;False;CRO
24954;1209;2270;False;CRO
24955;1211;2616;False;CRO
24956;1209;2655;False;CRO
24957;1211;2662;False;CRO
24958;1211;2970;False;CRO
24959;1209;2990;False;CRO
24960;1209;3286;False;CRO
24961;1211;3316;False;CRO
24962;1209;3330;False;CRO
24963;1211;3446;False;CRO
24964;1209;3537;False;CRO
24965;1211;3643;False;CRO
24966;1209;3663;True;CRO
24967;1211;3698;False;CRO
24968;1211;3896;False;CRO
24969;1211;4238;True;CRO
24970;1211;4408;False;CRO
24971;1211;4440;False;CRO
24972;1209;4445;False;CRO
24973;1211;4639;False;CRO
24974;1209;4685;False;CRO
24975;8317;4778;True;CRO
24976;1211;4810;False;CRO
24977;1209;4830;False;CRO
24978;1211;4973;False;CRO
24979;1211;5310;False;CRO
24980;1209;5345;False;CRO
24981;1211;5503;False;CRO
24982;1211;5717;False;CRO
24983;1209;5721;False;CRO
24984;1209;6272;False;CRO
24985;1211;6299;False;CRO
24986;1209;6328;False;CRO
24987;1211;7136;False;CRO
24988;1211;7180;False;CRO
24989;1209;7227;False;CRO
24990;1211;7684;False;CRO
24991;1209;8010;False;CRO
24992;1209;8329;True;CRO
24993;1211;8329;True;CRO
24994;1211;8781;True;CRO
24995;1209;8810;True;CRO
24996;1211;8999;False;CRO
24997;1209;9544;False;CRO
24998;1211;9739;False;CRO
24999;1211;10432;False;CRO
25000;1211;10476;False;CRO
25001;1209;11007;False;CRO
25002;1209;11051;False;CRO
25003;1211;11190;False;CRO
25004;1209;11791;False;CRO
25005;1211;11941;False;CRO
25006;1209;12520;False;CRO
25007;1209;12560;False;CRO
25008;1211;12707;True;CRO
25009;1209;12963;True;CRO
25010;8313;13326;True;CRO
25011;8315;13326;True;CRO
25012;1209;13326;True;CRO
25013;8313;13546;False;CRO
25014;1211;13546;False;CRO
25015;1209;13546;False;CRO
25016;8315;13546;False;CRO
25017;1211;13990;True;CRO
25018;1209;14203;True;CRO
25019;1211;14440;False;CRO
25020;1211;14770;False;CRO
25021;1211;14940;True;CRO
25022;1211;15973;True;CRO
25023;1210;16439;True;CRO
25024;1211;16455;False;CRO
25025;1211;17000;True;CRO
25026;1210;17170;False;CRO
25027;1211;17402;True;CRO
25028;1210;17403;True;CRO
25029;8334;17405;True;CRO
25030;1212;19700;True;CRO
25031;1212;20109;True;CRO
25032;1213;20109;True;CRO
25033;1212;20732;False;CRO
25034;1212;21392;True;CRO
25035;1214;396;True;CRO
25036;1215;415;True;CRO
25037;1215;708;False;CRO
25038;1215;708;False;CRO
25039;1214;746;False;CRO
25040;1215;758;False;CRO
25041;1214;796;False;CRO
25042;1215;995;False;CRO
25043;1214;1196;True;CRO
25044;1215;1285;False;CRO
25045;1214;1546;False;CRO
25046;1215;1570;True;CRO
25047;1214;1596;False;CRO
25048;1599;1954;True;CRO
25049;1214;1969;True;CRO
25050;1215;1969;True;CRO
25051;1600;1995;True;CRO
25052;8346;15;False;CRO
25053;8344;16;False;CRO
25054;8343;17;False;CRO
25055;8345;17;False;CRO
25056;8345;60;False;CRO
25057;8343;64;False;CRO
25058;8345;154;False;CRO
25059;8346;156;False;CRO
25060;8343;158;False;CRO
25061;8344;161;False;CRO
25062;8346;254;False;CRO
25063;8344;264;False;CRO
25064;8343;348;False;CRO
25065;8345;355;False;CRO
25066;8342;5063;False;CRO
25067;8347;5113;True;CRO
25068;8342;5113;False;CRO
25069;1219;260;True;CRO
25070;1220;260;True;CRO
25071;1219;352;False;CRO
25072;1220;353;False;CRO
25073;1219;580;False;CRO
25074;1220;580;False;CRO
25075;1219;667;False;CRO
25076;1220;667;False;CRO
25077;8356;1028;True;CRO
25078;1221;1028;True;CRO
25079;1222;1032;True;CRO
25080;8357;1053;True;CRO
25081;1222;1175;False;CRO
25082;1221;1283;False;CRO
25083;1221;1335;False;CRO
25084;1222;1479;True;CRO
25085;1221;1554;True;CRO
25086;1222;1781;False;CRO
25087;1221;1841;False;CRO
25088;1221;2061;False;CRO
25089;1222;2115;False;CRO
25090;1221;2271;False;CRO
25091;1222;2356;False;CRO
25092;1221;2396;False;CRO
25093;1222;2451;False;CRO
25094;1221;2451;False;CRO
25095;1221;2512;False;CRO
25096;1222;2587;False;CRO
25097;1221;2626;False;CRO
25098;1222;2641;False;CRO
25099;1221;2684;False;CRO
25100;1222;2727;False;CRO
25101;1222;2844;False;CRO
25102;1221;2994;False;CRO
25103;1222;3376;False;CRO
25104;1221;3534;False;CRO
25105;1222;3741;True;CRO
25106;1221;3999;True;CRO
25107;1222;4033;False;CRO
25108;1222;4066;False;CRO
25109;1222;4410;False;CRO
25110;1221;4446;True;CRO
25111;1222;4451;False;CRO
25112;1223;9374;True;CRO
25113;1223;9710;True;CRO
25114;1224;10200;True;CRO
25115;1223;10270;True;CRO
25116;1224;10922;True;CRO
25117;1223;11059;True;CRO
25118;1224;11670;True;CRO
25119;1223;12587;True;CRO
25120;8363;13212;True;CRO
25121;8362;13212;True;CRO
25122;1224;13212;True;CRO
25123;1224;13426;False;CRO
25124;8362;13426;False;CRO
25125;8363;13426;False;CRO
25126;1223;13450;False;CRO
25127;1223;13814;True;CRO
25128;1224;14275;True;CRO
25129;1223;14497;True;CRO
25130;1223;15688;True;CRO
25131;1224;16162;True;CRO
25132;1223;16162;True;CRO
25133;8380;16162;True;CRO
25134;1224;16664;True;CRO
25135;1223;17006;True;CRO
25136;1224;17538;True;CRO
25137;1223;18750;True;CRO
25138;1224;19313;True;CRO
25139;1223;20255;True;CRO
25140;1224;20592;False;CRO
25141;1223;21761;False;CRO
25142;1223;22290;False;CRO
25143;1224;22357;True;CRO
25144;1223;23120;True;CRO
25145;1224;23995;True;CRO
25146;1223;24605;True;CRO
25147;1223;25169;True;CRO
25148;1225;225;True;CRO
25149;1225;265;False;CRO
25150;1226;705;True;CRO
25151;1225;789;False;CRO
25152;1225;1315;False;CRO
25153;1225;1490;False;CRO
25154;1226;1905;False;CRO
25155;1225;2240;False;CRO
25156;1226;2460;False;CRO
25157;1226;2460;False;CRO
25158;1226;3572;True;CRO
25159;1225;3587;True;CRO
25160;1226;4660;False;CRO
25161;1225;5026;False;CRO
25162;1226;5830;False;CRO
25163;1225;6034;False;CRO
25164;1226;6920;False;CRO
25165;1225;7240;False;CRO
25166;1226;7738;True;CRO
25167;1225;8075;False;CRO
25168;1226;8533;False;CRO
25169;1226;8910;False;CRO
25170;1225;8910;True;CRO
25171;1226;9477;False;CRO
25172;1226;10274;True;CRO
25174;8386;150;True;CRO
25175;1235;180;True;CRO
25177;1235;1460;True;CRO
25179;1230;10200;True;CRO
25182;1230;11894;True;CRO
25185;1230;13437;False;CRO
25187;1230;14930;True;CRO
25190;1230;16405;False;CRO
25192;1230;18123;True;CRO
25194;1230;18936;True;CRO
25252;1601;56379;False;CRO
25256;1601;56968;True;CRO
25280;1228;74485;True;CRO
25281;1228;75347;True;CRO
25300;8381;80460;True;CRO
25303;8383;81303;True;CRO
25305;8385;81828;True;CRO
25315;8430;84614;True;CRO
25338;8384;105442;True;CRO
25339;8382;105887;True;CRO
25340;8384;105925;True;CRO
25344;8382;106542;False;CRO
25369;8387;120706;True;CRO
25372;1243;2750;True;CRO
25373;1241;3070;True;CRO
25374;1244;20320;True;CRO
25375;1242;20969;True;CRO
25376;1246;61485;True;CRO
25377;1245;62055;True;CRO
25378;1248;12199;True;CRO
25379;1250;12205;False;CRO
25380;1250;13383;True;CRO
25381;1249;80512;True;CRO
25382;1247;80512;True;CRO
25383;1249;81303;True;CRO
25384;1247;81303;True;CRO
25385;1249;81990;True;CRO
25386;1247;82158;True;CRO
25387;1249;82158;False;CRO
25388;1251;82810;True;CRO
25389;1251;83632;True;CRO
25390;8727;250;True;CRO
25391;8726;539;True;CRO
25392;8727;864;True;CRO
25393;8726;1397;True;CRO
25394;1603;139;True;CRO
25395;1602;378;True;CRO
25396;1604;134;True;CRO
25397;1605;415;True;CRO
25398;1607;191;True;CRO
