ID;NOEUD;VOIE;PK;TYPE
0;0;511;178461;Amont
1;0;518;178461;Amont
2;0;511;178461;Aval
3;1;863;2357;Amont
4;1;6574;2357;Amont
5;1;863;2357;Aval
6;2;863;115247;Amont
7;2;6583;115247;Aval
8;2;863;115247;Aval
9;3;864;138424;Amont
10;3;6585;138424;Aval
11;3;864;138424;Aval
12;4;864;202210;Amont
13;4;6591;202210;Amont
14;4;864;202210;Aval
15;5;864;202288;Amont
16;5;8774;202288;Aval
17;5;864;202288;Aval
18;6;863;225165;Amont
19;6;6593;225165;Aval
20;6;863;225165;Aval
21;7;863;292609;Amont
22;7;6599;292609;Aval
23;7;863;292609;Aval
24;8;511;60743;Amont
25;8;511;60800;Aval
26;9;512;60743;Amont
27;9;512;60800;Aval
28;10;512;133999;Amont
29;10;512;133985;Aval
30;11;511;143883;Amont
31;11;511;143880;Aval
32;12;512;143883;Amont
33;12;512;143880;Aval
34;13;511;212275;Amont
35;13;511;212271;Aval
36;14;512;212275;Amont
37;14;512;212271;Aval
38;15;512;217895;Amont
39;15;4445;217895;Amont
40;15;512;217895;Aval
41;16;8766;334296;Amont
42;16;8770;334296;Aval
43;16;8766;334296;Aval
44;17;8768;334296;Amont
45;17;911;0;Aval
46;17;8768;334296;Aval
47;18;1476;409415;Amont
48;18;46;409415;Amont
49;18;1476;409415;Aval
50;19;1475;410226;Amont
51;19;1476;410226;Amont
52;19;1475;410226;Aval
53;20;1475;410419;Amont
54;20;18;410419;Aval
55;20;1475;410419;Aval
56;21;8764;161749;Amont
57;21;26;161749;Amont
58;21;8764;161749;Aval
59;22;863;50152;Amont
60;22;8772;50152;Amont
61;22;863;50152;Aval
62;23;863;50190;Amont
63;23;6578;50190;Aval
64;23;863;50190;Aval
65;24;511;162629;Amont
66;24;8764;162629;Amont
67;24;511;162629;Aval
68;25;511;162709;Amont
69;25;4440;162709;Aval
70;25;511;162709;Aval
71;26;1309;52182;Amont
72;26;6627;52182;Aval
73;26;1309;52182;Aval
74;27;863;17099;Amont
75;27;1477;39405;Amont
76;27;863;17099;Aval
77;28;863;361214;Amont
78;28;6606;361214;Amont
79;28;863;361214;Aval
80;29;863;361291;Amont
81;29;6607;361291;Aval
82;29;863;361291;Aval
83;30;864;50465;Amont
84;30;6578;50465;Amont
85;30;864;50465;Aval
86;31;8772;49124;Amont
87;31;8772;49124;Aval
88;32;864;117959;Amont
89;32;997;1546;Amont
90;32;864;117959;Aval
91;33;8771;138935;Amont
92;33;8775;138935;Amont
93;33;8771;138935;Aval
94;34;8765;273617;Amont
95;34;6571;273617;Amont
96;34;8765;273617;Aval
97;35;6571;273520;Amont
98;35;60;-400;Amont
99;35;6571;273520;Aval
100;35;60;-400;Aval
101;36;1473;408991;Amont
102;36;47;408991;Amont
103;36;1473;408991;Aval
104;37;1475;408991;Amont
105;37;19;408991;Amont
106;37;1475;408991;Aval
107;38;1475;409182;Amont
108;38;1476;409182;Aval
109;38;1475;409182;Aval
110;39;864;92092;Amont
111;39;6581;92092;Amont
112;39;864;92092;Aval
113;40;864;115521;Amont
114;40;6583;115521;Amont
115;40;864;115521;Aval
116;41;863;94182;Amont
117;41;6582;94182;Amont
118;41;863;94182;Aval
119;42;863;248047;Amont
120;42;6596;248047;Amont
121;42;863;248047;Aval
122;43;506;150232;Amont
123;43;4379;150232;Amont
124;43;506;150232;Aval
125;44;863;314029;Amont
126;44;6602;314029;Amont
127;44;863;314029;Aval
128;45;511;26049;Amont
129;45;4427;26049;Amont
130;45;511;26049;Aval
131;46;511;26129;Amont
132;46;4428;26129;Aval
133;46;511;26129;Aval
134;47;864;182532;Amont
135;47;6590;182532;Amont
136;47;864;182532;Aval
137;48;864;162562;Amont
138;48;6588;162562;Amont
139;48;864;162562;Aval
140;49;864;2097;Amont
141;49;6573;2097;Amont
142;49;864;2097;Aval
143;50;512;66442;Amont
144;50;516;66442;Amont
145;50;512;66442;Aval
146;51;863;334807;Amont
147;51;8766;334807;Amont
148;51;863;334807;Aval
149;52;864;247691;Amont
150;52;6595;247691;Amont
151;52;864;247691;Aval
152;53;864;247773;Amont
153;53;6596;247773;Aval
154;53;864;247773;Aval
155;54;864;93548;Amont
156;54;8773;93548;Amont
157;54;864;93548;Aval
158;55;863;410731;Amont
159;55;1473;410731;Amont
160;55;863;410731;Aval
161;56;863;410819;Amont
162;56;6611;410819;Aval
163;56;863;410819;Aval
164;57;511;66979;Amont
165;57;4431;66979;Amont
166;57;511;66979;Aval
167;58;511;67019;Amont
168;58;8762;67019;Aval
169;58;511;67019;Aval
170;59;863;182069;Amont
171;59;6589;182069;Amont
172;59;863;182069;Aval
173;60;863;182143;Amont
174;60;6590;182143;Aval
175;60;863;182143;Aval
176;61;506;173110;Amont
177;61;4381;173110;Amont
178;61;506;173110;Aval
179;62;864;275608;Amont
180;62;6598;275608;Amont
181;62;864;275608;Aval
182;63;505;148914;Amont
183;63;4378;148914;Amont
184;63;505;148914;Aval
185;64;505;148954;Amont
186;64;4375;148954;Aval
187;64;505;148954;Aval
188;65;863;138697;Amont
189;65;6585;138697;Amont
190;65;863;138697;Aval
191;66;863;138791;Amont
192;66;8771;138791;Aval
193;66;863;138791;Aval
194;67;8774;202452;Amont
195;67;41;202452;Amont
196;67;8774;202452;Aval
197;68;512;26403;Amont
198;68;4428;26403;Amont
199;68;512;26403;Aval
200;69;863;247365;Amont
201;69;40;247365;Amont
202;69;863;247365;Aval
203;70;863;247417;Amont
204;70;6595;247417;Aval
205;70;863;247417;Aval
206;71;1478;27146;Amont
207;71;1479;56680;Amont
208;71;1478;27146;Aval
209;72;863;226129;Amont
210;72;6594;226129;Amont
211;72;863;226129;Aval
212;73;8773;92511;Amont
213;73;43;92511;Amont
214;73;8773;92511;Aval
215;74;511;130409;Amont
216;74;517;130409;Amont
217;74;511;130409;Aval
218;75;511;130459;Amont
219;75;505;130459;Aval
220;75;511;130459;Aval
221;76;8763;113730;Amont
222;76;27;113730;Amont
223;76;8763;113730;Aval
224;77;512;138514;Amont
225;77;4438;138514;Amont
226;77;512;138514;Aval
227;78;512;213741;Amont
228;78;4444;213741;Amont
229;78;512;213741;Aval
230;79;863;411491;Amont
231;79;6612;411491;Amont
232;79;863;411491;Aval
233;80;8762;67173;Amont
234;80;28;67173;Amont
235;80;8762;67173;Aval
236;81;864;161828;Amont
237;81;1;161828;Amont
238;81;864;161828;Aval
239;82;864;161846;Amont
240;82;6587;161846;Aval
241;82;864;161846;Aval
242;83;864;408591;Amont
243;83;6610;408591;Amont
244;83;864;408591;Aval
245;84;864;408680;Amont
246;84;1475;408680;Aval
247;84;864;408680;Aval
248;85;864;335617;Amont
249;85;6605;335617;Amont
250;85;864;335617;Aval
251;86;512;162663;Amont
252;86;4411;162663;Amont
253;86;512;162663;Aval
254;87;864;336034;Amont
255;87;914;2216;Amont
256;87;864;336034;Aval
257;88;864;274347;Amont
258;88;8767;274347;Amont
259;88;864;274347;Aval
260;89;1477;28644;Amont
261;89;6623;28644;Amont
262;89;1477;28644;Aval
263;90;1477;28730;Amont
264;90;6624;28730;Aval
265;90;1477;28730;Aval
266;91;1477;28935;Amont
267;91;57;28935;Aval
268;91;1477;28935;Aval
269;92;1477;21063;Amont
270;92;6621;21063;Amont
271;92;1477;21063;Aval
272;93;1477;21152;Amont
273;93;6622;21152;Aval
274;93;1477;21152;Aval
275;94;1477;21326;Amont
276;94;56;21326;Aval
277;94;1477;21326;Aval
278;95;505;172756;Amont
279;95;4380;172756;Amont
280;95;505;172756;Aval
281;96;505;172836;Amont
282;96;4381;172836;Aval
283;96;505;172836;Aval
284;97;511;161408;Amont
285;97;4439;161408;Amont
286;97;511;161408;Aval
287;98;511;161488;Amont
288;98;8764;161488;Aval
289;98;511;161488;Aval
290;99;512;114854;Amont
291;99;4436;114854;Amont
292;99;512;114854;Aval
293;100;863;118609;Amont
294;100;6584;118609;Amont
295;100;863;118609;Aval
296;101;863;139986;Amont
297;101;8771;139986;Amont
298;101;863;139986;Aval
299;102;512;68297;Amont
300;102;4432;68297;Amont
301;102;512;68297;Aval
302;103;864;411104;Amont
303;103;6611;411104;Amont
304;103;864;411104;Aval
305;104;864;411205;Amont
306;104;6612;411205;Aval
307;104;864;411205;Aval
308;105;512;92871;Amont
309;105;4434;92871;Amont
310;105;512;92871;Aval
311;106;1478;29004;Amont
312;106;6624;29004;Amont
313;106;1478;29004;Aval
314;107;512;44583;Amont
315;107;4430;44583;Amont
316;107;512;44583;Aval
317;108;1308;51080;Amont
318;108;1479;51080;Aval
319;108;1308;51080;Aval
320;109;1478;21426;Amont
321;109;6622;21426;Amont
322;109;1478;21426;Aval
323;110;1478;21590;Amont
324;110;1309;56830;Aval
325;110;1478;21590;Aval
326;111;1477;26546;Amont
327;111;6627;55992;Amont
328;111;1477;26546;Aval
329;112;863;117237;Amont
330;112;996;1900;Amont
331;112;863;117237;Aval
332;113;511;92517;Amont
333;113;4433;92517;Amont
334;113;511;92517;Aval
335;114;511;92597;Amont
336;114;4434;92597;Aval
337;114;511;92597;Aval
338;115;505;134012;Amont
339;115;4376;134012;Amont
340;115;505;134012;Aval
341;116;505;134092;Amont
342;116;4377;134092;Aval
343;116;505;134092;Aval
344;117;863;388901;Amont
345;117;20;388901;Amont
346;117;863;388901;Aval
347;118;863;389059;Amont
348;118;6608;389059;Amont
349;118;863;389059;Aval
350;119;863;389162;Amont
351;119;6609;389162;Aval
352;119;863;389162;Aval
353;120;863;271703;Amont
354;120;6597;271703;Amont
355;120;863;271703;Aval
356;121;863;293509;Amont
357;121;6600;293509;Amont
358;121;863;293509;Aval
359;122;863;293773;Amont
360;122;22;293773;Aval
361;122;863;293773;Aval
362;123;864;225440;Amont
363;123;6593;225440;Amont
364;123;864;225440;Aval
365;124;863;203894;Amont
366;124;6592;203894;Amont
367;124;863;203894;Aval
368;125;863;335814;Amont
369;125;913;1957;Amont
370;125;863;335814;Aval
371;126;511;113536;Amont
372;126;4435;113536;Amont
373;126;511;113536;Aval
374;127;511;113576;Amont
375;127;8763;113576;Aval
376;127;511;113576;Aval
377;128;863;162119;Amont
378;128;6587;162119;Amont
379;128;863;162119;Aval
380;129;863;162288;Amont
381;129;6588;162288;Aval
382;129;863;162288;Aval
383;130;511;67983;Amont
384;130;8762;67983;Amont
385;130;511;67983;Aval
386;131;511;68023;Amont
387;131;4432;68023;Aval
388;131;511;68023;Aval
389;132;864;203487;Amont
390;132;8774;203487;Amont
391;132;864;203487;Aval
392;133;864;203620;Amont
393;133;6592;203620;Aval
394;133;864;203620;Aval
395;134;4375;149108;Amont
396;134;9098;149108;Amont
397;134;4375;149108;Aval
398;135;864;17099;Amont
399;135;1478;39405;Amont
400;135;864;17099;Aval
401;136;506;134366;Amont
402;136;4377;134366;Amont
403;136;506;134366;Aval
404;137;864;410731;Amont
405;137;1475;410731;Amont
406;137;864;410731;Aval
407;138;512;188543;Amont
408;138;4442;188543;Amont
409;138;512;188543;Aval
410;139;863;48875;Amont
411;139;6577;48875;Amont
412;139;863;48875;Aval
413;140;863;48980;Amont
414;140;8772;48980;Aval
415;140;863;48980;Aval
416;141;505;149918;Amont
417;141;4375;149918;Amont
418;141;505;149918;Aval
419;142;505;149958;Amont
420;142;4379;149958;Aval
421;142;505;149958;Aval
422;143;511;213387;Amont
423;143;4443;213387;Amont
424;143;511;213387;Aval
425;144;511;213467;Amont
426;144;4444;213467;Aval
427;144;511;213467;Aval
428;145;863;274347;Amont
429;145;8765;274347;Amont
430;145;863;274347;Aval
431;146;864;389447;Amont
432;146;6609;389447;Amont
433;146;864;389447;Aval
434;147;511;114540;Amont
435;147;8763;114540;Amont
436;147;511;114540;Aval
437;148;511;114580;Amont
438;148;4436;114580;Aval
439;148;511;114580;Aval
440;149;863;332582;Amont
441;149;6604;332582;Amont
442;149;863;332582;Aval
443;150;864;26366;Amont
444;150;6576;26366;Amont
445;150;864;26366;Aval
446;151;864;71545;Amont
447;151;6580;71545;Amont
448;151;864;71545;Aval
449;152;511;188189;Amont
450;152;4441;188189;Amont
451;152;511;188189;Aval
452;153;511;188269;Amont
453;153;4442;188269;Aval
454;153;511;188269;Aval
455;154;864;335149;Amont
456;154;8768;335149;Amont
457;154;864;335149;Aval
458;155;863;419081;Amont
459;155;871;419081;Amont
460;155;863;419081;Aval
461;156;517;130272;Amont
462;156;517;130319;Aval
463;157;25;202361;Amont
464;157;41;202361;Aval
465;157;25;202361;Aval
466;158;23;247286;Amont
467;158;40;247286;Aval
468;158;23;247286;Aval
469;159;8765;273461;Amont
470;159;60;-503;Aval
471;159;8765;273461;Aval
472;160;21;293956;Amont
473;160;22;293956;Amont
474;160;21;293956;Aval
475;161;8766;333842;Amont
476;161;8769;333842;Amont
477;161;8766;333842;Aval
478;162;863;71062;Amont
479;162;6579;71062;Amont
480;162;863;71062;Aval
481;163;863;71271;Amont
482;163;6580;71271;Aval
483;163;863;71271;Aval
484;164;511;138160;Amont
485;164;4437;138160;Amont
486;164;511;138160;Aval
487;165;511;138240;Amont
488;165;4438;138240;Aval
489;165;511;138240;Aval
490;166;864;140872;Amont
491;166;6586;140872;Amont
492;166;864;140872;Aval
493;167;512;162983;Amont
494;167;4440;162983;Amont
495;167;512;162983;Aval
496;168;892;8048;Amont
497;168;6697;8048;Amont
498;168;892;8048;Aval
499;169;863;26013;Amont
500;169;6575;26013;Amont
501;169;863;26013;Aval
502;170;863;26092;Amont
503;170;6576;26092;Aval
504;170;863;26092;Aval
505;171;864;361567;Amont
506;171;6607;361567;Amont
507;171;864;361567;Aval
508;172;511;44229;Amont
509;172;4429;44229;Amont
510;172;511;44229;Aval
511;173;511;44309;Amont
512;173;4430;44309;Aval
513;173;511;44309;Aval
514;174;506;133738;Amont
515;174;4376;133738;Aval
516;174;506;133738;Aval
517;175;506;148640;Amont
518;175;4378;148640;Aval
519;175;506;148640;Aval
520;176;506;172482;Amont
521;176;4380;172482;Aval
522;176;506;172482;Aval
523;177;512;25775;Amont
524;177;4427;25775;Aval
525;177;512;25775;Aval
526;178;512;43955;Amont
527;178;4429;43955;Aval
528;178;512;43955;Aval
529;179;512;66705;Amont
530;179;4431;66705;Aval
531;179;512;66705;Aval
532;180;512;92243;Amont
533;180;4433;92243;Aval
534;180;512;92243;Aval
535;181;512;113262;Amont
536;181;4435;113262;Aval
537;181;512;113262;Aval
538;182;512;130273;Amont
539;182;506;130273;Aval
540;182;512;130273;Aval
541;183;512;137886;Amont
542;183;4437;137886;Aval
543;183;512;137886;Aval
544;184;512;161421;Amont
545;184;4411;161421;Aval
546;184;512;161421;Aval
547;185;512;161134;Amont
548;185;4439;161134;Aval
549;185;512;161134;Aval
550;186;512;187914;Amont
551;186;4441;187914;Aval
552;186;512;187914;Aval
553;187;511;214699;Amont
554;187;519;214699;Aval
555;187;511;214699;Aval
556;188;512;213113;Amont
557;188;4443;213113;Aval
558;188;512;213113;Aval
559;189;864;25739;Amont
560;189;6575;25739;Aval
561;189;864;25739;Aval
562;190;864;43675;Amont
563;190;9277;0;Aval
564;190;864;43675;Aval
565;191;864;48600;Amont
566;191;6577;48600;Aval
567;191;864;48600;Aval
568;192;864;70788;Amont
569;192;6579;70788;Aval
570;192;864;70788;Aval
571;193;863;91817;Amont
572;193;6581;91817;Aval
573;193;863;91817;Aval
574;194;864;92368;Amont
575;194;8773;92368;Aval
576;194;864;92368;Aval
577;195;864;93907;Amont
578;195;6582;93907;Aval
579;195;864;93907;Aval
580;196;864;337741;Amont
581;196;910;0;Aval
582;196;864;337741;Aval
583;197;864;360938;Amont
584;197;6606;360938;Aval
585;197;864;360938;Aval
586;198;863;380500;Amont
587;198;865;380500;Aval
588;198;863;380500;Aval
589;199;863;140482;Amont
590;199;6586;140482;Aval
591;199;863;140482;Aval
592;200;864;160517;Amont
593;200;893;0;Aval
594;200;864;160517;Aval
595;201;863;161746;Amont
596;201;892;1255;Aval
597;201;863;161746;Aval
598;202;864;181680;Amont
599;202;6589;181680;Aval
600;202;864;181680;Aval
601;203;863;201824;Amont
602;203;6591;201824;Aval
603;203;863;201824;Aval
604;204;864;225853;Amont
605;204;6594;225853;Aval
606;204;864;225853;Aval
607;205;863;273213;Amont
608;205;8765;273213;Aval
609;205;863;273213;Aval
610;206;864;273213;Amont
611;206;8767;273213;Aval
612;206;864;273213;Aval
613;207;864;271429;Amont
614;207;6597;271429;Aval
615;207;864;271429;Aval
616;208;863;275332;Amont
617;208;6598;275332;Aval
618;208;863;275332;Aval
619;209;863;313174;Amont
620;209;6601;313174;Aval
621;209;863;313174;Aval
622;210;863;331344;Amont
623;210;6603;331344;Aval
624;210;863;331344;Aval
625;211;863;333206;Amont
626;211;8766;333206;Aval
627;211;863;333206;Aval
628;212;864;333206;Amont
629;212;8768;333206;Aval
630;212;864;333206;Aval
631;213;864;332194;Amont
632;213;6604;332194;Aval
633;213;864;332194;Aval
634;214;863;335229;Amont
635;214;6605;335229;Aval
636;214;863;335229;Aval
637;215;863;337888;Amont
638;215;909;147;Aval
639;215;863;337888;Aval
640;216;864;380540;Amont
641;216;866;380540;Aval
642;216;864;380540;Aval
643;217;864;388773;Amont
644;217;6608;388773;Aval
645;217;864;388773;Aval
646;218;863;408305;Amont
647;218;6610;408305;Aval
648;218;863;408305;Aval
649;219;863;408680;Amont
650;219;1473;408680;Aval
651;219;863;408680;Aval
652;220;863;416648;Amont
653;220;867;416648;Aval
654;220;863;416648;Aval
655;221;864;418723;Amont
656;221;872;418723;Amont
657;221;864;418723;Aval
658;222;864;417939;Amont
659;222;868;417939;Aval
660;222;864;417939;Aval
661;223;1477;21590;Amont
662;223;1308;56813;Aval
663;223;1477;21590;Aval
664;224;1478;20789;Amont
665;224;6621;20789;Aval
666;224;1478;20789;Aval
667;225;1478;28370;Amont
668;225;6623;28370;Aval
669;225;1478;28370;Aval
670;226;8762;67829;Amont
671;226;4412;67829;Aval
672;226;8762;67829;Aval
673;227;8763;114386;Amont
674;227;9092;114386;Aval
675;227;8763;114386;Aval
676;228;8764;162335;Amont
677;228;4413;162335;Aval
678;228;8764;162335;Aval
679;229;9277;396;Amont
680;229;9277;396;Aval
681;230;864;117664;Amont
682;230;6584;117664;Aval
683;230;864;117664;Aval
684;231;8771;139842;Amont
685;231;8776;139842;Aval
686;231;8771;139842;Aval
687;232;8765;274057;Amont
688;232;6572;274057;Aval
689;232;8765;274057;Aval
690;233;8767;274000;Amont
691;233;59;0;Aval
692;233;8767;274000;Aval
693;234;1473;410419;Amont
694;234;17;410419;Aval
695;234;1473;410419;Aval
696;235;1476;409994;Amont
697;235;45;409994;Aval
698;235;1476;409994;Aval
699;236;8772;50008;Amont
700;236;8772;50008;Aval
701;237;4375;149764;Amont
702;237;9097;149764;Aval
703;237;4375;149764;Aval
704;238;864;2151;Amont
705;238;6574;2151;Aval
706;238;864;2151;Aval
707;239;512;214699;Amont
708;239;520;214699;Aval
709;239;512;214699;Aval
710;240;864;44200;Amont
711;240;9278;0;Aval
712;240;864;44200;Aval
713;241;8774;203350;Amont
714;241;24;203350;Aval
715;241;8774;203350;Aval
716;242;8773;93403;Amont
717;242;42;93403;Aval
718;242;8773;93403;Aval
719;243;505;150886;Amont
720;243;505;150880;Aval
721;244;506;150886;Amont
722;244;506;150880;Aval
723;245;194;7011;Amont
724;245;9242;7011;Aval
725;245;194;7011;Aval
726;246;194;17634;Amont
727;246;9238;17634;Aval
728;246;194;17634;Aval
729;247;194;38334;Amont
730;247;9237;38334;Aval
731;247;194;38334;Aval
732;248;194;59107;Amont
733;248;2354;59107;Aval
734;248;194;59107;Aval
735;249;194;74877;Amont
736;249;2356;74877;Aval
737;249;194;74877;Aval
738;250;194;87459;Amont
739;250;2358;87459;Aval
740;250;194;87459;Aval
741;251;194;109582;Amont
742;251;2360;109582;Aval
743;251;194;109582;Aval
744;252;194;127744;Amont
745;252;2362;127744;Aval
746;252;194;127744;Aval
747;253;194;193646;Amont
748;253;2375;193646;Aval
749;253;194;193646;Aval
750;254;1309;43923;Amont
751;254;2403;43923;Amont
752;254;1309;43923;Aval
753;255;1309;44010;Amont
754;255;2404;44010;Aval
755;255;1309;44010;Aval
756;256;1308;26364;Amont
757;256;2396;26364;Amont
758;256;1308;26364;Aval
759;257;864;427584;Amont
760;257;6613;427584;Aval
761;257;864;427584;Aval
762;258;864;454950;Amont
763;258;6615;454950;Aval
764;258;864;454950;Aval
765;259;864;475390;Amont
766;259;6617;475390;Aval
767;259;864;475390;Aval
768;260;193;20760;Amont
769;260;193;20848;Aval
770;261;194;20760;Amont
771;261;194;20848;Aval
772;430;9645;6327;Amont
773;430;9645;6327;Aval
774;263;193;187614;Amont
775;263;193;187612;Aval
776;264;194;187614;Amont
777;264;194;187612;Aval
778;265;194;209525;Amont
779;265;2380;209525;Amont
780;265;194;209525;Aval
781;266;194;201870;Amont
782;266;180;3099;Amont
783;266;194;201870;Aval
784;267;193;201824;Amont
785;267;181;2762;Amont
786;267;193;201824;Aval
787;268;179;11182;Amont
788;268;2320;11182;Aval
789;268;179;11182;Aval
790;269;179;11292;Amont
791;269;2309;11292;Aval
792;269;179;11292;Aval
793;270;2305;56020;Amont
794;270;2327;56020;Amont
795;270;2305;56020;Aval
796;271;179;113187;Amont
797;271;2307;113187;Amont
798;271;179;113187;Aval
799;272;178;114289;Amont
800;272;9370;114289;Amont
801;272;178;114289;Aval
802;273;2341;38852;Amont
803;273;37;38852;Amont
804;273;2341;38852;Aval
805;274;8777;110518;Amont
806;274;35;110518;Amont
807;274;8777;110518;Aval
808;275;2347;142623;Amont
809;275;2365;142623;Amont
810;275;2342;142623;Aval
811;276;2348;182219;Amont
812;276;2372;182219;Amont
813;276;2343;182219;Aval
814;277;2382;32304;Amont
815;277;2383;32304;Aval
816;277;2382;32304;Aval
817;278;2388;31938;Amont
818;278;2389;31938;Aval
819;278;2388;31938;Aval
820;279;2389;32062;Amont
821;279;9244;32062;Aval
822;279;2389;32062;Aval
823;280;2385;32162;Amont
824;280;2388;32162;Amont
825;280;2385;32162;Aval
826;281;2385;32304;Amont
827;281;2386;32304;Aval
828;281;2385;32304;Aval
829;430;0;6327;Aval
830;431;9665;6387;Amont
831;431;9665;6387;Aval
832;283;2388;30917;Amont
833;283;2397;30917;Amont
834;283;2388;30917;Aval
835;284;1474;475907;Amont
836;284;15;475907;Amont
837;284;1474;475907;Aval
838;285;193;14458;Amont
839;285;1308;0;Amont
840;285;193;14458;Aval
841;286;1308;2994;Amont
842;286;1306;2309;Amont
843;286;1308;2994;Aval
844;287;1308;3034;Amont
845;287;2391;3034;Aval
846;287;1308;3034;Aval
847;288;193;167466;Amont
848;288;2369;167466;Amont
849;288;193;167466;Aval
850;289;193;167566;Amont
851;289;2370;167566;Aval
852;289;193;167566;Aval
853;290;193;181988;Amont
854;290;2371;181988;Amont
855;290;193;181988;Aval
856;291;193;182065;Amont
857;291;2372;182065;Aval
858;291;193;182065;Aval
859;292;179;57224;Amont
860;292;2329;57224;Amont
861;292;179;57224;Aval
862;293;179;8287;Amont
863;293;2317;8287;Amont
864;293;179;8287;Aval
865;294;179;8314;Amont
866;294;2318;8314;Aval
867;294;179;8314;Aval
868;295;1308;6877;Amont
869;295;2393;6877;Amont
870;295;1308;6877;Aval
871;296;1308;6963;Amont
872;296;2381;6963;Aval
873;296;1308;6963;Aval
874;297;178;10506;Amont
875;297;2895;249728;Amont
876;297;178;10506;Aval
877;298;1308;47113;Amont
878;298;33;47113;Aval
879;298;1308;47113;Aval
880;299;193;142392;Amont
881;299;2364;142392;Amont
882;299;193;142392;Aval
883;300;193;142469;Amont
884;300;2365;142469;Aval
885;300;193;142469;Aval
886;301;1308;30524;Amont
887;301;2382;30524;Aval
888;301;1308;30524;Aval
889;302;178;11268;Amont
890;302;2320;11268;Amont
891;302;178;11268;Aval
892;303;178;11292;Amont
893;303;2308;11292;Aval
894;303;178;11292;Aval
895;304;194;143827;Amont
896;304;2367;143827;Amont
897;304;194;143827;Aval
898;305;193;128031;Amont
899;305;2362;128031;Amont
900;305;193;128031;Aval
901;306;193;128131;Amont
902;306;2363;128131;Aval
903;306;193;128131;Aval
904;307;178;8532;Amont
905;307;2318;8532;Amont
906;307;178;8532;Aval
907;308;193;75006;Amont
908;308;2346;75006;Amont
909;308;193;75006;Aval
910;309;193;75164;Amont
911;309;2356;75164;Amont
912;309;193;75164;Aval
913;310;193;75263;Amont
914;310;2357;75264;Aval
915;310;193;75263;Aval
916;311;863;427871;Amont
917;311;6613;427871;Amont
918;311;863;427871;Aval
919;312;863;427971;Amont
920;312;6614;427971;Aval
921;312;863;427971;Aval
922;313;194;162307;Amont
923;313;2368;162307;Amont
924;313;194;162307;Aval
925;314;193;109863;Amont
926;314;2360;109868;Amont
927;314;193;109863;Aval
928;315;193;110175;Amont
929;315;8777;110175;Aval
930;315;193;110175;Aval
931;316;178;100083;Amont
932;316;2333;100083;Amont
933;316;178;100083;Aval
934;317;178;100188;Amont
935;317;2334;100188;Aval
936;317;178;100188;Aval
937;318;194;183423;Amont
938;318;2374;183423;Amont
939;318;194;183423;Aval
940;319;2384;7059;Amont
941;319;2390;7059;Aval
942;319;2384;7059;Aval
943;320;179;11113;Amont
944;320;2319;11113;Amont
945;320;179;11113;Aval
946;321;179;11158;Amont
947;321;1348;250385;Amont
948;321;179;11158;Aval
949;322;2385;30538;Amont
950;322;2388;30538;Aval
951;322;2385;30538;Aval
952;323;2385;31608;Amont
953;323;2398;31608;Aval
954;323;2385;31608;Aval
955;324;179;114268;Amont
956;324;3410;287559;Amont
957;324;179;114268;Aval
958;325;178;12190;Amont
959;325;2308;12190;Amont
960;325;178;12190;Aval
961;326;178;12215;Amont
962;326;2321;12215;Aval
963;326;178;12215;Aval
964;327;193;38621;Amont
965;327;9237;38621;Amont
966;327;193;38621;Aval
967;328;193;38698;Amont
968;328;2341;38698;Aval
969;328;193;38698;Aval
970;329;1309;3195;Amont
971;329;2391;3195;Amont
972;329;1309;3195;Aval
973;330;1309;3235;Amont
974;330;2392;3235;Aval
975;330;1309;3235;Aval
976;331;193;183059;Amont
977;331;2373;183059;Amont
978;331;193;183059;Aval
979;332;193;183136;Amont
980;332;2374;183136;Aval
981;332;193;183136;Aval
982;333;178;81121;Amont
983;333;2330;81121;Amont
984;333;178;81121;Aval
985;334;178;81221;Amont
986;334;2331;81221;Aval
987;334;178;81221;Aval
988;335;178;81378;Amont
989;335;2332;81378;Aval
990;335;178;81378;Aval
991;336;1308;8011;Amont
992;336;2381;8011;Amont
993;336;1308;8011;Aval
994;337;1308;8051;Amont
995;337;2394;8051;Aval
996;337;1308;8051;Aval
997;338;194;18308;Amont
998;338;9239;18308;Amont
999;338;194;18308;Aval
1000;339;193;59394;Amont
1001;339;2354;59394;Amont
1002;339;193;59394;Aval
1003;340;193;59494;Amont
1004;340;2355;59494;Aval
1005;340;193;59494;Aval
1006;341;178;56860;Amont
1007;341;2328;56860;Amont
1008;341;178;56860;Aval
1009;342;178;56937;Amont
1010;342;2329;56937;Aval
1011;342;178;56937;Aval
1012;343;194;167853;Amont
1013;343;2370;167853;Amont
1014;343;194;167853;Aval
1015;344;193;7298;Amont
1016;344;9242;7298;Amont
1017;344;193;7298;Aval
1018;345;193;7398;Amont
1019;345;9243;7398;Aval
1020;345;193;7398;Aval
1021;346;178;31351;Amont
1022;346;8621;31351;Amont
1023;346;178;31351;Aval
1024;347;178;31507;Amont
1025;347;2324;31507;Amont
1026;347;178;31507;Aval
1027;348;178;31607;Amont
1028;348;2325;31607;Aval
1029;348;178;31607;Aval
1030;349;2382;31654;Amont
1031;349;2399;31654;Aval
1032;349;2382;31654;Aval
1033;350;193;111469;Amont
1034;350;8777;111469;Amont
1035;350;193;111469;Aval
1036;351;193;111817;Amont
1037;351;2361;111817;Aval
1038;351;193;111817;Aval
1039;352;1309;26004;Amont
1040;352;2395;26004;Amont
1041;352;1309;26004;Aval
1042;353;1309;26091;Amont
1043;353;2396;26091;Aval
1044;353;1309;26091;Aval
1045;354;1309;26296;Amont
1046;354;34;26296;Aval
1047;354;1309;26296;Aval
1048;355;179;100475;Amont
1049;355;2334;100475;Amont
1050;355;179;100475;Aval
1051;356;179;31894;Amont
1052;356;2325;31894;Amont
1053;356;179;31894;Aval
1054;357;178;55789;Amont
1055;357;2326;55789;Amont
1056;357;178;55789;Aval
1057;358;178;55866;Amont
1058;358;2327;55866;Aval
1059;358;178;55866;Aval
1060;359;193;87746;Amont
1061;359;2358;87746;Amont
1062;359;193;87746;Aval
1063;360;193;87846;Amont
1064;360;2359;87846;Aval
1065;360;193;87846;Aval
1066;361;193;193933;Amont
1067;361;2375;193933;Amont
1068;361;193;193933;Aval
1069;362;193;194032;Amont
1070;362;2376;194032;Aval
1071;362;193;194032;Aval
1072;363;179;3591;Amont
1073;363;181;0;Aval
1074;363;179;3591;Aval
1075;364;194;13800;Amont
1076;364;1309;0;Amont
1077;364;194;13800;Aval
1078;365;1308;25731;Amont
1079;365;2395;25731;Aval
1080;365;1308;25731;Aval
1081;366;179;12190;Amont
1082;366;2309;12190;Amont
1083;366;179;12190;Aval
1084;367;179;12301;Amont
1085;367;2321;12301;Amont
1086;367;179;12301;Aval
1087;368;193;39692;Amont
1088;368;2341;39692;Amont
1089;368;193;39692;Aval
1090;369;193;39769;Amont
1091;369;9236;39769;Aval
1092;369;193;39769;Aval
1093;370;193;143463;Amont
1094;370;2366;143463;Amont
1095;370;193;143463;Aval
1096;371;193;143540;Amont
1097;371;2367;143540;Aval
1098;371;193;143540;Aval
1099;372;1309;30477;Amont
1100;372;2385;30477;Aval
1101;372;1309;30477;Aval
1102;373;863;455080;Amont
1103;373;16;455080;Amont
1104;373;863;455080;Aval
1105;374;863;455237;Amont
1106;374;6615;455237;Amont
1107;374;863;455237;Aval
1108;375;863;455337;Amont
1109;375;6616;455337;Aval
1110;375;863;455337;Aval
1111;376;194;88133;Amont
1112;376;2359;88133;Amont
1113;376;194;88133;Aval
1114;377;179;81508;Amont
1115;377;2331;81508;Amont
1116;377;179;81508;Aval
1117;378;863;476747;Amont
1118;378;1474;476747;Amont
1119;378;863;476747;Aval
1120;379;863;476825;Amont
1121;379;6618;476825;Aval
1122;379;863;476825;Aval
1123;380;863;475676;Amont
1124;380;6617;475676;Amont
1125;380;863;475676;Aval
1126;381;863;475754;Amont
1127;381;1474;475754;Aval
1128;381;863;475754;Aval
1129;382;178;14758;Amont
1130;382;2322;14758;Amont
1131;382;178;14758;Aval
1132;383;179;16973;Amont
1133;383;2323;16973;Amont
1134;383;179;16973;Aval
1135;384;193;17921;Amont
1136;384;9238;17921;Amont
1137;384;193;17921;Aval
1138;385;193;18021;Amont
1139;385;9239;18021;Aval
1140;385;193;18021;Aval
1141;386;193;161936;Amont
1142;386;199;1268;Amont
1143;386;193;161936;Aval
1144;387;193;162021;Amont
1145;387;2368;162021;Aval
1146;387;193;162021;Aval
1147;388;178;16746;Amont
1148;388;3209;10125;Amont
1149;388;178;16746;Aval
1150;389;178;16756;Amont
1151;389;2323;16756;Aval
1152;389;178;16756;Aval
1153;390;194;51805;Amont
1154;390;195;0;Aval
1155;390;194;51805;Aval
1156;391;1308;43650;Amont
1157;391;2403;43650;Aval
1158;391;1308;43650;Aval
1159;392;864;455624;Amont
1160;392;6616;455624;Amont
1161;392;864;455624;Aval
1162;393;864;477112;Amont
1163;393;6618;477112;Amont
1164;393;864;477112;Aval
1165;394;194;128418;Amont
1166;394;2363;128418;Amont
1167;394;194;128418;Aval
1168;395;194;59780;Amont
1169;395;2355;59781;Amont
1170;395;194;59780;Aval
1171;396;1308;18778;Amont
1172;396;8798;0;Aval
1173;396;1308;18778;Aval
1174;397;194;112104;Amont
1175;397;2361;112104;Amont
1176;397;194;112104;Aval
1177;398;194;40056;Amont
1178;398;9236;40056;Amont
1179;398;194;40056;Aval
1180;399;864;428258;Amont
1181;399;6614;428258;Amont
1182;399;864;428258;Aval
1183;400;194;7685;Amont
1184;400;9243;7685;Amont
1185;400;194;7685;Aval
1186;401;194;194319;Amont
1187;401;2376;194319;Amont
1188;401;194;194319;Aval
1189;402;178;3711;Amont
1190;402;180;0;Aval
1191;402;178;3711;Aval
1192;403;194;111469;Amont
1193;403;2345;111469;Amont
1194;403;194;111469;Aval
1195;404;9467;249400;Amont
1196;404;29;249400;Amont
1197;404;9467;249400;Aval
1198;405;2308;11361;Amont
1199;405;2310;11361;Aval
1200;405;2308;11361;Aval
1201;406;2309;11361;Amont
1202;406;2311;11361;Aval
1203;406;2309;11361;Aval
1204;407;1348;250297;Amont
1205;407;1348;250297;Aval
1206;408;2308;12122;Amont
1207;408;2310;12122;Amont
1208;408;2308;12122;Aval
1209;409;2309;12122;Amont
1210;409;2311;12122;Amont
1211;409;2309;12122;Aval
1212;410;2312;31213;Amont
1213;410;61;31213;Aval
1214;410;8621;31213;Aval
1215;411;195;220;Amont
1216;411;195;220;Aval
1217;412;2346;74870;Amont
1218;412;2346;74870;Aval
1219;413;196;118;Amont
1220;413;196;118;Aval
1221;414;2382;30697;Amont
1222;414;2397;30697;Aval
1223;414;2382;30697;Aval
1224;415;2381;7915;Amont
1225;415;2387;7915;Amont
1226;415;2381;7915;Aval
1227;416;2384;7915;Amont
1228;416;2390;7915;Amont
1229;416;2384;7915;Aval
1230;417;2381;7059;Amont
1231;417;2387;7059;Aval
1232;417;2381;7059;Aval
1233;418;864;313564;Amont
1234;418;6601;313564;Amont
1235;418;864;313564;Aval
1236;419;864;313639;Amont
1237;419;6602;313639;Aval
1238;419;864;313639;Aval
1239;420;864;331732;Amont
1240;420;6603;331732;Amont
1241;420;864;331732;Aval
1242;421;511;217688;Amont
1243;421;521;217688;Amont
1244;421;511;217688;Aval
1245;422;511;217733;Amont
1246;422;4445;217733;Aval
1247;422;511;217733;Aval
1248;423;863;1891;Amont
1249;423;6573;1891;Aval
1250;423;863;1891;Aval
1251;424;893;7774;Amont
1252;424;6697;7774;Aval
1253;424;893;7774;Aval
1254;425;864;292997;Amont
1255;425;6599;292997;Amont
1256;425;864;292997;Aval
1257;426;864;293121;Amont
1258;426;6600;293121;Aval
1259;426;864;293121;Aval
1260;427;506;131989;Amont
1261;427;506;132000;Aval
1262;428;505;164062;Amont
1263;428;505;164060;Aval
1264;429;506;164062;Amont
1265;429;506;164060;Aval
1266;431;0;6387;Amont
1267;4568;9584;8896;Amont
1268;19798;505;179646;Amont
1269;19798;507;179646;Aval
1270;19799;506;179321;Amont
1271;1054;9884;82138;Amont
1272;433;194;75551;Amont
1273;433;2357;75551;Amont
1274;433;194;75551;Aval
1275;434;178;8069;Amont
1276;434;2317;8069;Aval
1277;434;178;8069;Aval
1278;435;178;9212;Amont
1279;435;9473;248429;Aval
1280;435;178;9212;Aval
1281;436;179;9752;Amont
1282;436;9467;248970;Aval
1283;436;179;9752;Aval
1284;437;178;10957;Amont
1285;437;2319;10957;Aval
1286;437;178;10957;Aval
1287;438;178;15275;Amont
1288;438;3206;8656;Aval
1289;438;178;15275;Aval
1290;439;179;31220;Amont
1291;439;2324;31220;Aval
1292;439;179;31220;Aval
1293;440;179;55502;Amont
1294;440;2326;55502;Aval
1295;440;179;55502;Aval
1296;441;179;58235;Amont
1297;441;182;0;Aval
1298;441;179;58235;Aval
1299;442;179;80834;Amont
1300;442;2330;80834;Aval
1301;442;179;80834;Aval
1302;443;179;99801;Amont
1303;443;2333;99801;Aval
1304;443;179;99801;Aval
1305;444;178;110715;Amont
1306;444;9371;110715;Aval
1307;444;178;110715;Aval
1308;445;178;112104;Amont
1309;445;2306;112104;Aval
1310;445;178;112104;Aval
1311;446;179;112104;Amont
1312;446;2307;112104;Aval
1313;446;179;112104;Aval
1314;447;179;110989;Amont
1315;447;9371;110989;Amont
1316;447;179;110989;Aval
1317;448;178;113187;Amont
1318;448;2306;113187;Amont
1319;448;178;113187;Aval
1320;449;178;114646;Amont
1321;449;3412;287128;Amont
1322;449;178;114646;Aval
1323;450;193;10688;Amont
1324;450;1306;0;Aval
1325;450;193;10688;Aval
1326;451;194;11192;Amont
1327;451;1307;0;Aval
1328;451;194;11192;Aval
1329;452;193;97813;Amont
1330;452;196;0;Aval
1331;452;193;97813;Aval
1332;453;194;110175;Amont
1333;453;2345;110175;Aval
1334;453;194;110175;Aval
1335;454;194;142105;Amont
1336;454;2364;142105;Aval
1337;454;194;142105;Aval
1338;455;193;148821;Amont
1339;455;197;0;Aval
1340;455;193;148821;Aval
1341;456;194;148094;Amont
1342;456;198;0;Aval
1343;456;194;148094;Aval
1344;457;179;114014;Amont
1345;457;184;114014;Amont
1346;457;179;114014;Aval
1347;458;179;114066;Amont
1348;458;9370;114066;Aval
1349;458;179;114066;Aval
1350;459;2341;39538;Amont
1351;459;36;39538;Aval
1352;459;2341;39538;Aval
1353;460;8777;111125;Amont
1354;460;38;111125;Aval
1355;460;8777;111125;Aval
1356;461;2342;143303;Amont
1357;461;2350;143303;Aval
1358;461;2366;143303;Aval
1359;462;2343;182905;Amont
1360;462;2351;182905;Aval
1361;462;2373;182905;Aval
1362;463;194;167179;Amont
1363;463;2369;167179;Aval
1364;463;194;167179;Aval
1365;464;194;181701;Amont
1366;464;2371;181701;Aval
1367;464;194;181701;Aval
1368;465;193;197941;Amont
1369;465;178;0;Aval
1370;465;193;197941;Aval
1371;466;194;197831;Amont
1372;466;179;0;Aval
1373;466;194;197831;Aval
1374;467;1306;1666;Amont
1375;467;1307;1098;Amont
1376;467;1306;1666;Aval
1377;468;1308;44283;Amont
1378;468;2404;44283;Amont
1379;468;1308;44283;Aval
1380;469;1308;32677;Amont
1381;469;2382;32677;Amont
1382;469;1308;32677;Aval
1383;470;2382;32200;Amont
1384;470;9244;32200;Amont
1385;470;2382;32200;Aval
1386;471;1309;32660;Amont
1387;471;2385;32660;Amont
1388;471;1309;32660;Aval
1389;472;2388;31816;Amont
1390;472;2398;31816;Amont
1391;472;2388;31816;Aval
1392;473;2388;31898;Amont
1393;473;2399;31898;Amont
1394;473;2388;31898;Aval
1395;4568;9584;8896;Aval
1396;4569;9666;8968;Amont
1397;4569;9666;8968;Aval
1398;432;2;9235;Aval
1399;474;2;9341;Amont
1400;432;9666;9235;Amont
1401;476;1474;476594;Amont
1402;476;14;476594;Aval
1403;476;1474;476594;Aval
1404;477;1308;6243;Amont
1405;477;2405;6243;Aval
1406;477;1308;6243;Aval
1407;478;179;14539;Amont
1408;478;2322;14539;Aval
1409;478;179;14539;Aval
1410;479;1308;23408;Amont
1411;479;8800;0;Amont
1412;479;1308;23408;Aval
1413;480;1309;22645;Amont
1414;480;8801;0;Amont
1415;480;1309;22645;Aval
1416;481;1309;8011;Amont
1417;481;2384;8011;Amont
1418;481;1309;8011;Aval
1419;482;1309;8212;Amont
1420;482;2394;8212;Amont
1421;482;1309;8212;Aval
1422;483;1309;6517;Amont
1423;483;2405;6517;Amont
1424;483;1309;6517;Aval
1425;484;1309;6603;Amont
1426;484;2393;6603;Aval
1427;484;1309;6603;Aval
1428;432;9666;9235;Aval
1429;474;9584;9341;Amont
1430;486;1309;6963;Amont
1431;486;2384;6963;Aval
1432;486;1309;6963;Aval
1433;474;9584;9341;Aval
1434;475;9645;9033;Amont
1435;488;2305;56706;Amont
1436;488;2328;56706;Aval
1437;488;2305;56706;Aval
1438;475;9645;9033;Aval
1439;489;183;285331;Aval
1440;475;30;9033;Aval
1441;490;1308;2616;Amont
1442;490;1308;1899;Aval
1443;491;1309;18778;Amont
1444;491;8799;0;Aval
1445;491;1309;18778;Aval
1446;492;8451;556540;Amont
1447;492;9;556540;Amont
1448;492;8451;556540;Aval
1449;493;8450;494982;Amont
1450;493;8450;494982;Aval
1451;494;8446;495170;Amont
1452;494;44;495170;Amont
1453;494;8446;495170;Aval
1454;495;8452;595679;Amont
1455;495;7;595679;Amont
1456;495;8452;595679;Aval
1457;496;8458;5170;Amont
1458;496;8461;0;Aval
1459;496;8458;5170;Aval
1460;497;8459;5170;Amont
1461;497;8460;0;Aval
1462;497;8459;5170;Aval
1463;485;9666;9141;Amont
1464;485;9666;9141;Aval
1465;499;8459;29610;Amont
1466;19610;8445;0;Aval
1467;485;30;9141;Amont
1468;19576;9494;1276;Amont
1469;487;9771;60877;Amont
1470;487;9771;60877;Aval
1471;501;961;83067;Amont
1472;681;9818;60700;Amont
1473;502;8446;496163;Amont
1474;502;12;496163;Aval
1475;502;8446;496163;Aval
1476;503;8450;496167;Amont
1477;503;13;496167;Aval
1478;503;8450;496167;Aval
1479;504;8452;596401;Amont
1480;504;6;596401;Aval
1481;504;8452;596401;Aval
1482;505;8453;625490;Amont
1483;505;49;625490;Aval
1484;505;8453;625490;Aval
1485;506;8447;625576;Amont
1486;506;48;625576;Aval
1487;506;8447;625576;Aval
1488;507;8448;658096;Amont
1489;507;53;658096;Aval
1490;507;8448;658096;Aval
1491;508;8678;699465;Amont
1492;508;54;699465;Aval
1493;508;8678;699465;Aval
1494;509;8449;699465;Amont
1495;509;55;699465;Aval
1496;509;8449;699465;Aval
1497;510;8445;1194;Amont
1498;510;9494;1194;Aval
1499;510;8445;1194;Aval
1500;511;864;493427;Amont
1501;511;870;493427;Aval
1502;511;864;493427;Aval
1503;512;864;698082;Amont
1504;512;8759;698082;Aval
1505;512;864;698082;Aval
1506;513;863;555828;Amont
1507;513;8742;555828;Aval
1508;513;863;555828;Aval
1509;514;864;524529;Amont
1510;514;8454;0;Aval
1511;514;864;524529;Aval
1512;515;864;494611;Amont
1513;515;8450;494611;Aval
1514;515;864;494611;Aval
1515;516;863;577094;Amont
1516;516;8744;577094;Aval
1517;516;863;577094;Aval
1518;517;863;494510;Amont
1519;517;8736;494510;Amont
1520;517;863;494510;Aval
1521;518;863;494611;Amont
1522;518;8446;494611;Aval
1523;518;863;494611;Aval
1524;519;864;643592;Amont
1525;519;8753;643592;Aval
1526;519;864;643592;Aval
1527;520;864;577911;Amont
1528;520;8745;577911;Aval
1529;520;864;577911;Aval
1530;521;864;613004;Amont
1531;521;8749;613004;Aval
1532;521;864;613004;Aval
1533;522;864;624075;Amont
1534;522;8751;624075;Aval
1535;522;864;624075;Aval
1536;523;864;596553;Amont
1537;523;8452;596553;Amont
1538;523;864;596553;Aval
1539;524;864;596665;Amont
1540;524;8748;596665;Aval
1541;524;864;596665;Aval
1542;525;864;595342;Amont
1543;525;8747;595342;Amont
1544;525;864;595342;Aval
1545;526;864;595526;Amont
1546;526;8452;595526;Aval
1547;526;864;595526;Aval
1548;527;863;578412;Amont
1549;527;8455;0;Aval
1550;527;863;578412;Aval
1551;528;863;541376;Amont
1552;528;8740;541376;Amont
1553;528;863;541376;Aval
1554;529;863;541472;Amont
1555;529;8741;541472;Aval
1556;529;863;541472;Aval
1557;530;863;541668;Amont
1558;530;10;541668;Aval
1559;530;863;541668;Aval
1560;531;864;556128;Amont
1561;531;8742;556128;Amont
1562;531;864;556128;Aval
1563;532;864;556372;Amont
1564;532;8451;556372;Aval
1565;532;864;556372;Aval
1566;533;863;496602;Amont
1567;533;8446;496602;Amont
1568;533;863;496602;Aval
1569;534;863;496698;Amont
1570;534;8737;496698;Aval
1571;534;863;496698;Aval
1572;535;863;493427;Amont
1573;535;869;493427;Aval
1574;535;863;493427;Aval
1575;536;864;656737;Amont
1576;536;8755;656737;Aval
1577;536;864;656737;Aval
1578;537;8453;624835;Amont
1579;537;3;624835;Amont
1580;537;8453;624835;Aval
1581;538;8447;624748;Amont
1582;538;5;624748;Amont
1583;538;8447;624748;Aval
1584;539;8448;657374;Amont
1585;539;50;657374;Amont
1586;539;8448;657374;Aval
1587;540;8449;698815;Amont
1588;540;8449;698815;Aval
1589;541;8678;698815;Amont
1590;541;8678;698815;Aval
1591;542;863;643696;Amont
1592;542;51;643696;Amont
1593;542;863;643696;Aval
1594;543;863;643892;Amont
1595;543;8753;643892;Amont
1596;543;863;643892;Aval
1597;544;863;644074;Amont
1598;544;8754;644074;Aval
1599;544;863;644074;Aval
1600;545;864;541772;Amont
1601;545;8741;541772;Amont
1602;545;864;541772;Aval
1603;546;864;577393;Amont
1604;546;8744;577393;Amont
1605;546;864;577393;Aval
1606;547;8456;1160;Amont
1607;547;39;1160;Aval
1608;547;8456;1160;Aval
1609;548;864;496998;Amont
1610;548;8737;496998;Amont
1611;548;864;496998;Aval
1612;549;863;613108;Amont
1613;549;4;613108;Amont
1614;549;863;613108;Aval
1615;550;863;613304;Amont
1616;550;8749;613304;Amont
1617;550;863;613304;Aval
1618;551;863;613400;Amont
1619;551;8750;613400;Aval
1620;551;863;613400;Aval
1621;552;864;557399;Amont
1622;552;8451;557399;Amont
1623;552;864;557399;Aval
1624;553;864;557643;Amont
1625;553;8743;557643;Aval
1626;553;864;557643;Aval
1627;554;864;644374;Amont
1628;554;8754;644374;Amont
1629;554;864;644374;Aval
1630;555;864;625862;Amont
1631;555;8453;625862;Amont
1632;555;864;625862;Aval
1633;556;863;557943;Amont
1634;556;8743;557943;Amont
1635;556;863;557943;Aval
1636;557;863;652324;Amont
1637;557;8457;702;Amont
1638;557;863;652324;Aval
1639;558;863;698382;Amont
1640;558;8759;698382;Amont
1641;558;863;698382;Aval
1642;559;863;698469;Amont
1643;559;8449;698469;Aval
1644;559;863;698469;Aval
1645;560;864;496572;Amont
1646;560;8450;496572;Amont
1647;560;864;496572;Aval
1648;561;863;516253;Amont
1649;561;11;516253;Amont
1650;561;863;516253;Aval
1651;562;863;516658;Amont
1652;562;8738;516658;Amont
1653;562;863;516658;Aval
1654;563;863;516754;Amont
1655;563;8739;516754;Aval
1656;563;863;516754;Aval
1657;564;863;675119;Amont
1658;564;52;675119;Amont
1659;564;863;675119;Aval
1660;565;863;675315;Amont
1661;565;8757;675315;Amont
1662;565;863;675315;Aval
1663;566;863;675411;Amont
1664;566;8758;675411;Aval
1665;566;863;675411;Aval
1666;567;863;699810;Amont
1667;567;8449;699810;Amont
1668;567;863;699810;Aval
1669;568;863;699898;Amont
1670;568;8760;699898;Aval
1671;568;863;699898;Aval
1672;569;863;578210;Amont
1673;569;8745;578210;Amont
1674;569;863;578210;Aval
1675;570;863;581671;Amont
1676;570;8746;581671;Amont
1677;570;863;581671;Aval
1678;571;864;613700;Amont
1679;571;8750;613700;Amont
1680;571;864;613700;Aval
1681;572;864;581407;Amont
1682;572;8456;1614;Amont
1683;572;864;581407;Aval
1684;573;864;581544;Amont
1685;573;8746;581544;Aval
1686;573;864;581544;Aval
1687;574;863;624177;Amont
1688;574;8460;5325;Amont
1689;574;863;624177;Aval
1690;575;863;624375;Amont
1691;575;8751;624375;Amont
1692;575;863;624375;Aval
1693;576;863;624462;Amont
1694;576;8447;624462;Aval
1695;576;863;624462;Aval
1696;577;863;658249;Amont
1697;577;8448;658249;Amont
1698;577;863;658249;Aval
1699;578;863;658361;Amont
1700;578;8756;658361;Aval
1701;578;863;658361;Aval
1702;579;864;628475;Amont
1703;579;8752;628475;Amont
1704;579;864;628475;Aval
1705;580;864;700197;Amont
1706;580;8760;700197;Amont
1707;580;864;700197;Aval
1708;581;864;517054;Amont
1709;581;8739;517054;Amont
1710;581;864;517054;Aval
1711;582;864;699810;Amont
1712;582;8678;699810;Amont
1713;582;864;699810;Aval
1714;583;864;623988;Amont
1715;583;8461;5136;Amont
1716;583;864;623988;Aval
1717;584;864;675711;Amont
1718;584;8758;675711;Amont
1719;584;864;675711;Aval
1720;585;863;596965;Amont
1721;585;8748;596965;Amont
1722;585;863;596965;Aval
1723;586;864;658661;Amont
1724;586;8756;658661;Amont
1725;586;864;658661;Aval
1726;587;8454;132;Amont
1727;587;8454;132;Aval
1728;19633;9790;147514;Amont
1729;19633;9790;147514;Aval
1730;498;9815;60855;Amont
1731;589;863;625862;Amont
1732;589;8447;625862;Amont
1733;589;863;625862;Aval
1734;590;864;494224;Amont
1735;590;8736;494224;Aval
1736;590;864;494224;Aval
1737;591;864;516358;Amont
1738;591;8738;516358;Aval
1739;591;864;516358;Aval
1740;592;864;541076;Amont
1741;592;8740;541076;Aval
1742;592;864;541076;Aval
1743;593;864;675015;Amont
1744;593;8757;675015;Aval
1745;593;864;675015;Aval
1746;594;863;595042;Amont
1747;594;8747;595042;Aval
1748;594;863;595042;Aval
1749;595;863;617742;Amont
1750;595;8458;0;Aval
1751;595;863;617742;Aval
1752;596;864;618746;Amont
1753;596;8459;1022;Aval
1754;596;864;618746;Aval
1755;597;864;624462;Amont
1756;597;8453;624462;Aval
1757;597;864;624462;Aval
1758;598;863;628175;Amont
1759;598;8752;628175;Aval
1760;598;863;628175;Aval
1761;599;864;698469;Amont
1762;599;8678;698469;Aval
1763;599;864;698469;Aval
1764;600;863;657037;Amont
1765;600;8755;657037;Amont
1766;600;863;657037;Aval
1767;601;863;657221;Amont
1768;601;8448;657221;Aval
1769;601;863;657221;Aval
1770;602;8451;557231;Amont
1771;602;8;557231;Aval
1772;602;8451;557231;Aval
1773;603;3109;15740;Amont
1774;603;3017;15740;Amont
1775;603;3109;15740;Aval
1776;604;3109;15773;Amont
1777;604;1305;0;Aval
1778;604;3109;15773;Aval
1779;605;1478;7559;Amont
1780;605;6620;7559;Amont
1781;605;1478;7559;Aval
1782;606;1478;4024;Amont
1783;606;6625;1756;Amont
1784;606;1478;4024;Aval
1785;607;1305;1358;Amont
1786;607;2353;1358;Aval
1787;607;1305;1358;Aval
1788;608;1477;4024;Amont
1789;608;6626;1764;Amont
1790;608;1477;4024;Aval
1791;609;267;16000;Amont
1792;609;193;215;Aval
1793;609;267;16000;Aval
1794;610;268;16200;Amont
1795;610;194;410;Aval
1796;610;268;16200;Aval
1797;611;1477;7205;Amont
1798;611;6619;7205;Amont
1799;611;1477;7205;Aval
1800;612;1477;7305;Amont
1801;612;6620;7305;Aval
1802;612;1477;7305;Aval
1803;613;1478;6951;Amont
1804;613;6619;6951;Aval
1805;613;1478;6951;Aval
1806;614;3109;15555;Amont
1807;614;3016;15555;Aval
1808;614;3109;15555;Aval
1809;615;268;15555;Amont
1810;615;3017;15555;Aval
1811;615;268;15555;Aval
1812;616;193;1631;Amont
1813;616;2353;1631;Amont
1814;616;193;1631;Aval
1815;617;267;15688;Amont
1816;617;3016;15688;Amont
1817;617;267;15688;Aval
1818;618;194;1767;Amont
1819;618;1305;1767;Amont
1820;618;194;1767;Aval
1821;619;193;208090;Amont
1822;619;2377;208090;Amont
1823;619;193;208090;Aval
1824;620;193;208167;Amont
1825;620;2378;208167;Aval
1826;620;193;208167;Aval
1827;621;193;209161;Amont
1828;621;2379;209161;Amont
1829;621;193;209161;Aval
1830;622;193;209238;Amont
1831;622;2380;209238;Aval
1832;622;193;209238;Aval
1833;623;2344;209007;Amont
1834;623;2379;209007;Aval
1835;623;2352;209007;Aval
1836;624;194;207803;Amont
1837;624;2377;207803;Aval
1838;624;194;207803;Aval
1839;625;2349;208321;Amont
1840;625;2378;208321;Amont
1841;625;2344;208321;Aval
1842;626;8802;17712;Amont
1843;626;9108;17712;Aval
1844;626;8802;17712;Aval
1845;627;8802;19491;Amont
1846;627;9110;19491;Amont
1847;627;8802;19491;Aval
1848;628;8802;45305;Amont
1849;628;8804;45305;Amont
1850;628;8802;45305;Aval
1851;629;8802;45405;Amont
1852;629;8805;45405;Aval
1853;629;8802;45405;Aval
1854;630;8802;90120;Amont
1855;630;8808;90120;Amont
1856;630;8802;90120;Aval
1857;631;8802;90220;Amont
1858;631;8809;90220;Aval
1859;631;8802;90220;Aval
1860;632;8802;90400;Amont
1861;632;8825;90400;Aval
1862;632;8802;90400;Aval
1863;633;8802;140573;Amont
1864;633;8811;140573;Amont
1865;633;8802;140573;Aval
1866;634;8802;140673;Amont
1867;634;8812;140673;Aval
1868;634;8802;140673;Aval
1869;635;8802;144580;Amont
1870;635;9115;0;Aval
1871;635;8802;144580;Aval
1872;636;8802;188014;Amont
1873;636;8815;188014;Aval
1874;636;8802;188014;Aval
1875;637;8802;188687;Amont
1876;637;8816;188687;Amont
1877;637;8802;188687;Aval
1878;638;8802;234719;Amont
1879;638;8838;234719;Aval
1880;638;8802;234719;Aval
1881;639;8802;235393;Amont
1882;639;8819;235393;Amont
1883;639;8802;235393;Aval
1884;640;8802;263387;Amont
1885;640;8820;263387;Amont
1886;640;8802;263387;Aval
1887;641;8802;263487;Amont
1888;641;8821;263487;Aval
1889;641;8802;263487;Aval
1890;642;8802;11570;Amont
1891;642;8799;2595;Amont
1892;642;8802;11570;Aval
1893;643;8802;12743;Amont
1894;643;8800;4942;Amont
1895;643;8802;12743;Aval
1896;644;8802;71274;Amont
1897;644;8806;71274;Amont
1898;644;8802;71274;Aval
1899;645;8802;71383;Amont
1900;645;8824;71383;Aval
1901;645;8802;71383;Aval
1902;646;8802;72370;Amont
1903;646;8824;72370;Amont
1904;646;8802;72370;Aval
1905;647;8802;72480;Amont
1906;647;8807;72480;Aval
1907;647;8802;72480;Aval
1908;648;8824;71525;Amont
1909;648;8824;71525;Aval
1910;649;8824;72229;Amont
1911;649;8824;72229;Aval
1912;650;8802;111503;Amont
1913;650;8810;111503;Amont
1914;650;8802;111503;Aval
1915;651;8802;112991;Amont
1916;651;8827;112991;Aval
1917;651;8802;112991;Aval
1918;652;8802;114332;Amont
1919;652;8827;114332;Amont
1920;652;8802;114332;Aval
1921;653;8802;114433;Amont
1922;653;8829;114433;Aval
1923;653;8802;114433;Aval
1924;654;8802;114698;Amont
1925;654;9112;0;Aval
1926;654;8802;114698;Aval
1927;655;65;113243;Amont
1928;655;8836;113243;Aval
1929;656;8836;113337;Amont
1930;656;8827;113337;Amont
1931;656;8827;113337;Aval
1932;657;8827;113987;Amont
1933;657;8827;113987;Aval
1934;658;8802;165696;Amont
1935;658;8813;165696;Amont
1936;658;8802;165696;Aval
1937;659;8802;165806;Amont
1938;659;8830;165806;Aval
1939;659;8802;165806;Aval
1940;660;8802;166792;Amont
1941;660;8830;166792;Amont
1942;660;8802;166792;Aval
1943;661;8802;166902;Amont
1944;661;8814;166902;Aval
1945;661;8802;166902;Aval
1946;662;8830;165945;Amont
1947;662;64;165945;Amont
1948;662;8830;165945;Aval
1949;663;8830;166651;Amont
1950;663;8830;166651;Aval
1951;664;8802;212823;Amont
1952;664;8817;212823;Amont
1953;664;8802;212823;Aval
1954;665;8802;212924;Amont
1955;665;8831;212924;Aval
1956;665;8802;212924;Aval
1957;666;8802;214265;Amont
1958;666;8831;214265;Amont
1959;666;8802;214265;Aval
1960;667;8802;214365;Amont
1961;667;8818;214365;Aval
1962;667;8802;214365;Aval
1963;668;63;213175;Amont
1964;668;8837;213175;Aval
1965;669;8837;213269;Amont
1966;669;8831;213269;Amont
1967;669;8831;213269;Aval
1968;670;8831;213919;Amont
1969;670;9117;213919;Aval
1970;670;8831;213919;Aval
1971;671;8802;268119;Amont
1972;671;8839;0;Aval
1973;671;8802;268119;Aval
1974;672;8839;1183;Amont
1975;672;8841;0;Aval
1976;672;8839;1183;Aval
1977;673;8802;280553;Amont
1978;673;9118;280553;Amont
1979;673;8802;280553;Aval
1980;674;8802;280653;Amont
1981;674;9119;280653;Aval
1982;674;8802;280653;Aval
1983;675;8802;281994;Amont
1984;675;9119;281994;Amont
1985;675;8802;281994;Aval
1986;676;8802;282095;Amont
1987;676;9121;282095;Aval
1988;676;8802;282095;Aval
1989;677;62;280905;Amont
1990;677;9122;280905;Aval
1991;678;9122;280999;Amont
1992;678;9119;280999;Amont
1993;678;9119;280999;Aval
1994;679;9119;281649;Amont
1995;679;9119;281649;Aval
1996;679;9123;281649;Aval
1997;680;9123;281743;Amont
1998;680;9267;281743;Aval
1999;498;9815;60855;Aval
2000;588;9816;61034;Amont
2001;588;9816;61034;Aval
2002;19684;9815;60836;Amont
2003;19684;9815;60836;Aval
2004;500;9817;60726;Amont
2005;19595;8802;405815;Amont
2006;500;9817;60726;Aval
2007;681;9817;60700;Amont
2008;684;8803;11475;Amont
2009;684;8798;2612;Amont
2010;684;8803;11475;Aval
2011;685;8803;12405;Amont
2012;685;8801;3807;Amont
2013;685;8803;12405;Aval
2014;686;8803;17998;Amont
2015;686;9108;17998;Amont
2016;686;8803;17998;Aval
2017;687;8803;18108;Amont
2018;687;9109;18108;Aval
2019;687;8803;18108;Aval
2020;688;8803;19095;Amont
2021;688;9109;19095;Amont
2022;688;8803;19095;Aval
2023;689;8803;19204;Amont
2024;689;9110;19204;Aval
2025;689;8803;19204;Aval
2026;690;9109;18249;Amont
2027;690;9109;18249;Aval
2028;691;9109;18953;Amont
2029;691;9305;18953;Aval
2030;691;9109;18953;Aval
2031;692;8803;38858;Amont
2032;692;8822;1215;Amont
2033;692;8803;38858;Aval
2034;693;8822;1040;Amont
2035;693;8822;1040;Aval
2036;694;8803;111216;Amont
2037;694;8810;111216;Aval
2038;694;8803;111216;Aval
2039;695;8803;112991;Amont
2040;695;8828;112991;Aval
2041;695;8803;112991;Aval
2042;696;8803;114332;Amont
2043;696;8828;114332;Amont
2044;696;8803;114332;Aval
2045;697;8803;114719;Amont
2046;697;8829;114719;Amont
2047;697;8803;114719;Aval
2048;698;8803;114844;Amont
2049;698;9113;0;Aval
2050;698;8803;114844;Aval
2051;699;8828;113337;Amont
2052;699;8828;113337;Aval
2053;700;8828;113987;Amont
2054;700;8828;113987;Aval
2055;701;8803;212537;Amont
2056;701;8817;212537;Aval
2057;701;8803;212537;Aval
2058;702;8803;212924;Amont
2059;702;8832;212924;Aval
2060;702;8803;212924;Aval
2061;703;8803;214265;Amont
2062;703;8832;214265;Amont
2063;703;8803;214265;Aval
2064;704;8803;214652;Amont
2065;704;8818;214652;Amont
2066;704;8803;214652;Aval
2067;705;8832;213269;Amont
2068;705;8832;213269;Aval
2069;706;8832;213919;Amont
2070;706;8832;213919;Aval
2071;707;8803;268171;Amont
2072;707;8842;0;Aval
2073;707;8803;268171;Aval
2074;708;8842;684;Amont
2075;708;8840;0;Aval
2076;708;8842;684;Aval
2077;709;8803;280266;Amont
2078;709;9118;280266;Aval
2079;709;8803;280266;Aval
2080;710;8803;280653;Amont
2081;710;9120;280653;Aval
2082;710;8803;280653;Aval
2083;711;8803;281994;Amont
2084;711;9120;281994;Amont
2085;711;8803;281994;Aval
2086;712;8803;282381;Amont
2087;712;9121;282381;Amont
2088;712;8803;282381;Aval
2089;713;9120;280999;Amont
2090;713;9120;280999;Aval
2091;714;9120;281649;Amont
2092;714;9120;281649;Aval
2093;715;8803;45018;Amont
2094;715;8804;45018;Aval
2095;715;8803;45018;Aval
2096;716;8803;45692;Amont
2097;716;8805;45692;Amont
2098;716;8803;45692;Aval
2099;717;8803;70987;Amont
2100;717;8806;70987;Aval
2101;717;8803;70987;Aval
2102;718;8803;72766;Amont
2103;718;8807;72766;Amont
2104;718;8803;72766;Aval
2105;719;8803;89833;Amont
2106;719;8808;89833;Aval
2107;719;8803;89833;Aval
2108;720;8803;90507;Amont
2109;720;8809;90507;Amont
2110;720;8803;90507;Aval
2111;721;8803;140286;Amont
2112;721;8811;140286;Aval
2113;721;8803;140286;Aval
2114;722;8803;140960;Amont
2115;722;8812;140960;Amont
2116;722;8803;140960;Aval
2117;723;8803;146220;Amont
2118;723;9116;0;Aval
2119;723;8803;146220;Aval
2120;724;8803;165410;Amont
2121;724;8813;165410;Aval
2122;724;8803;165410;Aval
2123;725;8803;167189;Amont
2124;725;8814;167189;Amont
2125;725;8803;167189;Aval
2126;726;8803;188300;Amont
2127;726;8815;188300;Amont
2128;726;8803;188300;Aval
2129;727;8803;188401;Amont
2130;727;8816;188401;Aval
2131;727;8803;188401;Aval
2132;728;8803;234825;Amont
2133;728;8833;234825;Amont
2134;728;8803;234825;Aval
2135;729;8803;235006;Amont
2136;729;8838;235006;Amont
2137;729;8803;235006;Aval
2138;730;8803;235106;Amont
2139;730;8819;235106;Aval
2140;730;8803;235106;Aval
2141;731;8803;263100;Amont
2142;731;8820;263100;Aval
2143;731;8803;263100;Aval
2144;732;8803;263774;Amont
2145;732;8821;263774;Amont
2146;732;8803;263774;Aval
2147;681;9817;60700;Aval
2148;1756;1857;53025;Amont
2149;1756;1857;53025;Aval
2150;1757;1857;54060;Amont
2151;1757;1857;54060;Aval
2152;682;31;53165;Aval
2153;19597;8803;406015;Amont
2154;683;31;53970;Amont
2155;736;8802;243;Amont
2156;736;9006;243;Amont
2157;736;8802;243;Aval
2158;737;796;22703;Amont
2159;737;8802;0;Aval
2160;737;796;22703;Aval
2161;738;8803;14;Amont
2162;738;9006;14;Aval
2163;738;8803;14;Aval
2164;739;8822;122;Amont
2165;739;8822;122;Aval
2166;740;9112;528;Amont
2167;740;9411;0;Aval
2168;740;9112;528;Aval
2169;741;8799;403;Amont
2170;741;8799;403;Aval
2171;742;9577;87292;Amont
2172;742;194;210577;Aval
2173;743;9578;87292;Amont
2174;743;193;210577;Aval
2175;744;512;14775;Amont
2176;744;4410;14775;Amont
2177;744;512;14775;Aval
2178;745;512;13954;Amont
2179;745;4410;13954;Aval
2180;745;512;13954;Aval
2181;746;512;12181;Amont
2182;746;4426;12181;Amont
2183;746;512;12181;Aval
2184;747;512;11571;Amont
2185;747;4425;11571;Aval
2186;747;512;11571;Aval
2187;748;512;6022;Amont
2188;748;4424;6022;Aval
2189;748;512;6022;Aval
2190;749;512;5432;Amont
2191;749;4423;5432;Aval
2192;749;512;5432;Aval
2193;750;511;14775;Amont
2194;750;4409;14775;Amont
2195;750;511;14775;Aval
2196;751;511;13954;Amont
2197;751;4409;13954;Aval
2198;751;511;13954;Aval
2199;752;511;11836;Amont
2200;752;4425;11836;Amont
2201;752;511;11836;Aval
2202;753;511;11916;Amont
2203;753;4426;11916;Aval
2204;753;511;11916;Aval
2205;754;4409;14649;Amont
2206;754;4409;14649;Aval
2207;754;9579;14649;Aval
2208;755;4409;14099;Amont
2209;755;514;1859;Amont
2210;755;4409;14099;Aval
2211;756;4410;14099;Amont
2212;756;515;1859;Amont
2213;756;4410;14099;Aval
2214;757;4410;14649;Amont
2215;757;4410;14649;Aval
2216;757;9582;14649;Aval
2217;758;511;6131;Amont
2218;758;4424;6131;Amont
2219;758;511;6131;Aval
2220;759;9583;44637;Amont
2221;759;9588;44637;Aval
2222;759;9583;44637;Aval
2223;760;9583;44789;Amont
2224;760;9587;44789;Amont
2225;760;9583;44789;Aval
2226;761;9583;27013;Amont
2227;761;9586;27013;Aval
2228;761;9583;27013;Aval
2229;762;9583;27183;Amont
2230;762;9585;27183;Amont
2231;762;9583;27183;Aval
2232;763;9584;44619;Amont
2233;763;9587;44619;Aval
2234;763;9584;44619;Aval
2235;764;9584;44789;Amont
2236;764;9588;44789;Amont
2237;764;9584;44789;Aval
2238;765;9584;26990;Amont
2239;765;9585;26990;Aval
2240;765;9584;26990;Aval
2241;766;9584;27160;Amont
2242;766;9586;27160;Amont
2243;766;9584;27160;Aval
2244;767;9584;10775;Amont
2245;767;9640;10775;Aval
2246;767;9584;10775;Aval
2247;768;9584;10114;Amont
2248;768;9643;10114;Amont
2249;768;9584;10114;Aval
2250;769;9584;10171;Amont
2251;769;9641;10171;Amont
2252;769;9584;10171;Aval
2253;770;1069;9411;Amont
2254;770;7649;9411;Aval
2255;770;1069;9411;Aval
2256;771;1069;10019;Amont
2257;771;7649;10019;Amont
2258;771;1069;10019;Aval
2259;772;1069;18320;Amont
2260;772;7650;18320;Aval
2261;772;1069;18320;Aval
2262;773;1069;19020;Amont
2263;773;7650;19020;Amont
2264;773;1069;19020;Aval
2265;774;1069;24930;Amont
2266;774;9589;24930;Aval
2267;774;1069;24930;Aval
2268;775;1069;25550;Amont
2269;775;9589;25550;Amont
2270;775;1069;25550;Aval
2271;776;1069;32949;Amont
2272;776;7651;32949;Aval
2273;776;1069;32949;Aval
2274;777;1069;33738;Amont
2275;777;7651;33738;Amont
2276;777;1069;33738;Aval
2277;778;7651;33030;Amont
2278;778;9590;33030;Aval
2279;778;7651;33030;Aval
2280;779;7651;33650;Amont
2281;779;9590;33650;Amont
2282;779;7651;33650;Aval
2283;780;1069;48943;Amont
2284;780;9591;48943;Aval
2285;780;1069;48943;Aval
2286;781;1069;49618;Amont
2287;781;9591;49618;Amont
2288;781;1069;49618;Aval
2289;782;1069;58803;Amont
2290;782;9592;58809;Aval
2291;782;1069;58803;Aval
2292;783;1069;59433;Amont
2293;783;9592;59433;Amont
2294;783;1069;59433;Aval
2295;784;9593;1756;Amont
2296;784;9593;1751;Aval
2297;785;9593;9095;Amont
2298;785;9595;9095;Aval
2299;785;9593;9095;Aval
2300;786;9593;9185;Amont
2301;786;9596;9185;Aval
2302;786;9593;9185;Aval
2303;787;9593;9564;Amont
2304;787;9602;9564;Aval
2305;787;9593;9564;Aval
2306;788;9593;9986;Amont
2307;788;9595;9986;Amont
2308;788;9593;9986;Aval
2309;789;9593;10077;Amont
2310;789;9596;10077;Amont
2311;789;9593;10077;Aval
2312;790;9593;10127;Amont
2313;790;9604;10127;Amont
2314;790;9593;10127;Aval
2315;791;9595;9183;Amont
2316;791;9597;9183;Aval
2317;791;9595;9183;Aval
2318;792;9595;9682;Amont
2319;792;9602;9682;Amont
2320;792;9595;9682;Aval
2321;793;9595;9736;Amont
2322;793;9603;9736;Aval
2323;793;9595;9736;Aval
2324;794;9597;9445;Amont
2325;794;9600;9445;Amont
2326;794;9597;9445;Aval
2327;795;9593;21699;Amont
2328;795;9593;21699;Aval
2329;796;9593;25585;Amont
2330;796;9605;25585;Aval
2331;796;9593;25585;Aval
2332;797;9593;26294;Amont
2333;797;9606;26294;Amont
2334;797;9593;26294;Aval
2335;798;9593;35021;Amont
2336;798;9609;35021;Aval
2337;798;9593;35021;Aval
2338;799;9593;35133;Amont
2339;799;9607;35133;Aval
2340;799;9593;35133;Aval
2341;800;9593;37417;Amont
2342;800;9607;37417;Amont
2343;800;9593;37417;Aval
2344;801;9593;37501;Amont
2345;801;9618;37501;Amont
2346;801;9593;37501;Aval
2347;802;9593;39977;Amont
2348;802;9593;39996;Aval
2349;803;9593;40150;Amont
2350;803;9631;40150;Aval
2351;803;9593;40150;Aval
2352;804;9593;40839;Amont
2353;804;9632;40839;Amont
2354;804;9593;40839;Aval
2355;805;9593;41169;Amont
2356;805;9633;41169;Aval
2357;805;9593;41169;Aval
2358;806;9593;42690;Amont
2359;806;9633;42690;Amont
2360;806;9593;42690;Aval
2361;807;9593;42794;Amont
2362;807;9635;42794;Aval
2363;807;9593;42794;Aval
2364;808;9593;52230;Amont
2365;808;9620;52230;Aval
2366;808;9593;52230;Aval
2367;809;9593;52904;Amont
2368;809;9621;52904;Amont
2369;809;9593;52904;Aval
2370;810;9593;65600;Amont
2371;810;9622;65600;Aval
2372;810;9593;65600;Aval
2373;811;9593;66855;Amont
2374;811;9623;66855;Amont
2375;811;9593;66855;Aval
2376;812;9593;75879;Amont
2377;812;9624;75879;Amont
2378;812;9593;75879;Aval
2379;813;9593;77090;Amont
2380;813;9625;77090;Aval
2381;813;9593;77090;Aval
2382;814;9593;79380;Amont
2383;814;9625;79380;Amont
2384;814;9593;79380;Aval
2385;815;9593;79484;Amont
2386;815;9627;79484;Aval
2387;815;9593;79484;Aval
2388;816;9593;88311;Amont
2389;816;9628;88311;Aval
2390;816;9593;88311;Aval
2391;817;9593;92720;Amont
2392;817;9628;92720;Amont
2393;817;9593;92720;Aval
2394;818;9593;103280;Amont
2395;818;9636;103280;Aval
2396;818;9593;103280;Aval
2397;819;9593;103954;Amont
2398;819;9637;103954;Amont
2399;819;9593;103954;Aval
2400;820;9593;105557;Amont
2401;820;9593;105557;Aval
2402;821;9594;1779;Amont
2403;821;9594;1749;Aval
2404;822;9594;9098;Amont
2405;822;9598;9098;Aval
2406;822;9594;9098;Aval
2407;823;9594;9189;Amont
2408;823;9599;9189;Aval
2409;823;9594;9189;Aval
2410;824;9594;9567;Amont
2411;824;9601;9567;Aval
2412;824;9594;9567;Aval
2413;825;9594;9990;Amont
2414;825;9598;9990;Amont
2415;825;9594;9990;Aval
2416;826;9594;10080;Amont
2417;826;9599;10080;Amont
2418;826;9594;10080;Aval
2419;827;9594;10130;Amont
2420;827;9603;10130;Amont
2421;827;9594;10130;Aval
2422;828;9598;9231;Amont
2423;828;9600;9186;Aval
2424;828;9598;9231;Aval
2425;829;9598;9685;Amont
2426;829;9601;9685;Amont
2427;829;9598;9685;Aval
2428;830;9598;9739;Amont
2429;830;9604;9739;Aval
2430;830;9598;9739;Aval
2431;831;9594;20829;Amont
2432;831;9594;20829;Aval
2433;832;9594;25858;Amont
2434;832;9605;25858;Amont
2435;832;9594;25858;Aval
2436;833;9594;26021;Amont
2437;833;9606;26021;Aval
2438;833;9594;26021;Aval
2439;834;9594;35010;Amont
2440;834;9611;35010;Aval
2441;834;9594;35010;Aval
2442;835;9594;37211;Amont
2443;835;9611;37211;Amont
2444;835;9594;37211;Aval
2445;836;9594;37435;Amont
2446;836;9618;37302;Aval
2447;836;9594;37435;Aval
2448;837;9594;39999;Amont
2449;837;9594;39995;Aval
2450;838;9594;40150;Amont
2451;838;9630;40150;Amont
2452;838;9594;40150;Aval
2453;839;9594;40552;Amont
2454;839;9632;40552;Aval
2455;839;9594;40552;Aval
2456;840;9594;41169;Amont
2457;840;9634;41169;Aval
2458;840;9594;41169;Aval
2459;841;9594;42783;Amont
2460;841;9634;42783;Amont
2461;841;9594;42783;Aval
2462;842;9594;43081;Amont
2463;842;9635;43081;Amont
2464;842;9594;43081;Aval
2465;843;9594;52517;Amont
2466;843;9620;52517;Amont
2467;843;9594;52517;Aval
2468;844;9594;52617;Amont
2469;844;9621;52617;Aval
2470;844;9594;52617;Aval
2471;845;9594;65887;Amont
2472;845;9622;65887;Amont
2473;845;9594;65887;Aval
2474;846;9594;66569;Amont
2475;846;9623;66569;Aval
2476;846;9594;66569;Aval
2477;847;9594;75592;Amont
2478;847;9624;75592;Aval
2479;847;9594;75592;Aval
2480;848;9594;77090;Amont
2481;848;9626;77090;Aval
2482;848;9594;77090;Aval
2483;849;9594;79473;Amont
2484;849;9626;79473;Amont
2485;849;9594;79473;Aval
2486;850;9594;79770;Amont
2487;850;9627;79770;Amont
2488;850;9594;79770;Aval
2489;851;9594;88311;Amont
2490;851;9629;88311;Aval
2491;851;9594;88311;Aval
2492;852;9594;92720;Amont
2493;852;9629;92720;Amont
2494;852;9594;92720;Aval
2495;853;9594;103567;Amont
2496;853;9636;103567;Amont
2497;853;9594;103567;Aval
2498;854;9594;103667;Amont
2499;854;9637;103667;Aval
2500;854;9594;103667;Aval
2501;855;9594;105674;Amont
2502;855;9594;105674;Aval
2503;856;9609;35468;Amont
2504;856;9612;35468;Amont
2505;856;9609;35468;Aval
2506;857;9609;35478;Amont
2507;857;9613;35478;Aval
2508;857;9609;35478;Aval
2509;858;9609;35555;Amont
2510;858;9608;35555;Aval
2511;858;9609;35555;Aval
2512;859;9607;36189;Amont
2513;859;9615;36189;Amont
2514;859;9607;36189;Aval
2515;860;9607;37221;Amont
2516;860;9608;37221;Amont
2517;860;9607;37221;Aval
2518;861;9608;36061;Amont
2519;861;9615;36061;Aval
2520;861;9608;36061;Aval
2521;862;9608;36157;Amont
2522;862;9616;36157;Aval
2523;862;9608;36157;Aval
2524;863;9608;37092;Amont
2525;863;9617;37092;Amont
2526;863;9608;37092;Aval
2527;864;9611;35341;Amont
2528;864;9612;35341;Aval
2529;864;9611;35341;Aval
2530;865;9611;35611;Amont
2531;865;9613;35611;Amont
2532;865;9611;35611;Aval
2533;866;9611;35651;Amont
2534;866;9610;35651;Aval
2535;866;9611;35651;Aval
2536;867;9611;36081;Amont
2537;867;9619;36081;Aval
2538;867;9611;36081;Aval
2539;868;9611;37017;Amont
2540;868;9619;37017;Amont
2541;868;9611;37017;Aval
2542;869;9619;36456;Amont
2543;869;9616;36456;Amont
2544;869;9619;36456;Aval
2545;870;9619;36859;Amont
2546;870;9617;36859;Aval
2547;870;9619;36859;Aval
2548;871;9593;108582;Amont
2549;871;9638;7000;Aval
2550;872;9594;108588;Amont
2551;872;9639;7000;Aval
2552;682;1858;53165;Amont
2553;682;1858;53165;Aval
2554;874;9638;8282;Amont
2555;874;9584;8282;Aval
2556;683;1858;53970;Amont
2557;683;1858;53970;Aval
2558;733;32;53425;Aval
2559;734;32;53744;Amont
2560;733;1857;53425;Amont
2561;733;1857;53425;Aval
2562;878;9584;9408;Amont
2563;878;9642;9408;Aval
2564;878;9584;9408;Aval
2565;879;9584;9983;Amont
2566;879;9645;9983;Amont
2567;879;9584;9983;Aval
2568;880;9583;8153;Amont
2569;880;9639;8153;Amont
2570;880;9583;8153;Aval
2571;881;9583;9076;Amont
2572;881;9583;9076;Aval
2573;882;9583;9615;Amont
2574;882;9642;9615;Amont
2575;882;9583;9615;Aval
2576;883;9583;9861;Amont
2577;883;9644;9861;Amont
2578;883;9583;9861;Aval
2579;884;9583;9950;Amont
2580;884;9680;9950;Amont
2581;884;9583;9950;Aval
2582;885;9583;9961;Amont
2583;885;9641;9961;Aval
2584;885;9583;9961;Aval
2585;886;9583;10166;Amont
2586;886;9681;10166;Amont
2587;886;9583;10166;Aval
2588;887;9583;11038;Amont
2589;887;9640;11038;Amont
2590;887;9583;11038;Aval
2591;888;9681;9963;Amont
2592;888;9679;9963;Amont
2593;888;9681;9963;Aval
2594;889;9681;9552;Amont
2595;889;9678;9552;Aval
2596;889;9681;9552;Aval
2597;890;9680;9794;Amont
2598;890;9679;9794;Aval
2599;890;9680;9794;Aval
2600;891;9680;9775;Amont
2601;891;9678;9775;Amont
2602;891;9680;9775;Aval
2603;892;9676;9463;Amont
2604;892;9674;9463;Amont
2605;892;9681;9463;Aval
2606;893;9676;9374;Amont
2607;893;9677;9374;Amont
2608;893;9676;9374;Aval
2609;894;9674;9334;Amont
2610;894;9675;9334;Amont
2611;894;9674;9334;Aval
2612;895;9670;9630;Amont
2613;895;9672;9630;Amont
2614;895;9680;9630;Aval
2615;896;9672;9551;Amont
2616;896;9673;9551;Amont
2617;896;9672;9551;Aval
2618;897;9670;9411;Amont
2619;897;9671;9411;Amont
2620;897;9670;9411;Aval
2621;898;9667;9657;Amont
2622;898;9668;9657;Amont
2623;898;9644;9657;Aval
2624;899;9668;9514;Amont
2625;899;9669;9514;Amont
2626;899;9668;9514;Aval
2627;900;9658;5588;Amont
2628;900;9677;8673;Aval
2629;901;9648;5565;Amont
2630;901;9667;8702;Aval
2631;902;9649;5549;Amont
2632;902;9668;8722;Aval
2633;903;9650;5553;Amont
2634;903;9669;8702;Aval
2635;904;9651;5589;Amont
2636;904;9670;8696;Aval
2637;905;9652;5594;Amont
2638;905;9671;8694;Aval
2639;906;9653;5581;Amont
2640;906;9672;8690;Aval
2641;907;9654;5587;Amont
2642;907;9673;8686;Aval
2643;908;9655;5593;Amont
2644;908;9674;8682;Aval
2645;909;9656;5599;Amont
2646;909;9675;8681;Aval
2647;910;9657;5583;Amont
2648;910;9676;8677;Aval
2649;911;9657;6256;Amont
2650;911;9658;6256;Amont
2651;911;9657;6256;Aval
2652;912;9657;6322;Amont
2653;735;2400;53890;Aval
2654;912;9643;6322;Aval
2655;913;9655;6194;Amont
2656;913;9656;6194;Amont
2657;913;9655;6194;Aval
2658;914;9653;6234;Amont
2659;914;9654;6234;Amont
2660;914;9653;6234;Aval
2661;915;9653;6261;Amont
2662;915;9655;6261;Amont
2663;915;9653;6261;Aval
2664;282;9653;6300;Amont
2665;873;2400;72856;Amont
2666;282;9645;6300;Aval
2667;735;31;53890;Amont
2668;735;31;53890;Aval
2669;1758;68;32957;Amont
2670;918;9651;6178;Amont
2671;918;9652;6178;Amont
2672;918;9651;6178;Aval
2673;919;9649;6149;Amont
2674;919;9648;6149;Amont
2675;919;9649;6149;Aval
2676;920;9649;6211;Amont
2677;920;9650;6211;Amont
2678;920;9649;6211;Aval
2679;921;9649;6264;Amont
2680;921;9651;6264;Amont
2681;921;9649;6264;Aval
2682;262;9649;6325;Amont
2683;1758;68;32957;Aval
2684;262;9665;6325;Aval
2685;923;9665;6494;Amont
2686;923;9661;6494;Aval
2687;923;9665;6494;Aval
2688;924;9665;6943;Amont
2689;924;9660;6943;Amont
2690;924;9665;6943;Aval
2691;925;9665;6954;Amont
2692;925;9659;6954;Aval
2693;925;9665;6954;Aval
2694;926;9645;6488;Amont
2695;926;9662;6488;Aval
2696;926;9645;6488;Aval
2697;927;9645;6652;Amont
2698;927;9661;6652;Amont
2699;927;9645;6652;Aval
2700;928;9645;6763;Amont
2701;928;9660;6763;Aval
2702;928;9645;6763;Aval
2703;929;9645;7126;Amont
2704;929;9659;7126;Amont
2705;929;9645;7126;Aval
2706;930;9643;6635;Amont
2707;930;9662;6635;Amont
2708;930;9643;6635;Aval
2709;931;9643;7911;Amont
2710;931;9647;7911;Aval
2711;931;9643;7911;Aval
2712;932;9643;8886;Amont
2713;932;9686;8886;Amont
2714;932;9643;8886;Aval
2715;933;9645;8106;Amont
2716;933;9647;8106;Amont
2717;933;9645;8106;Aval
2718;934;9645;8566;Amont
2719;934;9686;8566;Aval
2720;934;9645;8566;Aval
2721;1759;68;33710;Amont
2722;1759;68;33710;Aval
2723;936;9687;26450;Amont
2724;936;9691;26450;Amont
2725;936;9687;26450;Aval
2726;937;9687;27669;Amont
2727;937;9694;27669;Aval
2728;937;9687;27669;Aval
2729;938;9687;48473;Amont
2730;938;9695;48473;Amont
2731;938;9687;48473;Aval
2732;939;9687;48573;Amont
2733;939;9696;48573;Aval
2734;939;9687;48573;Aval
2735;940;9687;51223;Amont
2736;940;9699;51223;Aval
2737;940;9687;51223;Aval
2738;941;9687;52902;Amont
2739;941;9699;52902;Amont
2740;941;9687;52902;Aval
2741;942;9687;63254;Amont
2742;942;9704;63254;Amont
2743;942;9687;63254;Aval
2744;943;9687;63355;Amont
2745;943;9705;63355;Aval
2746;943;9687;63355;Aval
2747;944;9687;98938;Amont
2748;944;9706;98938;Amont
2749;944;9687;98938;Aval
2750;945;9687;99056;Amont
2751;945;9707;99056;Aval
2752;945;9687;99056;Aval
2753;946;9687;132763;Amont
2754;946;9708;132763;Aval
2755;946;9687;132763;Aval
2756;947;9687;134952;Amont
2757;947;9708;134932;Amont
2758;947;9687;134952;Aval
2759;948;9687;137899;Amont
2760;948;9689;0;Aval
2761;949;9688;2899;Amont
2762;949;9688;2876;Aval
2763;950;9688;26162;Amont
2764;950;9691;26162;Aval
2765;950;9688;26162;Aval
2766;951;9688;27957;Amont
2767;951;9694;27957;Amont
2768;951;9688;27957;Aval
2769;952;9688;48185;Amont
2770;952;9695;48185;Aval
2771;952;9688;48185;Aval
2772;953;9688;48861;Amont
2773;953;9696;48861;Amont
2774;953;9688;48861;Aval
2775;954;9688;51223;Amont
2776;954;9698;51223;Aval
2777;954;9688;51223;Aval
2778;955;9688;52902;Amont
2779;955;9698;52902;Amont
2780;955;9688;52902;Aval
2781;956;9688;57138;Amont
2782;956;9703;2762;Amont
2783;956;9688;57138;Aval
2784;957;9688;62966;Amont
2785;957;9704;62966;Aval
2786;957;9688;62966;Aval
2787;958;9688;63643;Amont
2788;958;9705;63643;Amont
2789;958;9688;63643;Aval
2790;959;9688;98649;Amont
2791;959;9706;98649;Aval
2792;959;9688;98649;Aval
2793;960;9688;99325;Amont
2794;960;9707;99325;Amont
2795;960;9688;99325;Aval
2796;961;9688;132763;Amont
2797;961;9709;132763;Aval
2798;961;9688;132763;Aval
2799;962;9688;134952;Amont
2800;962;9709;134952;Amont
2801;962;9688;134952;Aval
2802;963;9688;137899;Amont
2803;963;9690;0;Aval
2804;964;9583;60494;Amont
2805;964;9583;60499;Aval
2806;965;9583;60607;Amont
2807;965;9752;60607;Aval
2808;965;9583;60607;Aval
2809;966;9583;60731;Amont
2810;966;9714;60731;Aval
2811;966;9583;60731;Aval
2812;967;9714;62766;Amont
2813;967;9714;62766;Aval
2814;968;9714;63718;Amont
2815;968;9714;63718;Aval
2816;969;9714;63750;Amont
2817;969;9717;63750;Aval
2818;969;9714;63750;Aval
2819;970;9714;64979;Amont
2820;970;9757;64979;Amont
2821;970;9714;64979;Aval
2822;971;9714;65131;Amont
2823;971;9718;65131;Aval
2824;971;9714;65131;Aval
2825;972;9714;66377;Amont
2826;972;9748;66377;Amont
2827;972;9714;66377;Aval
2828;973;9714;66409;Amont
2829;973;9732;66409;Aval
2830;973;9714;66409;Aval
2831;974;9714;66767;Amont
2832;974;9733;66767;Amont
2833;974;9714;66767;Aval
2834;975;9583;60993;Amont
2835;975;9753;60993;Amont
2836;975;9583;60993;Aval
2837;4541;9583;61627;Amont
2838;4541;9716;61627;Aval
2839;4541;9583;61627;Aval
2840;977;9716;62173;Amont
2841;977;9755;62173;Aval
2842;977;9716;62173;Aval
2843;978;9716;63617;Amont
2844;978;9755;63617;Amont
2845;978;9716;63617;Aval
2846;979;9716;63998;Amont
2847;979;9717;63998;Amont
2848;979;9716;63998;Aval
2849;980;9716;64172;Amont
2850;980;9716;64172;Aval
2851;981;9716;65332;Amont
2852;981;9718;65332;Amont
2853;981;9716;65332;Aval
2854;982;9716;66357;Amont
2855;982;9719;66357;Aval
2856;982;9716;66357;Aval
2857;983;9719;67082;Amont
2858;983;9720;67082;Amont
2859;983;9719;67082;Aval
2860;984;9716;66596;Amont
2861;984;9732;66596;Amont
2862;984;9716;66596;Aval
2863;985;9716;66627;Amont
2864;985;9733;66627;Aval
2865;985;9716;66627;Aval
2866;986;9719;67130;Amont
2867;986;9723;67130;Aval
2868;987;9723;67176;Amont
2869;987;9722;67176;Aval
2870;987;9723;67176;Aval
2871;988;9723;67826;Amont
2872;988;9735;63532;Aval
2873;989;9722;67825;Amont
2874;989;9734;63528;Aval
2875;990;9716;66850;Amont
2876;990;9727;66850;Aval
2877;991;9727;66870;Amont
2878;991;9720;66870;Aval
2879;991;9727;66870;Aval
2880;992;9727;66929;Amont
2881;992;9725;66929;Aval
2882;992;9727;66929;Aval
2883;993;9725;67047;Amont
2884;993;9724;67047;Aval
2885;993;9725;67047;Aval
2886;994;9724;67820;Amont
2887;994;9736;67475;Aval
2888;995;9725;67822;Amont
2889;995;9737;63556;Aval
2890;996;9727;67103;Amont
2891;996;9726;67103;Aval
2892;996;9727;67103;Aval
2893;997;9726;67824;Amont
2894;997;9738;63562;Aval
2895;998;9727;67820;Amont
2896;998;9739;63567;Aval
2897;999;9714;66926;Amont
2898;999;9728;66926;Aval
2899;1000;9728;66928;Amont
2900;1000;9730;66928;Aval
2901;1000;9728;66928;Aval
2902;1001;9728;67039;Amont
2903;1001;9729;67039;Aval
2904;1001;9728;67039;Aval
2905;1002;9728;67797;Amont
2906;1002;9740;63607;Aval
2907;1003;9729;67798;Amont
2908;1003;9741;63610;Aval
2909;1004;9730;67160;Amont
2910;1004;9746;67160;Amont
2911;1004;9730;67160;Aval
2912;1005;9730;67170;Amont
2913;1005;9731;67170;Aval
2914;1005;9730;67170;Aval
2915;1006;9730;67802;Amont
2916;1006;9742;63616;Aval
2917;1007;9731;67805;Amont
2918;1007;9743;63618;Aval
2919;1008;9747;66098;Amont
2920;1008;9747;66098;Aval
2921;1009;9747;66132;Amont
2922;1009;9748;66132;Aval
2923;1009;9747;66132;Aval
2924;1010;9747;66246;Amont
2925;1010;9746;66246;Aval
2926;1011;9584;60494;Amont
2927;1011;9584;60499;Aval
2928;1012;9584;60609;Amont
2929;1012;9751;60609;Aval
2930;1012;9584;60609;Aval
2931;1013;9584;60769;Amont
2932;1013;9745;60769;Aval
2933;1013;9584;60769;Aval
2934;1014;9584;60991;Amont
2935;1014;9751;60991;Amont
2936;1014;9584;60991;Aval
2937;1015;9584;61033;Amont
2938;1015;9744;61033;Aval
2939;1015;9584;61033;Aval
2940;1016;9744;61644;Amont
2941;1016;9749;61644;Amont
2942;1016;9744;61644;Aval
2943;1017;9744;62051;Amont
2944;1017;9750;62051;Aval
2945;1017;9744;62051;Aval
2946;1018;9744;62214;Amont
2947;1018;9735;62214;Aval
2948;1018;9744;62214;Aval
2949;1019;9744;62400;Amont
2950;1019;9739;62400;Aval
2951;1020;9745;61318;Amont
2952;1020;9749;61318;Aval
2953;1020;9745;61318;Aval
2954;1021;9745;62250;Amont
2955;1021;9750;62250;Amont
2956;1021;9745;62250;Aval
2957;1022;9745;62260;Amont
2958;1022;9754;62260;Aval
2959;1022;9745;62260;Aval
2960;1023;9745;62400;Amont
2961;1023;9740;62400;Aval
2962;1024;9735;62686;Amont
2963;1024;9734;62686;Aval
2964;1024;9735;62686;Aval
2965;1025;9739;62510;Amont
2966;1025;9737;62510;Aval
2967;1025;9739;62510;Aval
2968;1026;9737;62686;Amont
2969;1026;9736;62686;Aval
2970;1026;9737;62686;Aval
2971;1027;9739;62665;Amont
2972;1027;9738;62665;Aval
2973;1027;9739;62665;Aval
2974;1028;9740;62629;Amont
2975;1028;9742;62629;Aval
2976;1028;9740;62629;Aval
2977;1029;9740;62781;Amont
2978;1029;9741;62781;Aval
2979;1029;9740;62781;Aval
2980;1030;9742;62848;Amont
2981;1030;9743;62848;Aval
2982;1030;9742;62848;Aval
2983;1031;9751;60780;Amont
2984;1031;9752;60780;Amont
2985;1031;9751;60780;Aval
2986;1032;9751;60820;Amont
2987;1032;9753;60820;Aval
2988;1032;9751;60820;Aval
2989;1033;9755;62989;Amont
2990;1033;9755;62939;Aval
2991;1034;9755;63367;Amont
2992;1034;9755;63367;Aval
2993;1035;9699;51612;Amont
2994;1035;9697;51612;Amont
2995;1035;9699;51612;Aval
2996;1036;9699;52514;Amont
2997;1036;9699;52514;Aval
2998;1037;9698;51614;Amont
2999;1037;9698;51614;Aval
3000;1038;9698;52298;Amont
3001;1038;9700;0;Aval
3002;1038;9698;52298;Aval
3003;1772;9700;585;Amont
3004;1772;9700;585;Aval
3005;1040;9708;133021;Amont
3006;1040;9708;133021;Aval
3007;1041;9708;133071;Amont
3008;1041;9710;133071;Aval
3009;1041;9708;133071;Aval
3010;1042;9708;133456;Amont
3011;1042;9711;133456;Amont
3012;1042;9708;133456;Aval
3013;1043;9708;134259;Amont
3014;1043;9712;134259;Aval
3015;1043;9708;134259;Aval
3016;1044;9708;134645;Amont
3017;1044;9713;134645;Amont
3018;1044;9708;134645;Aval
3019;1045;9708;134695;Amont
3020;1045;9708;134695;Aval
3021;1046;9709;133021;Amont
3022;1046;9709;133021;Aval
3023;1047;9709;133071;Amont
3024;1047;9711;133071;Aval
3025;1047;9709;133071;Aval
3026;1048;9711;133259;Amont
3027;1048;9711;133259;Aval
3028;1049;9709;133456;Amont
3029;1049;9710;133456;Amont
3030;1049;9709;133456;Aval
3031;1048;9710;133259;Amont
3032;1048;9710;133259;Aval
3033;1051;9709;134259;Amont
3034;1051;9713;134259;Aval
3035;1051;9709;134259;Aval
3036;1052;9713;134457;Amont
3037;1052;9713;134457;Aval
3038;1053;9709;134645;Amont
3039;1053;9712;134645;Amont
3040;1053;9709;134645;Aval
3041;1750;68;33678;Amont
3042;1750;68;33678;Aval
3043;1052;9712;134457;Amont
3044;1052;9712;134457;Aval
3045;1056;9756;64739;Amont
3046;1056;9757;64739;Aval
3047;1056;9756;64739;Aval
3048;1057;9703;2472;Amont
3049;1057;9703;2472;Aval
3050;1058;66;709;Aval
3051;1059;66;491088;Amont
3052;1060;67;682;Aval
3053;1061;67;490977;Amont
3054;1062;1253;5100;Aval
3055;1063;1253;6493;Amont
3056;1064;1254;5249;Aval
3057;1065;1254;8285;Amont
3058;1066;1255;5595;Aval
3059;1067;1255;16510;Amont
3060;1068;1256;665;Aval
3061;1069;1256;5249;Amont
3062;1070;1257;27014;Aval
3063;1071;1257;30260;Amont
3064;1072;1258;1510;Aval
3065;1073;1258;6570;Amont
3066;1074;1259;5249;Aval
3067;1075;1259;8426;Amont
3068;1076;1260;8452;Aval
3069;1077;1260;16510;Amont
3070;1078;1261;662;Aval
3071;1079;1261;8698;Amont
3072;1080;1262;26985;Aval
3073;1081;1262;30255;Amont
3074;1082;1263;1510;Aval
3075;1083;1263;8668;Amont
3076;1084;1264;722;Aval
3077;1085;1264;1840;Amont
3078;1086;1265;682;Aval
3079;1087;1265;1944;Amont
3080;1088;1608;262;Aval
3081;1089;1608;396;Amont
3082;1090;1609;72;Aval
3083;1091;1609;682;Amont
3084;1092;1610;72;Aval
3085;1093;1610;424;Amont
3086;1094;1611;90;Aval
3087;1095;1611;510;Amont
3088;1096;1612;90;Aval
3089;1097;1612;550;Amont
3090;1098;1613;90;Aval
3091;1099;1613;428;Amont
3092;1100;1614;90;Aval
3093;1101;1614;465;Amont
3094;1102;1615;90;Aval
3095;1103;1615;490;Amont
3096;1104;1616;90;Aval
3097;1105;1616;682;Amont
3098;1106;1617;90;Aval
3099;1107;1617;488;Amont
3100;1108;1618;90;Aval
3101;1109;1618;440;Amont
3102;1110;1619;307069;Aval
3103;1111;1619;308100;Amont
3104;1112;1620;261298;Aval
3105;1113;1620;262285;Amont
3106;1114;1621;295950;Aval
3107;1115;1621;297192;Amont
3108;1116;1622;473270;Aval
3109;1117;1622;474336;Amont
3110;1118;1623;7286;Aval
3111;1119;1623;7953;Amont
3112;1120;1624;7670;Aval
3113;1121;1624;8580;Amont
3114;1122;1625;3430;Aval
3115;1123;1625;4305;Amont
3116;1124;1626;933;Aval
3117;1125;1626;2277;Amont
3118;1126;1627;72;Aval
3119;1127;1627;364;Amont
3120;1128;1628;442414;Aval
3121;1129;1628;442971;Amont
3122;1130;1629;90;Aval
3123;1131;1629;470;Amont
3124;1132;1630;90;Aval
3125;1133;1630;682;Amont
3126;1134;1631;90;Aval
3127;1135;1631;550;Amont
3128;1136;1632;90;Aval
3129;1137;1632;407;Amont
3130;1138;1633;72;Aval
3131;1139;1633;416;Amont
3132;1140;1634;72;Aval
3133;1141;1634;616;Amont
3134;1142;1635;72;Aval
3135;1143;1635;662;Amont
3136;1144;1636;72;Aval
3137;1145;1636;587;Amont
3138;1146;1637;90;Aval
3139;1147;1637;722;Amont
3140;1148;1638;90;Aval
3141;1149;1638;443;Amont
3142;1150;1639;307069;Aval
3143;1151;1639;308072;Amont
3144;1152;1640;261420;Aval
3145;1153;1640;262000;Amont
3146;1154;1641;296330;Aval
3147;1155;1641;297414;Amont
3148;1156;1642;473200;Aval
3149;1157;1642;474331;Amont
3150;1158;1643;893;Aval
3151;1159;1643;2207;Amont
3152;1160;1644;7085;Aval
3153;1161;1644;7953;Amont
3154;1162;1645;7295;Aval
3155;1163;1645;8698;Amont
3156;1164;1646;715;Aval
3157;1165;1646;2272;Amont
3158;1166;1647;3435;Aval
3159;1167;1647;4326;Amont
3160;1168;1648;674;Aval
3161;1169;1648;933;Amont
3162;1170;1649;307208;Aval
3163;1171;1649;307820;Amont
3164;1172;1650;72;Aval
3165;1173;1650;445;Amont
3166;1174;1651;1125;Aval
3167;1175;1651;7085;Amont
3168;1176;1652;37850;Aval
3169;1177;1652;38450;Amont
3170;1178;1653;128474;Aval
3171;1179;1653;129525;Amont
3172;1180;1654;90;Aval
3173;1181;1654;435;Amont
3174;1182;1655;72;Aval
3175;1183;1655;715;Amont
3176;1184;1656;37440;Aval
3177;1185;1656;38350;Amont
3178;1186;1657;52030;Aval
3179;1187;1657;53080;Amont
3180;1188;1658;442380;Aval
3181;1189;1658;442945;Amont
3182;1190;1659;72;Aval
3183;1191;1659;674;Amont
3184;1192;1660;128516;Aval
3185;1193;1660;129440;Amont
3186;1194;1661;442440;Aval
3187;1195;1661;442844;Amont
3188;1196;1662;218214;Aval
3189;1197;1662;219250;Amont
3190;1198;1663;218214;Aval
3191;1199;1663;219250;Amont
3192;1200;1664;72;Aval
3193;1201;1664;665;Amont
3194;1202;1665;72;Aval
3195;1203;1665;709;Amont
3196;1204;1666;72;Aval
3197;1205;1666;500;Amont
3198;1206;1667;72;Aval
3199;1207;1667;458;Amont
3200;1208;1668;15875;Aval
3201;1209;1668;16162;Amont
3202;1210;1669;20520;Aval
3203;1211;1669;21010;Amont
3204;1212;1670;165490;Aval
3205;1213;1670;166459;Amont
3206;1214;1671;380227;Aval
3207;1215;1671;381244;Amont
3208;1216;1672;409955;Aval
3209;1217;1672;411135;Amont
3210;1218;1673;442735;Aval
3211;1219;1673;442960;Amont
3212;1220;1674;986;Aval
3213;1221;1674;1200;Amont
3214;1222;1675;962;Aval
3215;1223;1675;1060;Amont
3216;1224;1676;15832;Aval
3217;1225;1676;16162;Amont
3218;1226;1677;165587;Aval
3219;1227;1677;166409;Amont
3220;1228;1678;1155;Aval
3221;1229;1678;1558;Amont
3222;1230;1679;15370;Aval
3223;1231;1679;15870;Amont
3224;1232;1680;295060;Aval
3225;1233;1680;295950;Amont
3226;1234;1681;7085;Aval
3227;1235;1681;7500;Amont
3228;1236;1682;95;Aval
3229;1237;1682;150;Amont
3230;1238;1683;95;Aval
3231;1239;1683;150;Amont
3232;1240;1684;95;Aval
3233;1241;1684;150;Amont
3234;1242;1685;95;Aval
3235;1243;1685;150;Amont
3236;1244;1686;115;Aval
3237;1245;1686;170;Amont
3238;1246;1687;115;Aval
3239;1247;1687;173;Amont
3240;1248;1688;133;Aval
3241;1249;1688;173;Amont
3242;1250;1689;340;Aval
3243;1251;1689;398;Amont
3244;1252;1690;332;Aval
3245;1253;1690;605;Amont
3246;1254;1691;370;Aval
3247;1255;1691;415;Amont
3248;1256;1692;365;Aval
3249;1257;1692;410;Amont
3250;1258;1693;552;Aval
3251;1259;1693;640;Amont
3252;1260;1694;474;Aval
3253;1261;1694;530;Amont
3254;1262;1695;490;Aval
3255;1263;1695;587;Amont
3256;1264;1696;490;Aval
3257;1265;1696;550;Amont
3258;1266;1697;490;Aval
3259;1267;1697;555;Amont
3260;1268;1698;500;Aval
3261;1269;1698;586;Amont
3262;1270;1699;505;Aval
3263;1271;1699;593;Amont
3264;1272;1700;616;Aval
3265;1273;1700;682;Amont
3266;1274;1701;557;Aval
3267;1275;1701;682;Amont
3268;1276;1702;490;Aval
3269;1277;1702;556;Amont
3270;1278;1703;588;Aval
3271;1279;1703;709;Amont
3272;1280;1704;595;Aval
3273;1281;1704;682;Amont
3274;1282;1705;510;Aval
3275;1283;1705;715;Amont
3276;1284;1706;662;Aval
3277;1285;1706;722;Amont
3278;1286;1707;492;Aval
3279;1287;1707;538;Amont
3280;1288;1708;750;Aval
3281;1289;1708;962;Amont
3282;1290;1709;750;Aval
3283;1291;1709;933;Amont
3284;1292;1710;758;Aval
3285;1293;1710;890;Amont
3286;1294;1711;800;Aval
3287;1295;1711;891;Amont
3288;1296;1712;822;Aval
3289;1297;1712;885;Amont
3290;1298;1713;900;Aval
3291;1299;1713;975;Amont
3292;1300;1714;932;Aval
3293;1301;1714;995;Amont
3294;1302;1715;756;Aval
3295;1303;1715;812;Amont
3296;1304;1716;947;Aval
3297;1305;1716;995;Amont
3298;1306;1717;980;Aval
3299;1307;1717;1025;Amont
3300;1308;1718;1075;Aval
3301;1309;1718;1155;Amont
3302;1310;1719;1075;Aval
3303;1311;1719;1130;Amont
3304;1312;1720;1111;Aval
3305;1313;1720;1163;Amont
3306;1314;1721;1108;Aval
3307;1315;1721;1157;Amont
3308;1316;1722;1159;Aval
3309;1317;1722;1281;Amont
3310;1318;1723;1470;Aval
3311;1319;1723;1687;Amont
3312;1320;1724;1466;Aval
3313;1321;1724;1547;Amont
3314;1322;1725;1492;Aval
3315;1323;1725;1541;Amont
3316;1324;1726;1594;Aval
3317;1325;1726;1638;Amont
3318;1326;1727;1641;Aval
3319;1327;1727;1738;Amont
3320;1328;1728;1656;Aval
3321;1329;1728;1780;Amont
3322;1330;1729;1716;Aval
3323;1331;1729;1837;Amont
3324;1332;1730;2126;Aval
3325;1333;1730;2190;Amont
3326;1334;1731;2030;Aval
3327;1335;1731;2110;Amont
3328;1336;1732;3744;Aval
3329;1337;1732;3983;Amont
3330;1338;1733;3959;Aval
3331;1339;1733;4130;Amont
3332;1340;1734;4343;Aval
3333;1341;1734;4427;Amont
3334;1342;1735;5033;Aval
3335;1343;1735;5231;Amont
3336;1344;1736;5214;Aval
3337;1345;1736;5474;Amont
3338;1346;1737;5335;Aval
3339;1347;1737;5409;Amont
3340;1348;1738;6397;Aval
3341;1349;1738;6476;Amont
3342;1350;1739;6400;Aval
3343;1351;1739;6515;Amont
3344;1352;1740;6927;Aval
3345;1353;1740;7015;Amont
3346;1354;1741;7100;Aval
3347;1355;1741;7333;Amont
3348;1356;1742;8208;Aval
3349;1357;1742;8377;Amont
3350;1358;1743;8249;Aval
3351;1359;1743;8484;Amont
3352;1360;1744;8285;Aval
3353;1361;1744;8443;Amont
3354;1362;1745;8392;Aval
3355;1363;1745;8665;Amont
3356;1364;1746;8426;Aval
3357;1365;1746;8575;Amont
3358;1366;1747;8285;Aval
3359;1367;1747;8387;Amont
3360;1368;1748;9050;Aval
3361;1369;1748;9215;Amont
3362;1370;1749;10460;Aval
3363;1371;1749;10700;Amont
3364;1372;1750;10843;Aval
3365;1373;1750;10954;Amont
3366;1374;1751;14919;Aval
3367;1375;1751;15160;Amont
3368;1376;1752;15186;Aval
3369;1377;1752;15288;Amont
3370;1378;1753;15315;Aval
3371;1379;1753;15548;Amont
3372;1380;1754;15715;Aval
3373;1381;1754;15780;Amont
3374;1382;1755;15765;Aval
3375;1383;1755;15832;Amont
3376;1384;1756;15832;Aval
3377;1385;1756;15926;Amont
3378;1386;1757;15780;Aval
3379;1387;1757;15832;Amont
3380;1388;1758;15936;Aval
3381;1389;1758;16044;Amont
3382;1390;1759;16323;Aval
3383;1391;1759;16410;Amont
3384;1392;1760;20405;Aval
3385;1393;1760;20490;Amont
3386;1394;1761;20512;Aval
3387;1395;1761;20640;Amont
3388;1396;1762;20860;Aval
3389;1397;1762;20950;Amont
3390;1398;1763;21275;Aval
3391;1399;1763;21357;Amont
3392;1400;1764;25960;Aval
3393;1401;1764;26015;Amont
3394;1402;1765;26605;Aval
3395;1403;1765;26740;Amont
3396;1404;1766;26910;Aval
3397;1405;1766;26990;Amont
3398;1406;1767;30370;Aval
3399;1407;1767;30500;Amont
3400;1408;1768;30550;Aval
3401;1409;1768;30680;Amont
3402;1410;1769;36180;Aval
3403;1411;1769;36308;Amont
3404;1412;1770;37601;Aval
3405;1413;1770;37720;Amont
3406;1414;1771;37835;Aval
3407;1415;1771;37928;Amont
3408;1416;1772;37928;Aval
3409;1417;1772;37968;Amont
3410;1418;1773;38353;Aval
3411;1419;1773;38426;Amont
3412;1420;1774;38340;Aval
3413;1421;1774;38385;Amont
3414;1422;1775;38385;Aval
3415;1423;1775;38475;Amont
3416;1424;1776;51988;Aval
3417;1425;1776;52030;Amont
3418;1426;1777;51860;Aval
3419;1427;1777;51920;Amont
3420;1428;1778;53085;Aval
3421;1429;1778;53145;Amont
3422;1430;1779;61531;Aval
3423;1431;1779;61605;Amont
3424;1432;1780;62260;Aval
3425;1433;1780;62320;Amont
3426;1434;1781;63195;Aval
3427;1435;1781;63255;Amont
3428;1436;1782;63760;Aval
3429;1437;1782;63840;Amont
3430;1438;1783;69070;Aval
3431;1439;1783;69100;Amont
3432;1440;1784;87850;Aval
3433;1441;1784;87907;Amont
3434;1442;1785;87910;Aval
3435;1443;1785;88434;Amont
3436;1444;1786;88435;Aval
3437;1445;1786;88516;Amont
3438;1446;1787;94319;Aval
3439;1447;1787;94380;Amont
3440;1448;1788;95463;Aval
3441;1449;1788;95571;Amont
3442;1450;1789;110290;Aval
3443;1451;1789;110345;Amont
3444;1452;1790;110728;Aval
3445;1453;1790;110798;Amont
3446;1454;1791;110966;Aval
3447;1455;1791;111027;Amont
3448;1456;1792;128315;Aval
3449;1457;1792;128381;Amont
3450;1458;1793;129439;Aval
3451;1459;1793;129494;Amont
3452;1460;1794;129613;Aval
3453;1461;1794;129679;Amont
3454;1462;1795;135730;Aval
3455;1463;1795;135927;Amont
3456;1464;1796;147057;Aval
3457;1465;1796;147121;Amont
3458;1466;1797;160656;Aval
3459;1467;1797;160714;Amont
3460;1468;1798;163237;Aval
3461;1469;1798;163300;Amont
3462;1470;1799;163595;Aval
3463;1471;1799;163654;Amont
3464;1472;1800;164787;Aval
3465;1473;1800;164834;Amont
3466;1474;1801;165549;Aval
3467;1475;1801;165600;Amont
3468;1476;1802;166362;Aval
3469;1477;1802;166459;Amont
3470;1478;1803;166409;Aval
3471;1479;1803;166459;Amont
3472;1480;1804;166541;Aval
3473;1481;1804;166601;Amont
3474;1482;1805;169143;Aval
3475;1483;1805;169205;Amont
3476;1484;1806;169465;Aval
3477;1485;1806;169547;Amont
3478;1486;1807;169620;Aval
3479;1487;1807;169702;Amont
3480;1488;1808;188619;Aval
3481;1489;1808;188677;Amont
3482;1490;1809;198623;Aval
3483;1491;1809;198670;Amont
3484;1492;1810;219839;Aval
3485;1493;1810;219898;Amont
3486;1494;1811;250310;Aval
3487;1495;1811;250385;Amont
3488;1496;1812;261115;Aval
3489;1497;1812;261203;Amont
3490;1498;1813;261205;Aval
3491;1499;1813;261290;Amont
3492;1500;1814;262248;Aval
3493;1501;1814;262332;Amont
3494;1502;1815;294003;Aval
3495;1503;1815;294057;Amont
3496;1504;1816;295060;Aval
3497;1505;1816;295135;Amont
3498;1506;1817;295950;Aval
3499;1507;1817;296032;Amont
3500;1508;1818;296031;Aval
3501;1509;1818;296140;Amont
3502;1510;1819;297278;Aval
3503;1511;1819;297375;Amont
3504;1512;1820;307820;Aval
3505;1513;1820;307850;Amont
3506;1514;1821;307828;Aval
3507;1515;1821;307860;Amont
3508;1516;1822;307912;Aval
3509;1517;1822;307955;Amont
3510;1518;1823;311536;Aval
3511;1519;1823;311598;Amont
3512;1520;1824;346155;Aval
3513;1521;1824;346230;Amont
3514;1522;1825;360048;Aval
3515;1523;1825;360113;Amont
3516;1524;1826;378302;Aval
3517;1525;1826;378363;Amont
3518;1526;1827;380010;Aval
3519;1527;1827;380080;Amont
3520;1528;1828;381245;Aval
3521;1529;1828;381313;Amont
3522;1530;1829;409802;Aval
3523;1531;1829;409890;Amont
3524;1532;1830;411136;Aval
3525;1533;1830;411225;Amont
3526;1534;1831;426988;Aval
3527;1535;1831;427080;Amont
3528;1536;1832;436317;Aval
3529;1537;1832;436362;Amont
3530;1538;1833;436394;Aval
3531;1539;1833;436453;Amont
3532;1540;1834;440995;Aval
3533;1541;1834;441073;Amont
3534;1542;1835;442059;Aval
3535;1543;1835;442120;Amont
3536;1544;1836;442121;Aval
3537;1545;1836;442201;Amont
3538;1546;1837;442309;Aval
3539;1547;1837;442380;Amont
3540;1548;1838;442387;Aval
3541;1549;1838;442435;Amont
3542;1550;1839;442876;Aval
3543;1551;1839;442970;Amont
3544;1552;1840;443030;Aval
3545;1553;1840;443250;Amont
3546;1554;1841;442960;Aval
3547;1555;1841;442997;Amont
3548;1556;1842;442997;Aval
3549;1557;1842;443150;Amont
3550;1558;1843;444059;Aval
3551;1559;1843;444119;Amont
3552;1560;1844;444145;Aval
3553;1561;1844;444233;Amont
3554;1562;1845;456322;Aval
3555;1563;1845;456381;Amont
3556;1564;1846;465002;Aval
3557;1565;1846;465066;Amont
3558;1566;1847;473168;Aval
3559;1567;1847;473228;Amont
3560;1568;1848;474416;Aval
3561;1569;1848;474485;Amont
3562;1570;1849;474489;Aval
3563;1571;1849;474547;Amont
3564;1572;1850;490232;Aval
3565;1573;1850;490290;Amont
3566;1574;1851;682;Aval
3567;1575;1851;8355;Amont
3568;1576;1852;3655;Aval
3569;1577;1852;4985;Amont
3570;1578;1853;6693;Aval
3571;1579;1853;7045;Amont
3572;1580;1854;442905;Aval
3573;1581;1854;443115;Amont
3574;1582;1855;442898;Aval
3575;1583;1855;443115;Amont
3576;1584;1856;442169;Aval
3577;1585;1856;442387;Amont
3578;1586;8504;307132;Aval
3579;1587;8504;307234;Amont
3580;1588;8505;307118;Aval
3581;1589;8505;307334;Amont
3582;1590;8506;307850;Aval
3583;1591;8506;307912;Amont
3584;1592;8528;307860;Aval
3585;1593;8528;307932;Amont
3586;1594;8611;8470;Aval
3587;1595;8611;8665;Amont
3588;1596;8612;361218;Aval
3589;1597;8612;361280;Amont
3590;1598;8613;5180;Aval
3591;1599;8613;5410;Amont
3592;1600;8958;1159;Aval
3593;1601;8958;1281;Amont
3594;1602;8959;1507;Aval
3595;1603;8959;2121;Amont
3596;1604;8960;7115;Aval
3597;1605;8960;7205;Amont
3598;1606;8985;88000;Aval
3599;1607;8985;88365;Amont
3600;1608;9007;10891;Aval
3601;1609;9007;11060;Amont
3602;1610;9008;3233;Aval
3603;1611;9008;3315;Amont
3604;1612;9009;3236;Aval
3605;1613;9009;3319;Amont
3606;1614;9255;2163;Aval
3607;1615;9255;2284;Amont
3608;1616;9259;2582;Aval
3609;1617;9259;2663;Amont
3610;1618;9260;3429;Aval
3611;1619;9260;3520;Amont
3612;1620;9261;3626;Aval
3613;1621;9261;3667;Amont
3614;1622;9262;3624;Aval
3615;1623;9262;3685;Amont
3616;1624;9265;4337;Aval
3617;1625;9265;5092;Amont
3618;1626;9536;442265;Aval
3619;1627;9536;442460;Amont
3620;1628;9576;5135;Aval
3621;1629;9576;5459;Amont
3622;1630;92;2348;Aval
3623;1631;92;2544;Amont
3624;1632;93;0;Aval
3625;1633;93;337;Amont
3626;1634;97;0;Aval
3627;1635;97;1510;Amont
3628;1636;98;0;Aval
3629;1637;98;1510;Amont
3630;1638;1272;82;Aval
3631;1639;1272;718;Amont
3632;1640;1273;70;Aval
3633;1641;1273;653;Amont
3634;1642;1983;506;Aval
3635;1643;1983;567;Amont
3636;1644;1984;576;Aval
3637;1645;1984;637;Amont
3638;1646;1985;683;Aval
3639;1647;1985;764;Amont
3640;1648;1986;773;Aval
3641;1649;1986;855;Amont
3642;1650;1987;1293;Aval
3643;1651;1987;1375;Amont
3644;1652;1988;1498;Aval
3645;1653;1988;1745;Amont
3646;1654;1989;1189;Aval
3647;1655;1989;1985;Amont
3648;1656;154;41023;Aval
3649;1657;154;91160;Amont
3650;1658;155;116100;Aval
3651;1659;155;131400;Aval
3652;1660;1294;38395;Aval
3653;1661;1294;41023;Amont
3654;1662;1295;38450;Aval
3655;1663;1295;41359;Amont
3656;1664;2181;40460;Aval
3657;1665;2181;40905;Amont
3658;1666;2182;70722;Aval
3659;1667;2182;71738;Amont
3660;1668;2183;70815;Aval
3661;1669;2183;71575;Amont
3662;1670;2184;48708;Aval
3663;1671;2184;50150;Amont
3664;1672;2185;55727;Aval
3665;1673;2185;56855;Amont
3666;1674;2186;38610;Aval
3667;1675;2186;38680;Amont
3668;1676;2187;40310;Aval
3669;1677;2187;40379;Amont
3670;1678;2188;40407;Aval
3671;1679;2188;40503;Amont
3672;1680;2189;40940;Aval
3673;1681;2189;41023;Amont
3674;1682;309;88360;Aval
3675;1683;309;111700;Amont
3676;1684;3224;94420;Aval
3677;1685;3224;95060;Amont
3678;1686;3225;110715;Aval
3679;1687;3225;111130;Amont
3680;1688;3226;94965;Aval
3681;1689;3226;95044;Amont
3682;1690;477;0;Aval
3683;1691;477;25860;Amont
3684;1692;62;280484;Aval
3685;1693;63;212754;Aval
3686;1694;64;165751;Aval
3687;1695;65;113000;Aval
3688;876;8803;0;Aval
3689;1697;8825;91025;Amont
3690;1698;8833;234254;Aval
3691;1699;9117;214100;Amont
3692;875;2401;21581;Aval
3693;876;2401;22703;Amont
3694;1702;9267;282264;Amont
3695;1703;9305;19711;Amont
3696;875;797;21581;Amont
3697;875;797;21581;Aval
3698;877;796;22246;Amont
3699;877;796;22246;Aval
3700;1708;595;1420;Aval
3701;1709;595;2957;Amont
3702;1710;9319;0;Aval
3703;1711;9319;3100;Amont
3704;1712;9112;3570;Amont
3705;1713;9113;2947;Amont
3706;1714;9114;1721;Aval
3707;1715;9114;1925;Amont
3708;1716;9411;1536;Amont
3709;1717;9412;1175;Aval
3710;1718;9412;1536;Amont
3711;1719;9115;1992;Amont
3712;1720;9116;1242;Amont
3713;1721;8839;3631;Amont
3714;1722;8840;2432;Amont
3715;1723;8841;1708;Amont
3716;1724;8842;3320;Amont
3717;1725;9126;5196;Aval
3718;1726;9127;4302;Aval
3719;1727;8989;4497;Amont
3720;1728;684;7000;Aval
3721;1729;684;88680;Amont
3722;1730;685;90292;Aval
3723;1731;685;131700;Amont
3724;1732;686;0;Aval
3725;1733;686;7000;Amont
3726;1734;687;0;Aval
3727;1735;687;7000;Amont
3728;1736;5366;110070;Aval
3729;1737;5366;110580;Amont
3730;1738;5367;130554;Aval
3731;1739;5367;131105;Amont
3732;1740;5368;33050;Aval
3733;1741;5368;34030;Amont
3734;1742;5369;52796;Aval
3735;1743;5369;53712;Amont
3736;1744;5370;25335;Aval
3737;1745;5370;26140;Amont
3738;1746;5371;1740;Aval
3739;1747;5371;1780;Amont
3740;1748;5372;33873;Aval
3741;1749;5372;33900;Amont
3742;1750;795;0;Aval
3743;1751;795;815;Amont
3744;1752;68;0;Aval
3745;1753;68;53000;Amont
3746;1753;1857;53000;Aval
3747;1659;1857;54120;Amont
3748;1756;1858;53025;Aval
3749;1757;1858;54060;Amont
3750;1758;1859;32957;Aval
3751;1759;1859;33710;Amont
3752;1760;81;170007;Aval
3753;1761;81;207300;Amont
3754;1762;90;45;Aval
3755;1763;90;32954;Amont
3756;1764;9687;1249;Aval
3757;1765;9688;473;Aval
3758;1766;9692;26382;Aval
3759;1767;9692;26700;Amont
3760;19562;9693;26558;Aval
3761;1769;9693;27327;Amont
3762;1770;9697;51023;Aval
3763;1771;9701;52021;Aval
3764;1772;9701;52882;Amont
3765;1773;9702;52021;Aval
3766;1774;9702;52474;Amont
3767;877;2402;22246;Aval
3768;916;2401;22470;Amont
3769;1777;9700;2891;Amont
3770;1778;9689;2676;Amont
3771;1779;9690;3010;Amont
3772;1780;113;201910;Aval
3773;1781;113;207650;Amont
3774;1782;2047;207300;Aval
3775;1783;2047;214701;Amont
3776;1784;2048;207300;Aval
3777;1785;2048;208219;Amont
3778;1786;156;219750;Aval
3779;1787;156;304663;Amont
3780;1788;157;216490;Aval
3781;1789;157;304796;Amont
3782;1790;2190;233970;Aval
3783;1791;2190;234610;Amont
3784;1792;2191;234055;Aval
3785;1793;2191;234450;Amont
3786;1794;2192;233310;Aval
3787;1795;2192;233325;Amont
3788;1796;2193;233905;Aval
3789;1797;2193;233960;Amont
3790;1798;2194;234490;Aval
3791;1799;2194;234530;Amont
3792;1800;2195;234610;Aval
3793;1801;2195;234660;Amont
3794;1802;2196;237810;Aval
3795;1803;2196;237905;Amont
3796;1804;2197;239698;Aval
3797;1805;2197;239753;Amont
3798;1806;2198;262890;Aval
3799;1807;2198;262950;Amont
3800;1808;2199;276170;Aval
3801;1809;2199;276220;Amont
3802;1810;2200;293565;Aval
3803;1811;2200;293761;Amont
3804;1812;1302;0;Aval
3805;1813;1302;2617;Amont
3806;1814;240;-421;Aval
3807;1815;240;56200;Amont
3808;1816;241;88100;Aval
3809;1817;241;94770;Amont
3810;1818;2713;17490;Aval
3811;1819;2713;18242;Amont
3812;1820;8507;48265;Aval
3813;1821;8507;48386;Amont
3814;1822;8508;48320;Aval
3815;1823;8508;48386;Amont
3816;1824;8509;49317;Aval
3817;1825;8509;49386;Amont
3818;1826;265;-174;Aval
3819;1827;265;35937;Amont
3820;1828;2812;4298;Aval
3821;1829;2812;4859;Amont
3822;1830;2813;-34;Aval
3823;1831;2813;763;Amont
3824;1832;310;48895;Aval
3825;1833;310;77350;Amont
3826;1834;311;94156;Aval
3827;1835;311;98373;Amont
3828;1836;312;94156;Aval
3829;1837;312;98373;Amont
3830;1838;358;-40;Aval
3831;1839;358;112780;Amont
3832;1840;359;0;Aval
3833;1841;359;112755;Amont
3834;1842;3441;30154;Aval
3835;1843;3441;31300;Amont
3836;1844;3442;70242;Aval
3837;1845;3442;70975;Amont
3838;1846;3443;30154;Aval
3839;1847;3443;31257;Amont
3840;1848;3444;70325;Aval
3841;1849;3444;71224;Amont
3842;1850;3445;31300;Aval
3843;1851;3445;31384;Amont
3844;1852;3446;50316;Aval
3845;1853;3446;50376;Amont
3846;1854;3447;70325;Aval
3847;1855;3447;70352;Amont
3848;1856;3448;71235;Aval
3849;1857;3448;71300;Amont
3850;1858;3449;71463;Aval
3851;1859;3449;71512;Amont
3852;1860;3450;96038;Aval
3853;1861;3450;96096;Amont
3854;1862;8465;112755;Aval
3855;1863;8465;114011;Amont
3856;1864;8466;112755;Aval
3857;1865;8466;112780;Amont
3858;1866;8467;112825;Aval
3859;1867;8467;112850;Amont
3860;1868;8468;112780;Aval
3861;1869;8468;114011;Amont
3862;1870;8469;113695;Aval
3863;1871;8469;113756;Amont
3864;1872;8510;31260;Aval
3865;1873;8510;31387;Amont
3866;1874;8511;70270;Aval
3867;1875;8511;70325;Amont
3868;1876;8512;70352;Aval
3869;1877;8512;70396;Amont
3870;1878;8513;94675;Aval
3871;1879;8513;94720;Amont
3872;1880;8592;11864;Aval
3873;1881;8592;11925;Amont
3874;1882;9132;31385;Aval
3875;1883;9132;31450;Amont
3876;1884;381;747;Aval
3877;1885;381;16860;Amont
3878;1886;422;31257;Aval
3879;1887;422;87841;Amont
3880;1888;423;31300;Aval
3881;1889;423;87841;Amont
3882;1890;3893;31257;Aval
3883;1891;3893;31300;Amont
3884;1892;3894;47796;Aval
3885;1893;3894;47848;Amont
3886;1894;3895;62967;Aval
3887;1895;3895;63014;Amont
3888;1896;3896;63334;Aval
3889;1897;3896;63394;Amont
3890;1898;3897;66365;Aval
3891;1899;3897;66411;Amont
3892;1900;3898;68280;Aval
3893;1901;3898;68320;Amont
3894;1902;3899;68935;Aval
3895;1903;3899;69000;Amont
3896;1904;463;397;Aval
3897;1905;463;43729;Amont
3898;1906;464;397;Aval
3899;1907;464;43661;Amont
3900;1908;4008;28217;Aval
3901;1909;4008;28263;Amont
3902;1910;4009;35661;Aval
3903;1911;4009;35718;Amont
3904;1912;4010;36547;Aval
3905;1913;4010;36592;Amont
3906;1914;4011;43063;Aval
3907;1915;4011;43122;Amont
3908;1916;466;0;Aval
3909;1917;466;579;Amont
3910;1918;478;32743;Aval
3911;1919;478;57131;Amont
3912;1920;479;60;Aval
3913;1921;479;32743;Amont
3914;1922;480;60;Aval
3915;1923;480;32743;Amont
3916;1924;4042;13545;Aval
3917;1925;4042;14006;Amont
3918;1926;4043;-450;Aval
3919;1927;4043;690;Amont
3920;1928;4044;56821;Aval
3921;1929;4044;57131;Amont
3922;1930;4045;-100;Aval
3923;1931;4045;172;Amont
3924;1932;4046;608;Aval
3925;1933;4046;683;Amont
3926;1934;4047;635;Aval
3927;1935;4047;690;Amont
3928;1936;4048;13571;Aval
3929;1937;4048;13660;Amont
3930;1938;4049;13874;Aval
3931;1939;4049;13932;Amont
3932;1940;4050;14706;Aval
3933;1941;4050;14752;Amont
3934;1942;4051;18716;Aval
3935;1943;4051;18773;Amont
3936;1944;481;0;Aval
3937;1945;481;467;Amont
3938;1946;482;0;Aval
3939;1947;482;467;Amont
3940;1948;485;100;Aval
3941;1949;485;15300;Amont
3942;1950;494;93795;Aval
3943;1951;494;125504;Amont
3944;1952;495;545;Aval
3945;1953;495;93795;Amont
3946;1954;496;530;Aval
3947;1955;496;93795;Amont
3948;1956;4067;93987;Aval
3949;1957;4067;94797;Amont
3950;1958;4068;107621;Aval
3951;1959;4068;108730;Amont
3952;1960;4069;25419;Aval
3953;1961;4069;25462;Amont
3954;1962;4070;29872;Aval
3955;1963;4070;29915;Amont
3956;1964;4071;69097;Aval
3957;1965;4071;69142;Amont
3958;1966;4072;80372;Aval
3959;1967;4072;80435;Amont
3960;1968;8614;50606;Aval
3961;1969;8614;51232;Amont
3962;1970;9039;49607;Aval
3963;1971;9039;49669;Amont
3964;1972;9040;50498;Aval
3965;1973;9040;50580;Amont
3966;1974;9041;51310;Aval
3967;1975;9041;51386;Amont
3968;1976;9042;51656;Aval
3969;1977;9042;51739;Amont
3970;1978;9043;80011;Aval
3971;1979;9043;80623;Amont
3972;1980;575;230;Aval
3973;1981;575;23700;Amont
3974;1982;609;94835;Aval
3975;1983;609;103200;Amont
3976;1984;613;435740;Aval
3977;1985;613;443061;Amont
3978;1986;4751;435755;Aval
3979;1987;4751;436030;Amont
3980;1988;688;11513;Aval
3981;1989;688;27607;Amont
3982;1990;689;3687;Aval
3983;1991;689;11700;Amont
3984;1992;690;3687;Aval
3985;1993;690;11513;Amont
3986;1994;5373;27080;Aval
3987;1995;5373;27607;Amont
3988;1996;5374;10905;Aval
3989;1997;5374;11634;Amont
3990;1998;5375;10863;Aval
3991;1999;5375;10905;Amont
3992;2000;5376;11513;Aval
3993;2001;5376;11568;Amont
3994;2002;9044;11700;Aval
3995;2003;9044;11779;Amont
3996;2004;703;234;Aval
3997;2005;703;48688;Amont
3998;2006;5415;7449;Aval
3999;2007;5415;7915;Amont
4000;2008;5416;19164;Aval
4001;2009;5416;19895;Amont
4002;2010;710;170;Aval
4003;2011;710;16700;Amont
4004;2012;718;-366;Aval
4005;2013;718;3380;Amont
4006;2014;733;34000;Aval
4007;2015;733;54073;Amont
4008;2016;5656;47070;Aval
4009;2017;5656;47530;Amont
4010;2018;757;386003;Aval
4011;2019;757;435924;Amont
4012;2020;5804;395681;Aval
4013;2021;5804;396613;Amont
4014;2022;5805;403636;Aval
4015;2023;5805;404472;Amont
4016;2024;5806;408792;Aval
4017;2025;5806;409634;Amont
4018;2026;5807;418104;Aval
4019;2027;5807;418956;Amont
4020;2028;5808;423575;Aval
4021;2029;5808;424332;Amont
4022;2030;5809;435320;Aval
4023;2031;5809;435962;Amont
4024;2032;5810;435360;Aval
4025;2033;5810;435962;Amont
4026;2034;796;8426;Aval
4027;2035;796;502000;Amont
4028;2036;797;8665;Aval
4029;2037;797;502000;Amont
4030;2038;1456;8285;Aval
4031;2039;1456;27800;Amont
4032;2040;1457;264664;Aval
4033;2041;1457;276905;Amont
4034;2042;1458;370688;Aval
4035;2043;1458;377050;Amont
4036;2044;1459;492580;Aval
4037;2045;1459;502000;Amont
4038;2046;1460;9242;Aval
4039;2047;1460;10116;Amont
4040;2048;1461;8698;Aval
4041;2049;1461;27858;Amont
4042;2050;1462;276954;Aval
4043;2051;1462;290436;Amont
4044;2052;1463;370603;Aval
4045;2053;1463;377050;Amont
4046;2054;1464;492538;Aval
4047;2055;1464;493740;Amont
4048;2056;5916;501595;Aval
4049;2057;5916;501840;Amont
4050;2058;5917;352515;Aval
4051;2059;5917;352960;Amont
4052;2060;5918;501880;Aval
4053;2061;5918;502000;Amont
4054;2062;5919;501840;Aval
4055;2063;5919;502000;Amont
4056;2064;5920;352550;Aval
4057;2065;5920;352736;Amont
4058;916;2401;22470;Aval
4059;916;2402;22470;Amont
4060;2068;5922;43868;Aval
4061;2069;5922;44365;Amont
4062;2070;5923;39885;Aval
4063;2071;5923;41890;Amont
4064;2072;5924;82300;Aval
4065;2073;5924;83660;Amont
4066;2074;5925;235872;Aval
4067;2075;5925;239360;Amont
4068;2076;5926;252704;Aval
4069;2077;5926;254438;Amont
4070;2078;5927;287666;Aval
4071;2079;5927;290436;Amont
4072;2080;5928;319404;Aval
4073;2081;5928;319936;Amont
4074;2082;5929;344376;Aval
4075;2083;5929;347621;Amont
4076;2084;5930;408603;Aval
4077;2085;5930;409865;Amont
4078;2086;5931;63647;Aval
4079;2087;5931;64809;Amont
4080;2088;5932;93750;Aval
4081;2089;5932;94924;Amont
4082;2090;5933;112875;Aval
4083;2091;5933;114030;Amont
4084;2092;5934;145980;Aval
4085;2093;5934;147290;Amont
4086;2094;5935;187838;Aval
4087;2095;5935;188985;Amont
4088;2096;5936;194392;Aval
4089;2097;5936;195568;Amont
4090;2098;5937;447315;Aval
4091;2099;5937;448054;Amont
4092;2100;5938;474735;Aval
4093;2101;5938;475705;Amont
4094;2102;5939;140510;Aval
4095;2103;5939;142294;Amont
4096;2104;5940;204440;Aval
4097;2105;5940;205785;Amont
4098;2106;5941;434832;Aval
4099;2107;5941;436616;Amont
4100;2108;5942;457808;Aval
4101;2109;5942;458515;Amont
4102;2129;1456;23168;Amont
4103;2129;1456;23168;Aval
4104;2039;796;27800;Amont
4105;2039;796;27800;Aval
4106;2114;5945;352543;Aval
4107;2115;5945;353650;Amont
4108;2116;5946;372750;Aval
4109;2117;5946;376220;Amont
4110;2118;5947;496849;Aval
4111;2119;5947;499090;Amont
4112;2120;5948;140580;Aval
4113;2121;5948;141500;Amont
4114;2049;797;27858;Amont
4115;2049;797;27858;Aval
4116;2124;5950;375139;Aval
4117;2125;5950;375620;Amont
4118;2126;5951;140950;Aval
4119;2127;5951;141550;Amont
4120;2128;5952;17881;Aval
4121;2129;5952;23168;Amont
4122;2199;5953;14600;Aval
4123;2131;5953;15592;Amont
4124;2132;5954;353650;Aval
4125;2133;5954;355340;Amont
4126;917;3425;17941;Aval
4127;922;3425;21997;Amont
4128;2136;5956;374540;Aval
4129;2137;5956;376100;Amont
4130;2138;5957;216867;Aval
4131;2139;5957;218248;Amont
4132;2140;5958;495192;Aval
4133;2141;5958;496900;Amont
4134;2142;5959;140980;Aval
4135;2143;5959;141580;Amont
4136;922;5952;21997;Amont
4137;922;5952;21997;Aval
4138;2146;5961;39890;Aval
4139;2147;5961;41890;Amont
4140;2148;5962;52142;Aval
4141;2149;5962;53876;Amont
4142;2150;5963;82300;Aval
4143;2151;5963;83667;Amont
4144;2152;5964;235891;Aval
4145;2153;5964;239403;Amont
4146;2154;5965;252518;Aval
4147;2155;5965;254400;Amont
4148;2156;5966;319404;Aval
4149;2157;5966;319936;Amont
4150;2158;5967;344376;Aval
4151;2159;5967;346932;Amont
4152;2160;5968;408608;Aval
4153;2161;5968;409930;Amont
4154;2162;5969;63491;Aval
4155;2163;5969;64626;Amont
4156;2164;5970;94000;Aval
4157;2165;5970;95105;Amont
4158;2166;5971;112890;Aval
4159;2167;5971;114080;Amont
4160;2168;5972;145980;Aval
4161;2169;5972;147220;Amont
4162;2170;5973;187845;Aval
4163;2171;5973;188988;Amont
4164;2172;5974;193641;Aval
4165;2173;5974;194693;Amont
4166;2174;5975;474614;Aval
4167;2175;5975;475695;Amont
4168;2176;5976;495126;Aval
4169;2177;5976;499200;Amont
4170;917;1461;17941;Amont
4171;917;1461;17941;Aval
4172;2180;5978;353720;Aval
4173;2181;5978;354373;Amont
4174;2182;5979;352530;Aval
4175;2183;5979;353585;Amont
4176;2184;5980;372740;Aval
4177;2185;5980;376100;Amont
4178;2186;5981;496816;Aval
4179;2187;5981;498265;Amont
4180;2188;5982;496390;Aval
4181;2189;5982;497973;Amont
4182;2128;1456;17881;Amont
4183;2128;1456;17881;Aval
4184;2192;5984;353585;Aval
4185;2193;5984;355240;Amont
4186;2194;5985;43740;Aval
4187;2195;5985;44084;Amont
4188;2196;5986;374937;Aval
4189;2197;5986;375994;Amont
4190;2198;5987;13387;Aval
4191;2199;5987;14600;Amont
4192;2200;5988;495367;Aval
4193;2201;5988;496390;Amont
4194;2202;5989;172016;Aval
4195;2203;5989;172712;Amont
4196;2204;5990;431280;Aval
4197;2205;5990;432176;Amont
4198;2206;5991;434980;Aval
4199;2207;5991;435761;Amont
4200;2208;5992;458500;Aval
4201;2209;5992;459716;Amont
4202;2210;5993;501668;Aval
4203;2211;5993;501800;Amont
4204;2212;5994;501552;Aval
4205;2213;5994;501812;Amont
4206;2214;5995;501537;Aval
4207;2215;5995;501856;Amont
4208;2216;5996;352960;Aval
4209;2217;5996;353630;Amont
4210;2218;5997;352210;Aval
4211;2219;5997;352824;Amont
4212;2220;5998;172045;Aval
4213;2221;5998;172675;Amont
4214;2222;5999;458450;Aval
4215;2223;5999;459652;Amont
4216;2224;6000;172045;Aval
4217;2225;6000;172393;Amont
4218;2226;6001;501673;Aval
4219;2227;6001;501853;Amont
4220;2228;6002;352285;Aval
4221;2229;6002;352925;Amont
4222;2230;6003;352110;Aval
4223;2231;6003;352800;Amont
4224;2232;6004;501730;Aval
4225;2233;6004;502000;Amont
4226;2234;6005;352178;Aval
4227;2235;6005;352530;Amont
4228;2236;6006;431660;Aval
4229;2237;6006;432265;Amont
4230;2238;6007;501682;Aval
4231;2239;6007;502000;Amont
4232;2240;6008;352290;Aval
4233;2241;6008;352440;Amont
4234;2242;6009;501840;Aval
4235;2243;6009;502000;Amont
4236;2244;6010;352515;Aval
4237;2245;6010;352760;Amont
4238;2246;6011;93966;Aval
4239;2247;6011;95040;Amont
4240;2248;6012;253160;Aval
4241;2249;6012;253802;Amont
4242;2250;6013;351949;Aval
4243;2251;6013;352260;Amont
4244;2252;6014;458100;Aval
4245;2253;6014;458500;Amont
4246;2254;6015;351949;Aval
4247;2255;6015;352135;Amont
4248;2256;6016;384995;Aval
4249;2257;6016;386003;Amont
4250;2258;6017;385080;Aval
4251;2259;6017;385520;Amont
4252;2260;6018;493740;Aval
4253;2261;6018;502000;Amont
4254;2262;6019;347385;Aval
4255;2263;6019;348740;Amont
4256;2264;6020;385050;Aval
4257;2265;6020;385867;Amont
4258;2266;6021;351808;Aval
4259;2267;6021;351949;Amont
4260;2268;6022;9143;Aval
4261;2269;6022;9443;Amont
4262;2270;6023;9484;Aval
4263;2271;6023;9567;Amont
4264;2272;6024;9950;Aval
4265;2273;6024;10026;Amont
4266;2274;6025;10116;Aval
4267;2275;6025;10213;Amont
4268;935;5921;13300;Aval
4269;2198;5921;13387;Amont
4270;2278;6027;10547;Aval
4271;2279;6027;10652;Amont
4272;2280;6028;10783;Aval
4273;2281;6028;10854;Amont
4274;2282;6029;10680;Aval
4275;2283;6029;10779;Amont
4276;2284;6030;10681;Aval
4277;2285;6030;10782;Amont
4278;1039;5943;15375;Aval
4279;1050;5943;15737;Amont
4280;1039;5953;15375;Amont
4281;1039;5953;15375;Aval
4282;1054;9884;82138;Aval
4283;1054;9885;82138;Amont
4284;1054;9885;82138;Aval
4285;1055;9883;81217;Amont
4286;1055;9883;81217;Aval
4287;1055;9882;81217;Amont
4288;1055;9882;81217;Aval
4289;19576;9766;527;Amont
4290;19576;9766;527;Aval
4291;1696;5944;611;Aval
4292;1700;5944;2000;Amont
4293;1696;9766;611;Amont
4294;1696;9766;611;Aval
4295;15266;960;15844;Amont
4296;15266;960;15844;Aval
4297;15267;960;15908;Amont
4298;15267;960;15908;Aval
4299;15268;961;16096;Amont
4300;15268;961;16096;Aval
4301;15265;961;15654;Amont
4302;15265;961;15654;Aval
4303;501;961;83067;Aval
4304;501;58;83067;Aval
4305;1701;960;83277;Amont
4306;1701;960;83277;Aval
4307;1701;58;83277;Amont
4308;15345;960;86719;Amont
4309;15345;960;86719;Aval
4310;15346;961;86848;Amont
4311;15346;961;86848;Aval
4312;15347;961;87006;Amont
4313;15347;961;87006;Aval
4314;15348;960;87137;Amont
4315;15348;960;87137;Aval
4316;15344;960;79262;Amont
4317;15344;960;79262;Aval
4318;15343;961;79180;Amont
4319;15343;961;79180;Aval
4320;15238;961;79167;Amont
4321;15238;961;79167;Aval
4322;15226;960;78951;Amont
4323;15226;960;78951;Aval
4324;1704;961;13501;Amont
4325;1704;961;13501;Aval
4326;1704;5949;13501;Aval
4327;1705;960;13693;Amont
4328;1705;960;13693;Aval
4329;1705;5949;13693;Amont
4330;2338;6057;35280;Aval
4331;2339;6057;35361;Amont
4332;2340;6058;35433;Aval
4333;2341;6058;35514;Amont
4334;2342;6059;35920;Aval
4335;2343;6059;35980;Amont
4336;2344;6060;41684;Aval
4337;2345;6060;41770;Amont
4338;2346;6061;41980;Aval
4339;2347;6061;42055;Amont
4340;2348;6062;43578;Aval
4341;2349;6062;43659;Amont
4342;2350;6063;43692;Aval
4343;2351;6063;43726;Amont
4344;2352;6064;43927;Aval
4345;2353;6064;43977;Amont
4346;2354;6065;44280;Aval
4347;2355;6065;44334;Amont
4348;2356;6066;50252;Aval
4349;2357;6066;50310;Amont
4350;2358;6067;64952;Aval
4351;2359;6067;65032;Amont
4352;2360;6068;83930;Aval
4353;2361;6068;83990;Amont
4354;2362;6069;93591;Aval
4355;2363;6069;93768;Amont
4356;2364;6070;94063;Aval
4357;2365;6070;94180;Amont
4358;2366;6071;94223;Aval
4359;2367;6071;94283;Amont
4360;2368;6072;94943;Aval
4361;2369;6072;95036;Amont
4362;2370;6073;95193;Aval
4363;2371;6073;95277;Amont
4364;2372;6074;102862;Aval
4365;2373;6074;102916;Amont
4366;2374;6075;104421;Aval
4367;2375;6075;104556;Amont
4368;2376;6076;104575;Aval
4369;2377;6076;104702;Amont
4370;2378;6077;114182;Aval
4371;2379;6077;114265;Amont
4372;2380;6078;114325;Aval
4373;2381;6078;114412;Amont
4374;2382;6079;116720;Aval
4375;2383;6079;116780;Amont
4376;2384;6080;139299;Aval
4377;2385;6080;139380;Amont
4378;2386;6081;140625;Aval
4379;2387;6081;140686;Amont
4380;2388;6082;140780;Aval
4381;2389;6082;140915;Amont
4382;2390;6083;141615;Aval
4383;2391;6083;141680;Amont
4384;2392;6084;141690;Aval
4385;2393;6084;141750;Amont
4386;2394;6085;148650;Aval
4387;2395;6085;148720;Amont
4388;2396;6086;170369;Aval
4389;2397;6086;170427;Amont
4390;2398;6087;171655;Aval
4391;2399;6087;171735;Amont
4392;2400;6088;171905;Aval
4393;2401;6088;171952;Amont
4394;2402;6089;172566;Aval
4395;2403;6089;172693;Amont
4396;2404;6090;172675;Aval
4397;2405;6090;172708;Amont
4398;2406;6091;172745;Aval
4399;2407;6091;172806;Amont
4400;2408;6092;186944;Aval
4401;2409;6092;187040;Amont
4402;2410;6093;187520;Aval
4403;2411;6093;187563;Amont
4404;2412;6094;204309;Aval
4405;2413;6094;204438;Amont
4406;2414;6095;204541;Aval
4407;2415;6095;204760;Amont
4408;2416;6096;205540;Aval
4409;2417;6096;205700;Amont
4410;2418;6097;205885;Aval
4411;2419;6097;205945;Amont
4412;2420;6098;218110;Aval
4413;2421;6098;218197;Amont
4414;2422;6099;236924;Aval
4415;2423;6099;237050;Amont
4416;2424;6100;237812;Aval
4417;2425;6100;237878;Amont
4418;2426;6101;237815;Aval
4419;2427;6101;237915;Amont
4420;2428;6102;237620;Aval
4421;2429;6102;237696;Amont
4422;2430;6103;253017;Aval
4423;2431;6103;253078;Amont
4424;2432;6104;253092;Aval
4425;2433;6104;253147;Amont
4426;2434;6105;253130;Aval
4427;2435;6105;253198;Amont
4428;2436;6106;253164;Aval
4429;2437;6106;253247;Amont
4430;2438;6107;253681;Aval
4431;2439;6107;253760;Amont
4432;2440;6108;253711;Aval
4433;2441;6108;253790;Amont
4434;2442;6109;253763;Aval
4435;2443;6109;253821;Amont
4436;2444;6110;253850;Aval
4437;2445;6110;253927;Amont
4438;2446;6111;263361;Aval
4439;2447;6111;263461;Amont
4440;2448;6112;288792;Aval
4441;2449;6112;288904;Amont
4442;2450;6113;288905;Aval
4443;2451;6113;288970;Amont
4444;2452;6114;288971;Aval
4445;2453;6114;289048;Amont
4446;2454;6115;289007;Aval
4447;2455;6115;289085;Amont
4448;2456;6116;289117;Aval
4449;2457;6116;289364;Amont
4450;2458;6117;289138;Aval
4451;2459;6117;289350;Amont
4452;2460;6118;293664;Aval
4453;2461;6118;293722;Amont
4454;2462;6119;307832;Aval
4455;2463;6119;308018;Amont
4456;2464;6120;308959;Aval
4457;2465;6120;309019;Amont
4458;2466;6121;318163;Aval
4459;2467;6121;318218;Amont
4460;2468;6122;318173;Aval
4461;2469;6122;318221;Amont
4462;2470;6123;318221;Aval
4463;2471;6123;318245;Amont
4464;2472;6124;318264;Aval
4465;2473;6124;318360;Amont
4466;2474;6125;318269;Aval
4467;2475;6125;318360;Amont
4468;2476;6126;345940;Aval
4469;2477;6126;346185;Amont
4470;2478;6127;347450;Aval
4471;2479;6127;347545;Amont
4472;2480;6128;347489;Aval
4473;2481;6128;347604;Amont
4474;2482;6129;348600;Aval
4475;2483;6129;348703;Amont
4476;2484;6130;350587;Aval
4477;2485;6130;350817;Amont
4478;2486;6131;350843;Aval
4479;2487;6131;351075;Amont
4480;2488;6132;351925;Aval
4481;2489;6132;351991;Amont
4482;2490;6133;352260;Aval
4483;2491;6133;352314;Amont
4484;2492;6134;352240;Aval
4485;2493;6134;352290;Amont
4486;2494;6135;352459;Aval
4487;2495;6135;352513;Amont
4488;2496;6136;352770;Aval
4489;2497;6136;352832;Amont
4490;2498;6137;352800;Aval
4491;2499;6137;352905;Amont
4492;2500;6138;352843;Aval
4493;2501;6138;352903;Amont
4494;2502;6139;352878;Aval
4495;2503;6139;352937;Amont
4496;2504;6140;352925;Aval
4497;2505;6140;352973;Amont
4498;2506;6141;352960;Aval
4499;2507;6141;353037;Amont
4500;2508;6142;352995;Aval
4501;2509;6142;353148;Amont
4502;2510;6143;353310;Aval
4503;2511;6143;353413;Amont
4504;2512;6144;353375;Aval
4505;2513;6144;353459;Amont
4506;2514;6145;353395;Aval
4507;2515;6145;353525;Amont
4508;2516;6146;353425;Aval
4509;2517;6146;353502;Amont
4510;2518;6147;353580;Aval
4511;2519;6147;353720;Amont
4512;2520;6148;353585;Aval
4513;2521;6148;353720;Amont
4514;2522;6149;354760;Aval
4515;2523;6149;354830;Amont
4516;2524;6150;355130;Aval
4517;2525;6150;355235;Amont
4518;2526;6151;359995;Aval
4519;2527;6151;360060;Amont
4520;2528;6152;365096;Aval
4521;2529;6152;365178;Amont
4522;2530;6153;365506;Aval
4523;2531;6153;365564;Amont
4524;2532;6154;366324;Aval
4525;2533;6154;366360;Amont
4526;2534;6155;370454;Aval
4527;2535;6155;370500;Amont
4528;2536;6156;372900;Aval
4529;2537;6156;372960;Amont
4530;2538;6157;373534;Aval
4531;2539;6157;373594;Amont
4532;2540;6158;373899;Aval
4533;2541;6158;373964;Amont
4534;2542;6159;374317;Aval
4535;2543;6159;374387;Amont
4536;2544;6160;374403;Aval
4537;2545;6160;374800;Amont
4538;2546;6161;374621;Aval
4539;2547;6161;374657;Amont
4540;2548;6162;375630;Aval
4541;2549;6162;375675;Amont
4542;2550;6163;375821;Aval
4543;2551;6163;375881;Amont
4544;2552;6164;376032;Aval
4545;2553;6164;376097;Amont
4546;2554;6165;386150;Aval
4547;2555;6165;386210;Amont
4548;2556;6166;409770;Aval
4549;2557;6166;409895;Amont
4550;2558;6167;423893;Aval
4551;2559;6167;423952;Amont
4552;2560;6168;431470;Aval
4553;2561;6168;431535;Amont
4554;2562;6169;431558;Aval
4555;2563;6169;431620;Amont
4556;2564;6170;432330;Aval
4557;2565;6170;432410;Amont
4558;2566;6171;434776;Aval
4559;2567;6171;434845;Amont
4560;2568;6172;434889;Aval
4561;2569;6172;434968;Amont
4562;2570;6173;435132;Aval
4563;2571;6173;435212;Amont
4564;2572;6174;435595;Aval
4565;2573;6174;435659;Amont
4566;2574;6175;436642;Aval
4567;2575;6175;436733;Amont
4568;2576;6176;438572;Aval
4569;2577;6176;438700;Amont
4570;2578;6177;438725;Aval
4571;2579;6177;438856;Amont
4572;2580;6178;444293;Aval
4573;2581;6178;444420;Amont
4574;2582;6179;444537;Aval
4575;2583;6179;444667;Amont
4576;2584;6180;447921;Aval
4577;2585;6180;447982;Amont
4578;2586;6181;450850;Aval
4579;2587;6181;450980;Amont
4580;2588;6182;451019;Aval
4581;2589;6182;451148;Amont
4582;2590;6183;457455;Aval
4583;2591;6183;457584;Amont
4584;2592;6184;457735;Aval
4585;2593;6184;457884;Amont
4586;2594;6185;458500;Aval
4587;2595;6185;458560;Amont
4588;2596;6186;458530;Aval
4589;2597;6186;458595;Amont
4590;2598;6187;458604;Aval
4591;2599;6187;458706;Amont
4592;2600;6188;458606;Aval
4593;2601;6188;458715;Amont
4594;2602;6189;468765;Aval
4595;2603;6189;468892;Amont
4596;2604;6190;468941;Aval
4597;2605;6190;469070;Amont
4598;2606;6191;474662;Aval
4599;2607;6191;474724;Amont
4600;2608;6192;479465;Aval
4601;2609;6192;479540;Amont
4602;2610;6193;479972;Aval
4603;2611;6193;480138;Amont
4604;2612;6194;490811;Aval
4605;2613;6194;490944;Amont
4606;2614;6195;491131;Aval
4607;2615;6195;491260;Amont
4608;2616;6196;492206;Aval
4609;2617;6196;492290;Amont
4610;2618;6197;492680;Aval
4611;2619;6197;492726;Amont
4612;2620;6198;493661;Aval
4613;2621;6198;493740;Amont
4614;2622;6199;495161;Aval
4615;2623;6199;495244;Amont
4616;2624;6200;497530;Aval
4617;2625;6200;497560;Amont
4618;2626;6201;497788;Aval
4619;2627;6201;497850;Amont
4620;2628;6202;498273;Aval
4621;2629;6202;498350;Amont
4622;2630;6203;498782;Aval
4623;2631;6203;498844;Amont
4624;2632;6204;498930;Aval
4625;2633;6204;499230;Amont
4626;2634;6205;501530;Aval
4627;2635;6205;501605;Amont
4628;2636;6206;501212;Aval
4629;2637;6206;501390;Amont
4630;2638;6207;501238;Aval
4631;2639;6207;501340;Amont
4632;2640;6208;501404;Aval
4633;2641;6208;501537;Amont
4634;2642;6209;501434;Aval
4635;2643;6209;501564;Amont
4636;2644;6210;501442;Aval
4637;2645;6210;501557;Amont
4638;2646;6211;501540;Aval
4639;2647;6211;501676;Amont
4640;2648;6212;501630;Aval
4641;2649;6212;501807;Amont
4642;2650;6213;501624;Aval
4643;2651;6213;501730;Amont
4644;2652;6214;501676;Aval
4645;2653;6214;501857;Amont
4646;2654;6215;501732;Aval
4647;2655;6215;501840;Amont
4648;2656;6216;501840;Aval
4649;2657;6216;501913;Amont
4650;2658;6217;352885;Aval
4651;2659;6217;353365;Amont
4652;2660;8462;206400;Aval
4653;2661;8462;206560;Amont
4654;2662;8463;205590;Aval
4655;2663;8463;205670;Amont
4656;2664;8464;205785;Aval
4657;2665;8464;205864;Amont
4658;2666;8470;324840;Aval
4659;2667;8470;324970;Amont
4660;2668;8473;345621;Aval
4661;2669;8473;345698;Amont
4662;2670;8474;345715;Aval
4663;2671;8474;345790;Amont
4664;2672;8475;172016;Aval
4665;2673;8475;172045;Amont
4666;2674;8476;352065;Aval
4667;2675;8476;352790;Amont
4668;2676;8477;355280;Aval
4669;2677;8477;355342;Amont
4670;2678;8478;370500;Aval
4671;2679;8478;370563;Amont
4672;2680;8479;372960;Aval
4673;2681;8479;373515;Amont
4674;2682;8480;373165;Aval
4675;2683;8480;373245;Amont
4676;2684;8481;373645;Aval
4677;2685;8481;373701;Amont
4678;2686;8482;373696;Aval
4679;2687;8482;373840;Amont
4680;2688;8483;374840;Aval
4681;2689;8483;375160;Amont
4682;2690;8484;373594;Aval
4683;2691;8484;373640;Amont
4684;2692;8485;374648;Aval
4685;2693;8485;374700;Amont
4686;2694;8486;374875;Aval
4687;2695;8486;375052;Amont
4688;2696;8487;375052;Aval
4689;2697;8487;375090;Amont
4690;2698;8488;375160;Aval
4691;2699;8488;375269;Amont
4692;2700;8489;375490;Aval
4693;2701;8489;375514;Amont
4694;2702;8490;375580;Aval
4695;2703;8490;375625;Amont
4696;2704;8491;375575;Aval
4697;2705;8491;375594;Amont
4698;2706;8492;375594;Aval
4699;2707;8492;375625;Amont
4700;2708;8493;375626;Aval
4701;2709;8493;375660;Amont
4702;2710;8494;375668;Aval
4703;2711;8494;375830;Amont
4704;2712;8495;375687;Aval
4705;2713;8495;375773;Amont
4706;2714;8496;375626;Aval
4707;2715;8496;375668;Amont
4708;2716;8497;375705;Aval
4709;2717;8497;375773;Amont
4710;2718;8498;375755;Aval
4711;2719;8498;375820;Amont
4712;2720;8499;384945;Aval
4713;2721;8499;384995;Amont
4714;2722;8500;386003;Aval
4715;2723;8500;386104;Amont
4716;2724;8501;171946;Aval
4717;2725;8501;172016;Amont
4718;2726;8502;374657;Aval
4719;2727;8502;374755;Amont
4720;2728;8503;236974;Aval
4721;2729;8503;237090;Amont
4722;2730;8589;237732;Aval
4723;2731;8589;237812;Amont
4724;2732;8590;171952;Aval
4725;2733;8590;172016;Amont
4726;2734;8591;172016;Aval
4727;2735;8591;172064;Amont
4728;2736;8593;187205;Aval
4729;2737;8593;187213;Amont
4730;15129;955;605969;Amont
4731;15129;955;605969;Aval
4732;15130;955;606978;Amont
4733;15130;955;606978;Aval
4734;2742;9022;9935;Aval
4735;2743;9022;10248;Amont
4736;2744;9027;287618;Aval
4737;2745;9027;287693;Amont
4738;2746;9135;344376;Aval
4739;2747;9135;344682;Amont
4740;2748;9136;344376;Aval
4741;2749;9136;344709;Amont
4742;2750;9145;344767;Aval
4743;2751;9145;344960;Amont
4744;2752;9146;344927;Aval
4745;2753;9146;345137;Amont
4746;2754;9150;345432;Aval
4747;2755;9150;345494;Amont
4748;2756;9151;345512;Aval
4749;2757;9151;345591;Amont
4750;2758;9271;263480;Aval
4751;2759;9271;264918;Amont
4752;2760;9272;263485;Aval
4753;2761;9272;264735;Amont
4754;2762;9355;140790;Aval
4755;2763;9355;140950;Amont
4756;2764;9363;168000;Aval
4757;2765;9363;171600;Amont
4758;2766;9364;168000;Aval
4759;2767;9364;171600;Amont
4760;2768;9369;169230;Aval
4761;2769;9369;169300;Amont
4762;2770;9372;170500;Aval
4763;2771;9372;170540;Amont
4764;2772;9373;171040;Aval
4765;2773;9373;171085;Amont
4766;2774;9374;171100;Aval
4767;2775;9374;171135;Amont
4768;2776;9375;171490;Aval
4769;2777;9375;171530;Amont
4770;2778;9379;172745;Aval
4771;2779;9379;175007;Amont
4772;2780;9380;172708;Aval
4773;2781;9380;175007;Amont
4774;2782;9493;479445;Aval
4775;2783;9493;479913;Amont
4776;2784;9495;479822;Aval
4777;2785;9495;479906;Amont
4778;2786;9547;501530;Aval
4779;2787;9547;501673;Amont
4780;2788;9564;35710;Aval
4781;2789;9564;35848;Amont
4782;2790;801;0;Aval
4783;2791;801;1624;Amont
4784;2792;8471;340664;Aval
4785;2793;8471;343274;Amont
4786;2794;8472;340701;Aval
4787;2795;8472;343274;Amont
4788;2796;802;-180;Aval
4789;2797;802;706;Amont
4790;2798;6233;-80;Aval
4791;2799;6233;-40;Amont
4792;2800;6248;2220;Aval
4793;2801;6248;6005;Amont
4794;2802;6249;0;Aval
4795;2803;6249;2220;Amont
4796;2804;6250;2220;Aval
4797;2805;6250;5804;Amont
4798;2806;6251;2228;Aval
4799;2807;6251;2395;Amont
4800;2808;6252;2412;Aval
4801;2809;6252;2470;Amont
4802;2810;6253;2394;Aval
4803;2811;6253;2504;Amont
4804;2812;6254;3033;Aval
4805;2813;6254;3068;Amont
4806;2814;6255;4140;Aval
4807;2815;6255;4230;Amont
4808;2816;6256;4126;Aval
4809;2817;6256;4236;Amont
4810;2818;6257;3741;Aval
4811;2819;6257;3777;Amont
4812;2820;6258;3617;Aval
4813;2821;6258;3652;Amont
4814;2822;8722;5014;Aval
4815;2823;8722;5070;Amont
4816;2824;810;0;Aval
4817;2825;810;2363;Amont
4818;2826;811;55;Aval
4819;2827;811;9945;Amont
4820;2828;6259;9565;Aval
4821;2829;6259;9900;Amont
4822;2830;822;52262;Aval
4823;2831;822;124248;Amont
4824;2832;823;51904;Aval
4825;2833;823;124248;Amont
4826;2834;6330;79295;Aval
4827;2835;6330;80065;Amont
4828;2836;6331;59390;Aval
4829;2837;6331;59435;Amont
4830;2838;6332;79210;Aval
4831;2839;6332;79275;Amont
4832;2840;6333;79966;Aval
4833;2841;6333;80047;Amont
4834;2842;6334;92070;Aval
4835;2843;6334;92105;Amont
4836;2844;6335;97624;Aval
4837;2845;6335;97660;Amont
4838;2846;6336;98605;Aval
4839;2847;6336;98630;Amont
4840;2848;6337;109440;Aval
4841;2849;6337;109485;Amont
4842;2850;6338;110105;Aval
4843;2851;6338;110158;Amont
4844;2852;6339;120990;Aval
4845;2853;6339;121110;Amont
4846;2854;6340;121625;Aval
4847;2855;6340;121662;Amont
4848;2856;9026;59242;Aval
4849;2857;9026;59303;Amont
4850;2858;9557;62241;Aval
4851;2859;9557;62303;Amont
4852;2860;8822;0;Aval
4853;2861;842;146455;Aval
4854;2862;842;164697;Amont
4855;2863;1465;142160;Aval
4856;2864;1465;146455;Amont
4857;2865;1466;142160;Aval
4858;2866;1466;146455;Amont
4859;2867;6394;148091;Aval
4860;2868;6394;150048;Amont
4861;2869;6395;155286;Aval
4862;2870;6395;156890;Amont
4863;2871;6396;160447;Aval
4864;2872;6396;162146;Amont
4865;2873;6397;164697;Aval
4866;2874;6397;171506;Amont
4867;2875;6398;164697;Aval
4868;2876;6398;171506;Amont
4869;2877;6399;142659;Aval
4870;2878;6399;142819;Amont
4871;2879;6400;143131;Aval
4872;2880;6400;143194;Amont
4873;2881;6401;143225;Aval
4874;2882;6401;143350;Amont
4875;2883;9280;166365;Aval
4876;2884;9280;166575;Amont
4877;2885;9281;171228;Aval
4878;2886;9281;171310;Amont
4879;2887;9282;171330;Aval
4880;2888;9282;171733;Amont
4881;2889;9283;171525;Aval
4882;2890;9283;171586;Amont
4883;2891;845;0;Aval
4884;2892;845;697;Amont
4885;2893;846;0;Aval
4886;2894;846;697;Amont
4887;2895;882;14150;Aval
4888;2896;882;29406;Amont
4889;2897;883;14710;Aval
4890;2898;883;29406;Amont
4891;2899;1481;27150;Aval
4892;2900;1481;27800;Amont
4893;2901;1482;27150;Aval
4894;2902;1482;27800;Amont
4895;2903;6654;14768;Aval
4896;2904;6654;14874;Amont
4897;2905;6655;14875;Aval
4898;2906;6655;14990;Amont
4899;2907;6656;27107;Aval
4900;2908;6656;27239;Amont
4901;2909;6657;27107;Aval
4902;2910;6657;27239;Amont
4903;2911;6658;27240;Aval
4904;2912;6658;27313;Amont
4905;2913;6659;27240;Aval
4906;2914;6659;27313;Amont
4907;2915;6660;27653;Aval
4908;2916;6660;27738;Amont
4909;2917;6661;27653;Aval
4910;2918;6661;27738;Amont
4911;2919;6662;28316;Aval
4912;2920;6662;28398;Amont
4913;2921;6663;28416;Aval
4914;2922;6663;28497;Amont
4915;2923;6664;28868;Aval
4916;2924;6664;29034;Amont
4917;2925;6665;28868;Aval
4918;2926;6665;29034;Amont
4919;2927;6666;29039;Aval
4920;2928;6666;29161;Amont
4921;2929;6667;29039;Aval
4922;2930;6667;29406;Amont
4923;2931;915;347807;Aval
4924;2932;915;352435;Amont
4925;2933;1492;169930;Aval
4926;2934;1492;224126;Amont
4927;2935;1493;169945;Aval
4928;2936;1493;224126;Amont
4929;2937;6851;170014;Aval
4930;2938;6851;170069;Amont
4931;2939;6852;170153;Aval
4932;2940;6852;170253;Amont
4933;2941;6853;170193;Aval
4934;2942;6853;170276;Amont
4935;2943;6854;170580;Aval
4936;2944;6854;170600;Amont
4937;2945;6855;172493;Aval
4938;2946;6855;172541;Amont
4939;2947;6856;174180;Aval
4940;2948;6856;174248;Amont
4941;2949;6857;195363;Aval
4942;2950;6857;195409;Amont
4943;2951;6858;196037;Aval
4944;2952;6858;196095;Amont
4945;2953;6859;211686;Aval
4946;2954;6859;211748;Amont
4947;2955;6860;212271;Aval
4948;2956;6860;212300;Amont
4949;2957;6861;214760;Aval
4950;2958;6861;214800;Amont
4951;2959;6862;215901;Aval
4952;2960;6862;215948;Amont
4953;2961;6863;221627;Aval
4954;2962;6863;221689;Amont
4955;2963;6864;222925;Aval
4956;2964;6864;222950;Amont
4957;2965;6865;222996;Aval
4958;2966;6865;223034;Amont
4959;2967;8616;185507;Aval
4960;2968;8616;185613;Amont
4961;2969;8617;186792;Aval
4962;2970;8617;187001;Amont
4963;2971;9366;171000;Aval
4964;2972;9366;172050;Amont
4965;2973;9367;171000;Aval
4966;2974;9367;172050;Amont
4967;2975;1494;0;Aval
4968;2976;1494;1131;Amont
4969;2977;1495;0;Aval
4970;2978;1495;1131;Amont
4971;2979;1496;0;Aval
4972;2980;1496;1378;Amont
4973;2981;1497;0;Aval
4974;2982;1497;1378;Amont
4975;2983;1498;2813;Aval
4976;2984;1498;51543;Amont
4977;2985;1499;2813;Aval
4978;2986;1499;51584;Amont
4979;2987;6942;2844;Aval
4980;2988;6942;2880;Amont
4981;2989;6943;19495;Aval
4982;2990;6943;19620;Amont
4983;2991;6944;21134;Aval
4984;2992;6944;21170;Amont
4985;2993;6945;21836;Aval
4986;2994;6945;21887;Amont
4987;2995;6946;34164;Aval
4988;2996;6946;34226;Amont
4989;2997;6947;34934;Aval
4990;2998;6947;34978;Amont
4991;2999;6948;40248;Aval
4992;3000;6948;40315;Amont
4993;3001;6949;51254;Aval
4994;3002;6949;51439;Amont
4995;3003;6950;51439;Aval
4996;3004;6950;51579;Amont
4997;3005;9285;1342;Aval
4998;3006;9285;2813;Amont
4999;3007;9286;1342;Aval
5000;3008;9286;2813;Amont
5001;3009;1008;187030;Aval
5002;3010;1008;316400;Amont
5003;3011;1009;316544;Aval
5004;3012;1009;344870;Amont
5005;3013;1010;317743;Aval
5006;3014;1010;344690;Amont
5007;3015;7498;275832;Aval
5008;3016;7498;276960;Amont
5009;3017;7499;185808;Aval
5010;3018;7499;187030;Amont
5011;3019;7500;201400;Aval
5012;3020;7500;202500;Amont
5013;3021;7501;220892;Aval
5014;3022;7501;221916;Amont
5015;3023;7502;230370;Aval
5016;3024;7502;231356;Amont
5017;3025;7503;243588;Aval
5018;3026;7503;244760;Amont
5019;3027;7504;298060;Aval
5020;3028;7504;298903;Amont
5021;3029;7505;201823;Aval
5022;3030;7505;202354;Amont
5023;3031;7506;276441;Aval
5024;3032;7506;276502;Amont
5025;3033;7507;323618;Aval
5026;3034;7507;323660;Amont
5027;3035;7508;327230;Aval
5028;3036;7508;327280;Amont
5029;3037;7509;327350;Aval
5030;3038;7509;327394;Amont
5031;3039;7510;331312;Aval
5032;3040;7510;331357;Amont
5033;3041;7511;341865;Aval
5034;3042;7511;341930;Amont
5035;3043;7512;342198;Aval
5036;3044;7512;342276;Amont
5037;3045;7513;342364;Aval
5038;3046;7513;342416;Amont
5039;3047;8514;316645;Aval
5040;3048;8514;316734;Amont
5041;3049;8563;344200;Aval
5042;3050;8563;344295;Amont
5043;3051;9029;276188;Aval
5044;3052;9029;276230;Amont
5045;3053;9079;316566;Aval
5046;3054;9079;317623;Amont
5047;3055;9382;185792;Aval
5048;3056;9382;187030;Amont
5049;3057;1569;15;Aval
5050;3058;1569;1060;Amont
5051;3059;1570;7;Aval
5052;3060;1570;1100;Amont
5053;3061;1032;317672;Aval
5054;3062;1032;326000;Amont
5055;3063;1033;341474;Aval
5056;3064;1033;344760;Amont
5057;3065;7586;324985;Aval
5058;3066;7586;325609;Amont
5059;3067;1058;53915;Aval
5060;3068;1058;142833;Amont
5061;3069;7617;130985;Aval
5062;3070;7617;131830;Amont
5063;3071;9028;1050;Aval
5064;3072;9028;53852;Amont
5065;3073;1074;289115;Aval
5066;3074;1074;353900;Amont
5067;3075;1075;289110;Aval
5068;3076;1075;353900;Amont
5069;3077;1582;338920;Aval
5070;3078;1582;350470;Amont
5071;3079;1583;338900;Aval
5072;3080;1583;351307;Amont
5073;3081;7657;353290;Aval
5074;3082;7657;353900;Amont
5075;3083;7658;331790;Aval
5076;3084;7658;332780;Amont
5077;3085;7659;331780;Aval
5078;3086;7659;332795;Amont
5079;3087;7660;352690;Aval
5080;3088;7660;353175;Amont
5081;3089;7661;331763;Aval
5082;3090;7661;332795;Amont
5083;3091;7662;352695;Aval
5084;3092;7662;353175;Amont
5085;3093;7663;353175;Aval
5086;3094;7663;353900;Amont
5087;3095;7664;353175;Aval
5088;3096;7664;353900;Amont
5089;3097;7665;353300;Aval
5090;3098;7665;353530;Amont
5091;3099;7666;305416;Aval
5092;3100;7666;305464;Amont
5093;3101;7667;322220;Aval
5094;3102;7667;322269;Amont
5095;3103;7668;332645;Aval
5096;3104;7668;332700;Amont
5097;3105;7669;332700;Aval
5098;3106;7669;332800;Amont
5099;3107;7671;339654;Aval
5100;3108;7671;339820;Amont
5101;3109;7672;351407;Aval
5102;3110;7672;351435;Amont
5103;3111;7673;351580;Aval
5104;3112;7673;351726;Amont
5105;3113;7674;352690;Aval
5106;3114;7674;352787;Amont
5107;3115;7675;352695;Aval
5108;3116;7675;352787;Amont
5109;3117;7676;353175;Aval
5110;3118;7676;353250;Amont
5111;3119;7677;353060;Aval
5112;3120;7677;353130;Amont
5113;3121;8515;305350;Aval
5114;3122;8515;305495;Amont
5115;3123;8516;332724;Aval
5116;3124;8516;332795;Amont
5117;3125;8517;338704;Aval
5118;3126;8517;338920;Amont
5119;3127;8518;338745;Aval
5120;3128;8518;338900;Amont
5121;3129;8547;350363;Aval
5122;3130;8547;350415;Amont
5123;3131;8548;351510;Aval
5124;3132;8548;351550;Amont
5125;3133;8549;353050;Aval
5126;3134;8549;353085;Amont
5127;3135;8550;353130;Aval
5128;3136;8550;353175;Amont
5129;3137;8564;350260;Aval
5130;3138;8564;350361;Amont
5131;3139;8565;351726;Aval
5132;3140;8565;351775;Amont
5133;3141;8566;353085;Aval
5134;3142;8566;353130;Amont
5135;3143;8567;353175;Aval
5136;3144;8567;353290;Amont
5137;3145;8583;350360;Aval
5138;3146;8583;350435;Amont
5139;3147;8584;351435;Aval
5140;3148;8584;351510;Amont
5141;3149;8585;353130;Aval
5142;3150;8585;353175;Amont
5143;3151;1083;0;Aval
5144;3152;1083;972;Amont
5145;3153;1084;0;Aval
5146;3154;1084;972;Amont
5147;3155;1093;342293;Aval
5148;3156;1093;376460;Amont
5149;3157;1094;342293;Aval
5150;3158;1094;376500;Amont
5151;3159;1588;349043;Aval
5152;3160;1588;351886;Amont
5153;3161;1589;375350;Aval
5154;3162;1589;376500;Amont
5155;3163;1590;351436;Aval
5156;3164;1590;355618;Amont
5157;3165;1591;375350;Aval
5158;3166;1591;376460;Amont
5159;3167;7851;346665;Aval
5160;3168;7851;346726;Amont
5161;3169;7852;346765;Aval
5162;3170;7852;346847;Amont
5163;3171;7853;351385;Aval
5164;3172;7853;351429;Amont
5165;3173;7854;354320;Aval
5166;3174;7854;354395;Amont
5167;3175;7855;354397;Aval
5168;3176;7855;354528;Amont
5169;3177;7856;355619;Aval
5170;3178;7856;355700;Amont
5171;3179;7857;355912;Aval
5172;3180;7857;355987;Amont
5173;3181;7858;360108;Aval
5174;3182;7858;360168;Amont
5175;3183;7859;361715;Aval
5176;3184;7859;361740;Amont
5177;3185;7860;362310;Aval
5178;3186;7860;362365;Amont
5179;3187;7861;362493;Aval
5180;3188;7861;362624;Amont
5181;3189;7862;363321;Aval
5182;3190;7862;363383;Amont
5183;3191;7863;371376;Aval
5184;3192;7863;371505;Amont
5185;3193;7864;370965;Aval
5186;3194;7864;371096;Amont
5187;3195;7865;372700;Aval
5188;3196;7865;372775;Amont
5189;3197;7866;372700;Aval
5190;3198;7866;372770;Amont
5191;3199;7867;372798;Aval
5192;3200;7867;372878;Amont
5193;3201;8519;351319;Aval
5194;3202;8519;351385;Amont
5195;3203;8520;361740;Aval
5196;3204;8520;361780;Amont
5197;3205;8521;361650;Aval
5198;3206;8521;361715;Amont
5199;3207;8522;372770;Aval
5200;3208;8522;372801;Amont
5201;3209;8523;372801;Aval
5202;3210;8523;372850;Amont
5203;3211;9198;359500;Aval
5204;3212;9198;359623;Amont
5205;3213;9199;367789;Aval
5206;3214;9199;367920;Amont
5207;3215;9200;368153;Aval
5208;3216;9200;368285;Amont
5209;3217;1164;0;Aval
5210;3218;1164;1680;Amont
5211;3219;1165;20;Aval
5212;3220;1165;1680;Amont
5213;3221;1174;845;Aval
5214;3222;1174;73680;Amont
5215;3223;1175;845;Aval
5216;3224;1175;73680;Amont
5217;3225;7670;66403;Aval
5218;3226;7670;66440;Amont
5219;3227;8197;21920;Aval
5220;3228;8197;22945;Amont
5221;3229;8198;22025;Aval
5222;3230;8198;23217;Amont
5223;3231;8199;1024;Aval
5224;3232;8199;1154;Amont
5225;3233;8200;21831;Aval
5226;3234;8200;21877;Amont
5227;3235;8201;22995;Aval
5228;3236;8201;23055;Amont
5229;3237;8202;42075;Aval
5230;3238;8202;42196;Amont
5231;3239;8203;42373;Aval
5232;3240;8203;42433;Amont
5233;3241;8524;21877;Aval
5234;3242;8524;21920;Amont
5235;3243;8525;66440;Aval
5236;3244;8525;66513;Amont
5237;3245;1195;78700;Aval
5238;3246;1195;82500;Amont
5239;3247;1227;2030;Aval
5240;3248;1227;6200;Amont
5241;3249;69;21273;Aval
5242;3250;69;34534;Amont
5243;3251;70;45170;Aval
5244;3252;70;86242;Amont
5245;3253;71;0;Aval
5246;3254;71;45170;Amont
5247;3255;72;0;Aval
5248;3256;72;45170;Amont
5249;3257;1860;42164;Aval
5250;3258;1860;42700;Amont
5251;3259;1861;44568;Aval
5252;3260;1861;45040;Amont
5253;3261;1862;18159;Aval
5254;3262;1862;19055;Amont
5255;3263;1863;303;Aval
5256;3264;1863;400;Amont
5257;3265;1864;163;Aval
5258;3266;1864;365;Amont
5259;3267;1865;465;Aval
5260;3268;1865;550;Amont
5261;3269;1866;13350;Aval
5262;3270;1866;13410;Amont
5263;3271;1867;18015;Aval
5264;3272;1867;18095;Amont
5265;3273;1868;19001;Aval
5266;3274;1868;19095;Amont
5267;3275;1869;19181;Aval
5268;3276;1869;19273;Amont
5269;3277;1870;31050;Aval
5270;3278;1870;31098;Amont
5271;3279;1871;42200;Aval
5272;3280;1871;42266;Amont
5273;3281;1872;44482;Aval
5274;3282;1872;44559;Amont
5275;3283;1873;51740;Aval
5276;3284;1873;52594;Amont
5277;3285;1874;61387;Aval
5278;3286;1874;62200;Amont
5279;3287;9047;0;Aval
5280;3288;9047;270;Amont
5281;3289;9048;0;Aval
5282;3290;9048;215;Amont
5283;3291;9050;430;Aval
5284;3292;9050;485;Amont
5285;3293;9060;511;Aval
5286;3294;9060;595;Amont
5287;3295;9553;8545;Aval
5288;3296;9553;8640;Amont
5289;3297;9554;8753;Aval
5290;3298;9554;8836;Amont
5291;3299;9566;4605;Aval
5292;3300;9566;4700;Amont
5293;3301;9567;4720;Aval
5294;3302;9567;4825;Amont
5295;3303;73;1938;Aval
5296;3304;73;2851;Amont
5297;3305;1266;0;Aval
5298;3306;1266;975;Amont
5299;3307;1267;0;Aval
5300;3308;1267;975;Amont
5301;3309;9071;848;Aval
5302;3310;9071;895;Amont
5303;3311;74;-182;Aval
5304;3312;74;33267;Amont
5305;3313;75;63900;Aval
5306;3314;75;64840;Amont
5307;3315;1875;74;Aval
5308;3316;1875;142;Amont
5309;3317;1876;172;Aval
5310;3318;1876;267;Amont
5311;3319;1877;-182;Aval
5312;3320;1877;172;Amont
5313;3321;1878;16913;Aval
5314;3322;1878;17610;Amont
5315;3323;1879;24520;Aval
5316;3324;1879;25099;Amont
5317;3325;1880;29618;Aval
5318;3326;1880;30323;Amont
5319;3327;1268;277;Aval
5320;3328;1268;3420;Amont
5321;3329;1269;277;Aval
5322;3330;1269;3420;Amont
5323;3331;1881;630;Aval
5324;3332;1881;860;Amont
5325;3333;1882;700;Aval
5326;3334;1882;811;Amont
5327;3335;1883;1023;Aval
5328;3336;1883;1080;Amont
5329;3337;76;0;Aval
5330;3338;76;136923;Amont
5331;3339;77;0;Aval
5332;3340;77;136923;Amont
5333;3341;1884;107904;Aval
5334;3342;1884;108482;Amont
5335;3343;1885;18667;Aval
5336;3344;1885;19708;Amont
5337;3345;1886;30893;Aval
5338;3346;1886;31933;Amont
5339;3347;1887;42877;Aval
5340;3348;1887;44210;Amont
5341;3349;1888;51676;Aval
5342;3350;1888;52714;Amont
5343;3351;1889;66012;Aval
5344;3352;1889;67076;Amont
5345;3353;1890;77550;Aval
5346;3354;1890;78609;Amont
5347;3355;1891;91274;Aval
5348;3356;1891;92330;Amont
5349;3357;1892;134822;Aval
5350;3358;1892;135730;Amont
5351;3359;1893;108393;Aval
5352;3360;1893;109871;Amont
5353;3361;1894;107800;Aval
5354;3362;1894;108750;Amont
5355;3363;1895;11223;Aval
5356;3364;1895;20699;Amont
5357;3365;1896;30650;Aval
5358;3366;1896;31672;Amont
5359;3367;1897;42806;Aval
5360;3368;1897;44210;Amont
5361;3369;1898;52901;Aval
5362;3370;1898;54020;Amont
5363;3371;1899;66011;Aval
5364;3372;1899;67074;Amont
5365;3373;1900;78835;Aval
5366;3374;1900;79882;Amont
5367;3375;1901;90637;Aval
5368;3376;1901;91770;Amont
5369;3377;1902;134819;Aval
5370;3378;1902;135822;Amont
5371;3379;1903;108504;Aval
5372;3380;1903;109874;Amont
5373;3381;1904;107794;Aval
5374;3382;1904;108778;Amont
5375;3383;1905;65364;Aval
5376;3384;1905;66276;Amont
5377;3385;1906;107878;Aval
5378;3386;1906;108466;Amont
5379;3387;1907;65457;Aval
5380;3388;1907;66273;Amont
5381;3389;1908;65497;Aval
5382;3390;1908;66025;Amont
5383;3391;1909;107886;Aval
5384;3392;1909;108504;Amont
5385;3393;1910;107922;Aval
5386;3394;1910;108497;Amont
5387;3395;1911;134640;Aval
5388;3396;1911;134939;Amont
5389;3397;1912;425;Aval
5390;3398;1912;465;Amont
5391;3399;1913;425;Aval
5392;3400;1913;465;Amont
5393;3401;1914;6375;Aval
5394;3402;1914;6506;Amont
5395;3403;1915;6561;Aval
5396;3404;1915;6696;Amont
5397;3405;1916;18280;Aval
5398;3406;1916;18412;Amont
5399;3407;1917;18523;Aval
5400;3408;1917;18654;Amont
5401;3409;1918;30471;Aval
5402;3410;1918;30602;Amont
5403;3411;1919;30747;Aval
5404;3412;1919;30878;Amont
5405;3413;1920;42524;Aval
5406;3414;1920;42612;Amont
5407;3415;1921;42667;Aval
5408;3416;1921;42770;Amont
5409;3417;1922;44218;Aval
5410;3418;1922;44378;Amont
5411;3419;1923;44524;Aval
5412;3420;1923;44614;Amont
5413;3421;1924;53783;Aval
5414;3422;1924;53914;Amont
5415;3423;1925;54088;Aval
5416;3424;1925;54218;Amont
5417;3425;1926;64830;Aval
5418;3426;1926;64957;Amont
5419;3427;1927;65163;Aval
5420;3428;1927;65294;Amont
5421;3429;1928;66000;Aval
5422;3430;1928;66065;Amont
5423;3431;1929;66025;Aval
5424;3432;1929;66077;Amont
5425;3433;1930;67134;Aval
5426;3434;1930;67280;Amont
5427;3435;1931;67439;Aval
5428;3436;1931;67567;Amont
5429;3437;1932;79653;Aval
5430;3438;1932;79784;Amont
5431;3439;1933;79953;Aval
5432;3440;1933;80085;Amont
5433;3441;1934;90482;Aval
5434;3442;1934;90550;Amont
5435;3443;1935;91542;Aval
5436;3444;1935;91674;Amont
5437;3445;1936;91789;Aval
5438;3446;1936;91921;Amont
5439;3447;1937;97461;Aval
5440;3448;1937;97521;Amont
5441;3449;1938;97815;Aval
5442;3450;1938;97877;Amont
5443;3451;1939;98880;Aval
5444;3452;1939;98983;Amont
5445;3453;1940;99008;Aval
5446;3454;1940;99094;Amont
5447;3455;1941;102228;Aval
5448;3456;1941;102357;Amont
5449;3457;1942;102676;Aval
5450;3458;1942;102808;Amont
5451;3459;1943;103047;Aval
5452;3460;1943;103177;Amont
5453;3461;1944;104315;Aval
5454;3462;1944;104368;Amont
5455;3463;1945;107703;Aval
5456;3464;1945;107794;Amont
5457;3465;1946;107708;Aval
5458;3466;1946;107830;Amont
5459;3467;1947;107810;Aval
5460;3468;1947;107897;Amont
5461;3469;1948;107943;Aval
5462;3470;1948;108007;Amont
5463;3471;1949;108467;Aval
5464;3472;1949;108611;Amont
5465;3473;1950;108570;Aval
5466;3474;1950;108660;Amont
5467;3475;1951;108631;Aval
5468;3476;1951;108697;Amont
5469;3477;1952;109885;Aval
5470;3478;1952;109980;Amont
5471;3479;1953;110066;Aval
5472;3480;1953;110161;Amont
5473;3481;1954;114655;Aval
5474;3482;1954;114844;Amont
5475;3483;1955;114928;Aval
5476;3484;1955;115118;Amont
5477;3485;1956;133304;Aval
5478;3486;1956;133514;Amont
5479;3487;1957;133850;Aval
5480;3488;1957;134047;Amont
5481;3489;1958;134640;Aval
5482;3490;1958;134770;Amont
5483;3491;1959;135868;Aval
5484;3492;1959;135953;Amont
5485;3493;8789;0;Aval
5486;3494;8789;345;Amont
5487;3495;8790;0;Aval
5488;3496;8790;425;Amont
5489;3497;8791;0;Aval
5490;3498;8791;340;Amont
5491;3499;8870;42757;Aval
5492;3500;8870;43960;Amont
5493;3501;8871;43460;Aval
5494;3502;8871;43600;Amont
5495;3503;8872;42925;Aval
5496;3504;8872;43010;Amont
5497;3505;9049;230;Aval
5498;3506;9049;305;Amont
5499;3507;9052;285;Aval
5500;3508;9052;355;Amont
5501;3509;9061;640;Aval
5502;3510;9061;728;Amont
5503;3511;9537;11300;Aval
5504;3512;9537;11503;Amont
5505;3513;9538;20390;Aval
5506;3514;9538;20581;Amont
5507;3515;9539;20232;Aval
5508;3516;9539;27402;Amont
5509;3517;9540;27076;Aval
5510;3518;9540;27265;Amont
5511;3519;78;764;Aval
5512;3520;78;1303;Amont
5513;3521;79;74;Aval
5514;3522;79;11300;Amont
5515;3523;80;-111;Aval
5516;3524;80;24271;Amont
5517;3525;1960;23996;Aval
5518;3526;1960;24229;Amont
5519;3527;1961;5738;Aval
5520;3528;1961;6147;Amont
5521;3529;1962;18196;Aval
5522;3530;1962;18639;Amont
5523;3531;82;370;Aval
5524;3532;82;18800;Amont
5525;3533;83;3771;Aval
5526;3534;83;27499;Amont
5527;3535;84;27510;Aval
5528;3536;84;28410;Amont
5529;3537;85;530;Aval
5530;3538;85;9450;Amont
5531;3539;86;-377;Aval
5532;3540;86;491;Amont
5533;3541;87;15059;Aval
5534;3542;87;24957;Amont
5535;3543;88;1379;Aval
5536;3544;88;17672;Amont
5537;3545;1963;1379;Aval
5538;3546;1963;1500;Amont
5539;3547;1964;1647;Aval
5540;3548;1964;1762;Amont
5541;3549;1965;6165;Aval
5542;3550;1965;7382;Amont
5543;3551;1966;13307;Aval
5544;3552;1966;14505;Amont
5545;3553;1270;373;Aval
5546;3554;1270;10679;Amont
5547;3555;1271;215;Aval
5548;3556;1271;10679;Amont
5549;3557;1967;1471;Aval
5550;3558;1967;4398;Amont
5551;3559;1968;432;Aval
5552;3560;1968;536;Amont
5553;3561;1969;1280;Aval
5554;3562;1969;1377;Amont
5555;3563;1970;1745;Aval
5556;3564;1970;1780;Amont
5557;3565;1971;2198;Aval
5558;3566;1971;2239;Amont
5559;3567;1972;2675;Aval
5560;3568;1972;2740;Amont
5561;3569;1973;2760;Aval
5562;3570;1973;2820;Amont
5563;3571;1974;3290;Aval
5564;3572;1974;3344;Amont
5565;3573;1975;4265;Aval
5566;3574;1975;4369;Amont
5567;3575;1976;7271;Aval
5568;3576;1976;7300;Amont
5569;3577;89;245;Aval
5570;3578;89;1632;Amont
5571;3579;1977;0;Aval
5572;3580;1977;245;Amont
5573;3581;1978;0;Aval
5574;3582;1978;245;Amont
5575;3583;91;-351;Aval
5576;3584;91;32171;Amont
5577;3585;1979;8919;Aval
5578;3586;1979;9655;Amont
5579;3587;1980;198;Aval
5580;3588;1980;316;Amont
5581;3589;1981;27049;Aval
5582;3590;1981;27590;Amont
5583;3591;1982;14157;Aval
5584;3592;1982;14517;Amont
5585;3593;8646;14112;Aval
5586;3594;8646;14537;Amont
5587;3595;8647;19327;Aval
5588;3596;8647;19656;Amont
5589;3597;8648;31753;Aval
5590;3598;8648;32133;Amont
5591;3599;94;941;Aval
5592;3600;94;2280;Amont
5593;3601;95;16785;Aval
5594;3602;95;20885;Amont
5595;3603;96;100;Aval
5596;3604;96;2783;Amont
5597;3605;1274;2142;Aval
5598;3606;1274;8940;Amont
5599;3607;1275;2142;Aval
5600;3608;1275;8850;Amont
5601;3609;1990;7775;Aval
5602;3610;1990;7850;Amont
5603;3611;8795;499170;Aval
5604;3612;8795;499980;Amont
5605;3613;99;0;Aval
5606;3614;99;344;Amont
5607;3615;100;0;Aval
5608;3616;100;730;Amont
5609;3617;101;66897;Aval
5610;3618;101;153910;Amont
5611;3619;102;66897;Aval
5612;3620;102;153900;Amont
5613;3621;1991;146711;Aval
5614;3622;1991;147660;Amont
5615;3623;1992;150605;Aval
5616;3624;1992;152200;Amont
5617;3625;1993;130920;Aval
5618;3626;1993;132246;Amont
5619;3627;1994;146774;Aval
5620;3628;1994;147766;Amont
5621;3629;1995;67038;Aval
5622;3630;1995;67190;Amont
5623;3631;1996;77449;Aval
5624;3632;1996;77508;Amont
5625;3633;1997;77618;Aval
5626;3634;1997;77680;Amont
5627;3635;1998;100452;Aval
5628;3636;1998;100509;Amont
5629;3637;1999;101890;Aval
5630;3638;1999;101948;Amont
5631;3639;2000;101956;Aval
5632;3640;2000;102013;Amont
5633;3641;2001;108506;Aval
5634;3642;2001;108617;Amont
5635;3643;2002;131025;Aval
5636;3644;2002;131100;Amont
5637;3645;2003;132033;Aval
5638;3646;2003;132107;Amont
5639;3647;2004;132800;Aval
5640;3648;2004;132920;Amont
5641;3649;2005;141787;Aval
5642;3650;2005;141925;Amont
5643;3651;2006;141974;Aval
5644;3652;2006;142105;Amont
5645;3653;2007;150295;Aval
5646;3654;2007;150426;Amont
5647;3655;2008;152045;Aval
5648;3656;2008;152130;Amont
5649;3657;2009;152360;Aval
5650;3658;2009;152480;Amont
5651;3659;2010;152227;Aval
5652;3660;2010;152359;Amont
5653;3661;2011;152505;Aval
5654;3662;2011;152565;Amont
5655;3663;2012;153679;Aval
5656;3664;2012;153710;Amont
5657;3665;2013;153870;Aval
5658;3666;2013;153900;Amont
5659;3667;8538;130981;Aval
5660;3668;8538;131082;Amont
5661;3669;8542;153610;Aval
5662;3670;8542;153679;Amont
5663;3671;8553;153910;Aval
5664;3672;8553;154320;Amont
5665;3673;8570;153910;Aval
5666;3674;8570;154320;Amont
5667;3675;8571;153900;Aval
5668;3676;8571;154320;Amont
5669;3677;8588;153900;Aval
5670;3678;8588;154320;Amont
5671;3679;9020;70163;Aval
5672;3680;9020;70246;Amont
5673;3681;9021;70388;Aval
5674;3682;9021;70469;Amont
5675;3683;9128;123602;Aval
5676;3684;9128;123810;Amont
5677;3685;9129;124272;Aval
5678;3686;9129;124480;Amont
5679;3687;1276;1434;Aval
5680;3688;1276;4210;Amont
5681;3689;1277;2107;Aval
5682;3690;1277;4210;Amont
5683;3691;2014;6349;Aval
5684;3692;2014;6430;Amont
5685;3693;9074;4210;Aval
5686;3694;9074;6505;Amont
5687;3695;9075;4210;Aval
5688;3696;9075;6505;Amont
5689;3697;1278;0;Aval
5690;3698;1278;1771;Amont
5691;3699;1279;0;Aval
5692;3700;1279;1771;Amont
5693;3701;103;7467;Aval
5694;3702;103;7743;Amont
5695;3703;104;0;Aval
5696;3704;104;7467;Amont
5697;3705;105;0;Aval
5698;3706;105;7467;Amont
5699;3707;2015;6964;Aval
5700;3708;2015;7592;Amont
5701;3709;2016;2322;Aval
5702;3710;2016;3569;Amont
5703;3711;2017;405;Aval
5704;3712;2017;475;Amont
5705;3713;2018;325;Aval
5706;3714;2018;425;Amont
5707;3715;2019;465;Aval
5708;3716;2019;560;Amont
5709;3717;2020;228;Aval
5710;3718;2020;725;Amont
5711;3719;2021;1809;Aval
5712;3720;2021;1893;Amont
5713;3721;2022;3537;Aval
5714;3722;2022;3608;Amont
5715;3723;2023;3616;Aval
5716;3724;2023;3681;Amont
5717;3725;2024;6848;Aval
5718;3726;2024;6915;Amont
5719;3727;106;55875;Aval
5720;3728;106;56840;Amont
5721;3729;107;0;Aval
5722;3730;107;55875;Amont
5723;3731;108;0;Aval
5724;3732;108;55875;Amont
5725;3733;2025;21232;Aval
5726;3734;2025;21877;Amont
5727;3735;2026;54825;Aval
5728;3736;2026;55810;Amont
5729;3737;2027;3595;Aval
5730;3738;2027;4116;Amont
5731;3739;2028;300;Aval
5732;3740;2028;370;Amont
5733;3741;2029;410;Aval
5734;3742;2029;560;Amont
5735;3743;2030;548;Aval
5736;3744;2030;588;Amont
5737;3745;2031;3450;Aval
5738;3746;2031;3595;Amont
5739;3747;2032;3595;Aval
5740;3748;2032;3683;Amont
5741;3749;2033;7685;Aval
5742;3750;2033;7730;Amont
5743;3751;2034;20890;Aval
5744;3752;2034;20980;Amont
5745;3753;2035;35846;Aval
5746;3754;2035;35912;Amont
5747;3755;2036;54674;Aval
5748;3756;2036;54750;Amont
5749;3757;8927;21234;Aval
5750;3758;8927;21380;Amont
5751;3759;9046;600;Aval
5752;3760;9046;660;Amont
5753;3761;9081;10000;Aval
5754;3762;9081;10060;Amont
5755;3763;1280;900;Aval
5756;3764;1280;2113;Amont
5757;3765;1281;900;Aval
5758;3766;1281;1910;Amont
5759;3767;2037;1630;Aval
5760;3768;2037;1720;Amont
5761;3769;2038;1730;Aval
5762;3770;2038;1820;Amont
5763;3771;109;24955;Aval
5764;3772;109;57858;Amont
5765;3773;110;58740;Aval
5766;3774;110;60026;Amont
5767;3775;111;1517;Aval
5768;3776;111;24955;Amont
5769;19803;112;1146;Aval
5770;3778;112;24955;Amont
5771;3779;2039;32;Aval
5772;3780;2039;200;Amont
5773;3781;2040;190;Aval
5774;3782;2040;256;Amont
5775;3783;2041;286;Aval
5776;3784;2041;316;Amont
5777;3785;2042;17303;Aval
5778;3786;2042;17362;Amont
5779;3787;2043;24023;Aval
5780;3788;2043;24114;Amont
5781;3789;2044;40246;Aval
5782;3790;2044;41260;Amont
5783;3791;2045;57289;Aval
5784;3792;2045;57777;Amont
5785;3793;2046;57191;Aval
5786;3794;2046;57818;Amont
5787;3795;8618;23737;Aval
5788;3796;8618;23818;Amont
5789;3797;114;382;Aval
5790;3798;114;26134;Amont
5791;3799;115;12042;Aval
5792;3800;115;20600;Amont
5793;3801;116;-382;Aval
5794;3802;116;-274;Amont
5795;3803;117;3875;Aval
5796;3804;117;83257;Amont
5797;3805;118;-274;Aval
5798;3806;118;3825;Amont
5799;3807;119;83257;Aval
5800;3808;119;125502;Amont
5801;3809;120;-274;Aval
5802;3810;120;3875;Amont
5803;3811;121;83257;Aval
5804;3812;121;125502;Amont
5805;3813;2049;44516;Aval
5806;3814;2049;45113;Amont
5807;3815;2050;61803;Aval
5808;3816;2050;62245;Amont
5809;3817;2051;72230;Aval
5810;3818;2051;72828;Amont
5811;3819;2052;521;Aval
5812;3820;2052;900;Amont
5813;3821;2053;2868;Aval
5814;3822;2053;2900;Amont
5815;3823;2054;3825;Aval
5816;3824;2054;3875;Amont
5817;3825;2055;83009;Aval
5818;3826;2055;83308;Amont
5819;3827;2056;83236;Aval
5820;3828;2056;83345;Amont
5821;3829;2057;84162;Aval
5822;3830;2057;84272;Amont
5823;3831;2058;105727;Aval
5824;3832;2058;105765;Amont
5825;3833;2059;106055;Aval
5826;3834;2059;106087;Amont
5827;3835;2060;106948;Aval
5828;3836;2060;106976;Amont
5829;3837;2061;120926;Aval
5830;3838;2061;120974;Amont
5831;3839;2062;121670;Aval
5832;3840;2062;121710;Amont
5833;3841;2063;121744;Aval
5834;3842;2063;121772;Amont
5835;3843;2064;122665;Aval
5836;3844;2064;122704;Amont
5837;3845;2065;18122;Aval
5838;3846;2065;18588;Amont
5839;3847;2066;10343;Aval
5840;3848;2066;11013;Amont
5841;3849;2067;21300;Aval
5842;3850;2067;21825;Amont
5843;3851;8619;232;Aval
5844;3852;8619;306;Amont
5845;3853;8998;3875;Aval
5846;3854;8998;3990;Amont
5847;3855;9001;120980;Aval
5848;3856;9001;121020;Amont
5849;3857;122;17950;Aval
5850;3858;122;33443;Amont
5851;3859;2068;18427;Aval
5852;3860;2068;19382;Amont
5853;3861;123;9118;Aval
5854;3862;123;10402;Amont
5855;3863;124;-145;Aval
5856;3864;124;9118;Amont
5857;3865;125;10402;Aval
5858;3866;125;73515;Amont
5859;3867;126;-440;Aval
5860;3868;126;9118;Amont
5861;3869;127;10402;Aval
5862;3870;127;73470;Amont
5863;3871;2069;73470;Aval
5864;3872;2069;74486;Amont
5865;3873;2070;73515;Aval
5866;3874;2070;74486;Amont
5867;3875;2071;240;Aval
5868;3876;2071;360;Amont
5869;3877;2072;13200;Aval
5870;3878;2072;13256;Amont
5871;3879;2073;13256;Aval
5872;3880;2073;13297;Amont
5873;3881;2074;14102;Aval
5874;3882;2074;14157;Amont
5875;3883;2075;21034;Aval
5876;3884;2075;21098;Amont
5877;3885;2076;30353;Aval
5878;3886;2076;30405;Amont
5879;3887;2077;48404;Aval
5880;3888;2077;48501;Amont
5881;3889;2078;48727;Aval
5882;3890;2078;48779;Amont
5883;3891;2079;61772;Aval
5884;3892;2079;61832;Amont
5885;3893;2080;73140;Aval
5886;3894;2080;73210;Amont
5887;3895;128;285;Aval
5888;3896;128;1045;Amont
5889;3897;8999;0;Aval
5890;3898;8999;285;Amont
5891;3899;9000;0;Aval
5892;3900;9000;285;Amont
5893;3901;129;1357;Aval
5894;3902;129;19990;Amont
5895;3903;130;807;Aval
5896;3904;130;26850;Amont
5897;3905;1282;-262;Aval
5898;3906;1282;807;Amont
5899;3907;1283;-335;Aval
5900;3908;1283;807;Amont
5901;3909;2081;26850;Aval
5902;3910;2081;27546;Amont
5903;3911;2082;26850;Aval
5904;3912;2082;27546;Amont
5905;3913;2083;17275;Aval
5906;3914;2083;18214;Amont
5907;3915;9148;27546;Aval
5908;3916;9148;32950;Amont
5909;3917;131;820;Aval
5910;3918;131;7760;Amont
5911;3919;132;82;Aval
5912;3920;132;820;Amont
5913;3921;133;82;Aval
5914;3922;133;820;Amont
5915;3923;2084;7760;Aval
5916;3924;2084;7985;Amont
5917;3925;2085;7760;Aval
5918;3926;2085;7985;Amont
5919;3927;134;0;Aval
5920;3928;134;705;Amont
5921;3929;135;3677;Aval
5922;3930;135;11771;Amont
5923;3931;136;1086;Aval
5924;3932;136;51363;Amont
5925;3933;137;-390;Aval
5926;3934;137;51363;Amont
5927;3935;2086;16627;Aval
5928;3936;2086;17615;Amont
5929;3937;2087;16675;Aval
5930;3938;2087;17580;Amont
5931;3939;2088;16485;Aval
5932;3940;2088;16579;Amont
5933;3941;2089;17616;Aval
5934;3942;2089;17675;Amont
5935;3943;2090;27215;Aval
5936;3944;2090;27343;Amont
5937;3945;2091;28165;Aval
5938;3946;2091;28225;Amont
5939;3947;2092;38294;Aval
5940;3948;2092;38350;Amont
5941;3949;2093;38362;Aval
5942;3950;2093;38460;Amont
5943;3951;2094;39350;Aval
5944;3952;2094;39414;Amont
5945;3953;2095;39420;Aval
5946;3954;2095;39483;Amont
5947;3955;2096;46543;Aval
5948;3956;2096;46605;Amont
5949;3957;2097;46643;Aval
5950;3958;2097;46699;Amont
5951;3959;2098;47332;Aval
5952;3960;2098;47420;Amont
5953;3961;2099;47560;Aval
5954;3962;2099;47615;Amont
5955;3963;2100;48509;Aval
5956;3964;2100;48585;Amont
5957;3965;8990;6031;Aval
5958;3966;8990;6239;Amont
5959;3967;138;29620;Aval
5960;3968;138;55170;Amont
5961;3969;139;29620;Aval
5962;3970;139;55170;Amont
5963;3971;2101;36200;Aval
5964;3972;2101;36247;Amont
5965;3973;2102;37419;Aval
5966;3974;2102;37471;Amont
5967;3975;2103;49818;Aval
5968;3976;2103;49873;Amont
5969;3977;2104;50018;Aval
5970;3978;2104;50070;Amont
5971;3979;2105;50830;Aval
5972;3980;2105;50893;Amont
5973;3981;2106;50893;Aval
5974;3982;2106;50937;Amont
5975;3983;140;250;Aval
5976;3984;140;7716;Amont
5977;3985;141;170;Aval
5978;3986;141;29620;Amont
5979;3987;142;218;Aval
5980;3988;142;29620;Amont
5981;3989;2107;282;Aval
5982;3990;2107;362;Amont
5983;3991;2108;1395;Aval
5984;3992;2108;1515;Amont
5985;3993;2109;6354;Aval
5986;3994;2109;6417;Amont
5987;3995;2110;9620;Aval
5988;3996;2110;9680;Amont
5989;3997;2111;16508;Aval
5990;3998;2111;16550;Amont
5991;3999;2112;85;Aval
5992;4000;2112;1305;Amont
5993;4001;143;1215;Aval
5994;4002;143;22168;Amont
5995;4003;144;1265;Aval
5996;4004;144;22168;Amont
5997;4005;2113;20536;Aval
5998;4006;2113;20614;Amont
5999;4007;2114;20665;Aval
6000;4008;2114;20747;Amont
6001;4009;2115;21274;Aval
6002;4010;2115;21331;Amont
6003;4011;2116;21897;Aval
6004;4012;2116;21960;Amont
6005;4013;2117;22083;Aval
6006;4014;2117;22135;Amont
6007;4015;145;154320;Aval
6008;4016;145;177056;Amont
6009;4017;146;181300;Aval
6010;4018;146;203756;Amont
6011;4019;147;154320;Aval
6012;4020;147;177056;Amont
6013;4021;148;181300;Aval
6014;4022;148;203756;Amont
6015;4023;1284;160245;Aval
6016;4024;1284;177056;Amont
6017;4025;1285;181300;Aval
6018;4026;1285;187400;Amont
6019;4027;1286;160245;Aval
6020;4028;1286;177056;Amont
6021;4029;1287;181300;Aval
6022;4030;1287;187375;Amont
6023;4031;2118;162198;Aval
6024;4032;2118;163480;Amont
6025;4033;2119;161240;Aval
6026;4034;2119;164903;Amont
6027;4035;2120;187335;Aval
6028;4036;2120;188089;Amont
6029;4037;2121;162115;Aval
6030;4038;2121;163547;Amont
6031;4039;2122;187335;Aval
6032;4040;2122;188089;Amont
6033;4041;2123;162350;Aval
6034;4042;2123;164550;Amont
6035;4043;2124;171700;Aval
6036;4044;2124;172052;Amont
6037;4045;2125;165951;Aval
6038;4046;2125;166262;Amont
6039;4047;2126;187400;Aval
6040;4048;2126;187900;Amont
6041;4049;2127;161290;Aval
6042;4050;2127;161577;Amont
6043;4051;2128;187284;Aval
6044;4052;2128;188222;Amont
6045;4053;2129;162980;Aval
6046;4054;2129;163613;Amont
6047;4055;2130;187375;Aval
6048;4056;2130;188283;Amont
6049;4057;2131;187290;Aval
6050;4058;2131;188140;Amont
6051;4059;2132;164500;Aval
6052;4060;2132;164830;Amont
6053;4061;2133;163900;Aval
6054;4062;2133;165270;Amont
6055;4063;2134;154960;Aval
6056;4064;2134;155029;Amont
6057;4065;2135;158490;Aval
6058;4066;2135;158620;Amont
6059;4067;2136;159795;Aval
6060;4068;2136;159943;Amont
6061;4069;2137;159825;Aval
6062;4070;2137;159969;Amont
6063;4071;2138;160042;Aval
6064;4072;2138;160185;Amont
6065;4073;2139;161053;Aval
6066;4074;2139;161150;Amont
6067;4075;2140;161430;Aval
6068;4076;2140;161536;Amont
6069;4077;2141;161195;Aval
6070;4078;2141;161275;Amont
6071;4079;2142;162085;Aval
6072;4080;2142;162320;Amont
6073;4081;2143;162895;Aval
6074;4082;2143;162970;Amont
6075;4083;2144;164650;Aval
6076;4084;2144;165220;Amont
6077;4085;2145;165954;Aval
6078;4086;2145;166048;Amont
6079;4087;2146;166727;Aval
6080;4088;2146;166910;Amont
6081;4089;2147;166762;Aval
6082;4090;2147;166930;Amont
6083;4091;2148;166973;Aval
6084;4092;2148;167108;Amont
6085;4093;2149;166977;Aval
6086;4094;2149;167111;Amont
6087;4095;2150;170562;Aval
6088;4096;2150;170615;Amont
6089;4097;2151;171067;Aval
6090;4098;2151;171150;Amont
6091;4099;2152;171180;Aval
6092;4100;2152;171290;Amont
6093;4101;2153;171323;Aval
6094;4102;2153;171405;Amont
6095;4103;2154;172095;Aval
6096;4104;2154;172180;Amont
6097;4105;2155;172052;Aval
6098;4106;2155;172228;Amont
6099;4107;2156;172300;Aval
6100;4108;2156;172380;Amont
6101;4109;2157;172430;Aval
6102;4110;2157;172530;Amont
6103;4111;2158;172560;Aval
6104;4112;2158;172640;Amont
6105;4113;2159;173538;Aval
6106;4114;2159;173612;Amont
6107;4115;2160;182725;Aval
6108;4116;2160;182755;Amont
6109;4117;2161;183830;Aval
6110;4118;2161;184045;Amont
6111;4119;2162;183945;Aval
6112;4120;2162;183990;Amont
6113;4121;2163;184955;Aval
6114;4122;2163;185030;Amont
6115;4123;2164;186275;Aval
6116;4124;2164;186406;Amont
6117;4125;2165;186347;Aval
6118;4126;2165;186490;Amont
6119;4127;2166;186365;Aval
6120;4128;2166;186505;Amont
6121;4129;2167;186528;Aval
6122;4130;2167;186693;Amont
6123;4131;2168;186746;Aval
6124;4132;2168;186890;Amont
6125;4133;2169;187430;Aval
6126;4134;2169;187515;Amont
6127;4135;2170;188172;Aval
6128;4136;2170;188258;Amont
6129;4137;2171;189140;Aval
6130;4138;2171;189180;Amont
6131;4139;2172;161570;Aval
6132;4140;2172;162115;Amont
6133;4141;2173;163415;Aval
6134;4142;2173;163850;Amont
6135;4143;2174;161425;Aval
6136;4144;2174;162220;Amont
6137;4145;2175;163480;Aval
6138;4146;2175;164038;Amont
6139;4147;8543;154480;Aval
6140;4148;8543;154520;Amont
6141;4149;8544;154520;Aval
6142;4150;8544;154560;Amont
6143;4151;8545;162115;Aval
6144;4152;8545;162190;Amont
6145;4153;8546;182820;Aval
6146;4154;8546;182850;Amont
6147;4155;8551;154320;Aval
6148;4156;8551;154505;Amont
6149;4157;8552;154620;Aval
6150;4158;8552;154690;Amont
6151;4159;8554;154320;Aval
6152;4160;8554;154480;Amont
6153;4161;8557;154560;Aval
6154;4162;8557;154606;Amont
6155;4163;8558;160995;Aval
6156;4164;8558;161090;Amont
6157;4165;8559;161940;Aval
6158;4166;8559;162095;Amont
6159;4167;8560;162180;Aval
6160;4168;8560;162220;Amont
6161;4169;8561;183885;Aval
6162;4170;8561;183945;Amont
6163;4171;8562;187340;Aval
6164;4172;8562;187477;Amont
6165;4173;8568;154320;Aval
6166;4174;8568;154520;Amont
6167;4175;8569;154320;Aval
6168;4176;8569;154491;Amont
6169;4177;8572;154320;Aval
6170;4178;8572;154480;Amont
6171;4179;8577;154491;Aval
6172;4180;8577;154520;Amont
6173;4181;8578;154623;Aval
6174;4182;8578;154680;Amont
6175;4183;8579;154560;Aval
6176;4184;8579;154700;Amont
6177;4185;8580;165300;Aval
6178;4186;8580;165345;Amont
6179;4187;8581;182755;Aval
6180;4188;8581;182820;Amont
6181;4189;8582;183855;Aval
6182;4190;8582;183885;Amont
6183;4191;8586;154320;Aval
6184;4192;8586;154623;Amont
6185;4193;8587;154320;Aval
6186;4194;8587;154620;Amont
6187;4195;8991;188089;Aval
6188;4196;8991;188174;Amont
6189;4197;9130;186165;Aval
6190;4198;9130;186338;Amont
6191;4199;9131;186458;Aval
6192;4200;9131;186590;Amont
6193;4201;149;0;Aval
6194;4202;149;10540;Amont
6195;4203;150;11049;Aval
6196;4204;150;12214;Amont
6197;4205;1288;20;Aval
6198;4206;1288;3789;Amont
6199;4207;1289;-40;Aval
6200;4208;1289;3782;Amont
6201;4209;1290;153585;Aval
6202;4210;1290;161800;Amont
6203;4211;1291;152398;Aval
6204;4212;1291;153585;Amont
6205;4213;1292;153585;Aval
6206;4214;1292;161800;Amont
6207;4215;1293;152359;Aval
6208;4216;1293;153585;Amont
6209;4217;2176;153352;Aval
6210;4218;2176;153400;Amont
6211;4219;2177;153585;Aval
6212;4220;2177;153610;Amont
6213;4221;2178;153585;Aval
6214;4222;2178;153610;Amont
6215;4223;2179;153907;Aval
6216;4224;2179;153970;Amont
6217;4225;2180;158890;Aval
6218;4226;2180;158980;Amont
6219;4227;8539;152450;Aval
6220;4228;8539;152505;Amont
6221;4229;8540;153530;Aval
6222;4230;8540;153585;Amont
6223;4231;8541;153610;Aval
6224;4232;8541;153660;Amont
6225;4233;8555;153405;Aval
6226;4234;8555;153498;Amont
6227;4235;8556;153530;Aval
6228;4236;8556;153660;Amont
6229;4237;8574;152359;Aval
6230;4238;8574;152398;Amont
6231;4239;8575;153206;Aval
6232;4240;8575;153252;Amont
6233;4241;8576;153498;Aval
6234;4242;8576;153530;Amont
6235;4243;151;7983;Aval
6236;4244;151;12850;Amont
6237;4245;152;2035;Aval
6238;4246;152;4336;Amont
6239;4247;153;2035;Aval
6240;4248;153;4336;Amont
6241;4249;8573;3400;Aval
6242;4250;8573;3460;Amont
6243;4251;158;227865;Aval
6244;4252;158;249079;Amont
6245;4253;159;227839;Aval
6246;4254;159;249079;Amont
6247;4255;2201;243533;Aval
6248;4256;2201;243947;Amont
6249;4257;2202;243545;Aval
6250;4258;2202;243952;Amont
6251;4259;2203;243590;Aval
6252;4260;2203;243995;Amont
6253;4261;2204;227920;Aval
6254;4262;2204;228051;Amont
6255;4263;2205;242020;Aval
6256;4264;2205;242078;Amont
6257;4265;2206;243108;Aval
6258;4266;2206;243148;Amont
6259;4267;2207;243512;Aval
6260;4268;2207;243545;Amont
6261;4269;2208;243505;Aval
6262;4270;2208;243610;Amont
6263;4271;2209;243620;Aval
6264;4272;2209;243690;Amont
6265;4273;2210;243926;Aval
6266;4274;2210;243984;Amont
6267;4275;2211;244060;Aval
6268;4276;2211;244115;Amont
6269;4277;2212;246957;Aval
6270;4278;2212;246985;Amont
6271;4279;9005;247820;Aval
6272;4280;9005;247952;Amont
6273;4281;160;247994;Aval
6274;4282;160;248640;Amont
6275;4283;161;244700;Aval
6276;4284;161;247160;Amont
6277;4285;2213;243470;Aval
6278;4286;2213;244020;Amont
6279;4287;2214;243550;Aval
6280;4288;2214;243575;Amont
6281;4289;2215;243845;Aval
6282;4290;2215;243888;Amont
6283;4291;2216;243970;Aval
6284;4292;2216;244020;Amont
6285;4293;8620;243565;Aval
6286;4294;8620;243970;Amont
6287;4295;9003;243970;Aval
6288;4296;9003;244700;Amont
6289;4297;9004;244020;Aval
6290;4298;9004;244700;Amont
6291;4299;162;-58;Aval
6292;4300;162;925;Amont
6293;4301;163;140606;Aval
6294;4302;163;276123;Amont
6295;4303;164;-58;Aval
6296;4304;164;969;Amont
6297;4305;165;140650;Aval
6298;4306;165;228610;Amont
6299;4307;166;228802;Aval
6300;4308;166;276123;Amont
6301;4309;1296;140645;Aval
6302;4310;1296;144724;Amont
6303;4311;1297;140684;Aval
6304;4312;1297;144552;Amont
6305;4313;2217;207122;Aval
6306;4314;2217;208197;Amont
6307;4315;2218;157898;Aval
6308;4316;2218;158680;Amont
6309;4317;2219;145785;Aval
6310;4318;2219;146322;Amont
6311;4319;2220;158014;Aval
6312;4320;2220;158780;Amont
6313;4321;2221;206960;Aval
6314;4322;2221;208211;Amont
6315;4323;2222;158084;Aval
6316;4324;2222;158758;Amont
6317;4325;2223;38;Aval
6318;4326;2223;890;Amont
6319;4327;2224;227771;Aval
6320;4328;2224;228880;Amont
6321;4329;2225;227802;Aval
6322;4330;2225;228701;Amont
6323;4331;2226;140819;Aval
6324;4332;2226;140881;Amont
6325;4333;2227;144508;Aval
6326;4334;2227;144567;Amont
6327;4335;2228;144552;Aval
6328;4336;2228;144688;Amont
6329;4337;2229;145837;Aval
6330;4338;2229;145912;Amont
6331;4339;2230;145920;Aval
6332;4340;2230;146010;Amont
6333;4341;2231;146370;Aval
6334;4342;2231;146432;Amont
6335;4343;2232;153797;Aval
6336;4344;2232;153908;Amont
6337;4345;2233;157692;Aval
6338;4346;2233;157758;Amont
6339;4347;2234;157926;Aval
6340;4348;2234;157981;Amont
6341;4349;2235;158900;Aval
6342;4350;2235;158952;Amont
6343;4351;2236;162189;Aval
6344;4352;2236;162248;Amont
6345;4353;2237;180512;Aval
6346;4354;2237;180575;Amont
6347;4355;2238;188780;Aval
6348;4356;2238;188860;Amont
6349;4357;2239;208229;Aval
6350;4358;2239;208292;Amont
6351;4359;2240;227600;Aval
6352;4360;2240;227661;Amont
6353;4361;2241;227786;Aval
6354;4362;2241;227871;Amont
6355;4363;2242;228753;Aval
6356;4364;2242;228800;Amont
6357;4365;2243;229143;Aval
6358;4366;2243;229228;Amont
6359;4367;2244;252235;Aval
6360;4368;2244;252295;Amont
6361;4369;2245;253840;Aval
6362;4370;2245;253949;Amont
6363;4371;2246;254121;Aval
6364;4372;2246;254182;Amont
6365;4373;2247;268317;Aval
6366;4374;2247;268352;Amont
6367;4375;2248;268624;Aval
6368;4376;2248;268660;Amont
6369;4377;2249;269216;Aval
6370;4378;2249;269260;Amont
6371;4379;9087;144577;Aval
6372;4380;9087;148056;Amont
6373;4381;9088;144552;Aval
6374;4382;9088;148056;Amont
6375;4383;9090;227719;Aval
6376;4384;9090;227802;Amont
6377;4385;9091;227882;Aval
6378;4386;9091;227962;Amont
6379;4387;9104;253129;Aval
6380;4388;9104;253813;Amont
6381;4389;9295;140606;Aval
6382;4390;9295;140750;Amont
6383;4391;167;543;Aval
6384;4392;167;10650;Amont
6385;4393;168;16953;Aval
6386;4394;168;23136;Amont
6387;4395;169;23136;Aval
6388;4396;169;140579;Amont
6389;4397;170;23136;Aval
6390;4398;170;140579;Amont
6391;4399;2250;54580;Aval
6392;4400;2250;55229;Amont
6393;4401;2251;54637;Aval
6394;4402;2251;55195;Amont
6395;4403;2252;70987;Aval
6396;4404;2252;72069;Amont
6397;4405;2253;101085;Aval
6398;4406;2253;102125;Amont
6399;4407;2254;142350;Aval
6400;4408;2254;143194;Amont
6401;4409;2255;142207;Aval
6402;4410;2255;142809;Amont
6403;4411;2256;54637;Aval
6404;4412;2256;55197;Amont
6405;4413;2257;142298;Aval
6406;4414;2257;142840;Amont
6407;4415;2258;54595;Aval
6408;4416;2258;55230;Amont
6409;4417;2259;54580;Aval
6410;4418;2259;55195;Amont
6411;4419;2260;9648;Aval
6412;4420;2260;10425;Amont
6413;4421;2261;27850;Aval
6414;4422;2261;27940;Amont
6415;4423;2262;28563;Aval
6416;4424;2262;28600;Amont
6417;4425;2263;46262;Aval
6418;4426;2263;46303;Amont
6419;4427;2264;51234;Aval
6420;4428;2264;51270;Amont
6421;4429;2265;54485;Aval
6422;4430;2265;54530;Amont
6423;4431;2266;54550;Aval
6424;4432;2266;54580;Amont
6425;4433;2267;55231;Aval
6426;4434;2267;55294;Amont
6427;4435;2268;55230;Aval
6428;4436;2268;55465;Amont
6429;4437;2269;55363;Aval
6430;4438;2269;55407;Amont
6431;4439;2270;55465;Aval
6432;4440;2270;55510;Amont
6433;4441;2271;56106;Aval
6434;4442;2271;56160;Amont
6435;4443;2272;57207;Aval
6436;4444;2272;57276;Amont
6437;4445;2273;70913;Aval
6438;4446;2273;70975;Amont
6439;4447;2274;70987;Aval
6440;4448;2274;71070;Amont
6441;4449;2275;72069;Aval
6442;4450;2275;72098;Amont
6443;4451;2276;72145;Aval
6444;4452;2276;72227;Amont
6445;4453;2277;94066;Aval
6446;4454;2277;94140;Amont
6447;4455;2278;94603;Aval
6448;4456;2278;94743;Amont
6449;4457;2279;100990;Aval
6450;4458;2279;101060;Amont
6451;4459;2280;102300;Aval
6452;4460;2280;102405;Amont
6453;4461;2281;126567;Aval
6454;4462;2281;126629;Amont
6455;4463;2282;139484;Aval
6456;4464;2282;139515;Amont
6457;4465;2283;140683;Aval
6458;4466;2283;140751;Amont
6459;4467;2284;142897;Aval
6460;4468;2284;142950;Amont
6461;4469;2285;142950;Aval
6462;4470;2285;143004;Amont
6463;4471;2286;143070;Aval
6464;4472;2286;143114;Amont
6465;4473;2287;149207;Aval
6466;4474;2287;149245;Amont
6467;4475;2288;149677;Aval
6468;4476;2288;149714;Amont
6469;4477;2289;159920;Aval
6470;4478;2289;159980;Amont
6471;4479;2290;175085;Aval
6472;4480;2290;175120;Amont
6473;4481;2291;175560;Aval
6474;4482;2291;175600;Amont
6475;4483;2292;183087;Aval
6476;4484;2292;183114;Amont
6477;4485;2293;194973;Aval
6478;4486;2293;195001;Amont
6479;4487;2294;195786;Aval
6480;4488;2294;195848;Amont
6481;4489;2295;205750;Aval
6482;4490;2295;205911;Amont
6483;4491;9297;140579;Aval
6484;4492;9297;142290;Amont
6485;4493;9298;142307;Aval
6486;4494;9298;206670;Amont
6487;4495;9300;140579;Aval
6488;4496;9300;209272;Amont
6489;4497;1298;139667;Aval
6490;4498;1298;140645;Amont
6491;4499;1299;139667;Aval
6492;4500;1299;140684;Amont
6493;4501;2296;140460;Aval
6494;4502;2296;140650;Amont
6495;4503;2297;140550;Aval
6496;4504;2297;140684;Amont
6497;4505;1300;141993;Aval
6498;4506;1300;142535;Amont
6499;4507;1301;141993;Aval
6500;4508;1301;142535;Amont
6501;4509;171;72069;Aval
6502;4510;171;74120;Amont
6503;4511;172;2423;Aval
6504;4512;172;34570;Amont
6505;4513;2298;15913;Aval
6506;4514;2298;16773;Amont
6507;4515;173;168;Aval
6508;4516;173;41600;Amont
6509;4517;2299;28040;Aval
6510;4518;2299;28621;Amont
6511;4519;2300;40259;Aval
6512;4520;2300;41036;Amont
6513;4521;174;60000;Aval
6514;4522;174;60995;Amont
6515;4523;175;779;Aval
6516;4524;175;27640;Amont
6517;4525;176;826;Aval
6518;4526;176;27590;Amont
6519;4527;2301;26560;Aval
6520;4528;2301;27590;Amont
6521;4529;2302;26610;Aval
6522;4530;2302;27550;Amont
6523;4531;2303;26500;Aval
6524;4532;2303;26559;Amont
6525;4533;2304;27590;Aval
6526;4534;2304;27640;Amont
6527;4535;9390;14014;Aval
6528;4536;9390;14052;Amont
6529;4537;177;85;Aval
6530;4538;177;5630;Amont
6531;4539;61;31300;Amont
6532;4540;178;115220;Amont
6533;976;179;114836;Amont
6534;4542;2305;55694;Aval
6535;4543;2305;57340;Amont
6536;4544;2312;30870;Aval
6537;4545;2313;55694;Aval
6538;4546;2313;55844;Amont
6539;4547;2314;81500;Aval
6540;4548;2314;81915;Amont
6541;4549;2315;56882;Aval
6542;4550;2315;57340;Amont
6543;4551;2316;81500;Aval
6544;4552;2316;81558;Amont
6545;4553;2332;81615;Amont
6546;4554;182;1412;Amont
6547;4555;183;286575;Amont
6548;4556;184;113388;Aval
6549;4557;9583;7000;Aval
6550;976;9583;61637;Aval
6551;4540;9584;61253;Aval
6552;15160;954;603114;Amont
6553;15160;954;603114;Aval
6554;4562;9683;7000;Aval
6555;4563;9683;9300;Amont
6556;15159;955;603046;Amont
6557;15159;955;603046;Aval
6558;15149;955;552031;Amont
6559;15149;955;552031;Aval
6560;4568;9646;8896;Aval
6561;4569;9646;8968;Amont
6562;15150;6822;552152;Amont
6563;15150;6822;552152;Aval
6564;1706;954;551998;Amont
6565;1706;954;551998;Aval
6566;4575;9665;7400;Amont
6567;4575;9666;7400;Aval
6568;4576;9666;9642;Amont
6569;1706;5955;551998;Aval
6570;1707;6822;552108;Amont
6571;1707;6822;552108;Aval
6572;1707;5955;552108;Amont
6573;15151;955;552917;Amont
6574;15151;955;552917;Aval
6575;15154;954;553100;Amont
6576;15154;954;553100;Aval
6577;15153;6822;552994;Amont
6578;15153;6822;552994;Aval
6579;15152;6822;552993;Amont
6580;15152;6822;552993;Aval
6581;1754;6822;553040;Amont
6582;1754;6822;553040;Aval
6583;1754;5960;553040;Aval
6584;1755;955;553147;Amont
6585;1755;955;553147;Aval
6586;1755;5960;553147;Amont
6587;15155;955;574039;Amont
6588;4596;9747;65000;Aval
6589;15155;955;574039;Aval
6590;4598;9756;63100;Aval
6591;4599;9756;65000;Amont
6592;4600;9735;61951;Aval
6593;4601;9744;62500;Amont
6594;4602;9745;62500;Amont
6595;4603;9754;62556;Amont
6596;15156;954;574122;Amont
6597;4605;9670;9700;Amont
6598;4606;9680;9477;Aval
6599;4607;9593;0;Aval
6600;4608;9593;108583;Amont
6601;4609;9594;0;Aval
6602;4610;9597;999999;Amont
6603;4611;9609;999999;Amont
6604;4612;9610;999999;Amont
6605;4613;9614;36085;Aval
6606;4614;9614;36172;Amont
6607;4615;9630;0;Aval
6608;4616;9631;0;Aval
6609;4617;185;4450;Aval
6610;4618;185;20995;Amont
6611;4619;186;770;Aval
6612;4620;186;4450;Amont
6613;4621;187;840;Aval
6614;4622;187;4450;Amont
6615;4623;188;348080;Aval
6616;4624;188;363180;Amont
6617;4625;189;339800;Aval
6618;4626;189;346990;Amont
6619;4627;190;339800;Aval
6620;4628;190;346990;Amont
6621;4629;2335;361860;Aval
6622;4630;2335;362870;Amont
6623;4631;2336;362480;Aval
6624;4632;2336;362520;Amont
6625;4633;191;27640;Aval
6626;4634;191;50986;Amont
6627;4635;192;27590;Aval
6628;4636;192;50986;Amont
6629;4637;2337;50167;Aval
6630;4638;2337;50207;Amont
6631;4639;1303;142519;Aval
6632;4640;1303;150521;Amont
6633;4641;1304;142519;Aval
6634;4642;1304;150521;Amont
6635;4643;2338;142587;Aval
6636;4644;2338;142652;Amont
6637;4645;2339;142655;Aval
6638;4646;2339;142707;Amont
6639;4647;2340;150231;Aval
6640;4648;2340;150279;Amont
6641;4649;35;110393;Aval
6642;4650;36;39650;Amont
6643;4651;37;38703;Aval
6644;4652;38;111250;Amont
6645;4653;2346;74680;Aval
6646;4654;2347;142300;Aval
6647;4655;2348;181892;Aval
6648;4656;2349;207994;Aval
6649;4657;2350;143960;Amont
6650;4658;2351;183581;Amont
6651;4659;2352;209657;Amont
6652;4660;195;977;Amont
6653;4661;196;654;Amont
6654;4662;197;10687;Amont
6655;4663;198;9626;Amont
6656;4664;199;0;Aval
6657;15156;954;574122;Aval
6658;15123;954;574185;Amont
6659;15123;954;574185;Aval
6660;4668;33;47298;Amont
6661;4669;34;26483;Amont
6662;15127;955;574179;Amont
6663;15127;955;574179;Aval
6664;4672;2383;33116;Amont
6665;15124;954;575229;Amont
6666;4674;2386;33116;Amont
6667;4675;2389;33000;Amont
6668;4676;2392;3600;Amont
6669;15124;954;575229;Aval
6670;15128;955;575199;Amont
6671;4679;9577;0;Aval
6672;4680;9578;0;Aval
6673;4681;200;140474;Aval
6674;4682;200;174150;Amont
6675;4683;201;94168;Aval
6676;4684;201;96009;Amont
6677;4685;202;115970;Aval
6678;4686;202;117287;Amont
6679;4687;203;140462;Aval
6680;4688;203;195664;Amont
6681;4689;204;2688;Aval
6682;4690;204;94168;Amont
6683;4691;205;96009;Aval
6684;4692;205;115970;Amont
6685;4693;206;117287;Aval
6686;4694;206;138880;Amont
6687;4695;207;2688;Aval
6688;4696;207;94168;Amont
6689;4697;208;96009;Aval
6690;4698;208;115970;Amont
6691;4699;209;117287;Aval
6692;4700;209;138880;Amont
6693;4701;1310;2910;Aval
6694;4702;1310;25970;Amont
6695;4703;1311;3320;Aval
6696;4704;1311;26510;Amont
6697;4705;1312;26510;Aval
6698;4706;1312;26870;Amont
6699;4707;1313;60400;Aval
6700;4708;1313;61430;Amont
6701;4709;1314;26510;Aval
6702;4710;1314;26870;Amont
6703;4711;1315;60370;Aval
6704;4712;1315;61000;Amont
6705;4713;1316;60580;Aval
6706;4714;1316;60950;Amont
6707;4715;1317;2688;Aval
6708;4716;1317;3770;Amont
6709;4717;1318;9840;Aval
6710;4718;1318;10420;Amont
6711;4719;1319;9752;Aval
6712;4720;1319;10420;Amont
6713;4721;1320;9752;Aval
6714;4722;1320;10630;Amont
6715;4723;1321;9400;Aval
6716;4724;1321;9752;Amont
6717;4725;1322;9366;Aval
6718;4726;1322;9772;Amont
6719;4727;1323;9316;Aval
6720;4728;1323;9818;Amont
6721;4729;1324;9731;Aval
6722;4730;1324;13087;Amont
6723;4731;2406;2550;Aval
6724;4732;2406;3360;Amont
6725;4733;2407;2500;Aval
6726;4734;2407;3280;Amont
6727;4735;2408;104030;Aval
6728;4736;2408;104600;Amont
6729;4737;2409;9772;Aval
6730;4738;2409;10796;Amont
6731;4739;2410;9818;Aval
6732;4740;2410;10760;Amont
6733;4741;2411;10796;Aval
6734;4742;2411;11734;Amont
6735;4743;2412;10760;Aval
6736;4744;2412;11886;Amont
6737;4745;2413;11886;Aval
6738;4746;2413;12330;Amont
6739;4747;2414;12330;Aval
6740;4748;2414;13157;Amont
6741;4749;2416;163306;Aval
6742;4750;2416;164215;Amont
6743;4751;2417;9452;Aval
6744;4752;2417;9731;Amont
6745;4753;2418;2852;Aval
6746;4754;2418;2965;Amont
6747;4755;2419;3340;Aval
6748;4756;2419;3360;Amont
6749;4757;2420;3320;Aval
6750;4758;2420;3450;Amont
6751;4759;2421;3340;Aval
6752;4760;2421;3360;Amont
6753;4761;2422;3380;Aval
6754;4762;2422;3400;Amont
6755;4763;2423;3720;Aval
6756;4764;2423;3860;Amont
6757;4765;2424;3720;Aval
6758;4766;2424;3860;Amont
6759;4767;2425;3830;Aval
6760;4768;2425;4000;Amont
6761;4769;2426;3900;Aval
6762;4770;2426;3988;Amont
6763;4771;2427;3923;Aval
6764;4772;2427;3990;Amont
6765;4773;2428;5180;Aval
6766;4774;2428;5250;Amont
6767;4775;2429;8860;Aval
6768;4776;2429;8920;Amont
6769;4777;2430;9140;Aval
6770;4778;2430;9180;Amont
6771;4779;2431;9316;Aval
6772;4780;2431;9452;Amont
6773;4781;2432;9506;Aval
6774;4782;2432;9570;Amont
6775;4783;2433;9508;Aval
6776;4784;2433;9626;Amont
6777;4785;2434;9695;Aval
6778;4786;2434;9820;Amont
6779;4787;2435;9663;Aval
6780;4788;2435;9752;Amont
6781;4789;2436;9772;Aval
6782;4790;2436;9818;Amont
6783;4791;2437;10300;Aval
6784;4792;2437;10360;Amont
6785;4793;2438;10630;Aval
6786;4794;2438;10677;Amont
6787;4795;2439;10721;Aval
6788;4796;2439;10796;Amont
6789;4797;2440;11200;Aval
6790;4798;2440;11250;Amont
6791;4799;2441;11250;Aval
6792;4800;2441;11283;Amont
6793;4801;2442;11638;Aval
6794;4802;2442;11707;Amont
6795;4803;2443;11705;Aval
6796;4804;2443;11741;Amont
6797;4805;2444;11995;Aval
6798;4806;2444;12250;Amont
6799;4807;2445;13230;Aval
6800;4808;2445;13280;Amont
6801;4809;2446;13904;Aval
6802;4810;2446;13984;Amont
6803;4811;2447;13904;Aval
6804;4812;2447;13987;Amont
6805;4813;2448;13988;Aval
6806;4814;2448;14070;Amont
6807;4815;2449;13985;Aval
6808;4816;2449;14085;Amont
6809;4817;2450;14086;Aval
6810;4818;2450;14184;Amont
6811;4819;2451;14190;Aval
6812;4820;2451;14270;Amont
6813;4821;2452;14195;Aval
6814;4822;2452;14321;Amont
6815;4823;2453;14761;Aval
6816;4824;2453;14849;Amont
6817;4825;2454;14790;Aval
6818;4826;2454;14884;Amont
6819;4827;2455;14850;Aval
6820;4828;2455;14940;Amont
6821;4829;2456;14870;Aval
6822;4830;2456;14955;Amont
6823;4831;2457;14885;Aval
6824;4832;2457;15004;Amont
6825;4833;2458;15722;Aval
6826;4834;2458;15820;Amont
6827;4835;2459;15722;Aval
6828;4836;2459;15824;Amont
6829;4837;2460;15825;Aval
6830;4838;2460;15920;Amont
6831;4839;2461;15870;Aval
6832;4840;2461;15935;Amont
6833;4841;2462;23020;Aval
6834;4842;2462;23105;Amont
6835;4843;2463;23015;Aval
6836;4844;2463;23100;Amont
6837;4845;2464;23232;Aval
6838;4846;2464;23450;Amont
6839;4847;2465;26082;Aval
6840;4848;2465;26280;Amont
6841;4849;2466;26095;Aval
6842;4850;2466;26176;Amont
6843;4851;2467;26281;Aval
6844;4852;2467;26350;Amont
6845;4853;2468;26380;Aval
6846;4854;2468;26510;Amont
6847;4855;2469;27140;Aval
6848;4856;2469;27183;Amont
6849;4857;2470;27515;Aval
6850;4858;2470;27575;Amont
6851;4859;2471;33650;Aval
6852;4860;2471;33672;Amont
6853;4861;2472;34730;Aval
6854;4862;2472;34788;Amont
6855;4863;2473;41945;Aval
6856;4864;2473;42000;Amont
6857;4865;2474;55143;Aval
6858;4866;2474;55490;Amont
6859;4867;2475;56110;Aval
6860;4868;2475;56152;Amont
6861;4869;2476;60240;Aval
6862;4870;2476;60320;Amont
6863;4871;2477;60370;Aval
6864;4872;2477;60400;Amont
6865;4873;2478;60384;Aval
6866;4874;2478;60410;Amont
6867;4875;2479;60420;Aval
6868;4876;2479;60500;Amont
6869;4877;2480;60500;Aval
6870;4878;2480;60557;Amont
6871;4879;2481;61370;Aval
6872;4880;2481;61430;Amont
6873;4881;2482;61430;Aval
6874;4882;2482;61471;Amont
6875;4883;2483;62308;Aval
6876;4884;2483;62480;Amont
6877;4885;2484;67718;Aval
6878;4886;2484;67770;Amont
6879;4887;2485;76620;Aval
6880;4888;2485;76750;Amont
6881;4889;2486;77515;Aval
6882;4890;2486;77564;Amont
6883;4891;2487;93209;Aval
6884;4892;2487;93300;Amont
6885;4893;2488;103982;Aval
6886;4894;2488;104030;Amont
6887;4895;2489;104084;Aval
6888;4896;2489;104142;Amont
6889;4897;2490;104926;Aval
6890;4898;2490;104973;Amont
6891;4899;2491;108490;Aval
6892;4900;2491;108518;Amont
6893;4901;2492;109255;Aval
6894;4902;2492;109335;Amont
6895;4903;2493;9467;Aval
6896;4904;2493;9550;Amont
6897;4905;2494;13035;Aval
6898;4906;2494;14135;Amont
6899;4907;2495;3280;Aval
6900;4908;2495;3815;Amont
6901;4909;2496;3190;Aval
6902;4910;2496;3700;Amont
6903;4911;2497;11417;Aval
6904;4912;2497;11932;Amont
6905;4913;2498;9180;Aval
6906;4914;2498;9467;Amont
6907;4915;2499;3280;Aval
6908;4916;2499;3850;Amont
6909;4917;9012;11734;Aval
6910;4918;9012;11886;Amont
6911;4919;9213;9627;Aval
6912;4920;9213;9692;Amont
6913;4921;1325;55736;Aval
6914;4922;1325;57737;Amont
6915;4923;1326;55686;Aval
6916;4924;1326;57737;Amont
6917;4925;1327;55652;Aval
6918;4926;1327;56110;Amont
6919;4927;1328;55600;Aval
6920;4928;1328;56000;Amont
6921;4929;2500;55965;Aval
6922;4930;2500;56080;Amont
6923;4931;2501;55792;Aval
6924;4932;2501;56010;Amont
6925;4933;2502;55830;Aval
6926;4934;2502;56080;Amont
6927;4935;2503;55901;Aval
6928;4936;2503;56150;Amont
6929;4937;2504;56135;Aval
6930;4938;2504;56175;Amont
6931;4939;2505;57270;Aval
6932;4940;2505;57460;Amont
6933;4941;2506;57220;Aval
6934;4942;2506;57385;Amont
6935;4943;2507;57550;Aval
6936;4944;2507;57757;Amont
6937;4945;1329;0;Aval
6938;4946;1329;4860;Amont
6939;4947;210;90090;Aval
6940;4948;210;146926;Amont
6941;4949;211;55385;Aval
6942;4950;211;76189;Amont
6943;4951;212;55400;Aval
6944;4952;212;76179;Amont
6945;4953;2508;90141;Aval
6946;4954;2508;91033;Amont
6947;4955;2509;114740;Aval
6948;4956;2509;115780;Amont
6949;4957;2510;132541;Aval
6950;4958;2510;133405;Amont
6951;4959;2511;55490;Aval
6952;4960;2511;55540;Amont
6953;4961;2512;55540;Aval
6954;4962;2512;55580;Amont
6955;4963;2513;56183;Aval
6956;4964;2513;56370;Amont
6957;4965;2514;56588;Aval
6958;4966;2514;56634;Amont
6959;4967;2515;72575;Aval
6960;4968;2515;72680;Amont
6961;4969;2516;74070;Aval
6962;4970;2516;74140;Amont
6963;4971;213;140695;Aval
6964;4972;213;177940;Amont
6965;4973;214;180715;Aval
6966;4974;214;201185;Amont
6967;4975;9002;200570;Aval
6968;4976;9002;201130;Amont
6969;4977;215;120870;Aval
6970;4978;215;124652;Amont
6971;4979;216;50991;Aval
6972;4980;216;239563;Amont
6973;4981;217;50960;Aval
6974;4982;217;239563;Amont
6975;4983;1330;83900;Aval
6976;4984;1330;84490;Amont
6977;4985;1331;51023;Aval
6978;4986;1331;52610;Amont
6979;4987;1332;50985;Aval
6980;4988;1332;51023;Amont
6981;4989;2517;215180;Aval
6982;4990;2517;215845;Amont
6983;4991;2518;70280;Aval
6984;4992;2518;71364;Amont
6985;4993;2519;83230;Aval
6986;4994;2519;83900;Amont
6987;4995;2520;107377;Aval
6988;4996;2520;108495;Amont
6989;4997;2521;130895;Aval
6990;4998;2521;131623;Amont
6991;4999;2522;152251;Aval
6992;5000;2522;153220;Amont
6993;5001;2523;227932;Aval
6994;5002;2523;228698;Amont
6995;5003;2524;237333;Aval
6996;5004;2524;238235;Amont
6997;5005;2525;70204;Aval
6998;5006;2525;71182;Amont
6999;5007;2526;106744;Aval
7000;5008;2526;107836;Amont
7001;5009;2527;130915;Aval
7002;5010;2527;131692;Amont
7003;5011;2528;152180;Aval
7004;5012;2528;153132;Amont
7005;5013;2529;215180;Aval
7006;5014;2529;215950;Amont
7007;5015;2530;237355;Aval
7008;5016;2530;237695;Amont
7009;5017;2531;83400;Aval
7010;5018;2531;83855;Amont
7011;5019;2532;152806;Aval
7012;5020;2532;153193;Amont
7013;5021;2533;228180;Aval
7014;5022;2533;228646;Amont
7015;5023;2534;130915;Aval
7016;5024;2534;131730;Amont
7017;5025;2535;152636;Aval
7018;5026;2535;153213;Amont
7019;5027;2536;215180;Aval
7020;5028;2536;216005;Amont
7021;5029;2537;83430;Aval
7022;5030;2537;83810;Amont
7023;5031;2538;152806;Aval
7024;5032;2538;153170;Amont
7025;5033;2539;180046;Aval
7026;5034;2539;181107;Amont
7027;5035;2540;228156;Aval
7028;5036;2540;228630;Amont
7029;5037;2541;215276;Aval
7030;5038;2541;215910;Amont
7031;5039;2542;83120;Aval
7032;5040;2542;83950;Amont
7033;5041;2543;215800;Aval
7034;5042;2543;216545;Amont
7035;5043;2544;215170;Aval
7036;5044;2544;215400;Amont
7037;5045;2545;215920;Aval
7038;5046;2545;216490;Amont
7039;5047;2546;215920;Aval
7040;5048;2546;216480;Amont
7041;5049;2547;130730;Aval
7042;5050;2547;131558;Amont
7043;5051;2548;130895;Aval
7044;5052;2548;132040;Amont
7045;5053;2549;131558;Aval
7046;5054;2549;132107;Amont
7047;5055;2550;216490;Aval
7048;5056;2550;216735;Amont
7049;5057;2551;216735;Aval
7050;5058;2551;217620;Amont
7051;5059;2552;132040;Aval
7052;5060;2552;132624;Amont
7053;5061;2553;215775;Aval
7054;5062;2553;216545;Amont
7055;5063;2554;215860;Aval
7056;5064;2554;216410;Amont
7057;5065;2555;237473;Aval
7058;5066;2555;238410;Amont
7059;5067;2556;237247;Aval
7060;5068;2556;238250;Amont
7061;5069;2557;151057;Aval
7062;5070;2557;152251;Amont
7063;5071;2558;215845;Aval
7064;5072;2558;216390;Amont
7065;5073;2559;130636;Aval
7066;5074;2559;132699;Amont
7067;5075;2560;132384;Aval
7068;5076;2560;132835;Amont
7069;5077;2561;132643;Aval
7070;5078;2561;134047;Amont
7071;5079;2562;85244;Aval
7072;5080;2562;86230;Amont
7073;5081;2563;132107;Aval
7074;5082;2563;132384;Amont
7075;5083;2564;50955;Aval
7076;5084;2564;50985;Amont
7077;5085;2565;51023;Aval
7078;5086;2565;51127;Amont
7079;5087;2566;55552;Aval
7080;5088;2566;55615;Amont
7081;5089;2567;61386;Aval
7082;5090;2567;61425;Amont
7083;5091;2568;61794;Aval
7084;5092;2568;61842;Amont
7085;5093;2569;70209;Aval
7086;5094;2569;70275;Amont
7087;5095;2570;71202;Aval
7088;5096;2570;71261;Amont
7089;5097;2571;71377;Aval
7090;5098;2571;71458;Amont
7091;5099;2572;83037;Aval
7092;5100;2572;83101;Amont
7093;5101;2573;83824;Aval
7094;5102;2573;83935;Amont
7095;5103;2574;83950;Aval
7096;5104;2574;83985;Amont
7097;5105;2575;84490;Aval
7098;5106;2575;84555;Amont
7099;5107;2576;84753;Aval
7100;5108;2576;84835;Amont
7101;5109;2577;91681;Aval
7102;5110;2577;91730;Amont
7103;5111;2578;96861;Aval
7104;5112;2578;96915;Amont
7105;5113;2579;97350;Aval
7106;5114;2579;97390;Amont
7107;5115;2580;106655;Aval
7108;5116;2580;106714;Amont
7109;5117;2581;107882;Aval
7110;5118;2581;107934;Amont
7111;5119;2582;123490;Aval
7112;5120;2582;123562;Amont
7113;5121;2583;124630;Aval
7114;5122;2583;124699;Amont
7115;5123;2584;130503;Aval
7116;5124;2584;130600;Amont
7117;5125;2585;130640;Aval
7118;5126;2585;130859;Amont
7119;5127;2586;130903;Aval
7120;5128;2586;131015;Amont
7121;5129;2587;130636;Aval
7122;5130;2587;130895;Amont
7123;5131;2588;130700;Aval
7124;5132;2588;130915;Amont
7125;5133;2589;130815;Aval
7126;5134;2589;130900;Amont
7127;5135;2590;131226;Aval
7128;5136;2590;131287;Amont
7129;5137;2591;131371;Aval
7130;5138;2591;131432;Amont
7131;5139;2592;131817;Aval
7132;5140;2592;131970;Amont
7133;5141;2593;131978;Aval
7134;5142;2593;132039;Amont
7135;5143;2594;132040;Aval
7136;5144;2594;132107;Amont
7137;5145;2595;132245;Aval
7138;5146;2595;132321;Amont
7139;5147;2596;133908;Aval
7140;5148;2596;134047;Amont
7141;5149;2597;133914;Aval
7142;5150;2597;134007;Amont
7143;5151;2598;134292;Aval
7144;5152;2598;134395;Amont
7145;5153;2599;134416;Aval
7146;5154;2599;134496;Amont
7147;5155;2600;138320;Aval
7148;5156;2600;138479;Amont
7149;5157;2601;143684;Aval
7150;5158;2601;143815;Amont
7151;5159;2602;143855;Aval
7152;5160;2602;143986;Amont
7153;5161;2603;151942;Aval
7154;5162;2603;152078;Amont
7155;5163;2604;152028;Aval
7156;5164;2604;152108;Amont
7157;5165;2605;152115;Aval
7158;5166;2605;152183;Amont
7159;5167;2606;153133;Aval
7160;5168;2606;153350;Amont
7161;5169;2607;153220;Aval
7162;5170;2607;153350;Amont
7163;5171;2608;153365;Aval
7164;5172;2608;153530;Amont
7165;5173;2609;153660;Aval
7166;5174;2609;153795;Amont
7167;5175;2610;157600;Aval
7168;5176;2610;157706;Amont
7169;5177;2611;162036;Aval
7170;5178;2611;162167;Amont
7171;5179;2612;162400;Aval
7172;5180;2612;162532;Amont
7173;5181;2613;169520;Aval
7174;5182;2613;169565;Amont
7175;5183;2614;170170;Aval
7176;5184;2614;170240;Amont
7177;5185;2615;171230;Aval
7178;5186;2615;171361;Amont
7179;5187;2616;171380;Aval
7180;5188;2616;171512;Amont
7181;5189;2617;179965;Aval
7182;5190;2617;180045;Amont
7183;5191;2618;181040;Aval
7184;5192;2618;181140;Amont
7185;5193;2619;181180;Aval
7186;5194;2619;181350;Amont
7187;5195;2620;181100;Aval
7188;5196;2620;181338;Amont
7189;5197;2621;189000;Aval
7190;5198;2621;189067;Amont
7191;5199;2622;200816;Aval
7192;5200;2622;200894;Amont
7193;5201;2623;214893;Aval
7194;5202;2623;215166;Amont
7195;5203;2624;214891;Aval
7196;5204;2624;215000;Amont
7197;5205;2625;215211;Aval
7198;5206;2625;215276;Amont
7199;5207;2626;215475;Aval
7200;5208;2626;215545;Amont
7201;5209;2627;215835;Aval
7202;5210;2627;215910;Amont
7203;5211;2628;215860;Aval
7204;5212;2628;215935;Amont
7205;5213;2629;215775;Aval
7206;5214;2629;215935;Amont
7207;5215;2630;216035;Aval
7208;5216;2630;216075;Amont
7209;5217;2631;216215;Aval
7210;5218;2631;216265;Amont
7211;5219;2632;216360;Aval
7212;5220;2632;216415;Amont
7213;5221;2633;216735;Aval
7214;5222;2633;216890;Amont
7215;5223;2634;219270;Aval
7216;5224;2634;219400;Amont
7217;5225;2635;219420;Aval
7218;5226;2635;219460;Amont
7219;5227;2636;223619;Aval
7220;5228;2636;223681;Amont
7221;5229;2637;224686;Aval
7222;5230;2637;224757;Amont
7223;5231;2638;227409;Aval
7224;5232;2638;227456;Amont
7225;5233;2639;228005;Aval
7226;5234;2639;228080;Amont
7227;5235;2640;228868;Aval
7228;5236;2640;228928;Amont
7229;5237;2641;234192;Aval
7230;5238;2641;234235;Amont
7231;5239;2642;236752;Aval
7232;5240;2642;236814;Amont
7233;5241;2643;237043;Aval
7234;5242;2643;237085;Amont
7235;5243;2644;237267;Aval
7236;5244;2644;237355;Amont
7237;5245;2645;237380;Aval
7238;5246;2645;237537;Amont
7239;5247;2646;237417;Aval
7240;5248;2646;237530;Amont
7241;5249;2647;238136;Aval
7242;5250;2647;238174;Amont
7243;5251;2648;238410;Aval
7244;5252;2648;238485;Amont
7245;5253;2649;216545;Aval
7246;5254;2649;216890;Amont
7247;5255;2650;132500;Aval
7248;5256;2650;134046;Amont
7249;5257;2651;216480;Aval
7250;5258;2651;216775;Amont
7251;5259;2652;216775;Aval
7252;5260;2652;217620;Amont
7253;5261;2653;132384;Aval
7254;5262;2653;132835;Amont
7255;5263;2654;180260;Aval
7256;5264;2654;181350;Amont
7257;5265;2655;132835;Aval
7258;5266;2655;133568;Amont
7259;5267;2656;152130;Aval
7260;5268;2656;153223;Amont
7261;5269;2657;180477;Aval
7262;5270;2657;181552;Amont
7263;5271;2658;133568;Aval
7264;5272;2658;133914;Amont
7265;5273;2659;132624;Aval
7266;5274;2659;133689;Amont
7267;5275;2660;133300;Aval
7268;5276;2660;134046;Amont
7269;5277;2661;215050;Aval
7270;5278;2661;215800;Amont
7271;5279;2662;215000;Aval
7272;5280;2662;215775;Amont
7273;5281;2663;152251;Aval
7274;5282;2663;152806;Amont
7275;5283;2664;216245;Aval
7276;5284;2664;217340;Amont
7277;5285;2665;217620;Aval
7278;5286;2665;219395;Amont
7279;5287;2666;151762;Aval
7280;5288;2666;152141;Amont
7281;5289;2667;217340;Aval
7282;5290;2667;220500;Amont
7283;5291;8961;134288;Aval
7284;5292;8961;134392;Amont
7285;5293;9393;214905;Aval
7286;5294;9393;215166;Amont
7287;5295;9396;215180;Aval
7288;5296;9396;215249;Amont
7289;5297;9397;215325;Aval
7290;5298;9397;215377;Amont
7291;5299;9398;215940;Aval
7292;5300;9398;215990;Amont
7293;5301;9405;219485;Aval
7294;5302;9405;219505;Amont
7295;5303;9406;226520;Aval
7296;5304;9406;226571;Amont
7297;5305;9413;233730;Aval
7298;5306;9413;233780;Amont
7299;5307;9420;237355;Aval
7300;5308;9420;237535;Amont
7301;5309;218;0;Aval
7302;5310;218;22193;Amont
7303;5311;1333;76179;Aval
7304;5312;1333;77740;Amont
7305;5313;2668;76179;Aval
7306;5314;2668;76259;Amont
7307;5315;219;76189;Aval
7308;5316;219;77316;Amont
7309;5317;1334;76189;Aval
7310;5318;1334;78535;Amont
7311;5319;8957;71719;Aval
7312;5320;8957;73080;Amont
7313;5321;220;225001;Aval
7314;5322;220;233100;Amont
7315;5323;221;224880;Aval
7316;5324;221;233085;Amont
7317;5325;222;81708;Aval
7318;5326;222;82687;Amont
7319;5327;223;81708;Aval
7320;5328;223;82687;Amont
7321;5329;2669;84430;Aval
7322;5330;2669;84490;Amont
7323;5331;9013;84430;Aval
7324;5332;9013;86300;Amont
7325;5333;224;181278;Aval
7326;5334;224;231409;Amont
7327;5335;225;181280;Aval
7328;5336;225;231437;Amont
7329;5337;2670;180220;Aval
7330;5338;2670;181280;Amont
7331;5339;2671;180230;Aval
7332;5340;2671;181278;Amont
7333;5341;2672;205097;Aval
7334;5342;2672;206173;Amont
7335;5343;2673;222880;Aval
7336;5344;2673;224034;Amont
7337;5345;2674;189800;Aval
7338;5346;2674;189845;Amont
7339;5347;2675;190544;Aval
7340;5348;2675;190577;Amont
7341;5349;2676;204395;Aval
7342;5350;2676;204522;Amont
7343;5351;2677;205067;Aval
7344;5352;2677;205097;Amont
7345;5353;2678;206173;Aval
7346;5354;2678;206208;Amont
7347;5355;2679;220475;Aval
7348;5356;2679;220521;Amont
7349;5357;2680;222740;Aval
7350;5358;2680;222880;Amont
7351;5359;2681;223030;Aval
7352;5360;2681;223075;Amont
7353;5361;2682;223800;Aval
7354;5362;2682;223923;Amont
7355;5363;2683;230541;Aval
7356;5364;2683;230648;Amont
7357;5365;2684;230536;Aval
7358;5366;2684;230648;Amont
7359;5367;2685;230813;Aval
7360;5368;2685;230875;Amont
7361;5369;2686;230876;Aval
7362;5370;2686;230973;Amont
7363;5371;2687;230874;Aval
7364;5372;2687;230923;Amont
7365;5373;2688;230993;Aval
7366;5374;2688;231054;Amont
7367;5375;226;0;Aval
7368;5376;226;1250;Amont
7369;5377;227;0;Aval
7370;5378;227;1240;Amont
7371;5379;228;48064;Aval
7372;5380;228;48600;Amont
7373;5381;229;68675;Aval
7374;5382;229;81589;Amont
7375;5383;2689;80659;Aval
7376;5384;2689;81589;Amont
7377;5385;2690;81050;Aval
7378;5386;2690;81105;Amont
7379;5387;9347;69725;Aval
7380;5388;9347;70542;Amont
7381;5389;230;223927;Aval
7382;5390;230;241680;Amont
7383;5391;231;223927;Aval
7384;5392;231;242658;Amont
7385;5393;2691;241903;Aval
7386;5394;2691;242605;Amont
7387;5395;2692;235045;Aval
7388;5396;2692;235090;Amont
7389;5397;2693;235814;Aval
7390;5398;2693;235860;Amont
7391;5399;2694;238248;Aval
7392;5400;2694;238295;Amont
7393;5401;2695;239155;Aval
7394;5402;2695;239235;Amont
7395;5403;232;48730;Aval
7396;5404;232;49814;Amont
7397;5405;233;243835;Aval
7398;5406;233;245285;Amont
7399;5407;234;34167;Aval
7400;5408;234;42950;Amont
7401;5409;235;218224;Aval
7402;5410;235;222605;Amont
7403;5411;2696;222605;Aval
7404;5412;2696;223881;Amont
7405;5413;2697;222605;Aval
7406;5414;2697;223816;Amont
7407;5415;2698;223881;Aval
7408;5416;2698;224047;Amont
7409;5417;2699;223816;Aval
7410;5418;2699;224096;Amont
7411;5419;2700;219142;Aval
7412;5420;2700;219610;Amont
7413;5421;9310;222811;Aval
7414;5422;9310;222851;Amont
7415;5423;9311;223777;Aval
7416;5424;9311;223816;Amont
7417;5425;9312;223837;Aval
7418;5426;9312;223881;Amont
7419;5427;236;118175;Aval
7420;5428;236;148760;Amont
7421;5429;237;170984;Aval
7422;5430;237;220064;Amont
7423;5431;238;220064;Aval
7424;5432;238;223948;Amont
7425;5433;239;220064;Aval
7426;5434;239;223965;Amont
7427;5435;2701;193793;Aval
7428;5436;2701;194900;Amont
7429;5437;2702;193878;Aval
7430;5438;2702;194719;Amont
7431;5439;2703;194173;Aval
7432;5440;2703;194672;Amont
7433;5441;2704;194238;Aval
7434;5442;2704;194835;Amont
7435;5443;2705;208133;Aval
7436;5444;2705;209091;Amont
7437;5445;2706;118720;Aval
7438;5446;2706;119570;Amont
7439;5447;2707;193960;Aval
7440;5448;2707;194049;Amont
7441;5449;2708;194064;Aval
7442;5450;2708;194435;Amont
7443;5451;2709;220726;Aval
7444;5452;2709;220770;Amont
7445;5453;2710;222974;Aval
7446;5454;2710;223061;Amont
7447;5455;2711;222953;Aval
7448;5456;2711;223012;Amont
7449;5457;2712;223700;Aval
7450;5458;2712;223768;Amont
7451;5459;9284;193742;Aval
7452;5460;9284;193878;Amont
7453;5461;242;0;Aval
7454;5462;242;107450;Amont
7455;5463;243;187;Aval
7456;5464;243;107409;Amont
7457;5465;2714;106665;Aval
7458;5466;2714;107515;Amont
7459;5467;2715;78240;Aval
7460;5468;2715;79025;Amont
7461;5469;2716;106666;Aval
7462;5470;2716;106966;Amont
7463;5471;2717;106720;Aval
7464;5472;2717;107500;Amont
7465;5473;2718;106754;Aval
7466;5474;2718;107120;Amont
7467;5475;2719;106595;Aval
7468;5476;2719;107160;Amont
7469;5477;2720;107160;Aval
7470;5478;2720;107552;Amont
7471;5479;2721;2020;Aval
7472;5480;2721;2075;Amont
7473;5481;2722;2080;Aval
7474;5482;2722;2155;Amont
7475;5483;2723;2376;Aval
7476;5484;2723;2640;Amont
7477;5485;2724;5520;Aval
7478;5486;2724;5584;Amont
7479;5487;2725;5602;Aval
7480;5488;2725;5660;Amont
7481;5489;2726;37330;Aval
7482;5490;2726;37500;Amont
7483;5491;2727;37483;Aval
7484;5492;2727;37530;Amont
7485;5493;2728;38504;Aval
7486;5494;2728;38551;Amont
7487;5495;2729;45952;Aval
7488;5496;2729;46014;Amont
7489;5497;2730;47392;Aval
7490;5498;2730;47454;Amont
7491;5499;2731;58572;Aval
7492;5500;2731;58613;Amont
7493;5501;2732;58719;Aval
7494;5502;2732;58746;Amont
7495;5503;2733;59737;Aval
7496;5504;2733;59765;Amont
7497;5505;2734;77955;Aval
7498;5506;2734;78010;Amont
7499;5507;2735;78000;Aval
7500;5508;2735;78140;Amont
7501;5509;2736;78153;Aval
7502;5510;2736;78240;Amont
7503;5511;2737;79025;Aval
7504;5512;2737;79044;Amont
7505;5513;2738;79256;Aval
7506;5514;2738;79340;Amont
7507;5515;2739;96964;Aval
7508;5516;2739;97007;Amont
7509;5517;2740;97700;Aval
7510;5518;2740;97742;Amont
7511;5519;2741;105974;Aval
7512;5520;2741;106015;Amont
7513;5521;2742;106471;Aval
7514;5522;2742;106534;Amont
7515;5523;2743;106546;Aval
7516;5524;2743;106592;Amont
7517;5525;2744;106592;Aval
7518;5526;2744;106754;Amont
7519;5527;2745;106666;Aval
7520;5528;2745;106720;Amont
7521;5529;2746;106595;Aval
7522;5530;2746;106787;Amont
7523;5531;2747;107046;Aval
7524;5532;2747;107160;Amont
7525;5533;2748;107067;Aval
7526;5534;2748;107119;Amont
7527;5535;2749;107067;Aval
7528;5536;2749;107119;Amont
7529;5537;2750;107409;Aval
7530;5538;2750;107552;Amont
7531;5539;2751;106373;Aval
7532;5540;2751;106595;Amont
7533;5541;2752;106754;Aval
7534;5542;2752;107515;Amont
7535;5543;8956;71597;Aval
7536;5544;8956;71678;Amont
7537;5545;8973;2376;Aval
7538;5546;8973;2640;Amont
7539;5547;8974;2445;Aval
7540;5548;8974;2460;Amont
7541;5549;8980;4820;Aval
7542;5550;8980;5520;Amont
7543;5551;8981;4820;Aval
7544;5552;8981;5576;Amont
7545;5553;8983;3700;Aval
7546;5554;8983;4480;Amont
7547;5555;8993;1184;Aval
7548;5556;8993;4100;Amont
7549;5557;8994;2597;Aval
7550;5558;8994;3842;Amont
7551;5559;8995;3751;Aval
7552;5560;8995;3900;Amont
7553;5561;8997;38780;Aval
7554;5562;8997;38850;Amont
7555;5563;244;128590;Aval
7556;5564;244;130646;Amont
7557;5565;245;128635;Aval
7558;5566;245;129602;Amont
7559;5567;246;250251;Aval
7560;5568;246;260928;Amont
7561;5569;247;216970;Aval
7562;5570;247;246994;Amont
7563;5571;248;216970;Aval
7564;5572;248;246994;Amont
7565;5573;2753;227077;Aval
7566;5574;2753;228102;Amont
7567;5575;2754;259416;Aval
7568;5576;2754;260340;Amont
7569;5577;2755;229143;Aval
7570;5578;2755;229795;Amont
7571;5579;2756;217095;Aval
7572;5580;2756;217149;Amont
7573;5581;2757;226066;Aval
7574;5582;2757;226123;Amont
7575;5583;2758;229002;Aval
7576;5584;2758;229042;Amont
7577;5585;2759;229637;Aval
7578;5586;2759;229703;Amont
7579;5587;2760;229680;Aval
7580;5588;2760;229785;Amont
7581;5589;2761;233669;Aval
7582;5590;2761;233731;Amont
7583;5591;2762;244022;Aval
7584;5592;2762;244075;Amont
7585;5593;2763;255682;Aval
7586;5594;2763;255695;Amont
7587;5595;2764;228202;Aval
7588;5596;2764;229204;Amont
7589;5597;2765;226913;Aval
7590;5598;2765;228202;Amont
7591;5599;2766;226274;Aval
7592;5600;2766;227082;Amont
7593;5601;2767;226223;Aval
7594;5602;2767;227077;Amont
7595;5603;9308;229716;Aval
7596;5604;9308;229781;Amont
7597;5605;9320;251760;Aval
7598;5606;9320;252186;Amont
7599;5607;9322;255375;Aval
7600;5608;9322;255734;Amont
7601;5609;9324;255400;Aval
7602;5610;9324;255564;Amont
7603;5611;9325;255470;Aval
7604;5612;9325;256135;Amont
7605;5613;249;246560;Aval
7606;5614;249;246972;Amont
7607;5615;250;248168;Aval
7608;5616;250;250603;Amont
7609;5617;251;246972;Aval
7610;5618;251;248168;Amont
7611;5619;252;246972;Aval
7612;5620;252;248168;Amont
7613;5621;2768;250603;Aval
7614;5622;2768;251450;Amont
7615;5623;2769;251450;Aval
7616;5624;2769;251975;Amont
7617;5625;253;1327;Aval
7618;5626;253;3228;Amont
7619;5627;2770;1327;Aval
7620;5628;2770;1492;Amont
7621;5629;254;2085;Aval
7622;5630;254;81455;Amont
7623;5631;255;82504;Aval
7624;5632;255;123392;Amont
7625;5633;256;2085;Aval
7626;5634;256;81455;Amont
7627;5635;257;82504;Aval
7628;5636;257;123436;Amont
7629;5637;2771;21842;Aval
7630;5638;2771;22470;Amont
7631;5639;2772;109521;Aval
7632;5640;2772;110485;Amont
7633;5641;2773;22071;Aval
7634;5642;2773;22420;Amont
7635;5643;2774;21928;Aval
7636;5644;2774;22871;Amont
7637;5645;2775;47022;Aval
7638;5646;2775;47847;Amont
7639;5647;2776;122340;Aval
7640;5648;2776;123436;Amont
7641;5649;2777;46816;Aval
7642;5650;2777;48010;Amont
7643;5651;2778;122453;Aval
7644;5652;2778;123039;Amont
7645;5653;2779;2420;Aval
7646;5654;2779;2502;Amont
7647;5655;2780;6151;Aval
7648;5656;2780;6212;Amont
7649;5657;2781;21581;Aval
7650;5658;2781;21660;Amont
7651;5659;2782;21742;Aval
7652;5660;2782;21842;Amont
7653;5661;2783;22360;Aval
7654;5662;2783;22408;Amont
7655;5663;2784;22871;Aval
7656;5664;2784;22909;Amont
7657;5665;2785;35220;Aval
7658;5666;2785;35347;Amont
7659;5667;2786;45138;Aval
7660;5668;2786;45198;Amont
7661;5669;2787;46445;Aval
7662;5670;2787;46572;Amont
7663;5671;2788;46709;Aval
7664;5672;2788;46788;Amont
7665;5673;2789;46972;Aval
7666;5674;2789;47103;Amont
7667;5675;2790;47860;Aval
7668;5676;2790;47948;Amont
7669;5677;2791;48010;Aval
7670;5678;2791;48080;Amont
7671;5679;2792;51118;Aval
7672;5680;2792;51164;Amont
7673;5681;2793;65585;Aval
7674;5682;2793;65619;Amont
7675;5683;2794;66672;Aval
7676;5684;2794;66719;Amont
7677;5685;2795;78832;Aval
7678;5686;2795;78860;Amont
7679;5687;2796;78885;Aval
7680;5688;2796;78913;Amont
7681;5689;2797;79470;Aval
7682;5690;2797;79528;Amont
7683;5691;2798;83598;Aval
7684;5692;2798;83659;Amont
7685;5693;2799;93017;Aval
7686;5694;2799;93077;Amont
7687;5695;2800;93985;Aval
7688;5696;2800;94050;Amont
7689;5697;2801;109341;Aval
7690;5698;2801;109395;Amont
7691;5699;2802;110180;Aval
7692;5700;2802;110245;Amont
7693;5701;2803;110485;Aval
7694;5702;2803;110502;Amont
7695;5703;2804;114627;Aval
7696;5704;2804;114681;Amont
7697;5705;2805;122236;Aval
7698;5706;2805;122296;Amont
7699;5707;8622;6035;Aval
7700;5708;8622;6117;Amont
7701;5709;9368;47457;Aval
7702;5710;9368;47945;Amont
7703;5711;9433;2138;Aval
7704;5712;9433;2219;Amont
7705;5713;258;0;Aval
7706;5714;258;1044;Amont
7707;5715;259;0;Aval
7708;5716;259;1044;Amont
7709;5717;260;246512;Aval
7710;5718;260;262916;Amont
7711;5719;261;271375;Aval
7712;5720;261;275109;Amont
7713;5721;262;276832;Aval
7714;5722;262;287924;Amont
7715;5723;2806;279380;Aval
7716;5724;2806;280082;Amont
7717;5725;2807;287497;Aval
7718;5726;2807;287906;Amont
7719;5727;263;2156;Aval
7720;5728;263;14619;Amont
7721;5729;264;2220;Aval
7722;5730;264;14619;Amont
7723;5731;2808;3868;Aval
7724;5732;2808;3952;Amont
7725;5733;2809;7161;Aval
7726;5734;2809;7205;Amont
7727;5735;2810;7518;Aval
7728;5736;2810;7550;Amont
7729;5737;2811;12372;Aval
7730;5738;2811;12437;Amont
7731;5739;9443;7198;Aval
7732;5740;9443;7518;Amont
7733;5741;266;17070;Aval
7734;5742;266;18555;Amont
7735;5743;29;249368;Aval
7736;5744;267;742;Aval
7737;5745;267;250908;Amont
7738;5746;268;742;Aval
7739;5747;268;250908;Amont
7740;5748;1335;35985;Aval
7741;5749;1335;42325;Amont
7742;5750;1336;28933;Aval
7743;5751;1336;29800;Amont
7744;5752;1337;2360;Aval
7745;5753;1337;2688;Amont
7746;5754;1338;1080;Aval
7747;5755;1338;2688;Amont
7748;5756;1339;585;Aval
7749;5757;1339;2688;Amont
7750;5758;1340;660;Aval
7751;5759;1340;6544;Amont
7752;5760;1341;0;Aval
7753;5761;1341;7806;Amont
7754;5762;1342;0;Aval
7755;5763;1342;2910;Amont
7756;5764;1343;580;Aval
7757;5765;1343;6441;Amont
7758;5766;1344;742;Aval
7759;5767;1344;1960;Amont
7760;5768;1345;742;Aval
7761;5769;1345;1900;Amont
7762;5770;1346;920;Aval
7763;5771;1346;1825;Amont
7764;5772;1348;249818;Aval
7765;5773;1349;620;Aval
7766;5774;1349;2688;Amont
7767;5775;1350;925;Aval
7768;5776;1350;1540;Amont
7769;5777;1351;665;Aval
7770;5778;1351;6462;Amont
7771;5779;1352;0;Aval
7772;5780;1352;7892;Amont
7773;5781;1353;0;Aval
7774;5782;1353;3320;Amont
7775;5783;1354;2688;Aval
7776;5784;1354;5452;Amont
7777;5785;1355;580;Aval
7778;5786;1355;6502;Amont
7779;5787;1356;4080;Aval
7780;5788;1356;5865;Amont
7781;5789;2814;311;Aval
7782;5790;2814;412;Amont
7783;5791;2815;191705;Aval
7784;5792;2815;192426;Amont
7785;5793;2816;125430;Aval
7786;5794;2816;127430;Amont
7787;5795;2817;250496;Aval
7788;5796;2817;250815;Amont
7789;5797;2818;0;Aval
7790;5798;2818;742;Amont
7791;5799;2819;50055;Aval
7792;5800;2819;50509;Amont
7793;5801;2820;250317;Aval
7794;5802;2820;250815;Amont
7795;5803;2821;0;Aval
7796;5804;2821;742;Amont
7797;5805;2822;0;Aval
7798;5806;2822;620;Amont
7799;5807;2823;250510;Aval
7800;5808;2823;250862;Amont
7801;5809;2824;0;Aval
7802;5810;2824;450;Amont
7803;5811;2825;250521;Aval
7804;5812;2825;250862;Amont
7805;5813;2826;250268;Aval
7806;5814;2826;250862;Amont
7807;5815;2827;0;Aval
7808;5816;2827;742;Amont
7809;5817;2828;0;Aval
7810;5818;2828;360;Amont
7811;5819;2829;250564;Aval
7812;5820;2829;250862;Amont
7813;5821;2830;0;Aval
7814;5822;2830;400;Amont
7815;5823;2831;250538;Aval
7816;5824;2831;250862;Amont
7817;5825;2832;0;Aval
7818;5826;2832;450;Amont
7819;5827;2833;0;Aval
7820;5828;2833;605;Amont
7821;5829;2834;0;Aval
7822;5830;2834;745;Amont
7823;5831;2835;215432;Aval
7824;5832;2835;216720;Amont
7825;5833;2836;160;Aval
7826;5834;2836;438;Amont
7827;5835;2837;191806;Aval
7828;5836;2837;192413;Amont
7829;5837;2838;250307;Aval
7830;5838;2838;250908;Amont
7831;5839;2839;0;Aval
7832;5840;2839;660;Amont
7833;5841;2840;0;Aval
7834;5842;2840;665;Amont
7835;5843;2841;78522;Aval
7836;5844;2841;80030;Amont
7837;5845;2842;93996;Aval
7838;5846;2842;95098;Amont
7839;5847;2843;138896;Aval
7840;5848;2843;140024;Amont
7841;5849;2844;154732;Aval
7842;5850;2844;155895;Amont
7843;5851;2845;192197;Aval
7844;5852;2845;192636;Amont
7845;5853;2846;217135;Aval
7846;5854;2846;217728;Amont
7847;5855;2847;238419;Aval
7848;5856;2847;239595;Amont
7849;5857;2848;0;Aval
7850;5858;2848;660;Amont
7851;5859;2849;0;Aval
7852;5860;2849;585;Amont
7853;5861;2850;0;Aval
7854;5862;2850;620;Amont
7855;5863;2851;0;Aval
7856;5864;2851;620;Amont
7857;5865;2852;0;Aval
7858;5866;2852;580;Amont
7859;5867;2853;0;Aval
7860;5868;2853;580;Amont
7861;5869;2854;0;Aval
7862;5870;2854;580;Amont
7863;5871;2855;0;Aval
7864;5872;2855;745;Amont
7865;5873;2856;0;Aval
7866;5874;2856;465;Amont
7867;5875;2857;64783;Aval
7868;5876;2857;66234;Amont
7869;5877;2858;94917;Aval
7870;5878;2858;96112;Amont
7871;5879;2859;154733;Aval
7872;5880;2859;155890;Amont
7873;5881;2860;173641;Aval
7874;5882;2860;174856;Amont
7875;5883;2861;217000;Aval
7876;5884;2861;217927;Amont
7877;5885;2862;238562;Aval
7878;5886;2862;239471;Amont
7879;5887;2863;50475;Aval
7880;5888;2863;50789;Amont
7881;5889;2864;125232;Aval
7882;5890;2864;126250;Amont
7883;5891;2865;217078;Aval
7884;5892;2865;217739;Amont
7885;5893;2866;0;Aval
7886;5894;2866;742;Amont
7887;5895;2867;0;Aval
7888;5896;2867;450;Amont
7889;5897;2868;217068;Aval
7890;5898;2868;217730;Amont
7891;5899;2869;0;Aval
7892;5900;2869;585;Amont
7893;5901;2870;49908;Aval
7894;5902;2870;50527;Amont
7895;5903;2871;217498;Aval
7896;5904;2871;217705;Amont
7897;5905;2872;0;Aval
7898;5906;2872;742;Amont
7899;5907;2873;50090;Aval
7900;5908;2873;50447;Amont
7901;5909;2874;191810;Aval
7902;5910;2874;192380;Amont
7903;5911;2875;217498;Aval
7904;5912;2875;217927;Amont
7905;5913;2876;0;Aval
7906;5914;2876;742;Amont
7907;5915;2877;14258;Aval
7908;5916;2877;14870;Amont
7909;5917;2878;217092;Aval
7910;5918;2878;218628;Amont
7911;5919;2879;50040;Aval
7912;5920;2879;51722;Amont
7913;5921;2880;14372;Aval
7914;5922;2880;14870;Amont
7915;5923;2881;217090;Aval
7916;5924;2881;218607;Amont
7917;5925;2882;127306;Aval
7918;5926;2882;128158;Amont
7919;5927;2883;127306;Aval
7920;5928;2883;127760;Amont
7921;5929;2884;45607;Aval
7922;5930;2884;49340;Amont
7923;5931;2885;3280;Aval
7924;5932;2885;3860;Amont
7925;5933;2886;745;Aval
7926;5934;2886;2975;Amont
7927;5935;2887;50040;Aval
7928;5936;2887;51728;Amont
7929;5937;2888;3125;Aval
7930;5938;2888;3710;Amont
7931;5939;2889;742;Aval
7932;5940;2889;3125;Amont
7933;5941;2890;49405;Aval
7934;5942;2890;50720;Amont
7935;5943;2891;6670;Aval
7936;5944;2891;7383;Amont
7937;5945;2892;3445;Aval
7938;5946;2892;3800;Amont
7939;5947;2893;190335;Aval
7940;5948;2893;191755;Amont
7941;5949;2894;49575;Aval
7942;5950;2894;50662;Amont
7943;5951;2895;249482;Aval
7944;5952;2896;128670;Aval
7945;5953;2896;130550;Amont
7946;5954;2897;255;Aval
7947;5955;2897;390;Amont
7948;5956;2898;255;Aval
7949;5957;2898;365;Amont
7950;5958;2899;310;Aval
7951;5959;2899;445;Amont
7952;5960;2900;310;Aval
7953;5961;2900;390;Amont
7954;5962;2901;310;Aval
7955;5963;2901;390;Amont
7956;5964;2902;330;Aval
7957;5965;2902;415;Amont
7958;5966;2903;330;Aval
7959;5967;2903;415;Amont
7960;5968;2904;365;Aval
7961;5969;2904;470;Amont
7962;5970;2905;365;Aval
7963;5971;2905;440;Amont
7964;5972;2906;366;Aval
7965;5973;2906;445;Amont
7966;5974;2907;380;Aval
7967;5975;2907;470;Amont
7968;5976;2908;380;Aval
7969;5977;2908;470;Amont
7970;5978;2909;405;Aval
7971;5979;2909;485;Amont
7972;5980;2910;405;Aval
7973;5981;2910;485;Amont
7974;5982;2911;435;Aval
7975;5983;2911;515;Amont
7976;5984;2912;435;Aval
7977;5985;2912;515;Amont
7978;5986;2913;445;Aval
7979;5987;2913;530;Amont
7980;5988;2914;446;Aval
7981;5989;2914;530;Amont
7982;5990;2915;460;Aval
7983;5991;2915;550;Amont
7984;5992;2916;460;Aval
7985;5993;2916;550;Amont
7986;5994;2917;475;Aval
7987;5995;2917;560;Amont
7988;5996;2918;475;Aval
7989;5997;2918;560;Amont
7990;5998;2919;475;Aval
7991;5999;2919;560;Amont
7992;6000;2920;475;Aval
7993;6001;2920;560;Amont
7994;6002;2921;475;Aval
7995;6003;2921;560;Amont
7996;6004;2922;475;Aval
7997;6005;2922;560;Amont
7998;6006;2923;475;Aval
7999;6007;2923;560;Amont
8000;6008;2924;475;Aval
8001;6009;2924;560;Amont
8002;6010;2925;500;Aval
8003;6011;2925;580;Amont
8004;6012;2926;500;Aval
8005;6013;2926;665;Amont
8006;6014;2927;500;Aval
8007;6015;2927;585;Amont
8008;6016;2928;516;Aval
8009;6017;2928;605;Amont
8010;6018;2929;516;Aval
8011;6019;2929;605;Amont
8012;6020;2930;570;Aval
8013;6021;2930;655;Amont
8014;6022;2931;570;Aval
8015;6023;2931;655;Amont
8016;6024;2932;570;Aval
8017;6025;2932;655;Amont
8018;6026;2933;570;Aval
8019;6027;2933;655;Amont
8020;6028;2934;570;Aval
8021;6029;2934;655;Amont
8022;6030;2935;645;Aval
8023;6031;2935;740;Amont
8024;6032;2936;645;Aval
8025;6033;2936;730;Amont
8026;6034;2937;660;Aval
8027;6035;2937;742;Amont
8028;6036;2938;660;Aval
8029;6037;2938;742;Amont
8030;6038;2939;660;Aval
8031;6039;2939;742;Amont
8032;6040;2940;660;Aval
8033;6041;2940;742;Amont
8034;6042;2941;660;Aval
8035;6043;2941;742;Amont
8036;6044;2942;660;Aval
8037;6045;2942;742;Amont
8038;6046;2943;670;Aval
8039;6047;2943;806;Amont
8040;6048;2944;670;Aval
8041;6049;2944;806;Amont
8042;6050;2945;710;Aval
8043;6051;2945;785;Amont
8044;6052;2946;745;Aval
8045;6053;2946;830;Amont
8046;6054;2947;745;Aval
8047;6055;2947;830;Amont
8048;6056;2948;745;Aval
8049;6057;2948;830;Amont
8050;6058;2949;745;Aval
8051;6059;2949;830;Amont
8052;6060;2950;745;Aval
8053;6061;2950;830;Amont
8054;6062;2951;745;Aval
8055;6063;2951;830;Amont
8056;6064;2952;745;Aval
8057;6065;2952;830;Amont
8058;6066;2953;745;Aval
8059;6067;2953;830;Amont
8060;6068;2954;915;Aval
8061;6069;2954;1010;Amont
8062;6070;2955;980;Aval
8063;6071;2955;1040;Amont
8064;6072;2956;1020;Aval
8065;6073;2956;1245;Amont
8066;6074;2957;1020;Aval
8067;6075;2957;1210;Amont
8068;6076;2958;1180;Aval
8069;6077;2958;1310;Amont
8070;6078;2959;1230;Aval
8071;6079;2959;1315;Amont
8072;6080;2960;1300;Aval
8073;6081;2960;1385;Amont
8074;6082;2961;1325;Aval
8075;6083;2961;1450;Amont
8076;6084;2962;1600;Aval
8077;6085;2962;1890;Amont
8078;6086;2963;1670;Aval
8079;6087;2963;1800;Amont
8080;6088;2964;1680;Aval
8081;6089;2964;1815;Amont
8082;6090;2965;1720;Aval
8083;6091;2965;1815;Amont
8084;6092;2966;1845;Aval
8085;6093;2966;2620;Amont
8086;6094;2967;1860;Aval
8087;6095;2967;1990;Amont
8088;6096;2968;2165;Aval
8089;6097;2968;2250;Amont
8090;6098;2969;2390;Aval
8091;6099;2969;2500;Amont
8092;6100;2970;2080;Aval
8093;6101;2970;2470;Amont
8094;6102;2971;2465;Aval
8095;6103;2971;2555;Amont
8096;6104;2972;2471;Aval
8097;6105;2972;2615;Amont
8098;6106;2973;2480;Aval
8099;6107;2973;2688;Amont
8100;6108;2974;2688;Aval
8101;6109;2974;2850;Amont
8102;6110;2975;2740;Aval
8103;6111;2975;2814;Amont
8104;6112;2976;2835;Aval
8105;6113;2976;2910;Amont
8106;6114;2977;3080;Aval
8107;6115;2977;3300;Amont
8108;6116;2978;3125;Aval
8109;6117;2978;3280;Amont
8110;6118;2979;3260;Aval
8111;6119;2979;3345;Amont
8112;6120;2980;3330;Aval
8113;6121;2980;3630;Amont
8114;6122;2981;3590;Aval
8115;6123;2981;3651;Amont
8116;6124;2982;3646;Aval
8117;6125;2982;3709;Amont
8118;6126;2983;3656;Aval
8119;6127;2983;3738;Amont
8120;6128;2984;3710;Aval
8121;6129;2984;3780;Amont
8122;6130;2985;3835;Aval
8123;6131;2985;3992;Amont
8124;6132;2986;3940;Aval
8125;6133;2986;4080;Amont
8126;6134;2987;4340;Aval
8127;6135;2987;4466;Amont
8128;6136;2988;4935;Aval
8129;6137;2988;4996;Amont
8130;6138;2989;5415;Aval
8131;6139;2989;5578;Amont
8132;6140;2990;5455;Aval
8133;6141;2990;5574;Amont
8134;6142;2991;5465;Aval
8135;6143;2991;5560;Amont
8136;6144;2992;5488;Aval
8137;6145;2992;5619;Amont
8138;6146;2993;5571;Aval
8139;6147;2993;5662;Amont
8140;6148;2994;5590;Aval
8141;6149;2994;5752;Amont
8142;6150;2995;5612;Aval
8143;6151;2995;5694;Amont
8144;6152;2996;5655;Aval
8145;6153;2996;5787;Amont
8146;6154;2997;6241;Aval
8147;6155;2997;6334;Amont
8148;6156;2998;6261;Aval
8149;6157;2998;6364;Amont
8150;6158;2999;6462;Aval
8151;6159;2999;6534;Amont
8152;6160;3000;6441;Aval
8153;6161;3000;6502;Amont
8154;6162;3001;6525;Aval
8155;6163;3001;6585;Amont
8156;6164;3002;6701;Aval
8157;6165;3002;6870;Amont
8158;6166;3003;6740;Aval
8159;6167;3003;6803;Amont
8160;6168;3004;7182;Aval
8161;6169;3004;7353;Amont
8162;6170;3005;7806;Aval
8163;6171;3005;7892;Amont
8164;6172;3006;7921;Aval
8165;6173;3006;8019;Amont
8166;6174;3007;8049;Aval
8167;6175;3007;8128;Amont
8168;6176;3008;8466;Aval
8169;6177;3008;8530;Amont
8170;6178;3009;8715;Aval
8171;6179;3009;8777;Amont
8172;6180;3010;10147;Aval
8173;6181;3010;10372;Amont
8174;6182;3011;10615;Aval
8175;6183;3011;10695;Amont
8176;6184;3012;10712;Aval
8177;6185;3012;10817;Amont
8178;6186;3013;10740;Aval
8179;6187;3013;10817;Amont
8180;6188;3014;14320;Aval
8181;6189;3014;14400;Amont
8182;6190;3015;14430;Aval
8183;6191;3015;14580;Amont
8184;6192;3018;16900;Aval
8185;6193;3018;17150;Amont
8186;6194;3019;18246;Aval
8187;6195;3019;18500;Amont
8188;6196;3020;18530;Aval
8189;6197;3020;18658;Amont
8190;6198;3021;18726;Aval
8191;6199;3021;18754;Amont
8192;6200;3022;18900;Aval
8193;6201;3022;18989;Amont
8194;6202;3023;19028;Aval
8195;6203;3023;19110;Amont
8196;6204;3024;19560;Aval
8197;6205;3024;19670;Amont
8198;6206;3025;28870;Aval
8199;6207;3025;28933;Amont
8200;6208;3026;28966;Aval
8201;6209;3026;29136;Amont
8202;6210;3027;29001;Aval
8203;6211;3027;29060;Amont
8204;6212;3028;29800;Aval
8205;6213;3028;29820;Amont
8206;6214;3029;33705;Aval
8207;6215;3029;33942;Amont
8208;6216;3030;34009;Aval
8209;6217;3030;34166;Amont
8210;6218;3031;34120;Aval
8211;6219;3031;34360;Amont
8212;6220;3032;34180;Aval
8213;6221;3032;34339;Amont
8214;6222;3033;35260;Aval
8215;6223;3033;35489;Amont
8216;6224;3034;35429;Aval
8217;6225;3034;35681;Amont
8218;6226;3035;35779;Aval
8219;6227;3035;35945;Amont
8220;6228;3036;35785;Aval
8221;6229;3036;35985;Amont
8222;6230;3037;41320;Aval
8223;6231;3037;41387;Amont
8224;6232;3038;45780;Aval
8225;6233;3038;45966;Amont
8226;6234;3039;49296;Aval
8227;6235;3039;49390;Amont
8228;6236;3040;49820;Aval
8229;6237;3040;49881;Amont
8230;6238;3041;50055;Aval
8231;6239;3041;50095;Amont
8232;6240;3042;50414;Aval
8233;6241;3042;50475;Amont
8234;6242;3043;50736;Aval
8235;6243;3043;50857;Amont
8236;6244;3044;50756;Aval
8237;6245;3044;50788;Amont
8238;6246;3045;50835;Aval
8239;6247;3045;50898;Amont
8240;6248;3046;51905;Aval
8241;6249;3046;52036;Amont
8242;6250;3047;52169;Aval
8243;6251;3047;52300;Amont
8244;6252;3048;64603;Aval
8245;6253;3048;64686;Amont
8246;6254;3049;66265;Aval
8247;6255;3049;66396;Amont
8248;6256;3050;78403;Aval
8249;6257;3050;78486;Amont
8250;6258;3051;80078;Aval
8251;6259;3051;80161;Amont
8252;6260;3052;93528;Aval
8253;6261;3052;93610;Amont
8254;6262;3053;95213;Aval
8255;6263;3053;95344;Amont
8256;6264;3054;111043;Aval
8257;6265;3054;111125;Amont
8258;6266;3055;111174;Aval
8259;6267;3055;111254;Amont
8260;6268;3056;122791;Aval
8261;6269;3056;122875;Amont
8262;6270;3057;122897;Aval
8263;6271;3057;122981;Amont
8264;6272;3058;125392;Aval
8265;6273;3058;125454;Amont
8266;6274;3059;125490;Aval
8267;6275;3059;125622;Amont
8268;6276;3060;126250;Aval
8269;6277;3060;126340;Amont
8270;6278;3061;127340;Aval
8271;6279;3061;127430;Amont
8272;6280;3062;128500;Aval
8273;6281;3062;129020;Amont
8274;6282;3063;128500;Aval
8275;6283;3063;129000;Amont
8276;6284;3064;130718;Aval
8277;6285;3064;130829;Amont
8278;6286;3065;130830;Aval
8279;6287;3065;130941;Amont
8280;6288;3066;138792;Aval
8281;6289;3066;138854;Amont
8282;6290;3067;140119;Aval
8283;6291;3067;140187;Amont
8284;6292;3068;154533;Aval
8285;6293;3068;154614;Amont
8286;6294;3069;155927;Aval
8287;6295;3069;156009;Amont
8288;6296;3070;173522;Aval
8289;6297;3070;173605;Amont
8290;6298;3071;174857;Aval
8291;6299;3071;174939;Amont
8292;6300;3072;182764;Aval
8293;6301;3072;182827;Amont
8294;6302;3073;183942;Aval
8295;6303;3073;183992;Amont
8296;6304;3074;189607;Aval
8297;6305;3074;189755;Amont
8298;6306;3075;189715;Aval
8299;6307;3075;189790;Amont
8300;6308;3076;189919;Aval
8301;6309;3076;190003;Amont
8302;6310;3077;189800;Aval
8303;6311;3077;189950;Amont
8304;6312;3078;190244;Aval
8305;6313;3078;190335;Amont
8306;6314;3079;191563;Aval
8307;6315;3079;191720;Amont
8308;6316;3080;191517;Aval
8309;6317;3080;191623;Amont
8310;6318;3081;192377;Aval
8311;6319;3081;192565;Amont
8312;6320;3082;192520;Aval
8313;6321;3082;192636;Amont
8314;6322;3083;199105;Aval
8315;6323;3083;199340;Amont
8316;6324;3084;204607;Aval
8317;6325;3084;204651;Amont
8318;6326;3085;211891;Aval
8319;6327;3085;211925;Amont
8320;6328;3086;215234;Aval
8321;6329;3086;215295;Amont
8322;6330;3087;216635;Aval
8323;6331;3087;216779;Amont
8324;6332;3088;212956;Aval
8325;6333;3088;213015;Amont
8326;6334;3089;218380;Aval
8327;6335;3089;218422;Amont
8328;6336;3090;231624;Aval
8329;6337;3090;231658;Amont
8330;6338;3091;238530;Aval
8331;6339;3091;238642;Amont
8332;6340;3092;239492;Aval
8333;6341;3092;239543;Amont
8334;6342;3093;239595;Aval
8335;6343;3093;239631;Amont
8336;6344;3094;248300;Aval
8337;6345;3094;248400;Amont
8338;6346;3095;248502;Aval
8339;6347;3095;248703;Amont
8340;6348;3096;248703;Aval
8341;6349;3096;248812;Amont
8342;6350;3097;248885;Aval
8343;6351;3097;248989;Amont
8344;6352;3098;248963;Aval
8345;6353;3098;249047;Amont
8346;6354;3099;250269;Aval
8347;6355;3099;250339;Amont
8348;6356;3100;250269;Aval
8349;6357;3100;250343;Amont
8350;6358;3101;250179;Aval
8351;6359;3101;250272;Amont
8352;6360;3102;250346;Aval
8353;6361;3102;250537;Amont
8354;6362;3103;250446;Aval
8355;6363;3103;250493;Amont
8356;6364;3104;250822;Aval
8357;6365;3104;250880;Amont
8358;6366;3105;250779;Aval
8359;6367;3105;250837;Amont
8360;6368;3106;189715;Aval
8361;6369;3106;191778;Amont
8362;6370;3107;218479;Aval
8363;6371;3107;220390;Amont
8364;6372;3108;1800;Aval
8365;6373;3108;3230;Amont
8366;6374;3109;10136;Aval
8367;6375;3109;17480;Amont
8368;6376;3110;35501;Aval
8369;6377;3110;35985;Amont
8370;6378;3111;191810;Aval
8371;6379;3111;192477;Amont
8372;6380;3112;191720;Aval
8373;6381;3112;192468;Amont
8374;6382;3113;3230;Aval
8375;6383;3113;3700;Amont
8376;6384;3114;19016;Aval
8377;6385;3114;19646;Amont
8378;6386;3115;3450;Aval
8379;6387;3115;3840;Amont
8380;6388;3116;216720;Aval
8381;6389;3116;217000;Amont
8382;6390;3117;742;Aval
8383;6391;3117;2385;Amont
8384;6392;3118;7107;Aval
8385;6393;3118;7478;Amont
8386;6394;3119;3170;Aval
8387;6395;3119;3710;Amont
8388;6396;3120;745;Aval
8389;6397;3120;3170;Amont
8390;6398;3121;6701;Aval
8391;6399;3121;7478;Amont
8392;6400;3122;249818;Aval
8393;6401;3122;250317;Amont
8394;6402;8623;127306;Aval
8395;6403;8623;127380;Amont
8396;6404;8717;5365;Aval
8397;6405;8717;5446;Amont
8398;6406;8718;3170;Aval
8399;6407;8718;3289;Amont
8400;6408;8719;127306;Aval
8401;6409;8719;127430;Amont
8402;6410;8720;3740;Aval
8403;6411;8720;4512;Amont
8404;6412;8721;127430;Aval
8405;6413;8721;127915;Amont
8406;6414;8972;126200;Aval
8407;6415;8972;126262;Amont
8408;6416;8978;127915;Aval
8409;6417;8978;129020;Amont
8410;6418;8979;127915;Aval
8411;6419;8979;128740;Amont
8412;6420;8982;128500;Aval
8413;6421;8982;128613;Amont
8414;6422;8984;128500;Aval
8415;6423;8984;128613;Amont
8416;6424;8996;128200;Aval
8417;6425;8996;128300;Amont
8418;6426;9210;19512;Aval
8419;6427;9210;19593;Amont
8420;6428;9223;64838;Aval
8421;6429;9223;64890;Amont
8422;6430;9228;5718;Aval
8423;6431;9228;5827;Amont
8424;6432;9229;5718;Aval
8425;6433;9229;5827;Amont
8426;6434;9230;5485;Aval
8427;6435;9230;5570;Amont
8428;6436;9231;3810;Aval
8429;6437;9231;3845;Amont
8430;6438;9234;2820;Aval
8431;6439;9234;2910;Amont
8432;6440;9235;2825;Aval
8433;6441;9235;2905;Amont
8434;6442;9240;2050;Aval
8435;6443;9240;2114;Amont
8436;6444;9241;1695;Aval
8437;6445;9241;1844;Amont
8438;6446;9245;6458;Aval
8439;6447;9245;6539;Amont
8440;6448;9246;6642;Aval
8441;6449;9246;6740;Amont
8442;6450;9248;6642;Aval
8443;6451;9248;6721;Amont
8444;6452;9249;6525;Aval
8445;6453;9249;6610;Amont
8446;6454;9252;7806;Aval
8447;6455;9252;35501;Amont
8448;6456;9253;7892;Aval
8449;6457;9253;35501;Amont
8450;6458;9264;2045;Aval
8451;6459;9264;2795;Amont
8452;6460;9268;30;Aval
8453;6461;9268;60;Amont
8454;6462;9293;216930;Aval
8455;6463;9293;217078;Amont
8456;6464;9467;249818;Amont
8457;6465;9468;249646;Aval
8458;6466;9468;250010;Amont
8459;6467;9473;249274;Amont
8460;6468;9476;248886;Aval
8461;6469;9476;248961;Amont
8462;6470;9479;228338;Aval
8463;6471;9479;228420;Amont
8464;6472;9487;190485;Aval
8465;6473;9487;191795;Amont
8466;6474;8594;1530;Aval
8467;6475;8594;2066;Amont
8468;6476;269;400;Aval
8469;6477;269;740;Amont
8470;6478;270;450;Aval
8471;6479;270;730;Amont
8472;6480;1357;730;Aval
8473;6481;1357;1280;Amont
8474;6482;1358;740;Aval
8475;6483;1358;1350;Amont
8476;6484;3123;80;Aval
8477;6485;3123;450;Amont
8478;6486;3124;0;Aval
8479;6487;3124;400;Amont
8480;6488;3125;-350;Aval
8481;6489;3125;-130;Amont
8482;6490;3126;40;Aval
8483;6491;3126;120;Amont
8484;6492;3127;30;Aval
8485;6493;3127;100;Amont
8486;6494;3128;-130;Aval
8487;6495;3128;140;Amont
8488;6496;3129;250;Aval
8489;6497;3129;450;Amont
8490;6498;3130;340;Aval
8491;6499;3130;450;Amont
8492;6500;3131;670;Aval
8493;6501;3131;730;Amont
8494;6502;3132;670;Aval
8495;6503;3132;730;Amont
8496;6504;3133;740;Aval
8497;6505;3133;810;Amont
8498;6506;2415;3475;Aval
8499;6507;2415;3922;Amont
8500;6508;1359;301;Aval
8501;6509;1359;1367;Amont
8502;6510;1360;0;Aval
8503;6511;1360;1367;Amont
8504;6512;271;215342;Aval
8505;6513;271;216957;Amont
8506;6514;272;215331;Aval
8507;6515;272;216957;Amont
8508;6516;9482;0;Aval
8509;6517;9482;10850;Amont
8510;6518;1347;6544;Aval
8511;6519;1347;7700;Amont
8512;6520;273;0;Aval
8513;6521;273;3707;Amont
8514;6522;274;0;Aval
8515;6523;274;3717;Amont
8516;6524;9436;1279;Aval
8517;6525;9436;1323;Amont
8518;6526;9437;370;Aval
8519;6527;9437;1279;Amont
8520;6528;275;0;Aval
8521;6529;275;14620;Amont
8522;6530;276;0;Aval
8523;6531;276;14620;Amont
8524;6532;3134;11969;Aval
8525;6533;3134;12347;Amont
8526;6534;3135;12482;Aval
8527;6535;3135;12725;Amont
8528;6536;3136;12134;Aval
8529;6537;3136;12766;Amont
8530;6538;3137;12086;Aval
8531;6539;3137;12717;Amont
8532;6540;3138;11778;Aval
8533;6541;3138;12888;Amont
8534;6542;3139;2096;Aval
8535;6543;3139;2156;Amont
8536;6544;3140;2381;Aval
8537;6545;3140;2462;Amont
8538;6546;3141;2506;Aval
8539;6547;3141;2586;Amont
8540;6548;3142;4730;Aval
8541;6549;3142;4812;Amont
8542;6550;3143;11393;Aval
8543;6551;3143;11472;Amont
8544;6552;3144;11524;Aval
8545;6553;3144;11606;Amont
8546;6554;3145;12090;Aval
8547;6555;3145;12198;Amont
8548;6556;3146;12766;Aval
8549;6557;3146;12812;Amont
8550;6558;3147;12888;Aval
8551;6559;3147;12925;Amont
8552;6560;277;0;Aval
8553;6561;277;952;Amont
8554;6562;278;0;Aval
8555;6563;278;952;Amont
8556;6564;279;225600;Aval
8557;6565;279;230547;Amont
8558;6566;280;210230;Aval
8559;6567;280;224555;Amont
8560;6568;281;210230;Aval
8561;6569;281;224554;Amont
8562;6570;3148;210245;Aval
8563;6571;3148;210327;Amont
8564;6572;3149;211848;Aval
8565;6573;3149;211942;Amont
8566;6574;3150;217697;Aval
8567;6575;3150;217744;Amont
8568;6576;3151;218649;Aval
8569;6577;3151;218711;Amont
8570;6578;3152;220444;Aval
8571;6579;3152;220478;Amont
8572;6580;3153;220974;Aval
8573;6581;3153;221212;Amont
8574;6582;8779;0;Aval
8575;6583;8779;1135;Amont
8576;6584;8780;0;Aval
8577;6585;8780;1135;Amont
8578;6586;9480;223044;Aval
8579;6587;9480;223128;Amont
8580;6588;9481;221618;Aval
8581;6589;9481;221723;Amont
8582;6590;282;0;Aval
8583;6591;282;1203;Amont
8584;6592;283;223405;Aval
8585;6593;283;224589;Amont
8586;6594;284;223380;Aval
8587;6595;284;224598;Amont
8588;6596;285;210334;Aval
8589;6597;285;227483;Amont
8590;6598;286;210334;Aval
8591;6599;286;227551;Amont
8592;6600;3154;211370;Aval
8593;6601;3154;211455;Amont
8594;6602;3155;213888;Aval
8595;6603;3155;213952;Amont
8596;6604;3156;215598;Aval
8597;6605;3156;215641;Amont
8598;6606;3157;216760;Aval
8599;6607;3157;217095;Amont
8600;6608;9501;217042;Aval
8601;6609;9501;217140;Amont
8602;6610;9502;226620;Aval
8603;6611;9502;226665;Amont
8604;6612;287;18700;Aval
8605;6613;287;40862;Amont
8606;6614;288;44882;Aval
8607;6615;288;72144;Amont
8608;6616;289;21;Aval
8609;6617;289;18632;Amont
8610;6618;290;21;Aval
8611;6619;290;18700;Amont
8612;6620;3158;18750;Aval
8613;6621;3158;19460;Amont
8614;6622;3159;18917;Aval
8615;6623;3159;19746;Amont
8616;6624;3160;72144;Aval
8617;6625;3160;73100;Amont
8618;6626;3161;27164;Aval
8619;6627;3161;28199;Amont
8620;6628;3162;57639;Aval
8621;6629;3162;58363;Amont
8622;6630;3163;49;Aval
8623;6631;3163;106;Amont
8624;6632;3164;350;Aval
8625;6633;3164;530;Amont
8626;6634;3165;641;Aval
8627;6635;3165;823;Amont
8628;6636;3166;1881;Aval
8629;6637;3166;2036;Amont
8630;6638;3167;1898;Aval
8631;6639;3167;1959;Amont
8632;6640;3168;2138;Aval
8633;6641;3168;2181;Amont
8634;6642;3169;2787;Aval
8635;6643;3169;2883;Amont
8636;6644;3170;2971;Aval
8637;6645;3170;3391;Amont
8638;6646;3171;3050;Aval
8639;6647;3171;3132;Amont
8640;6648;3172;3148;Aval
8641;6649;3172;3300;Amont
8642;6650;3173;6371;Aval
8643;6651;3173;6411;Amont
8644;6652;3174;10022;Aval
8645;6653;3174;10073;Amont
8646;6654;3175;10821;Aval
8647;6655;3175;10861;Amont
8648;6656;3176;18632;Aval
8649;6657;3176;18690;Amont
8650;6658;3177;1700;Aval
8651;6659;3177;2927;Amont
8652;6660;3178;1075;Aval
8653;6661;3178;1915;Amont
8654;6662;3179;1700;Aval
8655;6663;3179;2924;Amont
8656;6664;3180;1264;Aval
8657;6665;3180;1896;Amont
8658;6666;3181;21;Aval
8659;6667;3181;1075;Amont
8660;6668;3182;495;Aval
8661;6669;3182;1264;Amont
8662;6670;9440;2971;Aval
8663;6671;9440;3391;Amont
8664;6672;9492;72144;Aval
8665;6673;9492;72253;Amont
8666;6674;9496;72253;Aval
8667;6675;9496;73142;Amont
8668;6676;9497;72309;Aval
8669;6677;9497;73142;Amont
8670;6678;9503;19482;Aval
8671;6679;9503;19521;Amont
8672;6680;9507;710;Aval
8673;6681;9507;1173;Amont
8674;6682;9508;1178;Aval
8675;6683;9508;1234;Amont
8676;6684;9509;972;Aval
8677;6685;9509;1058;Amont
8678;6686;9510;164;Aval
8679;6687;9510;446;Amont
8680;6688;9511;164;Aval
8681;6689;9511;426;Amont
8682;6690;291;0;Aval
8683;6691;291;798;Amont
8684;6692;292;0;Aval
8685;6693;292;798;Amont
8686;6694;293;36780;Aval
8687;6695;293;39369;Amont
8688;6696;294;10944;Aval
8689;6697;294;19592;Amont
8690;6698;295;10936;Aval
8691;6699;295;19592;Amont
8692;6700;3183;13885;Aval
8693;6701;3183;16720;Amont
8694;6702;3184;13819;Aval
8695;6703;3184;13879;Amont
8696;6704;3185;13885;Aval
8697;6705;3185;14560;Amont
8698;6706;3186;16460;Aval
8699;6707;3186;16600;Amont
8700;6708;3187;16580;Aval
8701;6709;3187;16638;Amont
8702;6710;3188;16230;Aval
8703;6711;3188;16550;Amont
8704;6712;3189;17156;Aval
8705;6713;3189;17213;Amont
8706;6714;3190;16180;Aval
8707;6715;3190;16580;Amont
8708;6716;296;18519;Aval
8709;6717;296;19562;Amont
8710;6718;297;18519;Aval
8711;6719;297;19562;Amont
8712;6720;298;238640;Aval
8713;6721;298;243100;Amont
8714;6722;9552;238977;Aval
8715;6723;9552;239307;Amont
8716;6724;299;20284;Aval
8717;6725;299;37740;Amont
8718;6726;300;54309;Aval
8719;6727;300;60076;Amont
8720;6728;301;68000;Aval
8721;6729;301;75718;Amont
8722;6730;3191;68025;Aval
8723;6731;3191;68728;Amont
8724;6732;3192;36789;Aval
8725;6733;3192;37485;Amont
8726;6734;3193;37005;Aval
8727;6735;3193;37072;Amont
8728;6736;3194;35544;Aval
8729;6737;3194;36106;Amont
8730;6738;302;0;Aval
8731;6739;302;45557;Amont
8732;6740;303;47685;Aval
8733;6741;303;105198;Amont
8734;6742;304;0;Aval
8735;6743;304;45552;Amont
8736;6744;305;47685;Aval
8737;6745;305;105203;Amont
8738;6746;3195;65834;Aval
8739;6747;3195;66830;Amont
8740;6748;3196;657;Aval
8741;6749;3196;740;Amont
8742;6750;3197;2092;Aval
8743;6751;3197;2148;Amont
8744;6752;3198;2149;Aval
8745;6753;3198;2291;Amont
8746;6754;3199;2149;Aval
8747;6755;3199;2291;Amont
8748;6756;3200;2321;Aval
8749;6757;3200;2588;Amont
8750;6758;3201;2319;Aval
8751;6759;3201;2588;Amont
8752;6760;3202;2616;Aval
8753;6761;3202;2702;Amont
8754;6762;3203;5422;Aval
8755;6763;3203;5455;Amont
8756;6764;3204;6060;Aval
8757;6765;3204;6145;Amont
8758;6766;3205;6358;Aval
8759;6767;3205;6448;Amont
8760;6768;3206;8904;Amont
8761;6769;3207;8915;Aval
8762;6770;3207;9046;Amont
8763;6771;3208;9788;Aval
8764;6772;3208;9868;Amont
8765;6773;3209;9892;Aval
8766;6774;3210;19301;Aval
8767;6775;3210;19360;Amont
8768;6776;3211;19538;Aval
8769;6777;3211;19637;Amont
8770;6778;3212;20268;Aval
8771;6779;3212;20380;Amont
8772;6780;3213;20397;Aval
8773;6781;3213;20494;Amont
8774;6782;3214;45375;Aval
8775;6783;3214;45480;Amont
8776;6784;3215;65654;Aval
8777;6785;3215;65765;Amont
8778;6786;3216;67000;Aval
8779;6787;3216;67080;Amont
8780;6788;3217;85145;Aval
8781;6789;3217;85227;Amont
8782;6790;3218;85301;Aval
8783;6791;3218;85383;Amont
8784;6792;3219;94320;Aval
8785;6793;3219;94380;Amont
8786;6794;3220;103443;Aval
8787;6795;3220;103528;Amont
8788;6796;3221;103564;Aval
8789;6797;3221;103645;Amont
8790;6798;3222;19538;Aval
8791;6799;3222;20383;Amont
8792;6800;3223;19363;Aval
8793;6801;3223;20343;Amont
8794;6802;9313;104967;Aval
8795;6803;9313;105037;Amont
8796;6804;9460;436;Aval
8797;6805;9460;502;Amont
8798;6806;306;6395;Aval
8799;6807;306;20500;Amont
8800;6808;307;20838;Aval
8801;6809;307;21547;Amont
8802;6810;308;740;Aval
8803;6811;308;1440;Amont
8804;6812;313;304226;Aval
8805;6813;313;319405;Amont
8806;6814;3227;316505;Aval
8807;6815;3227;317182;Amont
8808;6816;314;192454;Aval
8809;6817;314;305060;Amont
8810;6818;315;192495;Aval
8811;6819;315;305200;Amont
8812;6820;3228;304698;Aval
8813;6821;3228;305085;Amont
8814;6822;3229;210895;Aval
8815;6823;3229;211698;Amont
8816;6824;3230;229730;Aval
8817;6825;3230;230430;Amont
8818;6826;3231;210835;Aval
8819;6827;3231;211185;Amont
8820;6828;3232;248464;Aval
8821;6829;3232;249273;Amont
8822;6830;3233;263300;Aval
8823;6831;3233;263838;Amont
8824;6832;3234;304694;Aval
8825;6833;3234;305047;Amont
8826;6834;3235;191724;Aval
8827;6835;3235;192454;Amont
8828;6836;3236;210965;Aval
8829;6837;3236;211667;Amont
8830;6838;3237;229661;Aval
8831;6839;3237;230340;Amont
8832;6840;3238;304713;Aval
8833;6841;3238;305020;Amont
8834;6842;3239;191737;Aval
8835;6843;3239;192495;Amont
8836;6844;3240;210855;Aval
8837;6845;3240;211185;Amont
8838;6846;3241;263580;Aval
8839;6847;3241;264412;Amont
8840;6848;3242;263560;Aval
8841;6849;3242;264412;Amont
8842;6850;3243;263570;Aval
8843;6851;3243;264780;Amont
8844;6852;3244;263550;Aval
8845;6853;3244;264757;Amont
8846;6854;3245;218270;Aval
8847;6855;3245;219370;Amont
8848;6856;3246;209460;Aval
8849;6857;3246;210565;Amont
8850;6858;3247;209460;Aval
8851;6859;3247;210565;Amont
8852;6860;3248;192374;Aval
8853;6861;3248;192432;Amont
8854;6862;3249;208948;Aval
8855;6863;3249;209040;Amont
8856;6864;3250;210608;Aval
8857;6865;3250;210760;Amont
8858;6866;3251;210792;Aval
8859;6867;3251;210835;Amont
8860;6868;3252;210850;Aval
8861;6869;3252;210895;Amont
8862;6870;3253;211230;Aval
8863;6871;3253;211288;Amont
8864;6872;3254;211580;Aval
8865;6873;3254;211650;Amont
8866;6874;3255;211923;Aval
8867;6875;3255;211985;Amont
8868;6876;3256;212177;Aval
8869;6877;3256;212288;Amont
8870;6878;3257;218206;Aval
8871;6879;3257;218270;Amont
8872;6880;3258;219370;Aval
8873;6881;3258;219440;Amont
8874;6882;3259;219440;Aval
8875;6883;3259;219465;Amont
8876;6884;3260;229472;Aval
8877;6885;3260;229550;Amont
8878;6886;3261;229555;Aval
8879;6887;3261;229625;Amont
8880;6888;3262;211105;Aval
8881;6889;3262;211140;Amont
8882;6890;3263;229625;Aval
8883;6891;3263;229661;Amont
8884;6892;3264;230575;Aval
8885;6893;3264;230627;Amont
8886;6894;3265;230845;Aval
8887;6895;3265;230965;Amont
8888;6896;3266;233812;Aval
8889;6897;3266;233890;Amont
8890;6898;3267;235628;Aval
8891;6899;3267;235672;Amont
8892;6900;3268;242535;Aval
8893;6901;3268;242585;Amont
8894;6902;3269;243172;Aval
8895;6903;3269;243212;Amont
8896;6904;3270;248386;Aval
8897;6905;3270;248450;Amont
8898;6906;3271;249295;Aval
8899;6907;3271;249354;Amont
8900;6908;3272;249380;Aval
8901;6909;3272;249485;Amont
8902;6910;3273;263250;Aval
8903;6911;3273;263300;Amont
8904;6912;3274;263450;Aval
8905;6913;3274;263550;Amont
8906;6914;3275;263450;Aval
8907;6915;3275;263550;Amont
8908;6916;3276;263450;Aval
8909;6917;3276;263550;Amont
8910;6918;3277;264780;Aval
8911;6919;3277;264838;Amont
8912;6920;3278;264840;Aval
8913;6921;3278;264975;Amont
8914;6922;3279;264980;Aval
8915;6923;3279;265061;Amont
8916;6924;3280;265844;Aval
8917;6925;3280;265958;Amont
8918;6926;3281;272850;Aval
8919;6927;3281;273060;Amont
8920;6928;3282;287306;Aval
8921;6929;3282;287364;Amont
8922;6930;3283;287631;Aval
8923;6931;3283;287716;Amont
8924;6932;3284;301679;Aval
8925;6933;3284;301760;Amont
8926;6934;3285;304455;Aval
8927;6935;3285;304495;Amont
8928;6936;3286;304532;Aval
8929;6937;3286;304578;Amont
8930;6938;3287;264840;Aval
8931;6939;3287;265843;Amont
8932;6940;3288;264412;Aval
8933;6941;3288;264840;Amont
8934;6942;3289;263000;Aval
8935;6943;3289;263450;Amont
8936;6944;8624;304375;Aval
8937;6945;8624;304455;Amont
8938;6946;8834;210620;Aval
8939;6947;8834;211789;Amont
8940;6948;8835;210620;Aval
8941;6949;8835;211784;Amont
8942;6950;9541;209460;Aval
8943;6951;9541;210217;Amont
8944;6952;9542;209460;Aval
8945;6953;9542;210165;Amont
8946;6954;316;209141;Aval
8947;6955;316;210259;Amont
8948;6956;317;0;Aval
8949;6957;317;1303;Amont
8950;6958;318;0;Aval
8951;6959;318;1280;Amont
8952;6960;9483;1063;Aval
8953;6961;9483;1105;Amont
8954;6962;319;2450;Aval
8955;6963;319;6039;Amont
8956;6964;320;0;Aval
8957;6965;320;2400;Amont
8958;6966;321;0;Aval
8959;6967;321;2450;Amont
8960;6968;9534;1683;Aval
8961;6969;9534;1765;Amont
8962;6970;9535;1888;Aval
8963;6971;9535;1963;Amont
8964;6972;322;10219;Aval
8965;6973;322;16588;Amont
8966;6974;3290;10235;Aval
8967;6975;3290;10439;Amont
8968;6976;323;15650;Aval
8969;6977;323;19410;Amont
8970;6978;324;304715;Aval
8971;6979;324;310835;Amont
8972;6980;325;304713;Aval
8973;6981;325;310835;Amont
8974;6982;3291;307136;Aval
8975;6983;3291;307800;Amont
8976;6984;3292;305498;Aval
8977;6985;3292;305580;Amont
8978;6986;3293;305500;Aval
8979;6987;3293;305580;Amont
8980;6988;9524;304715;Aval
8981;6989;9524;304754;Amont
8982;6990;9525;305990;Aval
8983;6991;9525;306014;Amont
8984;6992;9526;306820;Aval
8985;6993;9526;306846;Amont
8986;6994;9527;307091;Aval
8987;6995;9527;307135;Amont
8988;6996;9528;309190;Aval
8989;6997;9528;309227;Amont
8990;6998;9529;309261;Aval
8991;6999;9529;309300;Amont
8992;7000;326;310835;Aval
8993;7001;326;312413;Amont
8994;7002;327;310835;Aval
8995;7003;327;312413;Amont
8996;7004;8625;312320;Aval
8997;7005;8625;312380;Amont
8998;7006;328;10500;Aval
8999;7007;328;43156;Amont
9000;7008;329;206;Aval
9001;7009;329;10500;Amont
9002;7010;330;43156;Aval
9003;7011;330;43710;Amont
9004;7012;331;208;Aval
9005;7013;331;10500;Amont
9006;7014;332;43156;Aval
9007;7015;332;43710;Amont
9008;7016;3294;5710;Aval
9009;7017;3294;6595;Amont
9010;7018;3295;7850;Aval
9011;7019;3295;8010;Amont
9012;7020;3296;22928;Aval
9013;7021;3296;23756;Amont
9014;7022;3297;345;Aval
9015;7023;3297;430;Amont
9016;7024;3298;387;Aval
9017;7025;3298;487;Amont
9018;7026;3299;5231;Aval
9019;7027;3299;5285;Amont
9020;7028;3300;5290;Aval
9021;7029;3300;5670;Amont
9022;7030;3301;5550;Aval
9023;7031;3301;5710;Amont
9024;7032;3302;5647;Aval
9025;7033;3302;5770;Amont
9026;7034;3303;5771;Aval
9027;7035;3303;5829;Amont
9028;7036;3304;6400;Aval
9029;7037;3304;6545;Amont
9030;7038;3305;7160;Aval
9031;7039;3305;7218;Amont
9032;7040;3306;7672;Aval
9033;7041;3306;7758;Amont
9034;7042;3307;8348;Aval
9035;7043;3307;8380;Amont
9036;7044;3308;9150;Aval
9037;7045;3308;9348;Amont
9038;7046;3309;9350;Aval
9039;7047;3309;9425;Amont
9040;7048;3310;5670;Aval
9041;7049;3310;6500;Amont
9042;7050;3311;6500;Aval
9043;7051;3311;8000;Amont
9044;7052;3312;7835;Aval
9045;7053;3312;8207;Amont
9046;7054;3313;8000;Aval
9047;7055;3313;8342;Amont
9048;7056;3314;6595;Aval
9049;7057;3314;7127;Amont
9050;7058;9533;8000;Aval
9051;7059;9533;9150;Amont
9052;7060;333;2106;Aval
9053;7061;333;10791;Amont
9054;7062;3315;4326;Aval
9055;7063;3315;4957;Amont
9056;7064;3316;10120;Aval
9057;7065;3316;10696;Amont
9058;7066;334;74390;Aval
9059;7067;334;78142;Amont
9060;7068;335;192195;Aval
9061;7069;335;229263;Amont
9062;7070;3317;210198;Aval
9063;7071;3317;211181;Amont
9064;7072;3318;201691;Aval
9065;7073;3318;202468;Amont
9066;7074;336;73142;Aval
9067;7075;336;134235;Amont
9068;7076;3319;134235;Aval
9069;7077;3319;134720;Amont
9070;7078;3320;134235;Aval
9071;7079;3320;134819;Amont
9072;7080;3321;82630;Aval
9073;7081;3321;83460;Amont
9074;7082;3322;100968;Aval
9075;7083;3322;101719;Amont
9076;7084;3323;122576;Aval
9077;7085;3323;123315;Amont
9078;7086;3324;112310;Aval
9079;7087;3324;113050;Amont
9080;7088;3325;134708;Aval
9081;7089;3325;134750;Amont
9082;7090;337;219465;Aval
9083;7091;337;234620;Amont
9084;7092;3326;225327;Aval
9085;7093;3326;225979;Amont
9086;7094;338;64337;Aval
9087;7095;338;81930;Amont
9088;7096;339;101850;Aval
9089;7097;339;117039;Amont
9090;7098;3327;66846;Aval
9091;7099;3327;67582;Amont
9092;7100;3328;81140;Aval
9093;7101;3328;81671;Amont
9094;7102;3329;102207;Aval
9095;7103;3329;102825;Amont
9096;7104;340;124274;Aval
9097;7105;340;251685;Amont
9098;7106;341;252285;Aval
9099;7107;341;254006;Amont
9100;7108;342;123904;Aval
9101;7109;342;251685;Amont
9102;7110;343;252285;Aval
9103;7111;343;254006;Amont
9104;7112;3330;130238;Aval
9105;7113;3330;130560;Amont
9106;7114;3331;130128;Aval
9107;7115;3331;130600;Amont
9108;7116;3332;130330;Aval
9109;7117;3332;130499;Amont
9110;7118;3333;174612;Aval
9111;7119;3333;175919;Amont
9112;7120;3334;253159;Aval
9113;7121;3334;253778;Amont
9114;7122;3335;253150;Aval
9115;7123;3335;253764;Amont
9116;7124;3336;130263;Aval
9117;7125;3336;130746;Amont
9118;7126;3337;174910;Aval
9119;7127;3337;175680;Amont
9120;7128;3338;253207;Aval
9121;7129;3338;253744;Amont
9122;7130;3339;130006;Aval
9123;7131;3339;130415;Amont
9124;7132;3340;130415;Aval
9125;7133;3340;130773;Amont
9126;7134;3341;174980;Aval
9127;7135;3341;175650;Amont
9128;7136;3342;253202;Aval
9129;7137;3342;253395;Amont
9130;7138;3343;129900;Aval
9131;7139;3343;130621;Amont
9132;7140;3344;129900;Aval
9133;7141;3344;130611;Amont
9134;7142;3345;253550;Aval
9135;7143;3345;253735;Amont
9136;7144;3346;125229;Aval
9137;7145;3346;125325;Amont
9138;7146;3347;125326;Aval
9139;7147;3347;125535;Amont
9140;7148;3348;126247;Aval
9141;7149;3348;126304;Amont
9142;7150;3349;128615;Aval
9143;7151;3349;128680;Amont
9144;7152;3350;129069;Aval
9145;7153;3350;129100;Amont
9146;7154;3351;128986;Aval
9147;7155;3351;129040;Amont
9148;7156;3352;129040;Aval
9149;7157;3352;129069;Amont
9150;7158;3353;129828;Aval
9151;7159;3353;129900;Amont
9152;7160;3354;129820;Aval
9153;7161;3354;130006;Amont
9154;7162;3355;130263;Aval
9155;7163;3355;130650;Amont
9156;7164;3356;130076;Aval
9157;7165;3356;130746;Amont
9158;7166;3357;129920;Aval
9159;7167;3357;130097;Amont
9160;7168;3358;129760;Aval
9161;7169;3358;130000;Amont
9162;7170;3359;130000;Aval
9163;7171;3359;130050;Amont
9164;7172;3360;130746;Aval
9165;7173;3360;130770;Amont
9166;7174;3361;130076;Aval
9167;7175;3361;130133;Amont
9168;7176;3362;130097;Aval
9169;7177;3362;130210;Amont
9170;7178;3363;130365;Aval
9171;7179;3363;130439;Amont
9172;7180;3364;130395;Aval
9173;7181;3364;130445;Amont
9174;7182;3365;130495;Aval
9175;7183;3365;130551;Amont
9176;7184;3366;130500;Aval
9177;7185;3366;130565;Amont
9178;7186;3367;130527;Aval
9179;7187;3367;130597;Amont
9180;7188;3368;130615;Aval
9181;7189;3368;130750;Amont
9182;7190;3369;130667;Aval
9183;7191;3369;130736;Amont
9184;7192;3370;130768;Aval
9185;7193;3370;130836;Amont
9186;7194;3371;132290;Aval
9187;7195;3371;132351;Amont
9188;7196;3372;139748;Aval
9189;7197;3372;139810;Amont
9190;7198;3373;158347;Aval
9191;7199;3373;158390;Amont
9192;7200;3374;174530;Aval
9193;7201;3374;174595;Amont
9194;7202;3375;175939;Aval
9195;7203;3375;176000;Amont
9196;7204;3376;189180;Aval
9197;7205;3376;189243;Amont
9198;7206;3377;199642;Aval
9199;7207;3377;199704;Amont
9200;7208;3378;208950;Aval
9201;7209;3378;208995;Amont
9202;7210;3379;215140;Aval
9203;7211;3379;215180;Amont
9204;7212;3380;226847;Aval
9205;7213;3380;226909;Amont
9206;7214;3381;234035;Aval
9207;7215;3381;234082;Amont
9208;7216;3382;250212;Aval
9209;7217;3382;250245;Amont
9210;7218;3383;251572;Aval
9211;7219;3383;251685;Amont
9212;7220;3384;252295;Aval
9213;7221;3384;252356;Amont
9214;7222;3385;252967;Aval
9215;7223;3385;253038;Amont
9216;7224;3386;253005;Aval
9217;7225;3386;253067;Amont
9218;7226;3387;253068;Aval
9219;7227;3387;253128;Amont
9220;7228;3388;253104;Aval
9221;7229;3388;253150;Amont
9222;7230;3389;253745;Aval
9223;7231;3389;253810;Amont
9224;7232;3390;253877;Aval
9225;7233;3390;254006;Amont
9226;7234;3391;129100;Aval
9227;7235;3391;130195;Amont
9228;7236;3392;225870;Aval
9229;7237;3392;226840;Amont
9230;7238;3393;250822;Aval
9231;7239;3393;251685;Amont
9232;7240;3394;252285;Aval
9233;7241;3394;253150;Amont
9234;7242;8728;130530;Aval
9235;7243;8728;130675;Amont
9236;7244;8970;125535;Aval
9237;7245;8970;126200;Amont
9238;7246;8971;125535;Aval
9239;7247;8971;126246;Amont
9240;7248;344;248804;Aval
9241;7249;344;254150;Amont
9242;7250;3395;250790;Aval
9243;7251;3395;251950;Amont
9244;7252;3396;250130;Aval
9245;7253;3396;250212;Amont
9246;7254;9291;248722;Aval
9247;7255;9291;248803;Amont
9248;7256;3397;253850;Aval
9249;7257;3397;254338;Amont
9250;7258;345;254006;Aval
9251;7259;345;295310;Amont
9252;7260;346;254006;Aval
9253;7261;346;295732;Amont
9254;7262;3398;288960;Aval
9255;7263;3398;290098;Amont
9256;7264;3399;289018;Aval
9257;7265;3399;290140;Amont
9258;7266;3400;288740;Aval
9259;7267;3400;290590;Amont
9260;7268;3401;288900;Aval
9261;7269;3401;290075;Amont
9262;7270;3402;289010;Aval
9263;7271;3402;290060;Amont
9264;7272;3403;288680;Aval
9265;7273;3403;290529;Amont
9266;7274;3404;288937;Aval
9267;7275;3404;291724;Amont
9268;7276;3405;289015;Aval
9269;7277;3405;290100;Amont
9270;7278;3406;288900;Aval
9271;7279;3406;290145;Amont
9272;7280;3407;288945;Aval
9273;7281;3407;290110;Amont
9274;7282;3408;288800;Aval
9275;7283;3408;290600;Amont
9276;7284;3409;293485;Aval
9277;7298;3409;293855;Amont
9278;7274;3410;288937;Amont
9279;7287;3411;269939;Aval
9280;7288;3411;270715;Amont
9281;7282;3412;288800;Amont
9282;7290;3413;294153;Aval
9283;7291;3413;294770;Amont
9284;7292;3414;294111;Aval
9285;7293;3414;294835;Amont
9286;7294;3415;294235;Aval
9287;7295;3415;294800;Amont
9288;7296;3416;294290;Aval
9289;7297;3416;294735;Amont
9290;7298;3417;293855;Aval
9291;7299;3417;294237;Amont
9292;7300;3418;269860;Aval
9293;7301;3418;269920;Amont
9294;7302;3419;270732;Aval
9295;7303;3419;270794;Amont
9296;7304;3420;277606;Aval
9297;7305;3420;277686;Amont
9298;7306;3421;278763;Aval
9299;7307;3421;278825;Amont
9300;7308;3422;285320;Aval
9301;7309;3422;285403;Amont
9302;7310;3423;285418;Aval
9303;7311;3423;285500;Amont
9304;7312;3424;294185;Aval
9305;7313;3424;294345;Amont
9306;15128;955;575199;Aval
9307;15158;955;575513;Amont
9308;7316;3426;294950;Aval
9309;7317;3426;295013;Amont
9310;7318;3427;295014;Aval
9311;7319;3427;295066;Amont
9312;7320;3428;293877;Aval
9313;7321;3428;294478;Amont
9314;15158;955;575513;Aval
9315;15157;954;575432;Amont
9316;15157;954;575432;Aval
9317;4546;2305;55844;Amont
9318;4546;2305;55844;Aval
9319;4549;2305;56882;Amont
9320;7328;9331;293900;Aval
9321;7329;9331;294445;Amont
9322;7330;9332;293800;Aval
9323;7331;9332;294635;Amont
9324;4549;2305;56882;Aval
9325;4553;2314;81615;Amont
9326;7334;9339;291773;Aval
9327;7335;9339;291856;Amont
9328;7336;9343;290640;Aval
9329;7337;9343;290715;Amont
9330;7338;9344;289100;Aval
9331;7339;9344;289240;Amont
9332;4553;2314;81615;Aval
9333;4552;2314;81558;Amont
9334;4552;2314;81558;Aval
9335;1768;9127;1489;Amont
9336;7344;9350;288760;Aval
9337;7345;9350;288850;Amont
9338;7346;9351;288823;Aval
9339;7347;9351;288995;Amont
9340;7348;9352;290181;Aval
9341;7349;9352;290288;Amont
9342;7350;9353;290181;Aval
9343;7351;9353;290288;Amont
9344;1768;9127;2000;Aval
9345;1775;8803;14085;Amont
9346;7354;9356;290031;Aval
9347;7355;9356;290190;Amont
9348;7356;9358;288683;Aval
9349;7357;9358;288745;Amont
9350;7358;9359;288544;Aval
9351;7359;9359;288654;Amont
9352;7360;9360;288451;Aval
9353;7361;9360;288595;Amont
9354;7362;9361;288335;Aval
9355;7363;9361;288410;Amont
9356;7364;9362;288378;Aval
9357;7365;9362;288505;Amont
9358;7366;9365;287502;Aval
9359;7367;9365;287652;Amont
9360;7368;347;291889;Aval
9361;7369;347;292582;Amont
9362;7370;348;291889;Aval
9363;7371;348;292582;Amont
9364;7372;349;24917;Aval
9365;7373;349;35578;Amont
9366;7374;3429;29016;Aval
9367;7375;3429;29641;Amont
9368;7376;3430;35085;Aval
9369;7377;3430;35578;Amont
9370;7378;350;53822;Aval
9371;7379;350;84217;Amont
9372;7380;351;50320;Aval
9373;7381;351;53822;Amont
9374;7382;352;50156;Aval
9375;7383;352;53822;Amont
9376;7384;3431;58964;Aval
9377;7385;3431;59780;Amont
9378;7386;3432;65604;Aval
9379;7387;3432;66454;Amont
9380;7388;3433;73199;Aval
9381;7389;3433;73973;Amont
9382;7390;3434;79683;Aval
9383;7391;3434;80512;Amont
9384;7392;3435;50434;Aval
9385;7393;3435;50494;Amont
9386;7394;3436;50820;Aval
9387;7395;3436;50895;Amont
9388;7396;353;7015;Aval
9389;7397;353;19337;Amont
9390;7398;354;27910;Aval
9391;7399;354;41670;Amont
9392;7400;355;48999;Aval
9393;7401;355;62560;Amont
9394;7402;356;63352;Aval
9395;7403;356;86100;Amont
9396;7404;3437;39908;Aval
9397;7405;3437;40302;Amont
9398;7406;3438;13960;Aval
9399;7407;3438;14454;Amont
9400;7408;3439;7691;Aval
9401;7409;3439;7760;Amont
9402;7410;3440;63298;Aval
9403;7411;3440;63352;Amont
9404;7412;357;95035;Aval
9405;7413;357;101800;Amont
9406;7414;360;1812;Aval
9407;7415;360;114600;Amont
9408;7416;361;1812;Aval
9409;7417;361;114600;Amont
9410;7418;3451;2073;Aval
9411;7419;3451;2120;Amont
9412;7420;3452;7052;Aval
9413;7421;3452;7100;Amont
9414;7422;3453;7865;Aval
9415;7423;3453;7950;Amont
9416;7424;3454;12252;Aval
9417;7425;3454;12300;Amont
9418;7426;3455;29810;Aval
9419;7427;3455;29869;Amont
9420;7428;3456;30084;Aval
9421;7429;3456;30146;Amont
9422;7430;3457;30567;Aval
9423;7431;3457;30624;Amont
9424;7432;3458;50422;Aval
9425;7433;3458;50504;Amont
9426;7434;3459;50551;Aval
9427;7435;3459;50658;Amont
9428;7436;3460;51380;Aval
9429;7437;3460;51602;Amont
9430;7438;3461;70925;Aval
9431;7439;3461;70988;Amont
9432;7440;3462;88341;Aval
9433;7441;3462;88403;Amont
9434;7442;3463;89435;Aval
9435;7443;3463;89468;Amont
9436;7444;3464;114945;Aval
9437;7445;3464;115008;Amont
9438;7446;3465;115049;Aval
9439;7447;3465;115127;Amont
9440;7448;8964;71641;Aval
9441;7449;8964;71890;Amont
9442;7450;8965;88419;Aval
9443;7451;8965;89435;Amont
9444;7452;8966;114600;Aval
9445;7453;8966;115420;Amont
9446;7454;8967;114600;Aval
9447;7455;8967;115420;Amont
9448;7456;3466;37516;Aval
9449;7457;3466;38040;Amont
9450;7458;362;175825;Aval
9451;7459;362;210296;Amont
9452;7460;363;59392;Aval
9453;7461;363;64560;Amont
9454;7462;364;78905;Aval
9455;7463;364;80102;Amont
9456;7464;365;91396;Aval
9457;7465;365;125807;Amont
9458;7466;366;127350;Aval
9459;7467;366;182015;Amont
9460;7468;367;9203;Aval
9461;7469;367;35897;Amont
9462;7470;368;36695;Aval
9463;7471;368;59392;Amont
9464;7472;369;64560;Aval
9465;7473;369;78905;Amont
9466;7474;370;80102;Aval
9467;7475;370;91396;Amont
9468;7476;371;9219;Aval
9469;7477;371;35897;Amont
9470;7478;372;36695;Aval
9471;7479;372;59392;Amont
9472;7480;373;64560;Aval
9473;7481;373;78733;Amont
9474;7482;374;80102;Aval
9475;7483;374;91396;Amont
9476;7484;1361;78361;Aval
9477;7485;1361;78730;Amont
9478;7486;1362;78338;Aval
9479;7487;1362;78905;Amont
9480;7488;1363;78355;Aval
9481;7489;1363;78707;Amont
9482;7490;3467;23970;Aval
9483;7491;3467;24917;Amont
9484;7492;3468;125250;Aval
9485;7493;3468;125807;Amont
9486;7494;3469;125044;Aval
9487;7495;3469;125807;Amont
9488;7496;3470;182170;Aval
9489;7497;3470;182548;Amont
9490;7498;3471;182015;Aval
9491;7499;3471;182548;Amont
9492;7500;3472;182170;Aval
9493;7501;3472;182548;Amont
9494;7502;3473;182015;Aval
9495;7503;3473;182548;Amont
9496;7504;3474;111490;Aval
9497;7505;3474;112473;Amont
9498;7506;3475;135620;Aval
9499;7507;3475;136460;Amont
9500;7508;3476;158240;Aval
9501;7509;3476;159040;Amont
9502;7510;3477;165855;Aval
9503;7511;3477;166620;Amont
9504;7512;3478;171046;Aval
9505;7513;3478;171900;Amont
9506;7514;3479;14493;Aval
9507;7515;3479;14637;Amont
9508;7516;3480;14982;Aval
9509;7517;3480;15040;Amont
9510;7518;3481;23545;Aval
9511;7519;3481;23626;Amont
9512;7520;3482;23978;Aval
9513;7521;3482;24105;Amont
9514;7522;3483;24562;Aval
9515;7523;3483;24637;Amont
9516;7524;3484;24618;Aval
9517;7525;3484;24755;Amont
9518;7526;3485;24638;Aval
9519;7527;3485;24706;Amont
9520;7528;3486;24735;Aval
9521;7529;3486;24770;Amont
9522;7530;3487;24770;Aval
9523;7531;3487;24818;Amont
9524;7532;3488;24855;Aval
9525;7533;3488;24917;Amont
9526;7534;3489;35585;Aval
9527;7535;3489;35665;Amont
9528;7536;3490;38530;Aval
9529;7537;3490;38590;Amont
9530;7538;3491;52337;Aval
9531;7539;3491;52418;Amont
9532;7540;3492;52501;Aval
9533;7541;3492;52582;Amont
9534;7542;3493;52966;Aval
9535;7543;3493;53047;Amont
9536;7544;3494;75418;Aval
9537;7545;3494;75481;Amont
9538;7546;3495;77674;Aval
9539;7547;3495;77720;Amont
9540;7548;3496;78288;Aval
9541;7549;3496;78338;Amont
9542;7550;3497;78400;Aval
9543;7551;3497;78464;Amont
9544;7552;3498;112180;Aval
9545;7553;3498;112240;Amont
9546;7554;3499;182455;Aval
9547;7555;3499;182505;Amont
9548;7556;3500;14460;Aval
9549;7557;3500;15073;Amont
9550;7558;3501;52451;Aval
9551;7559;3501;53112;Amont
9552;7560;8626;11734;Aval
9553;7561;8626;11795;Amont
9554;7562;8729;0;Aval
9555;7563;8729;2400;Amont
9556;7564;8730;0;Aval
9557;7565;8730;175;Amont
9558;7566;8731;0;Aval
9559;7567;8731;110;Amont
9560;7568;375;28249;Aval
9561;7569;375;39090;Amont
9562;7570;376;28249;Aval
9563;7571;376;39090;Amont
9564;7572;1364;38122;Aval
9565;7573;1364;38874;Amont
9566;7574;3502;32203;Aval
9567;7575;3502;32386;Amont
9568;7576;3503;32396;Aval
9569;7577;3503;32561;Amont
9570;7578;3504;36412;Aval
9571;7579;3504;36497;Amont
9572;7580;3505;37906;Aval
9573;7581;3505;37988;Amont
9574;7582;3506;37995;Aval
9575;7583;3506;38077;Amont
9576;7584;3507;38705;Aval
9577;7585;3507;38766;Amont
9578;7586;3508;36413;Aval
9579;7587;3508;36497;Amont
9580;7588;3509;38565;Aval
9581;7589;3509;38656;Amont
9582;7590;3510;38775;Aval
9583;7591;3510;38845;Amont
9584;7592;377;13748;Aval
9585;7593;377;29067;Amont
9586;7594;378;13688;Aval
9587;7595;378;29067;Amont
9588;7596;3511;28973;Aval
9589;7597;3511;29281;Amont
9590;7598;3512;28990;Aval
9591;7599;3512;29281;Amont
9592;7600;3513;28885;Aval
9593;7601;3513;29281;Amont
9594;7602;3514;14270;Aval
9595;7603;3514;14315;Amont
9596;7604;3515;14422;Aval
9597;7605;3515;14470;Amont
9598;7606;3516;18353;Aval
9599;7607;3516;18513;Amont
9600;7608;3517;18816;Aval
9601;7609;3517;18905;Amont
9602;7610;3518;28770;Aval
9603;7611;3518;28850;Amont
9604;7612;3519;28890;Aval
9605;7613;3519;28960;Amont
9606;7614;3520;18371;Aval
9607;7615;3520;18928;Amont
9608;7616;379;26920;Aval
9609;7617;379;67100;Amont
9610;7618;380;26920;Aval
9611;7619;380;67100;Amont
9612;7620;3521;45666;Aval
9613;7621;3521;46000;Amont
9614;7622;3522;45600;Aval
9615;7623;3522;46465;Amont
9616;7624;3523;45528;Aval
9617;7625;3523;46159;Amont
9618;7626;3524;45679;Aval
9619;7627;3524;46127;Amont
9620;7628;3525;45480;Aval
9621;7629;3525;46000;Amont
9622;7630;3526;45400;Aval
9623;7631;3526;46115;Amont
9624;7632;3527;45548;Aval
9625;7633;3527;46000;Amont
9626;7634;3528;61970;Aval
9627;7635;3528;65200;Amont
9628;7636;3529;62945;Aval
9629;7637;3529;64760;Amont
9630;7638;3530;64760;Aval
9631;7639;3530;65200;Amont
9632;7640;3531;28316;Aval
9633;7641;3531;28378;Amont
9634;7642;3532;28636;Aval
9635;7643;3532;28679;Amont
9636;7644;3533;29630;Aval
9637;7645;3533;29692;Amont
9638;7646;3534;36405;Aval
9639;7647;3534;36450;Amont
9640;7648;3535;39600;Aval
9641;7649;3535;39645;Amont
9642;7650;3536;45257;Aval
9643;7651;3536;45305;Amont
9644;7652;3537;45375;Aval
9645;7653;3537;45412;Amont
9646;7654;3538;45412;Aval
9647;7655;3538;45450;Amont
9648;7656;3539;45400;Aval
9649;7657;3539;45450;Amont
9650;7658;3540;45450;Aval
9651;7659;3540;45480;Amont
9652;7660;3541;45516;Aval
9653;7661;3541;45609;Amont
9654;7662;3542;46280;Aval
9655;7663;3542;46342;Amont
9656;7664;3543;46465;Aval
9657;7665;3543;46511;Amont
9658;7666;3544;62851;Aval
9659;7667;3544;62945;Amont
9660;7668;3545;65138;Aval
9661;7669;3545;65250;Amont
9662;7670;3546;65300;Aval
9663;7671;3546;65382;Amont
9664;7672;3547;66470;Aval
9665;7673;3547;66544;Amont
9666;7674;3548;66101;Aval
9667;7675;3548;66740;Amont
9668;7676;3549;62841;Aval
9669;7677;3549;63385;Amont
9670;7678;3550;64367;Aval
9671;7679;3550;64760;Amont
9672;7680;3551;65427;Aval
9673;7681;3551;66101;Amont
9674;7682;3552;45142;Aval
9675;7683;3552;45528;Amont
9676;7684;3553;65200;Aval
9677;7685;3553;66101;Amont
9678;7686;9225;67010;Aval
9679;7687;9225;67115;Amont
9680;7688;382;30095;Aval
9681;7689;382;118760;Amont
9682;7690;383;6441;Aval
9683;7691;383;30900;Amont
9684;7692;384;30095;Aval
9685;7693;384;118912;Amont
9686;7694;385;6502;Aval
9687;7695;385;30900;Amont
9688;7696;1365;28263;Aval
9689;7697;1365;29362;Amont
9690;7698;1366;6544;Aval
9691;7699;1366;9203;Amont
9692;7700;1367;6462;Aval
9693;7701;1367;9219;Amont
9694;7702;3554;29101;Aval
9695;7703;3554;29572;Amont
9696;7704;3555;28801;Aval
9697;7705;3555;29571;Amont
9698;7706;3556;29100;Aval
9699;7707;3556;29660;Amont
9700;7708;3557;28950;Aval
9701;7709;3557;29752;Amont
9702;7710;3558;29112;Aval
9703;7711;3558;29661;Amont
9704;7712;3559;28950;Aval
9705;7713;3559;29752;Amont
9706;7714;3560;29155;Aval
9707;7715;3560;29663;Amont
9708;7716;3561;34626;Aval
9709;7717;3561;34951;Amont
9710;7718;3562;68166;Aval
9711;7719;3562;68830;Amont
9712;7720;3563;68185;Aval
9713;7721;3563;68740;Amont
9714;7722;3564;11710;Aval
9715;7723;3564;13801;Amont
9716;7724;3565;6555;Aval
9717;7725;3565;6650;Amont
9718;7726;3566;6642;Aval
9719;7727;3566;6729;Amont
9720;7728;3567;6880;Aval
9721;7729;3567;6965;Amont
9722;7730;3568;8482;Aval
9723;7731;3568;8617;Amont
9724;7732;3569;8529;Aval
9725;7733;3569;8661;Amont
9726;7734;3570;9203;Aval
9727;7735;3570;9400;Amont
9728;7736;3571;11500;Aval
9729;7737;3571;11710;Amont
9730;7738;3572;13572;Aval
9731;7739;3572;13699;Amont
9732;7740;3573;13550;Aval
9733;7741;3573;13686;Amont
9734;7742;3574;13701;Aval
9735;7743;3574;13782;Amont
9736;7744;3575;13803;Aval
9737;7745;3575;13925;Amont
9738;7746;3576;14250;Aval
9739;7747;3576;14422;Amont
9740;7748;3577;14315;Aval
9741;7749;3577;14450;Amont
9742;7750;3578;14995;Aval
9743;7751;3578;15072;Amont
9744;7752;3579;15088;Aval
9745;7753;3579;15150;Amont
9746;7754;3580;20145;Aval
9747;7755;3580;20232;Amont
9748;7756;3581;20626;Aval
9749;7757;3581;20765;Amont
9750;7758;3582;26712;Aval
9751;7759;3582;26774;Amont
9752;7760;3583;28338;Aval
9753;7761;3583;28404;Amont
9754;7762;3584;28948;Aval
9755;7763;3584;29038;Amont
9756;7764;3585;28948;Aval
9757;7765;3585;29033;Amont
9758;7766;3586;28950;Aval
9759;7767;3586;29038;Amont
9760;7768;3587;28948;Aval
9761;7769;3587;29038;Amont
9762;7770;3588;28950;Aval
9763;7771;3588;29038;Amont
9764;7772;3589;29122;Aval
9765;7773;3589;29186;Amont
9766;7774;3590;29160;Aval
9767;7775;3590;29248;Amont
9768;7776;3591;29163;Aval
9769;7777;3591;29248;Amont
9770;7778;3592;29160;Aval
9771;7779;3592;29248;Amont
9772;7780;3593;29163;Aval
9773;7781;3593;29248;Amont
9774;7782;3594;29193;Aval
9775;7783;3594;29256;Amont
9776;7784;3595;29770;Aval
9777;7785;3595;29829;Amont
9778;7786;3596;29831;Aval
9779;7787;3596;29891;Amont
9780;7788;3597;47980;Aval
9781;7789;3597;48010;Amont
9782;7790;3598;60120;Aval
9783;7791;3598;60162;Amont
9784;7792;3599;68060;Aval
9785;7793;3599;68120;Amont
9786;7794;3600;68058;Aval
9787;7795;3600;68120;Amont
9788;7796;3601;68655;Aval
9789;7797;3601;68740;Amont
9790;7798;3602;69017;Aval
9791;7799;3602;69078;Amont
9792;7800;3603;76493;Aval
9793;7801;3603;76538;Amont
9794;7802;3604;93735;Aval
9795;7803;3604;93772;Amont
9796;7804;3605;118032;Aval
9797;7805;3605;118078;Amont
9798;7806;3606;118087;Aval
9799;7807;3606;118260;Amont
9800;7808;3607;20110;Aval
9801;7809;3607;20794;Amont
9802;7810;8627;13813;Aval
9803;7811;8627;13893;Amont
9804;7812;8628;20583;Aval
9805;7813;8628;20668;Amont
9806;7814;8963;115522;Aval
9807;7815;8963;115555;Amont
9808;7816;9059;34548;Aval
9809;7817;9059;34625;Amont
9810;7818;9214;20715;Aval
9811;7819;9214;20795;Amont
9812;7820;9215;9219;Aval
9813;7821;9215;9299;Amont
9814;7822;9250;13779;Aval
9815;7823;9250;14910;Amont
9816;7824;9251;13779;Aval
9817;7825;9251;14982;Amont
9818;7826;9256;13783;Aval
9819;7827;9256;13928;Amont
9820;7828;9257;13779;Aval
9821;7829;9257;13947;Amont
9822;7830;9258;13779;Aval
9823;7831;9258;13947;Amont
9824;7832;9263;11519;Aval
9825;7833;9263;11710;Amont
9826;7834;1368;0;Aval
9827;7835;1368;1386;Amont
9828;7836;1369;0;Aval
9829;7837;1369;1386;Amont
9830;7838;3608;90;Aval
9831;7839;3608;172;Amont
9832;7840;3609;180;Aval
9833;7841;3609;262;Amont
9834;7842;386;1848;Aval
9835;7843;386;12200;Amont
9836;7844;387;6230;Aval
9837;7845;387;23000;Amont
9838;7846;3610;15498;Aval
9839;7847;3610;16290;Amont
9840;7848;388;22;Aval
9841;7849;388;57335;Amont
9842;7850;389;22;Aval
9843;7851;389;57645;Amont
9844;7852;3611;27;Aval
9845;7853;3611;315;Amont
9846;7854;3612;26;Aval
9847;7855;3612;420;Amont
9848;7856;3613;25;Aval
9849;7857;3613;380;Amont
9850;7858;3614;24253;Aval
9851;7859;3614;24755;Amont
9852;7860;3615;24;Aval
9853;7861;3615;289;Amont
9854;7862;3616;22;Aval
9855;7863;3616;317;Amont
9856;7864;3617;22;Aval
9857;7865;3617;515;Amont
9858;7866;3618;22;Aval
9859;7867;3618;501;Amont
9860;7868;3619;22;Aval
9861;7869;3619;439;Amont
9862;7870;3620;22;Aval
9863;7871;3620;331;Amont
9864;7872;3621;24055;Aval
9865;7873;3621;24818;Amont
9866;7874;3622;1805;Aval
9867;7875;3622;2084;Amont
9868;7876;3623;24128;Aval
9869;7877;3623;24973;Amont
9870;7878;3624;9657;Aval
9871;7879;3624;10210;Amont
9872;7880;3625;15985;Aval
9873;7881;3625;16614;Amont
9874;7882;3626;52;Aval
9875;7883;3626;108;Amont
9876;7884;3627;242;Aval
9877;7885;3627;363;Amont
9878;7886;3628;334;Aval
9879;7887;3628;536;Amont
9880;7888;3629;332;Aval
9881;7889;3629;386;Amont
9882;7890;3630;331;Aval
9883;7891;3630;387;Amont
9884;7892;3631;345;Aval
9885;7893;3631;389;Amont
9886;7894;3632;422;Aval
9887;7895;3632;471;Amont
9888;7896;3633;515;Aval
9889;7897;3633;559;Amont
9890;7898;3634;533;Aval
9891;7899;3634;586;Amont
9892;7900;3635;558;Aval
9893;7901;3635;599;Amont
9894;7902;3636;595;Aval
9895;7903;3636;678;Amont
9896;7904;3637;728;Aval
9897;7905;3637;785;Amont
9898;7906;3638;739;Aval
9899;7907;3638;848;Amont
9900;7908;3639;853;Aval
9901;7909;3639;931;Amont
9902;7910;3640;1587;Aval
9903;7911;3640;1668;Amont
9904;7912;3641;1945;Aval
9905;7913;3641;2025;Amont
9906;7914;3642;1948;Aval
9907;7915;3642;2041;Amont
9908;7916;3643;2093;Aval
9909;7917;3643;2136;Amont
9910;7918;3644;3518;Aval
9911;7919;3644;3554;Amont
9912;7920;3645;3554;Aval
9913;7921;3645;3590;Amont
9914;7922;3646;5557;Aval
9915;7923;3646;5673;Amont
9916;7924;3647;5688;Aval
9917;7925;3647;5768;Amont
9918;7926;3648;11958;Aval
9919;7927;3648;11993;Amont
9920;7928;3649;15918;Aval
9921;7929;3649;15969;Amont
9922;7930;3650;24143;Aval
9923;7931;3650;24238;Amont
9924;7932;3651;24780;Aval
9925;7933;3651;24870;Amont
9926;7934;3652;29655;Aval
9927;7935;3652;29681;Amont
9928;7936;3653;42989;Aval
9929;7937;3653;43071;Amont
9930;7938;3654;49350;Aval
9931;7939;3654;49383;Amont
9932;7940;3655;51222;Aval
9933;7941;3655;51250;Amont
9934;7942;3656;55120;Aval
9935;7943;3656;55168;Amont
9936;7944;3657;56280;Aval
9937;7945;3657;56410;Amont
9938;7946;3658;4910;Aval
9939;7947;3658;5001;Amont
9940;7948;3659;4910;Aval
9941;7949;3659;4997;Amont
9942;7950;3660;4998;Aval
9943;7951;3660;5032;Amont
9944;7952;3661;5008;Aval
9945;7953;3661;5037;Amont
9946;7954;3662;42340;Aval
9947;7955;3662;42385;Amont
9948;7956;3663;57209;Aval
9949;7957;3663;57325;Amont
9950;7958;3664;7873;Aval
9951;7959;3664;7947;Amont
9952;7960;3665;9719;Aval
9953;7961;3665;9836;Amont
9954;7962;3666;10129;Aval
9955;7963;3666;10238;Amont
9956;7964;3667;16066;Aval
9957;7965;3667;16143;Amont
9958;7966;3668;24308;Aval
9959;7967;3668;24381;Amont
9960;7968;3669;24674;Aval
9961;7969;3669;24760;Amont
9962;7970;3670;57023;Aval
9963;7971;3670;57091;Amont
9964;7972;3671;1668;Aval
9965;7973;3671;1981;Amont
9966;7974;3672;1550;Aval
9967;7975;3672;1981;Amont
9968;7976;3673;331;Aval
9969;7977;3673;2163;Amont
9970;7978;9089;8366;Aval
9971;7979;9089;8503;Amont
9972;7980;9103;366;Aval
9973;7981;9103;415;Amont
9974;7982;390;0;Aval
9975;7983;390;585;Amont
9976;7984;391;60;Aval
9977;7985;391;585;Amont
9978;7986;392;0;Aval
9979;7987;392;480;Amont
9980;7988;393;3;Aval
9981;7989;393;480;Amont
9982;7990;394;40;Aval
9983;7991;394;14168;Amont
9984;7992;395;37;Aval
9985;7993;395;14168;Amont
9986;7994;3674;37;Aval
9987;7995;3674;288;Amont
9988;7996;3675;7948;Aval
9989;7997;3675;8490;Amont
9990;7998;3676;7900;Aval
9991;7999;3676;8485;Amont
9992;8000;3677;41;Aval
9993;8001;3677;339;Amont
9994;8002;3678;5540;Aval
9995;8003;3678;5999;Amont
9996;8004;3679;240;Aval
9997;8005;3679;280;Amont
9998;8006;3680;280;Aval
9999;8007;3680;319;Amont
10000;8008;3681;334;Aval
10001;8009;3681;426;Amont
10002;8010;3682;487;Aval
10003;8011;3682;541;Amont
10004;8012;3683;488;Aval
10005;8013;3683;587;Amont
10006;8014;3684;535;Aval
10007;8015;3684;589;Amont
10008;8016;3685;589;Aval
10009;8017;3685;689;Amont
10010;8018;3686;3657;Aval
10011;8019;3686;3687;Amont
10012;8020;3687;4276;Aval
10013;8021;3687;4362;Amont
10014;8022;3688;4392;Aval
10015;8023;3688;4442;Amont
10016;8024;3689;5578;Aval
10017;8025;3689;5685;Amont
10018;8026;3690;5579;Aval
10019;8027;3690;5674;Amont
10020;8028;3691;5674;Aval
10021;8029;3691;5755;Amont
10022;8030;3692;7929;Aval
10023;8031;3692;8032;Amont
10024;8032;3693;8032;Aval
10025;8033;3693;8076;Amont
10026;8034;3694;597;Aval
10027;8035;3694;643;Amont
10028;8036;3695;7816;Aval
10029;8037;3695;7899;Amont
10030;8038;3696;8373;Aval
10031;8039;3696;8528;Amont
10032;8040;3697;9680;Aval
10033;8041;3697;9758;Amont
10034;8042;9093;9674;Aval
10035;8043;9093;10195;Amont
10036;8044;9094;10062;Aval
10037;8045;9094;10159;Amont
10038;8046;9095;13652;Aval
10039;8047;9095;13734;Amont
10040;8048;9096;13752;Aval
10041;8049;9096;13834;Amont
10042;8050;1370;21668;Aval
10043;8051;1370;22304;Amont
10044;8052;3698;21603;Aval
10045;8053;3698;21750;Amont
10046;8054;1371;0;Aval
10047;8055;1371;491;Amont
10048;8056;1372;21470;Aval
10049;8057;1372;21928;Amont
10050;8058;3699;21370;Aval
10051;8059;3699;21695;Amont
10052;8060;3700;21508;Aval
10053;8061;3700;21660;Amont
10054;8062;8595;22220;Aval
10055;8063;8595;23913;Amont
10056;8064;8596;22295;Aval
10057;8065;8596;23379;Amont
10058;8066;396;24890;Aval
10059;8067;396;27542;Amont
10060;8068;397;24876;Aval
10061;8069;397;27578;Amont
10062;8070;398;0;Aval
10063;8071;398;590;Amont
10064;8072;399;0;Aval
10065;8073;399;590;Amont
10066;8074;400;30436;Aval
10067;8075;400;33098;Amont
10068;8076;401;30396;Aval
10069;8077;401;33098;Amont
10070;8078;402;18096;Aval
10071;8079;402;32895;Amont
10072;8080;403;18409;Aval
10073;8081;403;32895;Amont
10074;8082;3701;18650;Aval
10075;8083;3701;19652;Amont
10076;8084;3702;21385;Aval
10077;8085;3702;23370;Amont
10078;8086;3703;18944;Aval
10079;8087;3703;19100;Amont
10080;8088;3704;24635;Aval
10081;8089;3704;24690;Amont
10082;8090;3705;25665;Aval
10083;8091;3705;25747;Amont
10084;8092;3706;26797;Aval
10085;8093;3706;26879;Amont
10086;8094;3707;26999;Aval
10087;8095;3707;27081;Amont
10088;8096;3708;28924;Aval
10089;8097;3708;29003;Amont
10090;8098;3709;29207;Aval
10091;8099;3709;29270;Amont
10092;8100;3710;19776;Aval
10093;8101;3710;19840;Amont
10094;8102;3711;23159;Aval
10095;8103;3711;23289;Amont
10096;8104;3712;18986;Aval
10097;8105;3712;19647;Amont
10098;8106;9080;22240;Aval
10099;8107;9080;22350;Amont
10100;8108;9082;20130;Aval
10101;8109;9082;20160;Amont
10102;8110;404;36;Aval
10103;8111;404;227918;Amont
10104;8112;405;36;Aval
10105;8113;405;227918;Amont
10106;8114;1373;17058;Aval
10107;8115;1373;26066;Amont
10108;8116;1374;55850;Aval
10109;8117;1374;56879;Amont
10110;8118;1375;23178;Aval
10111;8119;1375;25107;Amont
10112;8120;1376;15176;Aval
10113;8121;1376;26039;Amont
10114;8122;1377;14379;Aval
10115;8123;1377;15825;Amont
10116;8124;1378;34295;Aval
10117;8125;1378;40105;Amont
10118;8126;1379;80865;Aval
10119;8127;1379;92694;Amont
10120;8128;1380;125523;Aval
10121;8129;1380;134180;Amont
10122;8130;1381;14379;Aval
10123;8131;1381;15889;Amont
10124;8132;1382;34296;Aval
10125;8133;1382;40106;Amont
10126;8134;1383;80820;Aval
10127;8135;1383;92663;Amont
10128;8136;1384;125460;Aval
10129;8137;1384;135068;Amont
10130;8138;1385;12123;Aval
10131;8139;1385;14379;Amont
10132;8140;1386;15650;Aval
10133;8141;1386;17058;Amont
10134;8142;1387;39865;Aval
10135;8143;1387;40692;Amont
10136;8144;1388;44700;Aval
10137;8145;1388;52916;Amont
10138;8146;1389;9432;Aval
10139;8147;1389;10677;Amont
10140;8148;1390;57400;Aval
10141;8149;1390;57792;Amont
10142;8150;1391;57356;Aval
10143;8151;1391;57775;Amont
10144;8152;1392;35605;Aval
10145;8153;1392;37310;Amont
10146;8154;3713;32;Aval
10147;8155;3713;268;Amont
10148;8156;3714;31;Aval
10149;8157;3714;307;Amont
10150;8158;3715;130480;Aval
10151;8159;3715;134150;Amont
10152;8160;3716;168303;Aval
10153;8161;3716;169605;Amont
10154;8162;3717;132720;Aval
10155;8163;3717;133740;Amont
10156;8164;3718;129913;Aval
10157;8165;3718;134060;Amont
10158;8166;3719;168230;Aval
10159;8167;3719;169491;Amont
10160;8168;3720;57714;Aval
10161;8169;3720;58987;Amont
10162;8170;3721;139265;Aval
10163;8171;3721;139685;Amont
10164;8172;3722;227530;Aval
10165;8173;3722;227918;Amont
10166;8174;3723;57892;Aval
10167;8175;3723;59332;Amont
10168;8176;3724;139250;Aval
10169;8177;3724;139665;Amont
10170;8178;3725;169595;Aval
10171;8179;3725;170000;Amont
10172;8180;3726;227555;Aval
10173;8181;3726;227918;Amont
10174;8182;3727;125653;Aval
10175;8183;3727;126057;Amont
10176;8184;3728;227570;Aval
10177;8185;3728;227830;Amont
10178;8186;3729;25598;Aval
10179;8187;3729;26611;Amont
10180;8188;3730;125568;Aval
10181;8189;3730;126048;Amont
10182;8190;3731;133410;Aval
10183;8191;3731;133710;Amont
10184;8192;3732;139290;Aval
10185;8193;3732;139650;Amont
10186;8194;3733;169445;Aval
10187;8195;3733;170025;Amont
10188;8196;3734;25728;Aval
10189;8197;3734;26611;Amont
10190;8198;3735;133570;Aval
10191;8199;3735;133950;Amont
10192;8200;3736;139310;Aval
10193;8201;3736;139628;Amont
10194;8202;3737;48324;Aval
10195;8203;3737;48903;Amont
10196;8204;3738;110844;Aval
10197;8205;3738;112038;Amont
10198;8206;3739;131560;Aval
10199;8207;3739;131880;Amont
10200;8208;3740;130090;Aval
10201;8209;3740;130480;Amont
10202;8210;3741;143640;Aval
10203;8211;3741;144624;Amont
10204;8212;3742;146856;Aval
10205;8213;3742;148175;Amont
10206;8214;3743;132770;Aval
10207;8215;3743;133189;Amont
10208;8216;3744;132900;Aval
10209;8217;3744;133210;Amont
10210;8218;3745;131640;Aval
10211;8219;3745;132940;Amont
10212;8220;3746;235;Aval
10213;8221;3746;278;Amont
10214;8222;3747;255;Aval
10215;8223;3747;330;Amont
10216;8224;3748;268;Aval
10217;8225;3748;308;Amont
10218;8226;3749;311;Aval
10219;8227;3749;345;Amont
10220;8228;3750;380;Aval
10221;8229;3750;419;Amont
10222;8230;3751;471;Aval
10223;8231;3751;501;Amont
10224;8232;3752;501;Aval
10225;8233;3752;533;Amont
10226;8234;3753;541;Aval
10227;8235;3753;587;Amont
10228;8236;3754;592;Aval
10229;8237;3754;685;Amont
10230;8238;3755;592;Aval
10231;8239;3755;689;Amont
10232;8240;3756;678;Aval
10233;8241;3756;721;Amont
10234;8242;3757;691;Aval
10235;8243;3757;739;Amont
10236;8244;3758;931;Aval
10237;8245;3758;977;Amont
10238;8246;3759;1546;Aval
10239;8247;3759;1587;Amont
10240;8248;3760;2024;Aval
10241;8249;3760;2093;Amont
10242;8250;3761;3554;Aval
10243;8251;3761;3657;Amont
10244;8252;3762;3590;Aval
10245;8253;3762;3692;Amont
10246;8254;3763;7731;Aval
10247;8255;3763;7811;Amont
10248;8256;3764;8314;Aval
10249;8257;3764;8361;Amont
10250;8258;3765;10746;Aval
10251;8259;3765;10802;Amont
10252;8260;3766;16372;Aval
10253;8261;3766;16604;Amont
10254;8262;3767;18396;Aval
10255;8263;3767;18607;Amont
10256;8264;3768;24973;Aval
10257;8265;3768;25141;Amont
10258;8266;3769;25075;Aval
10259;8267;3769;25122;Amont
10260;8268;3770;25456;Aval
10261;8269;3770;25561;Amont
10262;8270;3771;26068;Aval
10263;8271;3771;26117;Amont
10264;8272;3772;26196;Aval
10265;8273;3772;26279;Amont
10266;8274;3773;33907;Aval
10267;8275;3773;33990;Amont
10268;8276;3774;25933;Aval
10269;8277;3774;25978;Amont
10270;8278;3775;37345;Aval
10271;8279;3775;37465;Amont
10272;8280;3776;40560;Aval
10273;8281;3776;40642;Amont
10274;8282;3777;42060;Aval
10275;8283;3777;42123;Amont
10276;8284;3778;46652;Aval
10277;8285;3778;46763;Amont
10278;8286;3779;48078;Aval
10279;8287;3779;48323;Amont
10280;8288;3780;56595;Aval
10281;8289;3780;56718;Amont
10282;8290;3781;59136;Aval
10283;8291;3781;59196;Amont
10284;8292;3782;63076;Aval
10285;8293;3782;63134;Amont
10286;8294;3783;69335;Aval
10287;8295;3783;69412;Amont
10288;8296;3784;80800;Aval
10289;8297;3784;80850;Amont
10290;8298;3785;82367;Aval
10291;8299;3785;82468;Amont
10292;8300;3786;92685;Aval
10293;8301;3786;92725;Amont
10294;8302;3787;93340;Aval
10295;8303;3787;93390;Amont
10296;8304;3788;106293;Aval
10297;8305;3788;106336;Amont
10298;8306;3789;107104;Aval
10299;8307;3789;107148;Amont
10300;8308;3790;107010;Aval
10301;8309;3790;107104;Amont
10302;8310;3791;110890;Aval
10303;8311;3791;110973;Amont
10304;8312;3792;111912;Aval
10305;8313;3792;111992;Amont
10306;8314;3793;117935;Aval
10307;8315;3793;117993;Amont
10308;8316;3794;118860;Aval
10309;8317;3794;118922;Amont
10310;8318;3795;124203;Aval
10311;8319;3795;124287;Amont
10312;8320;3796;124900;Aval
10313;8321;3796;124986;Amont
10314;8322;3797;125521;Aval
10315;8323;3797;125568;Amont
10316;8324;3798;125568;Aval
10317;8325;3798;125653;Amont
10318;8326;3799;125588;Aval
10319;8327;3799;125653;Amont
10320;8328;3800;126057;Aval
10321;8329;3800;126119;Amont
10322;8330;3801;126057;Aval
10323;8331;3801;126124;Amont
10324;8332;3802;126185;Aval
10325;8333;3802;126223;Amont
10326;8334;3803;126223;Aval
10327;8335;3803;126252;Amont
10328;8336;3804;126252;Aval
10329;8337;3804;126277;Amont
10330;8338;3805;126510;Aval
10331;8339;3805;126584;Amont
10332;8340;3806;128078;Aval
10333;8341;3806;128132;Amont
10334;8342;3807;129730;Aval
10335;8343;3807;129912;Amont
10336;8344;3808;130019;Aval
10337;8345;3808;130090;Amont
10338;8346;3809;130130;Aval
10339;8347;3809;130266;Amont
10340;8348;3810;131373;Aval
10341;8349;3810;131490;Amont
10342;8350;3811;133060;Aval
10343;8351;3811;133120;Amont
10344;8352;3812;133130;Aval
10345;8353;3812;133160;Amont
10346;8354;3813;133290;Aval
10347;8355;3813;133335;Amont
10348;8356;3814;133336;Aval
10349;8357;3814;133408;Amont
10350;8358;3815;133710;Aval
10351;8359;3815;133750;Amont
10352;8360;3816;134020;Aval
10353;8361;3816;134082;Amont
10354;8362;3817;134060;Aval
10355;8363;3817;134300;Amont
10356;8364;3818;134503;Aval
10357;8365;3818;134600;Amont
10358;8366;3819;136835;Aval
10359;8367;3819;137006;Amont
10360;8368;3820;137215;Aval
10361;8369;3820;137344;Amont
10362;8370;3821;139153;Aval
10363;8371;3821;139214;Amont
10364;8372;3822;139230;Aval
10365;8373;3822;139265;Amont
10366;8374;3823;139665;Aval
10367;8375;3823;139720;Amont
10368;8376;3824;139744;Aval
10369;8377;3824;139801;Amont
10370;8378;3825;142706;Aval
10371;8379;3825;142825;Amont
10372;8380;3826;142830;Aval
10373;8381;3826;142960;Amont
10374;8382;3827;144630;Aval
10375;8383;3827;144660;Amont
10376;8384;3828;144936;Aval
10377;8385;3828;144991;Amont
10378;8386;3829;148188;Aval
10379;8387;3829;148230;Amont
10380;8388;3830;168410;Aval
10381;8389;3830;168482;Amont
10382;8390;3831;170199;Aval
10383;8391;3831;170245;Amont
10384;8392;3832;176975;Aval
10385;8393;3832;177005;Amont
10386;8394;3833;200415;Aval
10387;8395;3833;200475;Amont
10388;8396;3834;201853;Aval
10389;8397;3834;201935;Amont
10390;8398;3835;202075;Aval
10391;8399;3835;202130;Amont
10392;8400;3836;221901;Aval
10393;8401;3836;221960;Amont
10394;8402;3837;223000;Aval
10395;8403;3837;223067;Amont
10396;8404;3838;226334;Aval
10397;8405;3838;226412;Amont
10398;8406;3839;226528;Aval
10399;8407;3839;226568;Amont
10400;8408;3840;226765;Aval
10401;8409;3840;226835;Amont
10402;8410;3841;227325;Aval
10403;8411;3841;227370;Amont
10404;8412;3842;227460;Aval
10405;8413;3842;227505;Amont
10406;8414;3843;227520;Aval
10407;8415;3843;227555;Amont
10408;8416;3844;17058;Aval
10409;8417;3844;17188;Amont
10410;8418;3845;17158;Aval
10411;8419;3845;17345;Amont
10412;8420;3846;4858;Aval
10413;8421;3846;4910;Amont
10414;8422;3847;4858;Aval
10415;8423;3847;4910;Amont
10416;8424;3848;5037;Aval
10417;8425;3848;5142;Amont
10418;8426;3849;5032;Aval
10419;8427;3849;5095;Amont
10420;8428;3850;17326;Aval
10421;8429;3850;17508;Amont
10422;8430;3851;15136;Aval
10423;8431;3851;15299;Amont
10424;8432;3852;15639;Aval
10425;8433;3852;15826;Amont
10426;8434;3853;15640;Aval
10427;8435;3853;15882;Amont
10428;8436;3854;12244;Aval
10429;8437;3854;12425;Amont
10430;8438;3855;14409;Aval
10431;8439;3855;14598;Amont
10432;8440;3856;14611;Aval
10433;8441;3856;14791;Amont
10434;8442;3857;14624;Aval
10435;8443;3857;14804;Amont
10436;8444;3858;14835;Aval
10437;8445;3858;15053;Amont
10438;8446;3859;15074;Aval
10439;8447;3859;15387;Amont
10440;8448;3860;15181;Aval
10441;8449;3860;15362;Amont
10442;8450;3861;17143;Aval
10443;8451;3861;17353;Amont
10444;8452;3862;18462;Aval
10445;8453;3862;18638;Amont
10446;8454;3863;19246;Aval
10447;8455;3863;19422;Amont
10448;8456;3864;25393;Aval
10449;8457;3864;25534;Amont
10450;8458;3865;25586;Aval
10451;8459;3865;25691;Amont
10452;8460;3866;39865;Aval
10453;8461;3866;40118;Amont
10454;8462;3867;48366;Aval
10455;8463;3867;48485;Amont
10456;8464;3868;48720;Aval
10457;8465;3868;48873;Amont
10458;8466;3869;56659;Aval
10459;8467;3869;56810;Amont
10460;8468;3870;48724;Aval
10461;8469;3870;48839;Amont
10462;8470;3871;57818;Aval
10463;8471;3871;57880;Amont
10464;8472;3872;57894;Aval
10465;8473;3872;57970;Amont
10466;8474;3873;46621;Aval
10467;8475;3873;46770;Amont
10468;8476;3874;44840;Aval
10469;8477;3874;45050;Amont
10470;8478;3875;52597;Aval
10471;8479;3875;52804;Amont
10472;8480;3876;132580;Aval
10473;8481;3876;133055;Amont
10474;8482;3877;131600;Aval
10475;8483;3877;131780;Amont
10476;8484;3878;131580;Aval
10477;8485;3878;131910;Amont
10478;8486;3879;131375;Aval
10479;8487;3879;131500;Amont
10480;8488;3880;130680;Aval
10481;8489;3880;131550;Amont
10482;8490;3881;133130;Aval
10483;8491;3881;133570;Amont
10484;8492;3882;134150;Aval
10485;8493;3882;134710;Amont
10486;8494;8629;134944;Aval
10487;8495;8629;135032;Amont
10488;8496;8968;202009;Aval
10489;8497;8968;202268;Amont
10490;8498;8969;202086;Aval
10491;8499;8969;202279;Amont
10492;8500;9033;55700;Aval
10493;8501;9033;56025;Amont
10494;8502;9085;13051;Aval
10495;8503;9085;13205;Amont
10496;8504;406;0;Aval
10497;8505;406;1371;Amont
10498;8506;407;0;Aval
10499;8507;407;1371;Amont
10500;8508;408;133570;Aval
10501;8509;408;135260;Amont
10502;8510;409;133700;Aval
10503;8511;409;135260;Amont
10504;8512;3883;133750;Aval
10505;8513;3883;133770;Amont
10506;8514;3884;133970;Aval
10507;8515;3884;134007;Amont
10508;8516;3885;134160;Aval
10509;8517;3885;134200;Amont
10510;8518;3886;135190;Aval
10511;8519;3886;135230;Amont
10512;8520;410;136772;Aval
10513;8521;410;137980;Amont
10514;8522;411;136786;Aval
10515;8523;411;137838;Amont
10516;8524;412;477;Aval
10517;8525;412;2894;Amont
10518;8526;413;23623;Aval
10519;8527;413;26930;Amont
10520;8528;414;2894;Aval
10521;8529;414;23623;Amont
10522;8530;415;2894;Aval
10523;8531;415;23623;Amont
10524;8532;416;225850;Aval
10525;8533;416;226050;Amont
10526;8534;417;222120;Aval
10527;8535;417;225850;Amont
10528;8536;418;226050;Aval
10529;8537;418;230660;Amont
10530;8538;419;222170;Aval
10531;8539;419;225850;Amont
10532;8540;420;226050;Aval
10533;8541;420;227050;Amont
10534;8542;3887;223140;Aval
10535;8543;3887;223190;Amont
10536;8544;3888;223220;Aval
10537;8545;3888;223260;Amont
10538;8546;3889;224620;Aval
10539;8547;3889;224660;Amont
10540;8548;3890;224680;Aval
10541;8549;3890;224710;Amont
10542;8550;3891;225665;Aval
10543;8551;3891;225690;Amont
10544;8552;3892;226570;Aval
10545;8553;3892;226620;Amont
10546;8554;1393;0;Aval
10547;8555;1393;427;Amont
10548;8556;1394;0;Aval
10549;8557;1394;427;Amont
10550;8558;9383;225924;Aval
10551;8559;9383;226747;Amont
10552;8560;9384;224730;Aval
10553;8561;9384;225924;Amont
10554;8562;9385;224730;Aval
10555;8563;9385;225924;Amont
10556;8564;1395;224700;Aval
10557;8565;1395;225137;Amont
10558;8566;1396;224710;Aval
10559;8567;1396;225137;Amont
10560;8568;9572;223275;Aval
10561;8569;9572;225000;Amont
10562;8570;421;15380;Aval
10563;8571;421;52906;Amont
10564;8572;424;161194;Aval
10565;8573;424;199509;Amont
10566;8574;425;150035;Aval
10567;8575;425;161194;Amont
10568;8576;426;149995;Aval
10569;8577;426;161194;Amont
10570;8578;3900;174167;Aval
10571;8579;3900;175100;Amont
10572;8580;3901;183210;Aval
10573;8581;3901;184059;Amont
10574;8582;8630;199509;Aval
10575;8583;8630;200010;Amont
10576;8584;8631;199509;Aval
10577;8585;8631;200010;Amont
10578;8586;8632;199674;Aval
10579;8587;8632;200010;Amont
10580;8588;8633;199722;Aval
10581;8589;8633;200010;Amont
10582;8590;8634;199887;Aval
10583;8591;8634;199978;Amont
10584;8592;427;156692;Aval
10585;8593;427;184940;Amont
10586;8594;428;266;Aval
10587;8595;428;6584;Amont
10588;8596;429;232;Aval
10589;8597;429;35546;Amont
10590;8598;430;3380;Aval
10591;8599;430;15750;Amont
10592;8600;431;28000;Aval
10593;8601;431;40370;Amont
10594;8602;432;70650;Aval
10595;8603;432;71274;Amont
10596;8604;433;170025;Aval
10597;8605;433;200000;Amont
10598;8606;3902;181640;Aval
10599;8607;3902;182103;Amont
10600;8608;3903;189210;Aval
10601;8609;3903;189610;Amont
10602;8610;434;202151;Aval
10603;8611;434;221950;Amont
10604;8612;435;222990;Aval
10605;8613;435;233597;Amont
10606;8614;436;203045;Aval
10607;8615;436;218200;Amont
10608;8616;437;4629;Aval
10609;8617;437;8400;Amont
10610;8618;438;0;Aval
10611;8619;438;4629;Amont
10612;8620;439;0;Aval
10613;8621;439;4629;Amont
10614;8622;3904;0;Aval
10615;8623;3904;30;Amont
10616;8624;3905;1649;Aval
10617;8625;3905;1688;Amont
10618;8626;3906;2038;Aval
10619;8627;3906;2080;Amont
10620;8628;3907;2047;Aval
10621;8629;3907;2080;Amont
10622;8630;3908;0;Aval
10623;8631;3908;982;Amont
10624;8632;3909;0;Aval
10625;8633;3909;989;Amont
10626;8634;3910;0;Aval
10627;8635;3910;915;Amont
10628;8636;3911;0;Aval
10629;8637;3911;277;Amont
10630;8638;3912;0;Aval
10631;8639;3912;1424;Amont
10632;8640;3913;0;Aval
10633;8641;3913;2089;Amont
10634;8642;3914;0;Aval
10635;8643;3914;497;Amont
10636;8644;3915;0;Aval
10637;8645;3915;470;Amont
10638;8646;3916;0;Aval
10639;8647;3916;605;Amont
10640;8648;8783;0;Aval
10641;8649;8783;2300;Amont
10642;8650;440;56531;Aval
10643;8651;440;370287;Amont
10644;8652;441;56586;Aval
10645;8653;441;370275;Amont
10646;8654;3917;157557;Aval
10647;8655;3917;158450;Amont
10648;8656;3918;148463;Aval
10649;8657;3918;149177;Amont
10650;8658;3919;295036;Aval
10651;8659;3919;295717;Amont
10652;8660;3920;106807;Aval
10653;8661;3920;107723;Amont
10654;8662;3921;369996;Aval
10655;8663;3921;370230;Amont
10656;8664;3922;238505;Aval
10657;8665;3922;239190;Amont
10658;8666;3923;238604;Aval
10659;8667;3923;239165;Amont
10660;8668;3924;369864;Aval
10661;8669;3924;370282;Amont
10662;8670;3925;107078;Aval
10663;8671;3925;107658;Amont
10664;8672;3926;238640;Aval
10665;8673;3926;239095;Amont
10666;8674;3927;106810;Aval
10667;8675;3927;107749;Amont
10668;8676;3928;189381;Aval
10669;8677;3928;190347;Amont
10670;8678;3929;238672;Aval
10671;8679;3929;239035;Amont
10672;8680;3930;79921;Aval
10673;8681;3930;80696;Amont
10674;8682;3931;238580;Aval
10675;8683;3931;239170;Amont
10676;8684;3932;188957;Aval
10677;8685;3932;190417;Amont
10678;8686;3933;56863;Aval
10679;8687;3933;56957;Amont
10680;8688;3934;57353;Aval
10681;8689;3934;57548;Amont
10682;8690;3935;59314;Aval
10683;8691;3935;59445;Amont
10684;8692;3936;59453;Aval
10685;8693;3936;59586;Amont
10686;8694;3937;69727;Aval
10687;8695;3937;69858;Amont
10688;8696;3938;69869;Aval
10689;8697;3938;70000;Amont
10690;8698;3939;79781;Aval
10691;8699;3939;79912;Amont
10692;8700;3940;80716;Aval
10693;8701;3940;80847;Amont
10694;8702;3941;93566;Aval
10695;8703;3941;93696;Amont
10696;8704;3942;93726;Aval
10697;8705;3942;93857;Amont
10698;8706;3943;101651;Aval
10699;8707;3943;101710;Amont
10700;8708;3944;106581;Aval
10701;8709;3944;106670;Amont
10702;8710;3945;106490;Aval
10703;8711;3945;106571;Amont
10704;8712;3946;106990;Aval
10705;8713;3946;107077;Amont
10706;8714;3947;107106;Aval
10707;8715;3947;107155;Amont
10708;8716;3948;107787;Aval
10709;8717;3948;107920;Amont
10710;8718;3949;107923;Aval
10711;8719;3949;107966;Amont
10712;8720;3950;126170;Aval
10713;8721;3950;126301;Amont
10714;8722;3951;126331;Aval
10715;8723;3951;126462;Amont
10716;8724;3952;147029;Aval
10717;8725;3952;147161;Amont
10718;8726;3953;147201;Aval
10719;8727;3953;147330;Amont
10720;8728;3954;149222;Aval
10721;8729;3954;149351;Amont
10722;8730;3955;149447;Aval
10723;8731;3955;149577;Amont
10724;8732;3956;149642;Aval
10725;8733;3956;149773;Amont
10726;8734;3957;157397;Aval
10727;8735;3957;157528;Amont
10728;8736;3958;158455;Aval
10729;8737;3958;158587;Amont
10730;8738;3959;175501;Aval
10731;8739;3959;175632;Amont
10732;8740;3960;175661;Aval
10733;8741;3960;175794;Amont
10734;8742;3961;189172;Aval
10735;8743;3961;189307;Amont
10736;8744;3962;189382;Aval
10737;8745;3962;189506;Amont
10738;8746;3963;190220;Aval
10739;8747;3963;190345;Amont
10740;8748;3964;190443;Aval
10741;8749;3964;190539;Amont
10742;8750;3965;203029;Aval
10743;8751;3965;203160;Amont
10744;8752;3966;203190;Aval
10745;8753;3966;203321;Amont
10746;8754;3967;214180;Aval
10747;8755;3967;214311;Amont
10748;8756;3968;214723;Aval
10749;8757;3968;215008;Amont
10750;8758;3969;216475;Aval
10751;8759;3969;216606;Amont
10752;8760;3970;224501;Aval
10753;8761;3970;224563;Amont
10754;8762;3971;227500;Aval
10755;8763;3971;227629;Amont
10756;8764;3972;227662;Aval
10757;8765;3972;227791;Amont
10758;8766;3973;234420;Aval
10759;8767;3973;234482;Amont
10760;8768;3974;237986;Aval
10761;8769;3974;238071;Amont
10762;8770;3975;238174;Aval
10763;8771;3975;238258;Amont
10764;8772;3976;238465;Aval
10765;8773;3976;238579;Amont
10766;8774;3977;238514;Aval
10767;8775;3977;238630;Amont
10768;8776;3978;239307;Aval
10769;8777;3978;239372;Amont
10770;8778;3979;239409;Aval
10771;8779;3979;239490;Amont
10772;8780;3980;268236;Aval
10773;8781;3980;268318;Amont
10774;8782;3981;294820;Aval
10775;8783;3981;294902;Amont
10776;8784;3982;295541;Aval
10777;8785;3982;295621;Amont
10778;8786;3983;295651;Aval
10779;8787;3983;295761;Amont
10780;8788;3984;296097;Aval
10781;8789;3984;296182;Amont
10782;8790;3985;343035;Aval
10783;8791;3985;343120;Amont
10784;8792;3986;369550;Aval
10785;8793;3986;369588;Amont
10786;8794;3987;369639;Aval
10787;8795;3987;369685;Amont
10788;8796;3988;369766;Aval
10789;8797;3988;369828;Amont
10790;8798;3989;369834;Aval
10791;8799;3989;369896;Amont
10792;8800;3990;370180;Aval
10793;8801;3990;370243;Amont
10794;8802;3991;57661;Aval
10795;8803;3991;57720;Amont
10796;8804;3992;56970;Aval
10797;8805;3992;57395;Amont
10798;8806;3993;56965;Aval
10799;8807;3993;57353;Amont
10800;8808;3994;56882;Aval
10801;8809;3994;57550;Amont
10802;8810;8597;57727;Aval
10803;8811;8597;59045;Amont
10804;8812;8598;57840;Aval
10805;8813;8598;59045;Amont
10806;8814;442;214393;Aval
10807;8815;442;214979;Amont
10808;8816;443;0;Aval
10809;8817;443;718;Amont
10810;8818;444;0;Aval
10811;8819;444;718;Amont
10812;8820;445;136735;Aval
10813;8821;445;137104;Amont
10814;8822;446;136735;Aval
10815;8823;446;137104;Amont
10816;8824;447;115420;Aval
10817;8825;447;115829;Amont
10818;8826;448;115420;Aval
10819;8827;448;115829;Amont
10820;8828;449;134150;Aval
10821;8829;449;135333;Amont
10822;8830;450;134060;Aval
10823;8831;450;135333;Amont
10824;8832;451;64714;Aval
10825;8833;451;70632;Amont
10826;8834;452;87270;Aval
10827;8835;452;107509;Amont
10828;8836;3995;70050;Aval
10829;8837;3995;70550;Amont
10830;8838;3996;89959;Aval
10831;8839;3996;90570;Amont
10832;8840;453;336;Aval
10833;8841;453;3750;Amont
10834;8842;454;21661;Aval
10835;8843;454;22274;Amont
10836;8844;455;-103;Aval
10837;8845;455;57414;Amont
10838;8846;456;111;Aval
10839;8847;456;57414;Amont
10840;8848;3997;1000;Aval
10841;8849;3997;1082;Amont
10842;8850;3998;1300;Aval
10843;8851;3998;1365;Amont
10844;8852;3999;19442;Aval
10845;8853;3999;19465;Amont
10846;8854;4000;33340;Aval
10847;8855;4000;33384;Amont
10848;8856;4001;48885;Aval
10849;8857;4001;48940;Amont
10850;8858;4002;49250;Aval
10851;8859;4002;49316;Amont
10852;8860;4003;49608;Aval
10853;8861;4003;49671;Amont
10854;8862;4004;56215;Aval
10855;8863;4004;56335;Amont
10856;8864;4005;49395;Aval
10857;8865;4005;49708;Amont
10858;8866;457;0;Aval
10859;8867;457;1751;Amont
10860;8868;458;155587;Aval
10861;8869;458;187378;Amont
10862;8870;4006;170581;Aval
10863;8871;4006;170931;Amont
10864;8872;4007;183521;Aval
10865;8873;4007;183915;Amont
10866;8874;459;106497;Aval
10867;8875;459;113659;Amont
10868;8876;460;220700;Aval
10869;8877;460;231011;Amont
10870;8878;461;27067;Aval
10871;8879;461;49362;Amont
10872;8880;462;0;Aval
10873;8881;462;2365;Amont
10874;8882;465;189528;Aval
10875;8883;465;219243;Amont
10876;8884;4012;218846;Aval
10877;8885;4012;219198;Amont
10878;8886;4013;189720;Aval
10879;8887;4013;190285;Amont
10880;8888;4014;218765;Aval
10881;8889;4014;219194;Amont
10882;8890;4015;189620;Aval
10883;8891;4015;190325;Amont
10884;8892;4016;218862;Aval
10885;8893;4016;219243;Amont
10886;8894;4017;218822;Aval
10887;8895;4017;219243;Amont
10888;8896;4018;207023;Aval
10889;8897;4018;207842;Amont
10890;8898;4019;218575;Aval
10891;8899;4019;219243;Amont
10892;8900;4020;218651;Aval
10893;8901;4020;219240;Amont
10894;8902;4021;218492;Aval
10895;8903;4021;218575;Amont
10896;8904;4022;218609;Aval
10897;8905;4022;218675;Amont
10898;8906;4023;219156;Aval
10899;8907;4023;219211;Amont
10900;8908;467;21264;Aval
10901;8909;467;181638;Amont
10902;8910;468;21267;Aval
10903;8911;468;181840;Amont
10904;8912;4024;80882;Aval
10905;8913;4024;81449;Amont
10906;8914;4025;22023;Aval
10907;8915;4025;22182;Amont
10908;8916;4026;22956;Aval
10909;8917;4026;23037;Amont
10910;8918;4027;23051;Aval
10911;8919;4027;23132;Amont
10912;8920;4028;31856;Aval
10913;8921;4028;32018;Amont
10914;8922;4029;32267;Aval
10915;8923;4029;32360;Amont
10916;8924;4030;43800;Aval
10917;8925;4030;43880;Amont
10918;8926;4031;44442;Aval
10919;8927;4031;44476;Amont
10920;8928;4032;61470;Aval
10921;8929;4032;61542;Amont
10922;8930;4033;61589;Aval
10923;8931;4033;61669;Amont
10924;8932;4034;79856;Aval
10925;8933;4034;79936;Amont
10926;8934;4035;80716;Aval
10927;8935;4035;80801;Amont
10928;8936;4036;80803;Aval
10929;8937;4036;80862;Amont
10930;8938;4037;81501;Aval
10931;8939;4037;81589;Amont
10932;8940;4038;116884;Aval
10933;8941;4038;116953;Amont
10934;8942;4039;140462;Aval
10935;8943;4039;140521;Amont
10936;8944;4040;31847;Aval
10937;8945;4040;32358;Amont
10938;8946;9100;31674;Aval
10939;8947;9100;31942;Amont
10940;8948;9101;33687;Aval
10941;8949;9101;33769;Amont
10942;8950;469;85;Aval
10943;8951;469;2965;Amont
10944;8952;470;76;Aval
10945;8953;470;2980;Amont
10946;8954;471;33572;Aval
10947;8955;471;51792;Amont
10948;8956;472;33510;Aval
10949;8957;472;52036;Amont
10950;8958;4041;50528;Aval
10951;8959;4041;50596;Amont
10952;8960;9086;50764;Aval
10953;8961;9086;50848;Amont
10954;8962;9102;33718;Aval
10955;8963;9102;33804;Amont
10956;8964;473;50612;Aval
10957;8965;473;51445;Amont
10958;8966;474;50612;Aval
10959;8967;474;51443;Amont
10960;8968;475;1861;Aval
10961;8969;475;3841;Amont
10962;8970;476;24715;Aval
10963;8971;476;37243;Amont
10964;8972;483;2194;Aval
10965;8973;483;130736;Amont
10966;8974;1397;25200;Aval
10967;8975;1397;46086;Amont
10968;8976;1398;65040;Aval
10969;8977;1398;76224;Amont
10970;8978;4052;130222;Aval
10971;8979;4052;130736;Amont
10972;8980;4053;130365;Aval
10973;8981;4053;130736;Amont
10974;8982;4054;130410;Aval
10975;8983;4054;130736;Amont
10976;8984;4055;100747;Aval
10977;8985;4055;101910;Amont
10978;8986;4056;130650;Aval
10979;8987;4056;130700;Amont
10980;8988;484;252;Aval
10981;8989;484;42295;Amont
10982;8990;4057;14239;Aval
10983;8991;4057;14726;Amont
10984;8992;4058;23308;Aval
10985;8993;4058;23896;Amont
10986;8994;4059;34450;Aval
10987;8995;4059;35055;Amont
10988;8996;486;273080;Aval
10989;8997;486;300307;Amont
10990;8998;487;232;Aval
10991;8999;487;11780;Amont
10992;9000;488;567;Aval
10993;9001;488;75650;Amont
10994;9002;489;75876;Aval
10995;9003;489;93623;Amont
10996;9004;490;138000;Aval
10997;9005;490;205777;Amont
10998;9006;491;93623;Aval
10999;9007;491;136781;Amont
11000;9008;492;93623;Aval
11001;9009;492;136235;Amont
11002;9010;4060;30;Aval
11003;9011;4060;567;Amont
11004;9012;4061;18000;Aval
11005;9013;4061;18702;Amont
11006;9014;4062;47554;Aval
11007;9015;4062;48329;Amont
11008;9016;4063;165742;Aval
11009;9017;4063;166258;Amont
11010;9018;4064;94450;Aval
11011;9019;4064;94500;Amont
11012;9020;4065;115375;Aval
11013;9021;4065;115430;Amont
11014;9022;4066;120995;Aval
11015;9023;4066;121040;Amont
11016;9024;8635;74921;Aval
11017;9025;8635;75577;Amont
11018;9026;8855;182758;Aval
11019;9027;8855;183322;Amont
11020;9028;8962;17693;Aval
11021;9029;8962;18770;Amont
11022;9030;493;313109;Aval
11023;9031;493;356200;Amont
11024;9032;497;1186;Aval
11025;9033;497;622408;Amont
11026;9034;498;1153;Aval
11027;9035;498;622408;Amont
11028;9036;1399;210695;Aval
11029;9037;1399;210921;Amont
11030;9038;1400;410020;Aval
11031;9039;1400;411010;Amont
11032;9040;1401;1136;Aval
11033;9041;1401;32605;Amont
11034;9042;1402;41351;Aval
11035;9043;1402;47979;Amont
11036;9044;1403;60427;Aval
11037;9045;1403;68155;Amont
11038;9046;1404;1154;Aval
11039;9047;1404;32566;Amont
11040;9048;1405;42248;Aval
11041;9049;1405;47869;Amont
11042;9050;1406;60795;Aval
11043;9051;1406;68168;Amont
11044;9052;1407;371470;Aval
11045;9053;1407;372210;Amont
11046;9054;1408;185965;Aval
11047;9055;1408;186967;Amont
11048;9056;1409;210610;Aval
11049;9057;1409;211369;Amont
11050;9058;1410;210610;Aval
11051;9059;1410;211357;Amont
11052;9060;1411;370800;Aval
11053;9061;1411;371260;Amont
11054;9062;1412;370250;Aval
11055;9063;1412;372600;Amont
11056;9064;1413;370800;Aval
11057;9065;1413;371470;Amont
11058;9066;1414;371245;Aval
11059;9067;1414;372413;Amont
11060;9068;1415;1014;Aval
11061;9069;1415;1432;Amont
11062;9070;4073;459;Aval
11063;9071;4073;1029;Amont
11064;9072;4074;430;Aval
11065;9073;4074;883;Amont
11066;9074;4075;446;Aval
11067;9075;4075;1249;Amont
11068;9076;4076;446;Aval
11069;9077;4076;1154;Amont
11070;9078;4077;87021;Aval
11071;9079;4077;87353;Amont
11072;9080;4078;147266;Aval
11073;9081;4078;148372;Amont
11074;9082;4079;446;Aval
11075;9083;4079;1040;Amont
11076;9084;4080;446;Aval
11077;9085;4080;805;Amont
11078;9086;4081;147448;Aval
11079;9087;4081;148162;Amont
11080;9088;4082;446;Aval
11081;9089;4082;1034;Amont
11082;9090;4083;446;Aval
11083;9091;4083;757;Amont
11084;9092;4084;435;Aval
11085;9093;4084;1064;Amont
11086;9094;4085;435;Aval
11087;9095;4085;1064;Amont
11088;9096;4086;435;Aval
11089;9097;4086;1136;Amont
11090;9098;4087;86735;Aval
11091;9099;4087;87714;Amont
11092;9100;4088;372570;Aval
11093;9101;4088;373525;Amont
11094;9102;4089;3190;Aval
11095;9103;4089;3660;Amont
11096;9104;4090;459;Aval
11097;9105;4090;1207;Amont
11098;9106;4091;435;Aval
11099;9107;4091;1097;Amont
11100;9108;4092;435;Aval
11101;9109;4092;1153;Amont
11102;9110;4093;435;Aval
11103;9111;4093;1216;Amont
11104;9112;4094;435;Aval
11105;9113;4094;1035;Amont
11106;9114;4095;435;Aval
11107;9115;4095;973;Amont
11108;9116;4096;820;Aval
11109;9117;4096;1339;Amont
11110;9118;4097;820;Aval
11111;9119;4097;1301;Amont
11112;9120;4098;820;Aval
11113;9121;4098;1557;Amont
11114;9122;4099;820;Aval
11115;9123;4099;1279;Amont
11116;9124;4100;372625;Aval
11117;9125;4100;373841;Amont
11118;9126;4101;430;Aval
11119;9127;4101;998;Amont
11120;9128;4102;146934;Aval
11121;9129;4102;147919;Amont
11122;9130;4103;300190;Aval
11123;9131;4103;300362;Amont
11124;9132;4104;335730;Aval
11125;9133;4104;336467;Amont
11126;9134;4105;504012;Aval
11127;9135;4105;505129;Amont
11128;9136;4106;530583;Aval
11129;9137;4106;531170;Amont
11130;9138;4107;562860;Aval
11131;9139;4107;563139;Amont
11132;9140;4108;617900;Aval
11133;9141;4108;618526;Amont
11134;9142;4109;430;Aval
11135;9143;4109;1250;Amont
11136;9144;4110;299650;Aval
11137;9145;4110;300430;Amont
11138;9146;4111;336020;Aval
11139;9147;4111;336303;Amont
11140;9148;4112;453777;Aval
11141;9149;4112;454352;Amont
11142;9150;4113;562629;Aval
11143;9151;4113;563253;Amont
11144;9152;4114;603377;Aval
11145;9153;4114;604047;Amont
11146;9154;4115;87279;Aval
11147;9155;4115;88429;Amont
11148;9156;4116;372890;Aval
11149;9157;4116;373722;Amont
11150;9158;4117;430;Aval
11151;9159;4117;998;Amont
11152;9160;4118;504696;Aval
11153;9161;4118;504893;Amont
11154;9162;4119;430;Aval
11155;9163;4119;1252;Amont
11156;9164;4120;86925;Aval
11157;9165;4120;87376;Amont
11158;9166;4121;299315;Aval
11159;9167;4121;300473;Amont
11160;9168;4122;372846;Aval
11161;9169;4122;373530;Amont
11162;9170;4123;430;Aval
11163;9171;4123;998;Amont
11164;9172;4124;372413;Aval
11165;9173;4124;373450;Amont
11166;9174;4125;430;Aval
11167;9175;4125;1186;Amont
11168;9176;4126;86985;Aval
11169;9177;4126;87338;Amont
11170;9178;4127;372950;Aval
11171;9179;4127;373450;Amont
11172;9180;4128;430;Aval
11173;9181;4128;1136;Amont
11174;9182;4129;372915;Aval
11175;9183;4129;373533;Amont
11176;9184;4130;23493;Aval
11177;9185;4130;24292;Amont
11178;9186;4131;474254;Aval
11179;9187;4131;474913;Amont
11180;9188;4132;622005;Aval
11181;9189;4132;622315;Amont
11182;9190;4133;23439;Aval
11183;9191;4133;24296;Amont
11184;9192;4134;621850;Aval
11185;9193;4134;622408;Amont
11186;9194;4135;16394;Aval
11187;9195;4135;17032;Amont
11188;9196;4136;474275;Aval
11189;9197;4136;474977;Amont
11190;9198;4137;373640;Aval
11191;9199;4137;373810;Amont
11192;9200;4138;336546;Aval
11193;9201;4138;337530;Amont
11194;9202;4139;474315;Aval
11195;9203;4139;475125;Amont
11196;9204;4140;621935;Aval
11197;9205;4140;622408;Amont
11198;9206;4141;85665;Aval
11199;9207;4141;86653;Amont
11200;9208;4142;123920;Aval
11201;9209;4142;125104;Amont
11202;9210;4143;169263;Aval
11203;9211;4143;170512;Amont
11204;9212;4144;123664;Aval
11205;9213;4144;125002;Amont
11206;9214;4145;621868;Aval
11207;9215;4145;622365;Amont
11208;9216;4146;16377;Aval
11209;9217;4146;16919;Amont
11210;9218;4147;675;Aval
11211;9219;4147;745;Amont
11212;9220;4148;676;Aval
11213;9221;4148;747;Amont
11214;9222;4149;744;Aval
11215;9223;4149;802;Amont
11216;9224;4150;871;Aval
11217;9225;4150;934;Amont
11218;9226;4151;871;Aval
11219;9227;4151;1096;Amont
11220;9228;4152;873;Aval
11221;9229;4152;966;Amont
11222;9230;4153;928;Aval
11223;9231;4153;990;Amont
11224;9232;4154;974;Aval
11225;9233;4154;1098;Amont
11226;9234;4155;999;Aval
11227;9235;4155;1090;Amont
11228;9236;4156;1048;Aval
11229;9237;4156;1127;Amont
11230;9238;4157;1052;Aval
11231;9239;4157;1186;Amont
11232;9240;4158;1065;Aval
11233;9241;4158;1135;Amont
11234;9242;4159;1153;Aval
11235;9243;4159;1216;Amont
11236;9244;4160;1154;Aval
11237;9245;4160;1216;Amont
11238;9246;4161;1167;Aval
11239;9247;4161;1250;Amont
11240;9248;4162;1189;Aval
11241;9249;4162;1252;Amont
11242;9250;4163;1240;Aval
11243;9251;4163;1352;Amont
11244;9252;4164;1272;Aval
11245;9253;4164;1437;Amont
11246;9254;4165;1341;Aval
11247;9255;4165;1407;Amont
11248;9256;4166;1352;Aval
11249;9257;4166;1440;Amont
11250;9258;4167;1432;Aval
11251;9259;4167;1509;Amont
11252;9260;4168;1440;Aval
11253;9261;4168;1473;Amont
11254;9262;4169;1473;Aval
11255;9263;4169;1505;Amont
11256;9264;4170;1505;Aval
11257;9265;4170;1571;Amont
11258;9266;4171;1527;Aval
11259;9267;4171;1586;Amont
11260;9268;4172;1571;Aval
11261;9269;4172;1618;Amont
11262;9270;4173;3960;Aval
11263;9271;4173;4090;Amont
11264;9272;4174;4252;Aval
11265;9273;4174;4391;Amont
11266;9274;4175;4252;Aval
11267;9275;4175;4391;Amont
11268;9276;4176;4458;Aval
11269;9277;4176;4598;Amont
11270;9278;4177;9997;Aval
11271;9279;4177;10182;Amont
11272;9280;4178;12675;Aval
11273;9281;4178;12874;Amont
11274;9282;4179;14432;Aval
11275;9283;4179;14616;Amont
11276;9284;4180;14902;Aval
11277;9285;4180;15067;Amont
11278;9286;4181;14914;Aval
11279;9287;4181;15064;Amont
11280;9288;4182;14986;Aval
11281;9289;4182;15209;Amont
11282;9290;4183;15023;Aval
11283;9291;4183;15179;Amont
11284;9292;4184;15181;Aval
11285;9293;4184;15398;Amont
11286;9294;4185;16021;Aval
11287;9295;4185;16147;Amont
11288;9296;4186;16071;Aval
11289;9297;4186;16297;Amont
11290;9298;4187;16200;Aval
11291;9299;4187;16318;Amont
11292;9300;4188;16375;Aval
11293;9301;4188;16494;Amont
11294;9302;4189;16380;Aval
11295;9303;4189;16458;Amont
11296;9304;4190;16804;Aval
11297;9305;4190;16885;Amont
11298;9306;4191;16824;Aval
11299;9307;4191;16919;Amont
11300;9308;4192;16939;Aval
11301;9309;4192;17055;Amont
11302;9310;4193;17007;Aval
11303;9311;4193;17137;Amont
11304;9312;4194;17030;Aval
11305;9313;4194;17166;Amont
11306;9314;4195;17070;Aval
11307;9315;4195;17205;Amont
11308;9316;4196;17634;Aval
11309;9317;4196;17796;Amont
11310;9318;4197;17635;Aval
11311;9319;4197;17765;Amont
11312;9320;4198;17647;Aval
11313;9321;4198;17782;Amont
11314;9322;4199;17782;Aval
11315;9323;4199;17957;Amont
11316;9324;4200;17790;Aval
11317;9325;4200;17977;Amont
11318;9326;4201;17826;Aval
11319;9327;4201;17960;Amont
11320;9328;4202;21458;Aval
11321;9329;4202;21537;Amont
11322;9330;4203;21740;Aval
11323;9331;4203;21867;Amont
11324;9332;4204;21749;Aval
11325;9333;4204;21879;Amont
11326;9334;4205;21883;Aval
11327;9335;4205;22022;Amont
11328;9336;4206;21934;Aval
11329;9337;4206;22154;Amont
11330;9338;4207;22629;Aval
11331;9339;4207;22859;Amont
11332;9340;4208;22633;Aval
11333;9341;4208;22814;Amont
11334;9342;4209;22832;Aval
11335;9343;4209;23062;Amont
11336;9344;4210;22876;Aval
11337;9345;4210;23060;Amont
11338;9346;4211;23589;Aval
11339;9347;4211;23702;Amont
11340;9348;4212;23589;Aval
11341;9349;4212;23702;Amont
11342;9350;4213;25783;Aval
11343;9351;4213;25991;Amont
11344;9352;4214;26736;Aval
11345;9353;4214;26800;Amont
11346;9354;4215;27226;Aval
11347;9355;4215;27365;Amont
11348;9356;4216;27231;Aval
11349;9357;4216;27409;Amont
11350;9358;4217;27536;Aval
11351;9359;4217;28100;Amont
11352;9360;4218;28648;Aval
11353;9361;4218;28927;Amont
11354;9362;4219;28788;Aval
11355;9363;4219;29080;Amont
11356;9364;4220;30167;Aval
11357;9365;4220;30232;Amont
11358;9366;4221;30058;Aval
11359;9367;4221;30278;Amont
11360;9368;4222;30238;Aval
11361;9369;4222;30342;Amont
11362;9370;4223;31704;Aval
11363;9371;4223;31986;Amont
11364;9372;4224;31796;Aval
11365;9373;4224;31963;Amont
11366;9374;4225;31964;Aval
11367;9375;4225;32134;Amont
11368;9376;4226;31992;Aval
11369;9377;4226;32134;Amont
11370;9378;4227;32010;Aval
11371;9379;4227;32072;Amont
11372;9380;4228;32074;Aval
11373;9381;4228;32134;Amont
11374;9382;4229;32431;Aval
11375;9383;4229;32825;Amont
11376;9384;4230;32453;Aval
11377;9385;4230;32513;Amont
11378;9386;4231;32491;Aval
11379;9387;4231;32825;Amont
11380;9388;4232;32514;Aval
11381;9389;4232;32577;Amont
11382;9390;4233;46792;Aval
11383;9391;4233;47012;Amont
11384;9392;4234;46932;Aval
11385;9393;4234;47094;Amont
11386;9394;4235;47038;Aval
11387;9395;4235;47136;Amont
11388;9396;4236;47108;Aval
11389;9397;4236;47171;Amont
11390;9398;4237;47141;Aval
11391;9399;4237;47216;Amont
11392;9400;4238;47187;Aval
11393;9401;4238;47300;Amont
11394;9402;4239;47220;Aval
11395;9403;4239;47443;Amont
11396;9404;4240;47360;Aval
11397;9405;4240;47446;Amont
11398;9406;4241;47360;Aval
11399;9407;4241;47446;Amont
11400;9408;4242;47786;Aval
11401;9409;4242;47869;Amont
11402;9410;4243;67017;Aval
11403;9411;4243;67175;Amont
11404;9412;4244;67259;Aval
11405;9413;4244;67388;Amont
11406;9414;4245;67520;Aval
11407;9415;4245;67601;Amont
11408;9416;4246;67560;Aval
11409;9417;4246;67627;Amont
11410;9418;4247;77720;Aval
11411;9419;4247;77805;Amont
11412;9420;4248;77848;Aval
11413;9421;4248;77930;Amont
11414;9422;4249;86486;Aval
11415;9423;4249;86615;Amont
11416;9424;4250;86654;Aval
11417;9425;4250;86787;Amont
11418;9426;4251;87651;Aval
11419;9427;4251;87784;Amont
11420;9428;4252;88443;Aval
11421;9429;4252;88525;Amont
11422;9430;4253;104817;Aval
11423;9431;4253;104898;Amont
11424;9432;4254;105339;Aval
11425;9433;4254;105400;Amont
11426;9434;4255;123631;Aval
11427;9435;4255;123701;Amont
11428;9436;4256;123810;Aval
11429;9437;4256;123917;Amont
11430;9438;4257;140600;Aval
11431;9439;4257;140660;Amont
11432;9440;4258;146681;Aval
11433;9441;4258;146762;Amont
11434;9442;4259;148383;Aval
11435;9443;4259;148429;Amont
11436;9444;4260;158844;Aval
11437;9445;4260;158892;Amont
11438;9446;4261;168896;Aval
11439;9447;4261;168955;Amont
11440;9448;4262;186162;Aval
11441;9449;4262;186205;Amont
11442;9450;4263;186961;Aval
11443;9451;4263;187043;Amont
11444;9452;4264;187047;Aval
11445;9453;4264;187123;Amont
11446;9454;4265;199347;Aval
11447;9455;4265;199416;Amont
11448;9456;4266;200008;Aval
11449;9457;4266;200218;Amont
11450;9458;4267;200268;Aval
11451;9459;4267;200478;Amont
11452;9460;4268;210061;Aval
11453;9461;4268;210271;Amont
11454;9462;4269;210295;Aval
11455;9463;4269;210403;Amont
11456;9464;4270;210352;Aval
11457;9465;4270;210558;Amont
11458;9466;4271;211446;Aval
11459;9467;4271;211528;Amont
11460;9468;4272;211533;Aval
11461;9469;4272;211616;Amont
11462;9470;4273;211697;Aval
11463;9471;4273;211779;Amont
11464;9472;4274;211882;Aval
11465;9473;4274;211964;Amont
11466;9474;4275;214849;Aval
11467;9475;4275;214910;Amont
11468;9476;4276;234254;Aval
11469;9477;4276;234313;Amont
11470;9478;4277;234850;Aval
11471;9479;4277;234932;Amont
11472;9480;4278;246027;Aval
11473;9481;4278;246090;Amont
11474;9482;4279;299773;Aval
11475;9483;4279;299836;Amont
11476;9484;4280;300511;Aval
11477;9485;4280;300594;Amont
11478;9486;4281;317221;Aval
11479;9487;4281;317283;Amont
11480;9488;4282;322229;Aval
11481;9489;4282;322312;Amont
11482;9490;4283;335685;Aval
11483;9491;4283;335730;Amont
11484;9492;4284;336235;Aval
11485;9493;4284;336303;Amont
11486;9494;4285;336400;Aval
11487;9495;4285;336546;Amont
11488;9496;4286;336468;Aval
11489;9497;4286;336546;Amont
11490;9498;4287;337370;Aval
11491;9499;4287;337463;Amont
11492;9500;4288;337413;Aval
11493;9501;4288;337555;Amont
11494;9502;4289;352821;Aval
11495;9503;4289;352956;Amont
11496;9504;4290;352969;Aval
11497;9505;4290;353100;Amont
11498;9506;4291;370154;Aval
11499;9507;4291;370195;Amont
11500;9508;4292;370195;Aval
11501;9509;4292;370250;Amont
11502;9510;4293;371230;Aval
11503;9511;4293;371300;Amont
11504;9512;4294;371245;Aval
11505;9513;4294;371410;Amont
11506;9514;4295;371260;Aval
11507;9515;4295;371558;Amont
11508;9516;4296;371410;Aval
11509;9517;4296;371430;Amont
11510;9518;4297;371410;Aval
11511;9519;4297;371505;Amont
11512;9520;4298;371430;Aval
11513;9521;4298;371445;Amont
11514;9522;4299;371445;Aval
11515;9523;4299;371470;Amont
11516;9524;4300;371540;Aval
11517;9525;4300;371635;Amont
11518;9526;4301;371670;Aval
11519;9527;4301;371735;Amont
11520;9528;4302;371735;Aval
11521;9529;4302;371780;Amont
11522;9530;4303;371780;Aval
11523;9531;4303;371810;Amont
11524;9532;4304;371810;Aval
11525;9533;4304;371876;Amont
11526;9534;4305;372409;Aval
11527;9535;4305;372495;Amont
11528;9536;4306;372413;Aval
11529;9537;4306;372490;Amont
11530;9538;4307;372492;Aval
11531;9539;4307;372570;Amont
11532;9540;4308;372600;Aval
11533;9541;4308;372670;Amont
11534;9542;4309;372675;Aval
11535;9543;4309;372730;Amont
11536;9544;4310;372740;Aval
11537;9545;4310;372810;Amont
11538;9546;4311;372841;Aval
11539;9547;4311;372950;Amont
11540;9548;4312;372855;Aval
11541;9549;4312;372990;Amont
11542;9550;4313;372930;Aval
11543;9551;4313;372970;Amont
11544;9552;4314;372990;Aval
11545;9553;4314;373054;Amont
11546;9554;4315;373450;Aval
11547;9555;4315;373470;Amont
11548;9556;4316;373470;Aval
11549;9557;4316;373533;Amont
11550;9558;4317;373500;Aval
11551;9559;4317;373555;Amont
11552;9560;4318;373530;Aval
11553;9561;4318;373589;Amont
11554;9562;4319;373533;Aval
11555;9563;4319;373590;Amont
11556;9564;4320;373590;Aval
11557;9565;4320;373630;Amont
11558;9566;4321;373650;Aval
11559;9567;4321;373750;Amont
11560;9568;4322;373687;Aval
11561;9569;4322;373810;Amont
11562;9570;4323;373700;Aval
11563;9571;4323;373740;Amont
11564;9572;4324;373740;Aval
11565;9573;4324;373785;Amont
11566;9574;4325;373760;Aval
11567;9575;4325;373848;Amont
11568;9576;4326;377760;Aval
11569;9577;4326;377823;Amont
11570;9578;4327;384875;Aval
11571;9579;4327;384946;Amont
11572;9580;4328;395472;Aval
11573;9581;4328;395530;Amont
11574;9582;4329;395560;Aval
11575;9583;4329;395644;Amont
11576;9584;4330;410070;Aval
11577;9585;4330;410150;Amont
11578;9586;4331;410180;Aval
11579;9587;4331;410230;Amont
11580;9588;4332;410230;Aval
11581;9589;4332;410280;Amont
11582;9590;4333;428228;Aval
11583;9591;4333;428330;Amont
11584;9592;4334;428072;Aval
11585;9593;4334;428134;Amont
11586;9594;4335;438394;Aval
11587;9595;4335;438451;Amont
11588;9596;4336;453777;Aval
11589;9597;4336;453825;Amont
11590;9598;4337;453825;Aval
11591;9599;4337;453852;Amont
11592;9600;4338;453840;Aval
11593;9601;4338;453886;Amont
11594;9602;4339;454352;Aval
11595;9603;4339;454387;Amont
11596;9604;4340;454443;Aval
11597;9605;4340;454476;Amont
11598;9606;4341;465187;Aval
11599;9607;4341;465232;Amont
11600;9608;4342;474006;Aval
11601;9609;4342;474094;Amont
11602;9610;4343;474110;Aval
11603;9611;4343;474192;Amont
11604;9612;4344;474946;Aval
11605;9613;4344;474995;Amont
11606;9614;4345;475003;Aval
11607;9615;4345;475062;Amont
11608;9616;4346;475092;Aval
11609;9617;4346;475160;Amont
11610;9618;4347;475125;Aval
11611;9619;4347;475222;Amont
11612;9620;4348;475225;Aval
11613;9621;4348;475305;Amont
11614;9622;4349;503842;Aval
11615;9623;4349;503924;Amont
11616;9624;4350;504955;Aval
11617;9625;4350;505019;Amont
11618;9626;4351;505024;Aval
11619;9627;4351;505129;Amont
11620;9628;4352;505060;Aval
11621;9629;4352;505142;Amont
11622;9630;4353;530489;Aval
11623;9631;4353;530571;Amont
11624;9632;4354;531171;Aval
11625;9633;4354;531251;Amont
11626;9634;4355;539105;Aval
11627;9635;4355;539167;Amont
11628;9636;4356;553759;Aval
11629;9637;4356;553820;Amont
11630;9638;4357;562210;Aval
11631;9639;4357;562294;Amont
11632;9640;4358;563426;Aval
11633;9641;4358;563509;Amont
11634;9642;4359;588589;Aval
11635;9643;4359;588671;Amont
11636;9644;4360;588772;Aval
11637;9645;4360;588854;Amont
11638;9646;4361;603123;Aval
11639;9647;4361;603260;Amont
11640;9648;4362;603272;Aval
11641;9649;4362;603335;Amont
11642;9650;4363;604056;Aval
11643;9651;4363;604156;Amont
11644;9652;4364;617777;Aval
11645;9653;4364;617839;Amont
11646;9654;4365;617860;Aval
11647;9655;4365;617944;Amont
11648;9656;4366;618526;Aval
11649;9657;4366;618632;Amont
11650;9658;4367;621660;Aval
11651;9659;4367;621750;Amont
11652;9660;4368;621830;Aval
11653;9661;4368;621868;Amont
11654;9662;4369;622315;Aval
11655;9663;4369;622373;Amont
11656;9664;4370;147824;Aval
11657;9665;4370;148209;Amont
11658;9666;4371;147854;Aval
11659;9667;4371;148074;Amont
11660;9668;4372;210631;Aval
11661;9669;4372;211486;Amont
11662;9670;8636;275428;Aval
11663;9671;8636;276530;Amont
11664;9672;8637;258790;Aval
11665;9673;8637;260031;Amont
11666;9674;8638;86789;Aval
11667;9675;8638;87376;Amont
11668;9676;8639;246140;Aval
11669;9677;8639;247050;Amont
11670;9678;8640;191300;Aval
11671;9679;8640;191510;Amont
11672;9680;8641;191872;Aval
11673;9681;8641;192100;Amont
11674;9682;8642;276887;Aval
11675;9683;8642;277019;Amont
11676;9684;8643;299122;Aval
11677;9685;8643;299254;Amont
11678;9686;8928;373725;Aval
11679;9687;8928;373780;Amont
11680;9688;8940;321210;Aval
11681;9689;8940;321270;Amont
11682;9690;8941;288911;Aval
11683;9691;8941;288990;Amont
11684;9692;8942;276610;Aval
11685;9693;8942;276738;Amont
11686;9694;8943;269030;Aval
11687;9695;8943;269105;Amont
11688;9696;8946;258230;Aval
11689;9697;8946;258315;Amont
11690;9698;8947;257392;Aval
11691;9699;8947;257472;Amont
11692;9700;9014;28100;Aval
11693;9701;9014;29920;Amont
11694;9702;9015;28100;Aval
11695;9703;9015;30165;Amont
11696;9704;9016;29048;Aval
11697;9705;9016;29208;Amont
11698;9706;9017;28662;Aval
11699;9707;9017;28906;Amont
11700;9708;9023;21655;Aval
11701;9709;9023;21756;Amont
11702;9710;9024;21539;Aval
11703;9711;9024;21653;Amont
11704;9712;9031;17207;Aval
11705;9713;9031;17288;Amont
11706;9714;9032;14938;Aval
11707;9715;9032;15165;Amont
11708;9716;499;208920;Aval
11709;9717;499;210414;Amont
11710;9718;500;209842;Aval
11711;9719;500;210414;Amont
11712;9720;4373;209707;Aval
11713;9721;4373;209787;Amont
11714;9722;4374;209798;Aval
11715;9723;4374;209883;Amont
11716;9724;8949;208752;Aval
11717;9725;8949;209880;Amont
11718;9726;501;618526;Aval
11719;9727;501;620722;Amont
11720;9728;502;446;Aval
11721;9729;502;13262;Amont
11722;9730;503;54365;Aval
11723;9731;503;82134;Amont
11724;9732;504;2240;Aval
11725;9733;504;13500;Amont
11726;9734;9097;150470;Amont
11727;9735;9098;148810;Aval
11728;9736;9099;148880;Aval
11729;9737;9099;148954;Amont
11730;9738;507;181968;Amont
11731;9739;508;182931;Amont
11732;9740;509;4025;Aval
11733;9741;509;142079;Amont
11734;9742;510;3951;Aval
11735;9743;510;141974;Amont
11736;9744;1416;141974;Aval
11737;9745;1416;143330;Amont
11738;9746;1417;142079;Aval
11739;9747;1417;143585;Amont
11740;9748;4382;55728;Aval
11741;9749;4382;56130;Amont
11742;9750;4383;98465;Aval
11743;9751;4383;99223;Amont
11744;9752;4384;98532;Aval
11745;9753;4384;99230;Amont
11746;9754;4385;4844;Aval
11747;9755;4385;4901;Amont
11748;9756;4386;40472;Aval
11749;9757;4386;40532;Amont
11750;9758;4387;40802;Aval
11751;9759;4387;40874;Amont
11752;9760;4388;55538;Aval
11753;9761;4388;55594;Amont
11754;9762;4389;55595;Aval
11755;9763;4389;55642;Amont
11756;9764;4390;55747;Aval
11757;9765;4390;55806;Amont
11758;9766;4391;56495;Aval
11759;9767;4391;56570;Amont
11760;9768;4392;81678;Aval
11761;9769;4392;81746;Amont
11762;9770;4393;81765;Aval
11763;9771;4393;81850;Amont
11764;9772;4394;84296;Aval
11765;9773;4394;84440;Amont
11766;9774;4395;84847;Aval
11767;9775;4395;85184;Amont
11768;9776;4396;98047;Aval
11769;9777;4396;98130;Amont
11770;9778;4397;98517;Aval
11771;9779;4397;98595;Amont
11772;9780;4398;98596;Aval
11773;9781;4398;98667;Amont
11774;9782;4399;99278;Aval
11775;9783;4399;99338;Amont
11776;9784;4400;99440;Aval
11777;9785;4400;99494;Amont
11778;9786;4401;100941;Aval
11779;9787;4401;101134;Amont
11780;9788;4402;113531;Aval
11781;9789;4402;113614;Amont
11782;9790;4403;129442;Aval
11783;9791;4403;129502;Amont
11784;9792;4404;129961;Aval
11785;9793;4404;130024;Amont
11786;9794;4405;141226;Aval
11787;9795;4405;141302;Amont
11788;9796;4406;141980;Aval
11789;9797;4406;142079;Amont
11790;9798;4407;143169;Aval
11791;9799;4407;143229;Amont
11792;9800;8644;142080;Aval
11793;9801;8644;143165;Amont
11794;9802;8955;19560;Aval
11795;9803;8955;19624;Amont
11796;9804;26;161618;Aval
11797;9805;27;113600;Aval
11798;9806;28;67070;Aval
11799;9807;511;1250;Aval
11800;19585;511;222994;Amont
11801;9809;512;1216;Aval
11802;19587;512;222994;Amont
11803;9811;4408;3160;Aval
11804;9812;4408;3984;Amont
11805;9813;4412;68538;Amont
11806;9814;4413;163187;Amont
11807;9815;4414;1617;Aval
11808;9816;4414;1687;Amont
11809;9817;4415;2359;Aval
11810;9818;4415;2407;Amont
11811;9819;4416;2416;Aval
11812;9820;4416;2562;Amont
11813;9821;4417;2464;Aval
11814;9822;4417;2544;Amont
11815;9823;4418;2791;Aval
11816;9824;4418;2917;Amont
11817;9825;4419;3230;Aval
11818;9826;4419;3353;Amont
11819;9827;4420;4002;Aval
11820;9828;4420;4129;Amont
11821;9829;4421;4132;Aval
11822;9830;4421;4266;Amont
11823;9831;4422;4268;Aval
11824;9832;4422;4315;Amont
11825;19563;4423;5582;Amont
11826;9834;9092;115095;Amont
11827;9835;9579;15000;Amont
11828;9836;9582;15000;Amont
11829;9837;513;0;Aval
11830;9838;513;1043;Amont
11831;9839;514;1043;Aval
11832;9840;515;1043;Aval
11833;9841;516;65900;Aval
11834;9842;517;128861;Aval
11835;9843;518;177905;Aval
11836;9844;519;217033;Amont
11837;9845;520;217389;Amont
11838;9846;521;215685;Aval
11839;9847;522;582;Aval
11840;9848;522;46200;Amont
11841;9849;4446;27035;Aval
11842;9850;4446;27445;Amont
11843;9851;523;412;Aval
11844;9852;523;33300;Amont
11845;9853;524;375682;Aval
11846;9854;524;454097;Amont
11847;9855;525;375681;Aval
11848;9856;525;454097;Amont
11849;9857;4447;401776;Aval
11850;9858;4447;402266;Amont
11851;9859;4448;453528;Aval
11852;9860;4448;454097;Amont
11853;9861;4449;453505;Aval
11854;9862;4449;454097;Amont
11855;9863;4450;401602;Aval
11856;9864;4450;401683;Amont
11857;9865;4451;430660;Aval
11858;9866;4451;430741;Amont
11859;9867;4452;453124;Aval
11860;9868;4452;453206;Amont
11861;9869;4453;453408;Aval
11862;9870;4453;453498;Amont
11863;9871;8645;430813;Aval
11864;9872;8645;431514;Amont
11865;9873;8650;402884;Aval
11866;9874;8650;402966;Amont
11867;9875;8651;430558;Aval
11868;9876;8651;430642;Amont
11869;9877;8652;431552;Aval
11870;9878;8652;431639;Amont
11871;9879;8856;453224;Aval
11872;9880;8856;453318;Amont
11873;9881;8857;453319;Aval
11874;9882;8857;453390;Amont
11875;9883;8858;453672;Aval
11876;9884;8858;453744;Amont
11877;9885;526;475589;Aval
11878;9886;526;480654;Amont
11879;9887;527;531252;Aval
11880;9888;527;547146;Amont
11881;9889;4454;546827;Aval
11882;9890;4454;547146;Amont
11883;9891;528;2645;Aval
11884;9892;528;28203;Amont
11885;9893;4455;27729;Aval
11886;9894;4455;28203;Amont
11887;9895;529;210046;Aval
11888;9896;529;306257;Amont
11889;9897;530;210366;Aval
11890;9898;530;306257;Amont
11891;9899;1418;212103;Aval
11892;9900;1418;212620;Amont
11893;9901;1419;212143;Aval
11894;9902;1419;212625;Amont
11895;9903;1420;258670;Aval
11896;9904;1420;259790;Amont
11897;9905;4456;210548;Aval
11898;9906;4456;210610;Amont
11899;9907;4457;210505;Aval
11900;9908;4457;210631;Amont
11901;9909;4458;211379;Aval
11902;9910;4458;211462;Amont
11903;9911;4459;211482;Aval
11904;9912;4459;211573;Amont
11905;9913;4460;211932;Aval
11906;9914;4460;212022;Amont
11907;9915;4461;211628;Aval
11908;9916;4461;211930;Amont
11909;9917;4462;214184;Aval
11910;9918;4462;214265;Amont
11911;9919;4463;214273;Aval
11912;9920;4463;214354;Amont
11913;9921;4464;229743;Aval
11914;9922;4464;229826;Amont
11915;9923;4465;229900;Aval
11916;9924;4465;229982;Amont
11917;9925;4466;246728;Aval
11918;9926;4466;246810;Amont
11919;9927;4467;246826;Aval
11920;9928;4467;246909;Amont
11921;9929;4468;258544;Aval
11922;9930;4468;258669;Amont
11923;9931;4469;259793;Aval
11924;9932;4469;259876;Amont
11925;9933;4470;287341;Aval
11926;9934;4470;287422;Amont
11927;9935;4471;287580;Aval
11928;9936;4471;287641;Amont
11929;9937;4472;301710;Aval
11930;9938;4472;301794;Amont
11931;9939;4473;301850;Aval
11932;9940;4473;301932;Amont
11933;9941;4474;304700;Aval
11934;9942;4474;304781;Amont
11935;9943;4475;306015;Aval
11936;9944;4475;306075;Amont
11937;9945;531;3950;Aval
11938;9946;531;4913;Amont
11939;9947;532;3955;Aval
11940;9948;532;4913;Amont
11941;9949;533;812;Aval
11942;9950;533;3950;Amont
11943;9951;534;812;Aval
11944;9952;534;3955;Amont
11945;9953;4476;850;Aval
11946;9954;4476;884;Amont
11947;9955;535;2510;Aval
11948;9956;535;2992;Amont
11949;9957;536;2510;Aval
11950;9958;536;2992;Amont
11951;9959;537;383710;Aval
11952;9960;537;392739;Amont
11953;9961;538;392830;Aval
11954;9962;538;393988;Amont
11955;9963;539;392739;Aval
11956;9964;539;393988;Amont
11957;9965;8950;391251;Aval
11958;9966;8950;392038;Amont
11959;9967;1421;428250;Aval
11960;9968;1421;429053;Amont
11961;9969;1422;428200;Aval
11962;9970;1422;428925;Amont
11963;9971;540;429978;Aval
11964;9972;540;432569;Amont
11965;9973;541;260143;Aval
11966;9974;541;290341;Amont
11967;9975;542;352060;Aval
11968;9976;542;359200;Amont
11969;9977;543;429257;Aval
11970;9978;543;439777;Amont
11971;9979;4477;289572;Aval
11972;9980;4477;290108;Amont
11973;9981;544;0;Aval
11974;9982;544;58316;Amont
11975;9983;4478;26465;Aval
11976;9984;4478;26911;Amont
11977;9985;4479;36090;Aval
11978;9986;4479;36604;Amont
11979;9987;4480;50227;Aval
11980;9988;4480;50638;Amont
11981;9989;8867;0;Aval
11982;9990;8867;145;Amont
11983;9991;545;373810;Aval
11984;9992;545;443518;Amont
11985;9993;546;373780;Aval
11986;9994;546;443521;Amont
11987;9995;4481;409616;Aval
11988;9996;4481;410701;Amont
11989;9997;4482;376240;Aval
11990;9998;4482;376282;Amont
11991;9999;4483;378628;Aval
11992;10000;4483;378690;Amont
11993;10001;4484;383480;Aval
11994;10002;4484;383540;Amont
11995;10003;4485;384110;Aval
11996;10004;4485;384190;Amont
11997;10005;4486;384200;Aval
11998;10006;4486;384280;Amont
11999;10007;4487;409504;Aval
12000;10008;4487;409590;Amont
12001;10009;4488;410920;Aval
12002;10010;4488;411003;Amont
12003;10011;4489;426289;Aval
12004;10012;4489;426381;Amont
12005;10013;4490;426476;Aval
12006;10014;4490;426559;Amont
12007;10015;4491;442368;Aval
12008;10016;4491;442450;Amont
12009;10017;547;442770;Aval
12010;10018;547;443291;Amont
12011;10019;548;685116;Aval
12012;10020;548;768334;Amont
12013;10021;549;469760;Aval
12014;10022;549;685116;Amont
12015;10023;550;469737;Aval
12016;10024;550;685116;Amont
12017;10025;4492;511084;Aval
12018;10026;4492;511988;Amont
12019;10027;4493;585005;Aval
12020;10028;4493;585405;Amont
12021;10029;4494;511170;Aval
12022;10030;4494;511300;Amont
12023;10031;4495;565256;Aval
12024;10032;4495;566053;Amont
12025;10033;4496;584713;Aval
12026;10034;4496;585397;Amont
12027;10035;4497;511190;Aval
12028;10036;4497;511825;Amont
12029;10037;4498;684530;Aval
12030;10038;4498;685090;Amont
12031;10039;4499;619280;Aval
12032;10040;4499;620234;Amont
12033;10041;4500;684304;Aval
12034;10042;4500;685050;Amont
12035;10043;4501;684417;Aval
12036;10044;4501;685020;Amont
12037;10045;4502;715031;Aval
12038;10046;4502;715819;Amont
12039;10047;4503;721649;Aval
12040;10048;4503;722382;Amont
12041;10049;4504;740146;Aval
12042;10050;4504;740908;Amont
12043;10051;4505;757872;Aval
12044;10052;4505;758672;Amont
12045;10053;4506;469886;Aval
12046;10054;4506;470020;Amont
12047;10055;4507;483019;Aval
12048;10056;4507;483082;Amont
12049;10057;4508;494265;Aval
12050;10058;4508;494297;Amont
12051;10059;4509;509481;Aval
12052;10060;4509;509566;Amont
12053;10061;4510;510633;Aval
12054;10062;4510;510715;Amont
12055;10063;4511;512095;Aval
12056;10064;4511;512226;Amont
12057;10065;4512;539979;Aval
12058;10066;4512;540062;Amont
12059;10067;4513;541105;Aval
12060;10068;4513;541161;Amont
12061;10069;4514;565030;Aval
12062;10070;4514;565113;Amont
12063;10071;4515;566486;Aval
12064;10072;4515;566568;Amont
12065;10073;4516;584557;Aval
12066;10074;4516;584639;Amont
12067;10075;4517;585647;Aval
12068;10076;4517;585734;Amont
12069;10077;4518;611584;Aval
12070;10078;4518;611667;Amont
12071;10079;4519;612160;Aval
12072;10080;4519;612243;Amont
12073;10081;4520;619040;Aval
12074;10082;4520;619122;Amont
12075;10083;4521;620486;Aval
12076;10084;4521;620569;Amont
12077;10085;4522;639825;Aval
12078;10086;4522;639922;Amont
12079;10087;4523;639949;Aval
12080;10088;4523;640048;Amont
12081;10089;4524;640150;Aval
12082;10090;4524;640204;Amont
12083;10091;4525;664230;Aval
12084;10092;4525;664312;Amont
12085;10093;4526;665190;Aval
12086;10094;4526;665272;Amont
12087;10095;4527;683923;Aval
12088;10096;4527;683984;Amont
12089;10097;4528;684118;Aval
12090;10098;4528;684203;Amont
12091;10099;4529;684382;Aval
12092;10100;4529;684476;Amont
12093;10101;8653;684855;Aval
12094;10102;8653;685047;Amont
12095;10103;8868;620050;Aval
12096;10104;8868;620160;Amont
12097;10105;8869;619172;Aval
12098;10106;8869;619235;Amont
12099;10107;551;53921;Aval
12100;10108;551;74397;Amont
12101;10109;552;585758;Aval
12102;10110;552;612213;Amont
12103;10111;4530;597828;Aval
12104;10112;4530;598119;Amont
12105;10113;4531;611856;Aval
12106;10114;4531;612213;Amont
12107;10115;4532;612110;Aval
12108;10116;4532;612190;Amont
12109;10117;553;588986;Aval
12110;10118;553;639906;Amont
12111;10119;4533;639693;Aval
12112;10120;4533;639906;Amont
12113;10121;554;475125;Aval
12114;10122;554;546976;Amont
12115;10123;4534;523190;Aval
12116;10124;4534;523874;Amont
12117;10125;4535;546777;Aval
12118;10126;4535;546976;Amont
12119;10127;555;665302;Aval
12120;10128;555;679969;Amont
12121;10129;556;685890;Aval
12122;10130;556;695000;Amont
12123;10131;557;507572;Aval
12124;10132;557;558183;Amont
12125;10133;1423;505129;Aval
12126;10134;1423;507572;Amont
12127;10135;4536;515761;Aval
12128;10136;4536;516085;Amont
12129;10137;4537;537585;Aval
12130;10138;4537;538051;Amont
12131;10139;4538;557684;Aval
12132;10140;4538;558097;Amont
12133;10141;558;507221;Aval
12134;10142;558;541722;Amont
12135;10143;1424;505947;Aval
12136;10144;1424;507221;Amont
12137;10145;4539;526157;Aval
12138;10146;4539;526595;Amont
12139;10147;4540;541321;Aval
12140;10148;4540;541625;Amont
12141;10149;559;0;Aval
12142;10150;559;3397;Amont
12143;10151;560;88536;Aval
12144;10152;560;163598;Amont
12145;10153;561;183400;Aval
12146;10154;561;216246;Amont
12147;10155;562;327067;Aval
12148;10156;562;414200;Amont
12149;10157;563;415456;Aval
12150;10158;563;487407;Amont
12151;10159;564;487407;Aval
12152;10160;564;488522;Amont
12153;10161;565;491569;Aval
12154;10162;565;608214;Amont
12155;10163;566;487412;Aval
12156;10164;566;488522;Amont
12157;10165;567;491569;Aval
12158;10166;567;608200;Amont
12159;10167;4541;369765;Aval
12160;10168;4541;370543;Amont
12161;10169;4542;290340;Aval
12162;10170;4542;292688;Amont
12163;10171;4543;487457;Aval
12164;10172;4543;488522;Amont
12165;10173;4544;491569;Aval
12166;10174;4544;491856;Amont
12167;10175;4545;488163;Aval
12168;10176;4545;488522;Amont
12169;10177;4546;491569;Aval
12170;10178;4546;491927;Amont
12171;10179;4547;306710;Aval
12172;10180;4547;308215;Amont
12173;10181;4548;369945;Aval
12174;10182;4548;370428;Amont
12175;10183;4549;488376;Aval
12176;10184;4549;488522;Amont
12177;10185;4550;491569;Aval
12178;10186;4550;491867;Amont
12179;10187;4551;284916;Aval
12180;10188;4551;285902;Amont
12181;10189;4552;316735;Aval
12182;10190;4552;317930;Amont
12183;10191;4553;336850;Aval
12184;10192;4553;337840;Amont
12185;10193;4554;349080;Aval
12186;10194;4554;349922;Amont
12187;10195;4555;462642;Aval
12188;10196;4555;463432;Amont
12189;10197;4556;278040;Aval
12190;10198;4556;278525;Amont
12191;10199;4557;102648;Aval
12192;10200;4557;103432;Amont
12193;10201;4558;111637;Aval
12194;10202;4558;112459;Amont
12195;10203;4559;124008;Aval
12196;10204;4559;124641;Amont
12197;10205;4560;140830;Aval
12198;10206;4560;141190;Amont
12199;10207;4561;162545;Aval
12200;10208;4561;163295;Amont
12201;10209;4562;491856;Aval
12202;10210;4562;491927;Amont
12203;10211;4563;491875;Aval
12204;10212;4563;491957;Amont
12205;10213;4564;500760;Aval
12206;10214;4564;500818;Amont
12207;10215;4565;572274;Aval
12208;10216;4565;572407;Amont
12209;10217;4566;590487;Aval
12210;10218;4566;590530;Amont
12211;10219;4567;598850;Aval
12212;10220;4567;598932;Amont
12213;10221;4568;607990;Aval
12214;10222;4568;608076;Amont
12215;10223;8894;434068;Aval
12216;10224;8894;434460;Amont
12217;10225;8945;369860;Aval
12218;10226;8945;370509;Amont
12219;10227;8975;217440;Aval
12220;10228;8975;232700;Amont
12221;10229;8988;277450;Aval
12222;10230;8988;327067;Amont
12223;10231;9573;324732;Aval
12224;10232;9573;325268;Amont
12225;10233;568;300;Aval
12226;10234;568;595;Amont
12227;10235;569;350;Aval
12228;10236;569;715;Amont
12229;10237;570;2304;Aval
12230;10238;570;3171;Amont
12231;10239;571;1868;Aval
12232;10240;571;3236;Amont
12233;10241;572;318025;Aval
12234;10242;572;336465;Amont
12235;10243;573;349400;Aval
12236;10244;573;359254;Amont
12237;10245;574;336465;Aval
12238;10246;574;357991;Amont
12239;10247;576;36660;Aval
12240;10248;576;44101;Amont
12241;10249;4569;36710;Aval
12242;10250;4569;37268;Amont
12243;10251;577;301962;Aval
12244;10252;577;304611;Amont
12245;10253;578;1061;Aval
12246;10254;578;5136;Amont
12247;10255;579;1059;Aval
12248;10256;579;5136;Amont
12249;10257;8952;4058;Aval
12250;10258;8952;4121;Amont
12251;10259;8954;4987;Aval
12252;10260;8954;5045;Amont
12253;10261;580;3328;Aval
12254;10262;580;3828;Amont
12255;10263;581;3328;Aval
12256;10264;581;3828;Amont
12257;10265;582;235720;Aval
12258;10266;582;494005;Amont
12259;10267;583;235720;Aval
12260;10268;583;494005;Amont
12261;10269;1425;429836;Aval
12262;10270;1425;430587;Amont
12263;10271;1426;425740;Aval
12264;10272;1426;428254;Amont
12265;10273;1427;429865;Aval
12266;10274;1427;430606;Amont
12267;10275;1428;429860;Aval
12268;10276;1428;430648;Amont
12269;10277;1429;430000;Aval
12270;10278;1429;430278;Amont
12271;10279;1430;430089;Aval
12272;10280;1430;430278;Amont
12273;10281;1431;430420;Aval
12274;10282;1431;430593;Amont
12275;10283;1432;430420;Aval
12276;10284;1432;430664;Amont
12277;10285;1433;429847;Aval
12278;10286;1433;430522;Amont
12279;10287;1434;429877;Aval
12280;10288;1434;430494;Amont
12281;10289;1435;427452;Aval
12282;10290;1435;429326;Amont
12283;10291;1436;429342;Aval
12284;10292;1436;429582;Amont
12285;10293;4570;375848;Aval
12286;10294;4570;376866;Amont
12287;10295;4571;270520;Aval
12288;10296;4571;271542;Amont
12289;10297;4572;385168;Aval
12290;10298;4572;386340;Amont
12291;10299;4573;343298;Aval
12292;10300;4573;344372;Amont
12293;10301;4574;468661;Aval
12294;10302;4574;469736;Amont
12295;10303;4575;493588;Aval
12296;10304;4575;494005;Amont
12297;10305;4576;342500;Aval
12298;10306;4576;343355;Amont
12299;10307;4577;429477;Aval
12300;10308;4577;430698;Amont
12301;10309;4578;342568;Aval
12302;10310;4578;343298;Amont
12303;10311;4579;468661;Aval
12304;10312;4579;469744;Amont
12305;10313;4580;493597;Aval
12306;10314;4580;494005;Amont
12307;10315;4581;342857;Aval
12308;10316;4581;343275;Amont
12309;10317;4582;235735;Aval
12310;10318;4582;236292;Amont
12311;10319;4583;235755;Aval
12312;10320;4583;236253;Amont
12313;10321;4584;235755;Aval
12314;10322;4584;236238;Amont
12315;10323;4585;235750;Aval
12316;10324;4585;235797;Amont
12317;10325;4586;235750;Aval
12318;10326;4586;235810;Amont
12319;10327;4587;235783;Aval
12320;10328;4587;235828;Amont
12321;10329;4588;235990;Aval
12322;10330;4588;236050;Amont
12323;10331;4589;236173;Aval
12324;10332;4589;236330;Amont
12325;10333;4590;236292;Aval
12326;10334;4590;236454;Amont
12327;10335;4591;237652;Aval
12328;10336;4591;237798;Amont
12329;10337;4592;237654;Aval
12330;10338;4592;237798;Amont
12331;10339;4593;239640;Aval
12332;10340;4593;239701;Amont
12333;10341;4594;241274;Aval
12334;10342;4594;241357;Amont
12335;10343;4595;244112;Aval
12336;10344;4595;244175;Amont
12337;10345;4596;260068;Aval
12338;10346;4596;260131;Amont
12339;10347;4597;260469;Aval
12340;10348;4597;260532;Amont
12341;10349;4598;281198;Aval
12342;10350;4598;281256;Amont
12343;10351;4599;282444;Aval
12344;10352;4599;282507;Amont
12345;10353;4600;298700;Aval
12346;10354;4600;298829;Amont
12347;10355;4601;298755;Aval
12348;10356;4601;298849;Amont
12349;10357;4602;299853;Aval
12350;10358;4602;299902;Amont
12351;10359;4603;299867;Aval
12352;10360;4603;299970;Amont
12353;10361;4604;320324;Aval
12354;10362;4604;320384;Amont
12355;10363;4605;320552;Aval
12356;10364;4605;320634;Amont
12357;10365;4606;341524;Aval
12358;10366;4606;341595;Amont
12359;10367;4607;342436;Aval
12360;10368;4607;342499;Amont
12361;10369;4608;342520;Aval
12362;10370;4608;342624;Amont
12363;10371;4609;343124;Aval
12364;10372;4609;343171;Amont
12365;10373;4610;343180;Aval
12366;10374;4610;343302;Amont
12367;10375;4611;343208;Aval
12368;10376;4611;343330;Amont
12369;10377;4612;343298;Aval
12370;10378;4612;343415;Amont
12371;10379;4613;344063;Aval
12372;10380;4613;344112;Amont
12373;10381;4614;344235;Aval
12374;10382;4614;344286;Amont
12375;10383;4615;345258;Aval
12376;10384;4615;345321;Amont
12377;10385;4616;345549;Aval
12378;10386;4616;345630;Amont
12379;10387;4617;358575;Aval
12380;10388;4617;358670;Amont
12381;10389;4618;381119;Aval
12382;10390;4618;381200;Amont
12383;10391;4619;381201;Aval
12384;10392;4619;381282;Amont
12385;10393;4620;397716;Aval
12386;10394;4620;397796;Amont
12387;10395;4621;397798;Aval
12388;10396;4621;397877;Amont
12389;10397;4622;423918;Aval
12390;10398;4622;423995;Amont
12391;10399;4623;424045;Aval
12392;10400;4623;424126;Amont
12393;10401;4624;426791;Aval
12394;10402;4624;426835;Amont
12395;10403;4625;426836;Aval
12396;10404;4625;426866;Amont
12397;10405;4626;427450;Aval
12398;10406;4626;427495;Amont
12399;10407;4627;428095;Aval
12400;10408;4627;428205;Amont
12401;10409;4628;428262;Aval
12402;10410;4628;428343;Amont
12403;10411;4629;430509;Aval
12404;10412;4629;430586;Amont
12405;10413;4630;430606;Aval
12406;10414;4630;430706;Amont
12407;10415;4631;430930;Aval
12408;10416;4631;431010;Amont
12409;10417;4632;434950;Aval
12410;10418;4632;435007;Amont
12411;10419;4633;435971;Aval
12412;10420;4633;436112;Amont
12413;10421;4634;436133;Aval
12414;10422;4634;436259;Amont
12415;10423;4635;436300;Aval
12416;10424;4635;436360;Amont
12417;10425;4636;436414;Aval
12418;10426;4636;436496;Amont
12419;10427;4637;439917;Aval
12420;10428;4637;439980;Amont
12421;10429;4638;442435;Aval
12422;10430;4638;442497;Amont
12423;10431;4639;447205;Aval
12424;10432;4639;447337;Amont
12425;10433;4640;447358;Aval
12426;10434;4640;447490;Amont
12427;10435;4641;458775;Aval
12428;10436;4641;458896;Amont
12429;10437;4642;458907;Aval
12430;10438;4642;459028;Amont
12431;10439;4643;468476;Aval
12432;10440;4643;468559;Amont
12433;10441;4644;470073;Aval
12434;10442;4644;470156;Amont
12435;10443;4645;479137;Aval
12436;10444;4645;479183;Amont
12437;10445;4646;480590;Aval
12438;10446;4646;480636;Amont
12439;10447;4647;481003;Aval
12440;10448;4647;481050;Amont
12441;10449;4648;484186;Aval
12442;10450;4648;484271;Amont
12443;10451;4649;487410;Aval
12444;10452;4649;487454;Amont
12445;10453;4650;487855;Aval
12446;10454;4650;487939;Amont
12447;10455;4651;488628;Aval
12448;10456;4651;488677;Amont
12449;10457;4652;492479;Aval
12450;10458;4652;492537;Amont
12451;10459;4653;493520;Aval
12452;10460;4653;493572;Amont
12453;10461;4654;493520;Aval
12454;10462;4654;493585;Amont
12455;10463;4655;235755;Aval
12456;10464;4655;236186;Amont
12457;10465;4656;235755;Aval
12458;10466;4656;236072;Amont
12459;10467;4657;429150;Aval
12460;10468;4657;429415;Amont
12461;10469;4658;396500;Aval
12462;10470;4658;397360;Amont
12463;10471;4659;429701;Aval
12464;10472;4659;429834;Amont
12465;10473;4660;429702;Aval
12466;10474;4660;429835;Amont
12467;10475;8654;358072;Aval
12468;10476;8654;358157;Amont
12469;10477;8951;430451;Aval
12470;10478;8951;430665;Amont
12471;10479;8953;428217;Aval
12472;10480;8953;428305;Amont
12473;10481;584;494005;Aval
12474;10482;584;519816;Amont
12475;10483;4661;519375;Aval
12476;10484;4661;519816;Amont
12477;10485;4662;519360;Aval
12478;10486;4662;519710;Amont
12479;10487;4663;519240;Aval
12480;10488;4663;519816;Amont
12481;10489;4664;494005;Aval
12482;10490;4664;494521;Amont
12483;10491;4665;494005;Aval
12484;10492;4665;494461;Amont
12485;10493;4666;494005;Aval
12486;10494;4666;494452;Amont
12487;10495;4667;505956;Aval
12488;10496;4667;506600;Amont
12489;10497;4668;509902;Aval
12490;10498;4668;510668;Amont
12491;10499;4669;513256;Aval
12492;10500;4669;513808;Amont
12493;10501;4670;519304;Aval
12494;10502;4670;519360;Amont
12495;10503;4671;519729;Aval
12496;10504;4671;519796;Amont
12497;10505;585;342220;Aval
12498;10506;585;349388;Amont
12499;10507;586;349950;Aval
12500;10508;586;351000;Amont
12501;10509;587;349388;Aval
12502;10510;587;350008;Amont
12503;10511;588;431110;Aval
12504;10512;588;491225;Amont
12505;10513;4672;444810;Aval
12506;10514;4672;445136;Amont
12507;10515;8948;435750;Aval
12508;10516;8948;436315;Amont
12509;10517;589;0;Aval
12510;10518;589;73520;Amont
12511;10519;590;151800;Aval
12512;10520;590;165033;Amont
12513;10521;1437;-281;Aval
12514;10522;1437;0;Amont
12515;10523;1438;-172;Aval
12516;10524;1438;545;Amont
12517;10525;4673;42045;Aval
12518;10526;4673;42650;Amont
12519;10527;4674;42090;Aval
12520;10528;4674;42840;Amont
12521;10529;4675;5087;Aval
12522;10530;4675;5908;Amont
12523;10531;4676;19933;Aval
12524;10532;4676;20620;Amont
12525;10533;4677;31538;Aval
12526;10534;4677;32138;Amont
12527;10535;591;0;Aval
12528;10536;591;36250;Amont
12529;10537;8874;0;Aval
12530;10538;8874;110;Amont
12531;10539;4678;69606;Aval
12532;10540;4678;70498;Amont
12533;10541;4679;-22;Aval
12534;10542;4679;220;Amont
12535;10543;4680;121751;Aval
12536;10544;4680;122688;Amont
12537;10545;4681;200748;Aval
12538;10546;4681;201430;Amont
12539;10547;4682;-19;Aval
12540;10548;4682;337;Amont
12541;10549;4683;177529;Aval
12542;10550;4683;178228;Amont
12543;10551;4684;16508;Aval
12544;10552;4684;17086;Amont
12545;10553;4685;92939;Aval
12546;10554;4685;93446;Amont
12547;10555;4686;200770;Aval
12548;10556;4686;201395;Amont
12549;10557;4687;224429;Aval
12550;10558;4687;224947;Amont
12551;10559;4688;240491;Aval
12552;10560;4688;241000;Amont
12553;10561;4689;244901;Aval
12554;10562;4689;244958;Amont
12555;10563;4690;244971;Aval
12556;10564;4690;245027;Amont
12557;10565;8655;220;Aval
12558;10566;8655;312;Amont
12559;10567;8797;240489;Aval
12560;10568;8797;241220;Amont
12561;10569;8986;-19;Aval
12562;10570;8986;35614;Amont
12563;10571;8987;152250;Aval
12564;10572;8987;245571;Amont
12565;10573;9574;36941;Aval
12566;10574;9574;150507;Amont
12567;10575;592;67700;Aval
12568;10576;592;72173;Amont
12569;10577;593;180;Aval
12570;10578;593;38029;Amont
12571;10579;594;350;Aval
12572;10580;594;19470;Amont
12573;10581;596;0;Aval
12574;10582;596;251222;Amont
12575;10583;597;0;Aval
12576;10584;597;251289;Amont
12577;10585;4691;207953;Aval
12578;10586;4691;208730;Amont
12579;10587;4692;75776;Aval
12580;10588;4692;75977;Amont
12581;10589;4693;76040;Aval
12582;10590;4693;76359;Amont
12583;10591;4694;178567;Aval
12584;10592;4694;179940;Amont
12585;10593;4695;178624;Aval
12586;10594;4695;179451;Amont
12587;10595;4696;178659;Aval
12588;10596;4696;179397;Amont
12589;10597;4697;38972;Aval
12590;10598;4697;39015;Amont
12591;10599;4698;48623;Aval
12592;10600;4698;48705;Amont
12593;10601;4699;75164;Aval
12594;10602;4699;75233;Amont
12595;10603;4700;75600;Aval
12596;10604;4700;75665;Amont
12597;10605;4701;76357;Aval
12598;10606;4701;76400;Amont
12599;10607;4702;76400;Aval
12600;10608;4702;76439;Amont
12601;10609;4703;76399;Aval
12602;10610;4703;76430;Amont
12603;10611;4704;76430;Aval
12604;10612;4704;76468;Amont
12605;10613;4705;112699;Aval
12606;10614;4705;112735;Amont
12607;10615;4706;113180;Aval
12608;10616;4706;113220;Amont
12609;10617;4707;137250;Aval
12610;10618;4707;137300;Amont
12611;10619;4708;178061;Aval
12612;10620;4708;178150;Amont
12613;10621;4709;178492;Aval
12614;10622;4709;178563;Amont
12615;10623;4710;180140;Aval
12616;10624;4710;180224;Amont
12617;10625;4711;180230;Aval
12618;10626;4711;180312;Amont
12619;10627;4712;180549;Aval
12620;10628;4712;180692;Amont
12621;10629;4713;207814;Aval
12622;10630;4713;207874;Amont
12623;10631;4714;208840;Aval
12624;10632;4714;208901;Amont
12625;10633;4715;235872;Aval
12626;10634;4715;235940;Amont
12627;10635;4716;251024;Aval
12628;10636;4716;251106;Amont
12629;10637;8656;6392;Aval
12630;10638;8656;6475;Amont
12631;10639;8657;6583;Aval
12632;10640;8657;6664;Amont
12633;10641;8938;26475;Aval
12634;10642;8938;26537;Amont
12635;10643;8939;6495;Aval
12636;10644;8939;6905;Amont
12637;10645;8976;75850;Aval
12638;10646;8976;76280;Amont
12639;10647;8977;75670;Aval
12640;10648;8977;76439;Amont
12641;10649;9558;25100;Aval
12642;10650;9558;25178;Amont
12643;10651;9559;25197;Aval
12644;10652;9559;25280;Amont
12645;10653;9560;48487;Aval
12646;10654;9560;48569;Amont
12647;10655;598;696;Aval
12648;10656;598;68427;Amont
12649;10657;4717;26215;Aval
12650;10658;4717;26922;Amont
12651;10659;4718;26250;Aval
12652;10660;4718;26850;Amont
12653;10661;4719;14471;Aval
12654;10662;4719;14968;Amont
12655;10663;4720;58818;Aval
12656;10664;4720;59239;Amont
12657;10665;4721;1595;Aval
12658;10666;4721;2058;Amont
12659;10667;4722;39708;Aval
12660;10668;4722;40164;Amont
12661;10669;599;515;Aval
12662;10670;599;1310;Amont
12663;10671;600;1310;Aval
12664;10672;600;12715;Amont
12665;10673;4723;12312;Aval
12666;10674;4723;12715;Amont
12667;10675;4724;12381;Aval
12668;10676;4724;12695;Amont
12669;10677;4725;12646;Aval
12670;10678;4725;12690;Amont
12671;10679;601;482;Aval
12672;10680;601;29731;Amont
12673;10681;4726;29250;Aval
12674;10682;4726;29755;Amont
12675;10683;4727;4442;Aval
12676;10684;4727;4506;Amont
12677;10685;4728;29455;Aval
12678;10686;4728;29570;Amont
12679;10687;602;331;Aval
12680;10688;602;27427;Amont
12681;10689;603;22554;Aval
12682;10690;603;49314;Amont
12683;10691;604;-133;Aval
12684;10692;604;22554;Amont
12685;10693;605;49314;Aval
12686;10694;605;138992;Amont
12687;10695;606;-133;Aval
12688;10696;606;22554;Amont
12689;10697;607;49314;Aval
12690;10698;607;139188;Amont
12691;10699;4729;73525;Aval
12692;10700;4729;73938;Amont
12693;10701;4730;73171;Aval
12694;10702;4730;74080;Amont
12695;10703;4731;27247;Aval
12696;10704;4731;27997;Amont
12697;10705;4732;34838;Aval
12698;10706;4732;35880;Amont
12699;10707;4733;42013;Aval
12700;10708;4733;42908;Amont
12701;10709;4734;-16;Aval
12702;10710;4734;65;Amont
12703;10711;4735;72756;Aval
12704;10712;4735;72885;Amont
12705;10713;4736;72903;Aval
12706;10714;4736;72987;Amont
12707;10715;4737;73970;Aval
12708;10716;4737;74047;Amont
12709;10717;4738;74314;Aval
12710;10718;4738;74400;Amont
12711;10719;4739;94838;Aval
12712;10720;4739;94908;Amont
12713;10721;4740;107842;Aval
12714;10722;4740;107923;Amont
12715;10723;4741;107946;Aval
12716;10724;4741;108029;Amont
12717;10725;4742;122973;Aval
12718;10726;4742;123030;Amont
12719;10727;608;502;Aval
12720;10728;608;8100;Amont
12721;10729;610;358;Aval
12722;10730;610;37257;Amont
12723;10731;4743;36800;Aval
12724;10732;4743;37159;Amont
12725;10733;4744;36857;Aval
12726;10734;4744;37159;Amont
12727;10735;4745;36895;Aval
12728;10736;4745;37159;Amont
12729;10737;4746;36903;Aval
12730;10738;4746;37159;Amont
12731;10739;4747;27564;Aval
12732;10740;4747;28426;Amont
12733;10741;4748;15178;Aval
12734;10742;4748;15900;Amont
12735;10743;8893;37067;Aval
12736;10744;8893;37124;Amont
12737;10745;611;9800;Aval
12738;10746;611;36864;Amont
12739;10747;4749;24279;Aval
12740;10748;4749;24650;Amont
12741;10749;612;500;Aval
12742;10750;612;24204;Amont
12743;10751;4750;23370;Aval
12744;10752;4750;23920;Amont
12745;10753;614;56277;Aval
12746;10754;614;234013;Amont
12747;10755;615;31508;Aval
12748;10756;615;56277;Amont
12749;10757;616;31585;Aval
12750;10758;616;56277;Amont
12751;10759;4752;56297;Aval
12752;10760;4752;56665;Amont
12753;10761;4753;55365;Aval
12754;10762;4753;55752;Amont
12755;10763;4754;133020;Aval
12756;10764;4754;133495;Amont
12757;10765;4755;76378;Aval
12758;10766;4755;77199;Amont
12759;10767;4756;98662;Aval
12760;10768;4756;99448;Amont
12761;10769;4757;119019;Aval
12762;10770;4757;119730;Amont
12763;10771;4758;132995;Aval
12764;10772;4758;133554;Amont
12765;10773;4759;158784;Aval
12766;10774;4759;159577;Amont
12767;10775;4760;165128;Aval
12768;10776;4760;165850;Amont
12769;10777;4761;190209;Aval
12770;10778;4761;190917;Amont
12771;10779;4762;205817;Aval
12772;10780;4762;206445;Amont
12773;10781;4763;219455;Aval
12774;10782;4763;220150;Amont
12775;10783;4764;227440;Aval
12776;10784;4764;228110;Amont
12777;10785;4765;175860;Aval
12778;10786;4765;176385;Amont
12779;10787;4766;175810;Aval
12780;10788;4766;176320;Amont
12781;10789;4767;31570;Aval
12782;10790;4767;31679;Amont
12783;10791;4768;32023;Aval
12784;10792;4768;32070;Amont
12785;10793;4769;32367;Aval
12786;10794;4769;32772;Amont
12787;10795;4770;32725;Aval
12788;10796;4770;32776;Amont
12789;10797;4771;32850;Aval
12790;10798;4771;32994;Amont
12791;10799;4772;33022;Aval
12792;10800;4772;33126;Amont
12793;10801;4773;36683;Aval
12794;10802;4773;36724;Amont
12795;10803;4774;46311;Aval
12796;10804;4774;46371;Amont
12797;10805;4775;55167;Aval
12798;10806;4775;55251;Amont
12799;10807;4776;55269;Aval
12800;10808;4776;55351;Amont
12801;10809;4777;55363;Aval
12802;10810;4777;55449;Amont
12803;10811;9556;76470;Aval
12804;10812;9556;76524;Amont
12805;10813;617;66885;Aval
12806;10814;617;84948;Amont
12807;10815;618;1102;Aval
12808;10816;618;6018;Amont
12809;10817;619;1252;Aval
12810;10818;619;4866;Amont
12811;10819;4778;3911;Aval
12812;10820;4778;4456;Amont
12813;10821;9034;4315;Aval
12814;10822;9034;4386;Amont
12815;10823;9035;4336;Aval
12816;10824;9035;4418;Amont
12817;10825;620;43;Aval
12818;10826;620;1450;Amont
12819;10827;621;20162;Aval
12820;10828;621;22470;Amont
12821;10829;622;25562;Aval
12822;10830;622;73525;Amont
12823;10831;4779;40453;Aval
12824;10832;4779;40960;Amont
12825;10833;4780;51637;Aval
12826;10834;4780;52247;Amont
12827;10835;9010;801;Aval
12828;10836;9010;25497;Amont
12829;10837;9551;0;Aval
12830;10838;9551;2150;Amont
12831;10839;623;24470;Aval
12832;10840;623;29120;Amont
12833;10841;624;19271;Aval
12834;10842;624;47415;Amont
12835;10843;4781;37825;Aval
12836;10844;4781;38461;Amont
12837;10845;625;8025;Aval
12838;10846;625;27704;Amont
12839;10847;626;32470;Aval
12840;10848;626;45106;Amont
12841;10849;627;50602;Aval
12842;10850;627;65947;Amont
12843;10851;4782;44803;Aval
12844;10852;4782;45065;Amont
12845;10853;4783;54723;Aval
12846;10854;4783;54975;Amont
12847;10855;628;237390;Aval
12848;10856;628;333261;Amont
12849;10857;629;237390;Aval
12850;10858;629;333261;Amont
12851;10859;1439;283270;Aval
12852;10860;1439;284190;Amont
12853;10861;4784;239535;Aval
12854;10862;4784;239620;Amont
12855;10863;4785;246570;Aval
12856;10864;4785;246630;Amont
12857;10865;4786;246653;Aval
12858;10866;4786;246728;Amont
12859;10867;4787;263664;Aval
12860;10868;4787;263709;Amont
12861;10869;4788;283103;Aval
12862;10870;4788;283189;Amont
12863;10871;4789;284524;Aval
12864;10872;4789;284604;Amont
12865;10873;4790;294160;Aval
12866;10874;4790;294204;Amont
12867;10875;4791;295021;Aval
12868;10876;4791;295077;Amont
12869;10877;4792;311593;Aval
12870;10878;4792;311655;Amont
12871;10879;4793;325042;Aval
12872;10880;4793;325100;Amont
12873;10881;4794;325584;Aval
12874;10882;4794;325642;Amont
12875;10883;4795;329670;Aval
12876;10884;4795;329698;Amont
12877;10885;4796;331330;Aval
12878;10886;4796;331392;Amont
12879;10887;4797;332305;Aval
12880;10888;4797;332365;Amont
12881;10889;4798;333146;Aval
12882;10890;4798;333207;Amont
12883;10891;4799;283579;Aval
12884;10892;4799;284430;Amont
12885;10893;630;275;Aval
12886;10894;630;1757;Amont
12887;10895;631;275;Aval
12888;10896;631;1757;Amont
12889;10897;632;125;Aval
12890;10898;632;560;Amont
12891;10899;633;65;Aval
12892;10900;633;560;Amont
12893;10901;634;233254;Aval
12894;10902;634;235437;Amont
12895;10903;635;233254;Aval
12896;10904;635;235437;Amont
12897;10905;4800;234020;Aval
12898;10906;4800;234149;Amont
12899;10907;636;233646;Aval
12900;10908;636;235715;Amont
12901;10909;637;233646;Aval
12902;10910;637;235712;Amont
12903;10911;4801;235305;Aval
12904;10912;4801;235678;Amont
12905;10913;4802;234213;Aval
12906;10914;4802;234271;Amont
12907;10915;4803;235298;Aval
12908;10916;4803;235369;Amont
12909;10917;4804;235637;Aval
12910;10918;4804;235693;Amont
12911;10919;4805;235443;Aval
12912;10920;4805;235668;Amont
12913;10921;8944;234622;Aval
12914;10922;8944;235061;Amont
12915;10923;638;235763;Aval
12916;10924;638;237742;Amont
12917;10925;639;578442;Aval
12918;10926;639;580802;Amont
12919;10927;640;118031;Aval
12920;10928;640;121050;Amont
12921;10929;641;118160;Aval
12922;10930;641;121050;Amont
12923;10931;4806;120517;Aval
12924;10932;4806;121050;Amont
12925;10933;4807;120480;Aval
12926;10934;4807;121050;Amont
12927;10935;4808;120490;Aval
12928;10936;4808;121050;Amont
12929;10937;4809;120780;Aval
12930;10938;4809;121050;Amont
12931;10939;4810;120793;Aval
12932;10940;4810;121050;Amont
12933;10941;4811;118230;Aval
12934;10942;4811;118360;Amont
12935;10943;4812;119198;Aval
12936;10944;4812;119250;Amont
12937;10945;4813;120450;Aval
12938;10946;4813;120480;Amont
12939;10947;4814;120510;Aval
12940;10948;4814;120565;Amont
12941;10949;4815;120585;Aval
12942;10950;4815;120640;Amont
12943;10951;4816;120730;Aval
12944;10952;4816;120780;Amont
12945;10953;4817;120794;Aval
12946;10954;4817;120850;Amont
12947;10955;4818;120930;Aval
12948;10956;4818;120993;Amont
12949;10957;4819;120935;Aval
12950;10958;4819;121000;Amont
12951;10959;642;121597;Aval
12952;10960;642;122352;Amont
12953;10961;643;121557;Aval
12954;10962;643;122078;Amont
12955;11010;644;661;Aval
12956;1775;8803;14099;Aval
12957;10965;644;122352;Aval
12958;10966;644;235025;Amont
12959;10967;644;237600;Aval
12960;10968;644;583844;Amont
12961;11014;647;654;Aval
12962;10970;647;120355;Amont
12963;10971;647;122352;Aval
12964;10972;647;235025;Amont
12965;10973;647;237600;Aval
12966;10974;647;583844;Amont
12967;2179;1440;1384;Aval
12968;10976;1440;88910;Amont
12969;10977;1441;97450;Aval
12970;10978;1441;101890;Amont
12971;10979;1442;111673;Aval
12972;10980;1442;118238;Amont
12973;10981;1443;0;Aval
12974;2179;1443;1384;Amont
12975;11020;1444;721;Aval
12976;10984;1444;57382;Amont
12977;10985;1445;69944;Aval
12978;10986;1445;74013;Amont
12979;10987;1446;87960;Aval
12980;10988;1446;118238;Amont
12981;10989;1447;-12;Aval
12982;10990;1447;1343;Amont
12983;10991;1448;16045;Aval
12984;10992;1448;21078;Amont
12985;10993;1449;16045;Aval
12986;10994;1449;20760;Amont
12987;2179;648;1384;Aval
12988;2276;648;1488;Amont
12989;10997;4821;31669;Aval
12990;10998;4821;32100;Amont
12991;11018;1444;922;Amont
12992;11018;1444;922;Aval
12993;11001;4823;449449;Aval
12994;11002;4823;449641;Amont
12995;11003;4824;118280;Aval
12996;11004;4824;119020;Amont
12997;2276;644;1488;Amont
12998;2276;644;1488;Aval
12999;11788;9077;748;Amont
13000;11788;9077;748;Aval
13001;11009;4827;0;Aval
13002;11010;4827;661;Amont
13003;11011;4828;0;Aval
13004;11010;4828;661;Amont
13005;11013;4829;0;Aval
13006;11014;4829;654;Amont
13007;11015;4830;204;Aval
13008;11020;4830;721;Amont
13009;11017;4831;155;Aval
13010;11018;4831;922;Amont
13011;11019;4832;129;Aval
13012;11020;4832;721;Amont
13013;11021;4833;137430;Aval
13014;11022;4833;138467;Amont
13015;11023;4834;211045;Aval
13016;11024;4834;212045;Amont
13017;11025;4835;229000;Aval
13018;11026;4835;233945;Amont
13019;11027;4836;260273;Aval
13020;11028;4836;261395;Amont
13021;11029;4837;6007;Aval
13022;11030;4837;8392;Amont
13023;11031;4838;7504;Aval
13024;11032;4838;7885;Amont
13025;2287;4839;825;Aval
13026;11034;4839;3470;Amont
13027;11035;4840;17056;Aval
13028;11036;4840;18754;Amont
13029;11037;4841;202;Aval
13030;11038;4841;750;Amont
13031;11039;4842;129;Aval
13032;2277;4842;713;Amont
13033;11041;4843;129;Aval
13034;11042;4843;813;Amont
13035;11043;4844;163349;Aval
13036;11044;4844;164392;Amont
13037;11045;4845;212354;Aval
13038;11046;4845;213511;Amont
13039;11047;4846;229000;Aval
13040;11048;4846;233950;Amont
13041;11049;4847;256446;Aval
13042;11050;4847;257524;Amont
13043;11051;4848;6046;Aval
13044;11052;4848;6847;Amont
13045;11812;4849;859;Aval
13046;2294;4849;1430;Amont
13047;11055;4850;17185;Aval
13048;11056;4850;18805;Amont
13049;11057;4851;159000;Aval
13050;11058;4851;160121;Amont
13051;11059;4852;193748;Aval
13052;11060;4852;194822;Amont
13053;11061;4853;280084;Aval
13054;11062;4853;281055;Amont
13055;11063;4854;387743;Aval
13056;11064;4854;388705;Amont
13057;11065;4855;402158;Aval
13058;11066;4855;403090;Amont
13059;11067;4856;421200;Aval
13060;11068;4856;422214;Amont
13061;11069;4857;448785;Aval
13062;11070;4857;449310;Amont
13063;11071;4858;466967;Aval
13064;11072;4858;467940;Amont
13065;11073;4859;483891;Aval
13066;11074;4859;484910;Amont
13067;11075;4860;505280;Aval
13068;11076;4860;506378;Amont
13069;11077;4861;530782;Aval
13070;11078;4861;531460;Amont
13071;11079;4862;546787;Aval
13072;11080;4862;547664;Amont
13073;11081;4863;564007;Aval
13074;11082;4863;565005;Amont
13075;11083;4864;531460;Aval
13076;11084;4864;532449;Amont
13077;11085;4865;531452;Aval
13078;11086;4865;532380;Amont
13079;11087;4866;-31;Aval
13080;11088;4866;447;Amont
13081;11089;4867;178;Aval
13082;11090;4867;775;Amont
13083;11091;4868;79911;Aval
13084;11092;4868;81919;Amont
13085;11093;4869;179385;Aval
13086;11094;4869;180625;Amont
13087;11095;4870;195167;Aval
13088;11096;4870;196088;Amont
13089;11097;4871;233060;Aval
13090;11098;4871;233431;Amont
13091;11099;4872;304150;Aval
13092;11100;4872;305100;Amont
13093;11101;4873;336126;Aval
13094;11102;4873;336784;Amont
13095;11103;4874;401535;Aval
13096;11104;4874;402675;Amont
13097;11105;4875;420308;Aval
13098;11106;4875;421383;Amont
13099;11107;4876;449010;Aval
13100;11108;4876;449700;Amont
13101;11109;4877;466943;Aval
13102;11110;4877;467925;Amont
13103;11111;4878;483891;Aval
13104;11112;4878;484888;Amont
13105;11113;4879;505344;Aval
13106;11114;4879;506378;Amont
13107;11115;4880;531183;Aval
13108;11116;4880;532407;Amont
13109;11117;4881;546913;Aval
13110;11118;4881;547489;Amont
13111;11119;4882;564872;Aval
13112;11120;4882;565949;Amont
13113;11121;4883;336656;Aval
13114;11122;4883;336896;Amont
13115;11123;4884;336646;Aval
13116;11124;4884;336867;Amont
13117;11125;4885;-12;Aval
13118;11126;4885;447;Amont
13119;11127;4886;636;Aval
13120;11128;4886;750;Amont
13121;11129;4887;31156;Aval
13122;11130;4887;31692;Amont
13123;11131;4888;370147;Aval
13124;11132;4888;371227;Amont
13125;11133;4889;530880;Aval
13126;11134;4889;531452;Amont
13127;11135;4890;546833;Aval
13128;11136;4890;547847;Amont
13129;11137;4891;18609;Aval
13130;11138;4891;19365;Amont
13131;11139;4892;30926;Aval
13132;11140;4892;31647;Amont
13133;11141;4893;55525;Aval
13134;2307;4893;56200;Amont
13135;11143;4894;148140;Aval
13136;11144;4894;149049;Amont
13137;11145;4895;179490;Aval
13138;11146;4895;180000;Amont
13139;11147;4896;280334;Aval
13140;11148;4896;281418;Amont
13141;11149;4897;336181;Aval
13142;11150;4897;336746;Amont
13143;11151;4898;370302;Aval
13144;11152;4898;371318;Amont
13145;11153;4899;448506;Aval
13146;11154;4899;449540;Amont
13147;11155;4900;545814;Aval
13148;11156;4900;546757;Amont
13149;11157;4901;18720;Aval
13150;11158;4901;19260;Amont
13151;11159;4902;190;Aval
13152;11160;4902;756;Amont
13153;11161;4903;530964;Aval
13154;11162;4903;531452;Amont
13155;11163;4904;18868;Aval
13156;11164;4904;19289;Amont
13157;11165;4905;129;Aval
13158;11166;4905;775;Amont
13159;11167;4906;31103;Aval
13160;11168;4906;31489;Amont
13161;11169;4907;336197;Aval
13162;11170;4907;336704;Amont
13163;11259;1444;2917;Amont
13164;11259;1444;2917;Aval
13165;11173;4909;302714;Aval
13166;11174;4909;303811;Amont
13167;11175;4910;325846;Aval
13168;11176;4910;326592;Amont
13169;11177;4911;574470;Aval
13170;11178;4911;577690;Amont
13171;11194;4912;3835;Aval
13172;11180;4912;5251;Amont
13173;11181;4913;325846;Aval
13174;11182;4913;326606;Amont
13175;11183;4914;302835;Aval
13176;11184;4914;303706;Amont
13177;11185;4915;228445;Aval
13178;11186;4915;233064;Amont
13179;11792;4916;2185;Aval
13180;11194;4916;3835;Amont
13181;11189;4917;228575;Aval
13182;11190;4917;229910;Amont
13183;11191;4918;228523;Aval
13184;11192;4918;229900;Amont
13185;11193;4919;3398;Aval
13186;11194;4919;3835;Amont
13187;11195;4920;231025;Aval
13188;11196;4920;233509;Amont
13189;11197;4921;230891;Aval
13190;11198;4921;233509;Amont
13191;11199;4922;233420;Aval
13192;11200;4922;233800;Amont
13193;11260;647;2975;Amont
13194;11260;647;2975;Aval
13195;2291;4924;1573;Aval
13196;11204;4924;2480;Amont
13197;2294;4925;1430;Aval
13198;11206;4925;2482;Amont
13199;11207;4926;15746;Aval
13200;11208;4926;16557;Amont
13201;2178;645;240;Aval
13202;2287;645;825;Amont
13203;2190;4828;601;Amont
13204;2190;4828;601;Aval
13205;2190;646;601;Aval
13206;11014;646;654;Amont
13207;11810;4841;690;Amont
13208;11810;4841;690;Aval
13209;11791;4839;904;Amont
13210;11791;4839;904;Aval
13211;2191;649;655;Aval
13212;2286;649;714;Amont
13213;11038;4867;750;Amont
13214;11038;4867;750;Aval
13215;11166;644;775;Amont
13216;11166;644;775;Aval
13217;11042;644;813;Amont
13218;11042;644;813;Aval
13219;11090;645;775;Amont
13220;11090;645;775;Aval
13221;10990;1444;1343;Amont
13222;10990;1444;1343;Aval
13223;11126;1447;447;Amont
13224;11126;1447;447;Aval
13225;11088;1443;447;Amont
13226;11088;1443;447;Aval
13227;11160;4820;756;Amont
13228;11160;4820;756;Aval
13229;2286;4905;714;Amont
13230;2286;4905;714;Aval
13231;2286;4820;714;Aval
13232;2287;4820;825;Amont
13233;2191;4902;655;Amont
13234;2191;4902;655;Aval
13235;2277;4843;713;Amont
13236;2277;4843;713;Aval
13237;2277;4825;713;Aval
13238;2288;4825;766;Amont
13239;2289;4927;641;Aval
13240;2290;4927;810;Amont
13241;2289;4842;641;Amont
13242;2289;4842;641;Aval
13243;2290;5179;810;Amont
13244;2290;5179;810;Aval
13245;11713;1444;741;Amont
13246;11713;1444;741;Aval
13247;2292;4822;1573;Aval
13248;2293;4925;1605;Amont
13249;2288;4927;766;Amont
13250;2288;4927;766;Aval
13251;11259;4952;2917;Aval
13252;11260;4952;2975;Amont
13253;11261;4953;2991;Aval
13254;11262;4953;3053;Amont
13255;11263;4954;5040;Aval
13256;11264;4954;5121;Amont
13257;11265;4955;5738;Aval
13258;11266;4955;5869;Amont
13259;11267;4956;5842;Aval
13260;11268;4956;5925;Amont
13261;11269;4957;7922;Aval
13262;11270;4957;8105;Amont
13263;11271;4958;8050;Aval
13264;11272;4958;8233;Amont
13265;11273;4959;9068;Aval
13266;11274;4959;9149;Amont
13267;11275;4960;9096;Aval
13268;11276;4960;9178;Amont
13269;11277;4961;9265;Aval
13270;11278;4961;9343;Amont
13271;11279;4962;9285;Aval
13272;11280;4962;9366;Amont
13273;11281;4963;9877;Aval
13274;11282;4963;9961;Amont
13275;11283;4964;9880;Aval
13276;11284;4964;9963;Amont
13277;11285;4965;9883;Aval
13278;11286;4965;9980;Amont
13279;11287;4966;9886;Aval
13280;11288;4966;9966;Amont
13281;11289;4967;9981;Aval
13282;11290;4967;10178;Amont
13283;11291;4968;10004;Aval
13284;11292;4968;10085;Amont
13285;11293;4969;10153;Aval
13286;11294;4969;10336;Amont
13287;11295;4970;10156;Aval
13288;11296;4970;10238;Amont
13289;11297;4971;15441;Aval
13290;11298;4971;15524;Amont
13291;11137;1440;18609;Amont
13292;11137;1440;18609;Aval
13293;11129;1440;31156;Amont
13294;11129;1440;31156;Aval
13295;11130;1440;31692;Amont
13296;11130;1440;31692;Aval
13297;11139;1444;30926;Amont
13298;11139;1444;30926;Aval
13299;11167;4892;31103;Amont
13300;11167;4892;31103;Aval
13301;10984;647;57382;Amont
13302;10984;647;57382;Aval
13303;11401;4893;56053;Amont
13304;11401;4893;56053;Aval
13305;11402;1444;56102;Amont
13306;11402;1444;56102;Aval
13307;11035;1440;17056;Amont
13308;11035;1440;17056;Aval
13309;11055;1444;17185;Amont
13310;11055;1444;17185;Aval
13311;11712;1448;18032;Amont
13312;11712;1448;18032;Aval
13313;11717;1449;17024;Amont
13314;11717;1449;17024;Aval
13315;11716;1449;18200;Amont
13316;11716;1449;18200;Aval
13317;2308;8802;330775;Amont
13318;2308;8802;330775;Aval
13319;2308;1231;330775;Aval
13320;2309;8803;331063;Amont
13321;2309;8803;331063;Aval
13322;2309;1231;331063;Amont
13323;2310;8803;331163;Amont
13324;2310;8803;331163;Aval
13325;11333;4989;18962;Aval
13326;11334;4989;19116;Amont
13327;2310;1232;331163;Aval
13328;2311;8802;331452;Amont
13329;2311;8802;331452;Aval
13330;2311;1232;331452;Amont
13331;2312;1233;357369;Aval
13332;2313;1233;358373;Amont
13333;11341;4993;19226;Aval
13334;11342;4993;19353;Amont
13335;11343;4994;19288;Aval
13336;11344;4994;19413;Amont
13337;11345;4995;19499;Aval
13338;11346;4995;19559;Amont
13339;11347;4996;19521;Aval
13340;11348;4996;19602;Amont
13341;11349;4997;19573;Aval
13342;11350;4997;19635;Amont
13343;11351;4998;19638;Aval
13344;11352;4998;19738;Amont
13345;11353;4999;19686;Aval
13346;11354;4999;19749;Amont
13347;10994;647;20760;Amont
13348;10994;647;20760;Aval
13349;10992;644;21078;Amont
13350;10992;644;21078;Aval
13351;11354;647;19749;Amont
13352;11354;647;19749;Aval
13353;11353;644;19686;Amont
13354;11353;644;19686;Aval
13355;11352;1440;19738;Amont
13356;11352;1440;19738;Aval
13357;2312;8802;357369;Amont
13358;2312;8802;357369;Aval
13359;2313;8802;358373;Amont
13360;2313;8802;358373;Aval
13361;2314;8803;356951;Amont
13362;2314;8803;356951;Aval
13363;2314;1234;356951;Aval
13364;2315;8802;357239;Amont
13365;2315;8802;357239;Aval
13366;2315;1234;357239;Amont
13367;2316;8802;358503;Amont
13368;2316;8802;358503;Aval
13369;2316;1236;358503;Aval
13370;2317;8803;358791;Amont
13371;2317;8803;358791;Aval
13372;2317;1236;358791;Amont
13373;2318;8803;307618;Amont
13374;2318;8803;307618;Aval
13375;2318;1237;307618;Aval
13376;2319;8802;307907;Amont
13377;2319;8802;307907;Aval
13378;2319;1237;307907;Amont
13379;2320;8802;307231;Amont
13380;2320;8802;307231;Aval
13381;2320;1238;307231;Aval
13382;2321;8803;307520;Amont
13383;2321;8803;307520;Aval
13384;2321;1238;307520;Amont
13385;19748;9779;69685;Amont
13386;19748;9779;69685;Aval
13393;11401;5023;56053;Aval
13394;11402;5023;56102;Amont
13405;11413;5029;64939;Aval
13406;11414;5029;65176;Amont
13407;11415;5030;64942;Aval
13408;11416;5030;65134;Amont
13409;11417;5031;72293;Aval
13410;11418;5031;72535;Amont
13411;11419;5032;74066;Aval
13412;11420;5032;74157;Amont
13413;11421;5033;74858;Aval
13414;11422;5033;74943;Amont
13415;11423;5034;75239;Aval
13416;11424;5034;75481;Amont
13417;11425;5035;87645;Aval
13418;11426;5035;87728;Amont
13419;11427;5036;87748;Aval
13420;11428;5036;87827;Amont
13421;11429;5037;87860;Aval
13422;11430;5037;87960;Amont
13423;11431;5038;88818;Aval
13424;11432;5038;88965;Amont
13425;11433;5039;89195;Aval
13426;11434;5039;89297;Amont
13427;11435;5040;98505;Aval
13428;11436;5040;98660;Amont
13429;11437;5041;103030;Aval
13430;11438;5041;103180;Amont
13431;11439;5042;111434;Aval
13432;11440;5042;111593;Amont
13433;11441;5043;113826;Aval
13434;11442;5043;113983;Amont
13435;11443;5044;116551;Aval
13436;11444;5044;116615;Amont
13437;11445;5045;116739;Aval
13438;11446;5045;116798;Amont
13439;11447;5046;117705;Aval
13440;11448;5046;117850;Amont
13441;11449;5047;118252;Aval
13442;11450;5047;118598;Amont
13443;11451;5048;119094;Aval
13444;11452;5048;119423;Amont
13445;11453;5049;119240;Aval
13446;11454;5049;119332;Amont
13447;11455;5050;119252;Aval
13448;11456;5050;119648;Amont
13449;11457;5051;119540;Aval
13450;11458;5051;119671;Amont
13451;11459;5052;119723;Aval
13452;11460;5052;119804;Amont
13453;11461;5053;122713;Aval
13454;11462;5053;122778;Amont
13455;11463;5054;134008;Aval
13456;11464;5054;134093;Amont
13457;11465;5055;134144;Aval
13458;11466;5055;134228;Amont
13459;11467;5056;140610;Aval
13460;11468;5056;140661;Amont
13461;11469;5057;146095;Aval
13462;11470;5057;146179;Amont
13463;11471;5058;146221;Aval
13464;11472;5058;146305;Amont
13465;11473;5059;148360;Aval
13466;11474;5059;148425;Amont
13467;11475;5060;157715;Aval
13468;11476;5060;157795;Amont
13469;11477;5061;157904;Aval
13470;11478;5061;157985;Amont
13471;11479;5062;160011;Aval
13472;11480;5062;160076;Amont
13473;11481;5063;169511;Aval
13474;11482;5063;169596;Amont
13475;11483;5064;169638;Aval
13476;11484;5064;169722;Amont
13477;11485;5065;179154;Aval
13478;11486;5065;179236;Amont
13479;11487;5066;179246;Aval
13480;11488;5066;179280;Amont
13481;11489;5067;180649;Aval
13482;11490;5067;180734;Amont
13483;11491;5068;192318;Aval
13484;11492;5068;192400;Amont
13485;11493;5069;192451;Aval
13486;11494;5069;192535;Amont
13487;11495;5070;194737;Aval
13488;11496;5070;194798;Amont
13489;11497;5071;203695;Aval
13490;11498;5071;203775;Amont
13491;11499;5072;203800;Aval
13492;11500;5072;203884;Amont
13493;11501;5073;212397;Aval
13494;11502;5073;212458;Amont
13495;11503;5074;216378;Aval
13496;11504;5074;216460;Amont
13497;11505;5075;216513;Aval
13498;11506;5075;216597;Amont
13499;11507;5076;226956;Aval
13500;11508;5076;227086;Amont
13501;11509;5077;228437;Aval
13502;11510;5077;228725;Amont
13503;11511;5078;228589;Aval
13504;11512;5078;228673;Amont
13505;11513;5079;228942;Aval
13506;11514;5079;229153;Amont
13507;11515;5080;229669;Aval
13508;11516;5080;229864;Amont
13509;11517;5081;231260;Aval
13510;11518;5081;231409;Amont
13511;11519;5082;231134;Aval
13512;11520;5082;231261;Amont
13513;11521;5083;231360;Aval
13514;11522;5083;231404;Amont
13515;11523;5084;231393;Aval
13516;11524;5084;231437;Amont
13517;11525;5085;231425;Aval
13518;11526;5085;231629;Amont
13519;11527;5086;231445;Aval
13520;11528;5086;231636;Amont
13521;11529;5087;232422;Aval
13522;11530;5087;232449;Amont
13523;11531;5088;232652;Aval
13524;11532;5088;232747;Amont
13525;11533;5089;232606;Aval
13526;11534;5089;232653;Amont
13527;11535;5090;233105;Aval
13528;11536;5090;233161;Amont
13529;11537;5091;233263;Aval
13530;11538;5091;233391;Amont
13531;11539;5092;233462;Aval
13532;11540;5092;233508;Amont
13533;11541;5093;233760;Aval
13534;11542;5093;233818;Amont
13535;11543;5094;233766;Aval
13536;11544;5094;233893;Amont
13537;11545;5095;233770;Aval
13538;11546;5095;233846;Amont
13539;11547;5096;234023;Aval
13540;11548;5096;234119;Amont
13541;11549;5097;234135;Aval
13542;11550;5097;234230;Amont
13543;11551;5098;234985;Aval
13544;11552;5098;235025;Amont
13545;11553;5099;237600;Aval
13546;11554;5099;237749;Amont
13547;11555;5100;237837;Aval
13548;11556;5100;237968;Amont
13549;11557;5101;240510;Aval
13550;11558;5101;240656;Amont
13551;11559;5102;241007;Aval
13552;11560;5102;241197;Amont
13553;11561;5103;248440;Aval
13554;11562;5103;248653;Amont
13555;11563;5104;248710;Aval
13556;11564;5104;248923;Amont
13557;11565;5105;260025;Aval
13558;11566;5105;260219;Amont
13559;11567;5106;260367;Aval
13560;11568;5106;260561;Amont
13561;11569;5107;269639;Aval
13562;11570;5107;269702;Amont
13563;11571;5108;276411;Aval
13564;11572;5108;276606;Amont
13565;11573;5109;276672;Aval
13566;11574;5109;276867;Amont
13567;11575;5110;280164;Aval
13568;11576;5110;280247;Amont
13569;11577;5111;281419;Aval
13570;11578;5111;281474;Amont
13571;11579;5112;292129;Aval
13572;11580;5112;292321;Amont
13573;11581;5113;292397;Aval
13574;11582;5113;292591;Amont
13575;11583;5114;295474;Aval
13576;11584;5114;295526;Amont
13577;11585;5115;302598;Aval
13578;11586;5115;302697;Amont
13579;11587;5116;302861;Aval
13580;11588;5116;302992;Amont
13581;11589;5117;303590;Aval
13582;11590;5117;303674;Amont
13583;11591;5118;303834;Aval
13584;11592;5118;303921;Amont
13585;11593;5119;316684;Aval
13586;11594;5119;316878;Amont
13587;11595;5120;316927;Aval
13588;11596;5120;317119;Amont
13589;11597;5121;330775;Aval
13590;11598;5121;330838;Amont
13591;11599;5122;335877;Aval
13592;11600;5122;335925;Amont
13593;11601;5123;336196;Aval
13594;11602;5123;336233;Amont
13595;11603;5124;336784;Aval
13596;11604;5124;336869;Amont
13597;11605;5125;336970;Aval
13598;11606;5125;337031;Amont
13599;11607;5126;341055;Aval
13600;11608;5126;341138;Amont
13601;11609;5127;354945;Aval
13602;11610;5127;355139;Amont
13603;11611;5128;355189;Aval
13604;11612;5128;355382;Amont
13605;11613;5129;369923;Aval
13606;11614;5129;369980;Amont
13607;11615;5130;372966;Aval
13608;11616;5130;373159;Amont
13609;11617;5131;373226;Aval
13610;11618;5131;373420;Amont
13611;11619;5132;387332;Aval
13612;11620;5132;387524;Amont
13613;11621;5133;387591;Aval
13614;11622;5133;387786;Amont
13615;11623;5134;401191;Aval
13616;11624;5134;401382;Amont
13617;11625;5135;402787;Aval
13618;11626;5135;402870;Amont
13619;11627;5136;419783;Aval
13620;11628;5136;419972;Amont
13621;11629;5137;448417;Aval
13622;11630;5137;448495;Amont
13623;11631;5138;448642;Aval
13624;11632;5138;448675;Amont
13625;11633;5139;448855;Aval
13626;11634;5139;448920;Amont
13627;11635;5140;449515;Aval
13628;11636;5140;449585;Amont
13629;11637;5141;449760;Aval
13630;11638;5141;449818;Amont
13631;11639;5142;452210;Aval
13632;11640;5142;452292;Amont
13633;11641;5143;452747;Aval
13634;11642;5143;452936;Amont
13635;11643;5144;466751;Aval
13636;11644;5144;466943;Amont
13637;11645;5145;467998;Aval
13638;11646;5145;468190;Amont
13639;11647;5146;482672;Aval
13640;11648;5146;482861;Amont
13641;11649;5147;482897;Aval
13642;11650;5147;483087;Amont
13643;11651;5148;517600;Aval
13644;11652;5148;517792;Amont
13645;11653;5149;517828;Aval
13646;11654;5149;518020;Amont
13647;11655;5150;530651;Aval
13648;11656;5150;530734;Amont
13649;11657;5151;530758;Aval
13650;11658;5151;530877;Amont
13651;11659;5152;530782;Aval
13652;11660;5152;530891;Amont
13653;11661;5153;530905;Aval
13654;11662;5153;530986;Amont
13655;11663;5154;531362;Aval
13656;11664;5154;531460;Amont
13657;11665;5155;532419;Aval
13658;11666;5155;532481;Amont
13659;11667;5156;532650;Aval
13660;11668;5156;532783;Amont
13661;11669;5157;545440;Aval
13662;11670;5157;545630;Amont
13663;11671;5158;546757;Aval
13664;11672;5158;546787;Amont
13665;11673;5159;546806;Aval
13666;11674;5159;546888;Amont
13667;11675;5160;547517;Aval
13668;11676;5160;547613;Amont
13669;11677;5161;548984;Aval
13670;11678;5161;549174;Amont
13671;11679;5162;558960;Aval
13672;11680;5162;559150;Amont
13673;11681;5163;559188;Aval
13674;11682;5163;559378;Amont
13675;11683;5164;568420;Aval
13676;11684;5164;568503;Amont
13677;11685;5165;574778;Aval
13678;11686;5165;574859;Amont
13679;11687;5166;574860;Aval
13680;11688;5166;574939;Amont
13681;11689;5167;578315;Aval
13682;11690;5167;578441;Amont
13683;11691;5168;578540;Aval
13684;11692;5168;578671;Amont
13685;11693;5169;581318;Aval
13686;11694;5169;581447;Amont
13687;11695;5170;581496;Aval
13688;11696;5170;581628;Amont
13689;11697;5171;583460;Aval
13690;11698;5171;583590;Amont
13691;11699;5172;583593;Aval
13692;11700;5172;583649;Amont
13693;11701;5173;119020;Aval
13694;11702;5173;120320;Amont
13695;11703;5174;118290;Aval
13696;11704;5174;120280;Amont
13697;11705;5175;118930;Aval
13698;11706;5175;119864;Amont
13699;11707;5176;232446;Aval
13700;11708;5176;232605;Amont
13701;11128;645;750;Amont
13702;11128;645;750;Aval
13703;11711;5178;16861;Aval
13704;11712;5178;18032;Amont
13705;11713;5179;741;Aval
13706;11714;5179;1548;Amont
13707;11715;5180;17192;Aval
13708;11716;5180;18200;Amont
13709;11717;5181;17024;Aval
13710;11718;5181;17877;Amont
13711;11719;5182;117920;Aval
13712;11720;5182;118174;Amont
13713;11721;5183;119060;Aval
13714;11722;5183;119236;Amont
13715;11723;5184;119060;Aval
13716;11724;5184;119435;Amont
13717;11725;5185;336100;Aval
13718;11726;5185;336830;Amont
13719;11727;5186;448830;Aval
13720;11728;5186;449663;Amont
13721;11729;5187;119060;Aval
13722;11730;5187;119280;Amont
13723;11731;5188;232633;Aval
13724;11732;5188;233371;Amont
13725;11733;8658;1475;Aval
13726;11734;8658;2078;Amont
13727;11735;8659;1476;Aval
13728;11736;8659;2140;Amont
13729;11127;4902;636;Amont
13730;11127;4902;636;Aval
13731;2293;4925;1605;Aval
13732;2293;4822;1605;Amont
13733;11741;8796;233820;Aval
13734;11742;8796;233880;Amont
13735;11743;8823;233250;Aval
13736;11744;8823;233310;Amont
13737;11745;8826;233330;Aval
13738;11746;8826;233410;Amont
13739;11747;8846;336896;Aval
13740;11748;8846;336957;Amont
13741;11749;8847;401418;Aval
13742;11750;8847;401610;Amont
13743;11751;8848;419557;Aval
13744;11752;8848;419747;Amont
13745;11753;8849;448110;Aval
13746;11754;8849;448193;Amont
13747;11755;8850;448770;Aval
13748;11756;8850;448870;Amont
13749;11757;8851;501260;Aval
13750;11758;8851;501451;Amont
13751;11759;8852;501487;Aval
13752;11760;8852;501678;Amont
13753;11761;8853;546688;Aval
13754;11762;8853;546769;Amont
13755;11763;8897;332069;Aval
13756;11764;8897;332130;Amont
13757;11765;8899;335610;Aval
13758;11766;8899;335675;Amont
13759;11767;8917;116120;Aval
13760;11768;8917;116950;Amont
13761;11769;8921;228236;Aval
13762;11770;8921;228337;Amont
13763;11771;8923;231135;Aval
13764;11772;8923;231255;Amont
13765;11773;8924;231262;Aval
13766;11774;8924;231419;Amont
13769;11777;9051;207;Aval
13770;11778;9051;288;Amont
13771;11733;1444;1475;Amont
13772;11733;1444;1475;Aval
13773;11735;1440;1476;Amont
13774;11735;1440;1476;Aval
13775;2294;4826;1430;Aval
13776;2295;4826;1567;Amont
13777;11714;4826;1548;Amont
13778;11714;4826;1548;Aval
13779;11787;9057;641;Aval
13780;11788;9057;748;Amont
13781;2287;9058;825;Aval
13782;2291;9058;1573;Amont
13783;11791;9062;904;Aval
13784;11792;9062;2185;Amont
13785;11736;4839;2140;Amont
13786;11736;4839;2140;Aval
13787;11734;1444;2078;Amont
13788;11734;1444;2078;Aval
13789;11029;1440;6007;Amont
13790;11029;1440;6007;Aval
13791;11051;1444;6046;Amont
13792;11051;1444;6046;Aval
13793;11265;647;5738;Amont
13794;11265;647;5738;Aval
13795;11266;1444;5869;Amont
13796;11266;1444;5869;Aval
13797;11267;644;5842;Amont
13798;11267;644;5842;Aval
13799;11268;1440;5925;Amont
13800;11268;1440;5925;Aval
13801;11809;9076;214;Aval
13802;11810;9076;690;Amont
13803;11811;9077;202;Aval
13804;11812;9077;859;Amont
13805;11180;647;5251;Amont
13806;11180;647;5251;Aval
13807;11034;644;3470;Amont
13808;11034;644;3470;Aval
13809;2296;1440;3447;Amont
13810;2296;1440;3447;Aval
13811;11819;9287;546543;Aval
13812;11820;9287;546832;Amont
13813;11821;650;0;Aval
13814;11822;650;337;Amont
13815;11823;651;0;Aval
13816;11824;651;950;Amont
13817;11825;652;101;Aval
13818;11826;652;741;Amont
13819;11827;653;14900;Aval
13820;11828;653;15920;Amont
13821;11829;654;36390;Aval
13822;11830;654;50885;Amont
13823;11831;655;430;Aval
13824;11832;655;9662;Amont
13825;11833;656;47690;Aval
13826;11834;656;49872;Amont
13827;11835;5189;47715;Aval
13828;11836;5189;47972;Amont
13829;11837;657;5801;Aval
13830;11838;657;17310;Amont
13831;11839;658;40875;Aval
13832;11840;658;62160;Amont
13833;11841;5190;16930;Aval
13834;11842;5190;17310;Amont
13835;11843;659;0;Aval
13836;11844;659;4500;Amont
13837;11845;660;855;Aval
13838;11846;660;61950;Amont
13839;11847;661;-252;Aval
13840;11848;661;855;Amont
13841;11849;662;61950;Aval
13842;11850;662;64667;Amont
13843;11851;663;-211;Aval
13844;11852;663;855;Amont
13845;11853;664;61950;Aval
13846;11854;664;64532;Amont
13847;11855;5191;16974;Aval
13848;11856;5191;17871;Amont
13849;11857;5192;23875;Aval
13850;11858;5192;24735;Amont
13851;11859;5193;31030;Aval
13852;11860;5193;32041;Amont
13853;11861;5194;44012;Aval
13854;11862;5194;45095;Amont
13855;11863;5195;52575;Aval
13856;11864;5195;53465;Amont
13857;11865;665;53500;Aval
13858;11866;665;68656;Amont
13859;11867;666;577627;Aval
13860;11868;666;593865;Amont
13861;11869;5196;588317;Aval
13862;11870;5196;589030;Amont
13863;11871;5197;591812;Aval
13864;11872;5197;592608;Amont
13865;11873;667;2180;Aval
13866;11874;667;102018;Amont
13867;11875;668;921;Aval
13868;11876;668;2180;Amont
13869;11877;669;917;Aval
13870;11878;669;2180;Amont
13871;11879;5198;17047;Aval
13872;11880;5198;18015;Amont
13873;11881;5199;23922;Aval
13874;11882;5199;24524;Amont
13875;11883;5200;99594;Aval
13876;11884;5200;99998;Amont
13877;11885;5201;45951;Aval
13878;11886;5201;46628;Amont
13879;11887;5202;45680;Aval
13880;11888;5202;46570;Amont
13881;11889;5203;7659;Aval
13882;11890;5203;8326;Amont
13883;11891;5204;66118;Aval
13884;11892;5204;66954;Amont
13885;11893;5205;940;Aval
13886;11894;5205;989;Amont
13887;11895;5206;1235;Aval
13888;11896;5206;1282;Amont
13889;11897;670;4012;Aval
13890;11898;670;14900;Amont
13891;11899;671;3943;Aval
13892;11900;671;14900;Amont
13893;11901;5207;4642;Aval
13894;11902;5207;4690;Amont
13895;11903;5208;9076;Aval
13896;11904;5208;9120;Amont
13897;11905;5209;9710;Aval
13898;11906;5209;9740;Amont
13899;11907;672;13501;Aval
13900;11908;672;14736;Amont
13901;11909;673;117735;Aval
13902;11910;673;120495;Amont
13903;11911;674;122158;Aval
13904;11912;674;663143;Amont
13905;11913;675;118002;Aval
13906;11914;675;120437;Amont
13907;11915;676;122078;Aval
13908;11916;676;663143;Amont
13909;11917;5210;200761;Aval
13910;11918;5210;201380;Amont
13911;11919;5211;200870;Aval
13912;11920;5211;201398;Amont
13913;11921;5212;330654;Aval
13914;11922;5212;331842;Amont
13915;11923;5213;200815;Aval
13916;11924;5213;201498;Amont
13917;11925;5214;200845;Aval
13918;11926;5214;201450;Amont
13919;11927;5215;600184;Aval
13920;11928;5215;600413;Amont
13921;11929;5216;558785;Aval
13922;11930;5216;559676;Amont
13923;11931;5217;599438;Aval
13924;11932;5217;600351;Amont
13925;11933;5218;200586;Aval
13926;11934;5218;201568;Amont
13927;11935;5219;200835;Aval
13928;11936;5219;201438;Amont
13929;11937;5220;263860;Aval
13930;11938;5220;264560;Amont
13931;11939;5221;294290;Aval
13932;11940;5221;295327;Amont
13933;11941;5222;367358;Aval
13934;11942;5222;368610;Amont
13935;11943;5223;400865;Aval
13936;11944;5223;401125;Amont
13937;11945;5224;499592;Aval
13938;11946;5224;500265;Amont
13939;11947;5225;400780;Aval
13940;11948;5225;401560;Amont
13941;11949;5226;499632;Aval
13942;11950;5226;500222;Amont
13943;11951;5227;400760;Aval
13944;11952;5227;401505;Amont
13945;11953;5228;263905;Aval
13946;11954;5228;264555;Amont
13947;11955;5229;367394;Aval
13948;11956;5229;368442;Amont
13949;11957;5230;400710;Aval
13950;11958;5230;401612;Amont
13951;11959;5231;400820;Aval
13952;11960;5231;401544;Amont
13953;11961;5232;499581;Aval
13954;11962;5232;500256;Amont
13955;11963;5233;262121;Aval
13956;11964;5233;263167;Amont
13957;11965;5234;541354;Aval
13958;11966;5234;542336;Amont
13959;11967;5235;499531;Aval
13960;11968;5235;500188;Amont
13961;11969;5236;400754;Aval
13962;11970;5236;401638;Amont
13963;11971;5237;498643;Aval
13964;11972;5237;500225;Amont
13965;11973;5238;498715;Aval
13966;11974;5238;500287;Amont
13967;11975;5239;400870;Aval
13968;11976;5239;401485;Amont
13969;11977;5240;119327;Aval
13970;11978;5240;119430;Amont
13971;11979;5241;120495;Aval
13972;11980;5241;122095;Amont
13973;11981;5242;133280;Aval
13974;11982;5242;133340;Amont
13975;11983;5243;160128;Aval
13976;11984;5243;160210;Amont
13977;11985;5244;199928;Aval
13978;11986;5244;200012;Amont
13979;11987;5245;200297;Aval
13980;11988;5245;200403;Amont
13981;11989;5246;200541;Aval
13982;11990;5246;200586;Amont
13983;11991;5247;200569;Aval
13984;11992;5247;200634;Amont
13985;11993;5248;200637;Aval
13986;11994;5248;200698;Amont
13987;11995;5249;200677;Aval
13988;11996;5249;200835;Amont
13989;11997;5250;200773;Aval
13990;11998;5250;200840;Amont
13991;11999;5251;200773;Aval
13992;12000;5251;200829;Amont
13993;12001;5252;200801;Aval
13994;12002;5252;200866;Amont
13995;12003;5253;201327;Aval
13996;12004;5253;201651;Amont
13997;12005;5254;201380;Aval
13998;12006;5254;201433;Amont
13999;12007;5255;201450;Aval
14000;12008;5255;201506;Amont
14001;12009;5256;201556;Aval
14002;12010;5256;201621;Amont
14003;12011;5257;201568;Aval
14004;12012;5257;201621;Amont
14005;12013;5258;204383;Aval
14006;12014;5258;204445;Amont
14007;12015;5259;220321;Aval
14008;12016;5259;220404;Amont
14009;12017;5260;220565;Aval
14010;12018;5260;220621;Amont
14011;12019;5261;236610;Aval
14012;12020;5261;236672;Amont
14013;12021;5262;236740;Aval
14014;12022;5262;236802;Amont
14015;12023;5263;248790;Aval
14016;12024;5263;248852;Amont
14017;12025;5264;249010;Aval
14018;12026;5264;249093;Amont
14019;12027;5265;258752;Aval
14020;12028;5265;258802;Amont
14021;12029;5266;263526;Aval
14022;12030;5266;263613;Amont
14023;12031;5267;263679;Aval
14024;12032;5267;263742;Amont
14025;12033;5268;264690;Aval
14026;12034;5268;264752;Amont
14027;12035;5269;264863;Aval
14028;12036;5269;264929;Amont
14029;12037;5270;280870;Aval
14030;12038;5270;280953;Amont
14031;12039;5271;281210;Aval
14032;12040;5271;281293;Amont
14033;12041;5272;294204;Aval
14034;12042;5272;294265;Amont
14035;12043;5273;295350;Aval
14036;12044;5273;295432;Amont
14037;12045;5274;305486;Aval
14038;12046;5274;305568;Amont
14039;12047;5275;316183;Aval
14040;12048;5275;316278;Amont
14041;12049;5276;316385;Aval
14042;12050;5276;316472;Amont
14043;12051;5277;330267;Aval
14044;12052;5277;330347;Amont
14045;12053;5278;340833;Aval
14046;12054;5278;340916;Amont
14047;12055;5279;341234;Aval
14048;12056;5279;341296;Amont
14049;12057;5280;341982;Aval
14050;12058;5280;342090;Amont
14051;12059;5281;351548;Aval
14052;12060;5281;351606;Amont
14053;12061;5282;367099;Aval
14054;12062;5282;367180;Amont
14055;12063;5283;367255;Aval
14056;12064;5283;367320;Amont
14057;12065;5284;367795;Aval
14058;12066;5284;367857;Amont
14059;12067;5285;368400;Aval
14060;12068;5285;368462;Amont
14061;12069;5286;368442;Aval
14062;12070;5286;368470;Amont
14063;12071;5287;368515;Aval
14064;12072;5287;368572;Amont
14065;12073;5288;383216;Aval
14066;12074;5288;383270;Amont
14067;12075;5289;383488;Aval
14068;12076;5289;383580;Amont
14069;12077;5290;392748;Aval
14070;12078;5290;392833;Amont
14071;12079;5291;392887;Aval
14072;12080;5291;392972;Amont
14073;12081;5292;397073;Aval
14074;12082;5292;397133;Amont
14075;12083;5293;399300;Aval
14076;12084;5293;399325;Amont
14077;12085;5294;399335;Aval
14078;12086;5294;399390;Amont
14079;12087;5295;399435;Aval
14080;12088;5295;399520;Amont
14081;12089;5296;400436;Aval
14082;12090;5296;400564;Amont
14083;12091;5297;400580;Aval
14084;12092;5297;400780;Amont
14085;12093;5298;400658;Aval
14086;12094;5298;400754;Amont
14087;12095;5299;400683;Aval
14088;12096;5299;400850;Amont
14089;12097;5300;400837;Aval
14090;12098;5300;400920;Amont
14091;12099;5301;401030;Aval
14092;12100;5301;401080;Amont
14093;12101;5302;401030;Aval
14094;12102;5302;401080;Amont
14095;12103;5303;401200;Aval
14096;12104;5303;401250;Amont
14097;12105;5304;401200;Aval
14098;12106;5304;401250;Amont
14099;12107;5305;401200;Aval
14100;12108;5305;401250;Amont
14101;12109;5306;401637;Aval
14102;12110;5306;401721;Amont
14103;12111;5307;401729;Aval
14104;12112;5307;401809;Amont
14105;12113;5308;402687;Aval
14106;12114;5308;402751;Amont
14107;12115;5309;404634;Aval
14108;12116;5309;404717;Amont
14109;12117;5310;412603;Aval
14110;12118;5310;412667;Amont
14111;12119;5311;412819;Aval
14112;12120;5311;412902;Amont
14113;12121;5312;421618;Aval
14114;12122;5312;421700;Amont
14115;12123;5313;437034;Aval
14116;12124;5313;437124;Amont
14117;12125;5314;437131;Aval
14118;12126;5314;437224;Amont
14119;12127;5315;447699;Aval
14120;12128;5315;447783;Amont
14121;12129;5316;448430;Aval
14122;12130;5316;448519;Amont
14123;12131;5317;459098;Aval
14124;12132;5317;459160;Amont
14125;12133;5318;459948;Aval
14126;12134;5318;460014;Amont
14127;12135;5319;468040;Aval
14128;12136;5319;468123;Amont
14129;12137;5320;468125;Aval
14130;12138;5320;468184;Amont
14131;12139;5321;483081;Aval
14132;12140;5321;483173;Amont
14133;12141;5322;483570;Aval
14134;12142;5322;483658;Amont
14135;12143;5323;498213;Aval
14136;12144;5323;498297;Amont
14137;12145;5324;498823;Aval
14138;12146;5324;498931;Amont
14139;12147;5325;499207;Aval
14140;12148;5325;499295;Amont
14141;12149;5326;499470;Aval
14142;12150;5326;499627;Amont
14143;12151;5327;500303;Aval
14144;12152;5327;500342;Amont
14145;12153;5328;500344;Aval
14146;12154;5328;500391;Amont
14147;12155;5329;508000;Aval
14148;12156;5329;508088;Amont
14149;12157;5330;519736;Aval
14150;12158;5330;519822;Amont
14151;12159;5331;519840;Aval
14152;12160;5331;519928;Amont
14153;12161;5332;536746;Aval
14154;12162;5332;536777;Amont
14155;12163;5333;538230;Aval
14156;12164;5333;538313;Amont
14157;12165;5334;548631;Aval
14158;12166;5334;548691;Amont
14159;12167;5335;559507;Aval
14160;12168;5335;559630;Amont
14161;12169;5336;559750;Aval
14162;12170;5336;559812;Amont
14163;12171;5337;577337;Aval
14164;12172;5337;577456;Amont
14165;12173;5338;577628;Aval
14166;12174;5338;577743;Amont
14167;12175;5339;599223;Aval
14168;12176;5339;599310;Amont
14169;12177;5340;599372;Aval
14170;12178;5340;599451;Amont
14171;12179;5341;600425;Aval
14172;12180;5341;600508;Amont
14173;12181;5342;617849;Aval
14174;12182;5342;617930;Amont
14175;12183;5343;617938;Aval
14176;12184;5343;618016;Amont
14177;12185;5344;639258;Aval
14178;12186;5344;639340;Amont
14179;12187;5345;639345;Aval
14180;12188;5345;639427;Amont
14181;12189;5346;640560;Aval
14182;12190;5346;640642;Amont
14183;12191;5347;662940;Aval
14184;12192;5347;663022;Amont
14185;12193;5348;400605;Aval
14186;12194;5348;401595;Amont
14187;12195;5349;397145;Aval
14188;12196;5349;398200;Amont
14189;12197;5350;398058;Aval
14190;12198;5350;400605;Amont
14191;12199;5351;398287;Aval
14192;12200;5351;400757;Amont
14193;12201;5352;341234;Aval
14194;12202;5352;342122;Amont
14195;12203;8794;400845;Aval
14196;12204;8794;401515;Amont
14197;12205;8845;421395;Aval
14198;12206;8845;421480;Amont
14199;12207;8863;160228;Aval
14200;12208;8863;161178;Amont
14201;12209;8864;158965;Aval
14202;12210;8864;159875;Amont
14203;12211;8865;161339;Aval
14204;12212;8865;161421;Amont
14205;12213;8875;139655;Aval
14206;12214;8875;139738;Amont
14207;12215;8876;139782;Aval
14208;12216;8876;139865;Amont
14209;12217;8877;177403;Aval
14210;12218;8877;177484;Amont
14211;12219;8878;177539;Aval
14212;12220;8878;177620;Amont
14213;12221;8918;198104;Aval
14214;12222;8918;198187;Amont
14215;12223;8919;198249;Aval
14216;12224;8919;198332;Amont
14217;12225;8935;400700;Aval
14218;12226;8935;400790;Amont
14219;12227;8936;500050;Aval
14220;12228;8936;500222;Amont
14221;12229;8937;498526;Aval
14222;12230;8937;498712;Amont
14223;12231;677;399629;Aval
14224;12232;677;402034;Amont
14225;12233;678;124063;Aval
14226;12234;678;130937;Amont
14227;12235;5353;130501;Aval
14228;12236;5353;130886;Amont
14229;12237;679;199455;Aval
14230;12238;679;304437;Amont
14231;12239;680;199455;Aval
14232;12240;680;304437;Amont
14233;12241;5354;223675;Aval
14234;12242;5354;224072;Amont
14235;12243;5355;199455;Aval
14236;12244;5355;199523;Amont
14237;12245;5356;223257;Aval
14238;12246;5356;223339;Amont
14239;12247;5357;224442;Aval
14240;12248;5357;224493;Amont
14241;12249;5358;240655;Aval
14242;12250;5358;240695;Amont
14243;12251;5359;254495;Aval
14244;12252;5359;254582;Amont
14245;12253;5360;286782;Aval
14246;12254;5360;286817;Amont
14247;12255;8920;200358;Aval
14248;12256;8920;200415;Amont
14249;12257;8922;303807;Aval
14250;12258;8922;303884;Amont
14251;12259;9399;287179;Aval
14252;12260;9399;287240;Amont
14253;12261;681;240770;Aval
14254;12262;681;352222;Amont
14255;12263;5361;269261;Aval
14256;12264;5361;269778;Amont
14257;12265;5362;282340;Aval
14258;12266;5362;282853;Amont
14259;12267;5363;327742;Aval
14260;12268;5363;328252;Amont
14261;12269;5364;347797;Aval
14262;12270;5364;348292;Amont
14263;12271;682;281632;Aval
14264;12272;682;331652;Amont
14265;12273;683;383000;Aval
14266;12274;683;383869;Amont
14267;12275;5365;330850;Aval
14268;12276;5365;331402;Amont
14269;12277;691;178687;Aval
14270;12278;691;245800;Amont
14271;12279;5377;218452;Aval
14272;12280;5377;218619;Amont
14273;12281;5378;178687;Aval
14274;12282;5378;178870;Amont
14275;12283;5379;178756;Aval
14276;12284;5379;178811;Amont
14277;12285;5380;178759;Aval
14278;12286;5380;178870;Amont
14279;12287;8662;200927;Aval
14280;12288;8662;201116;Amont
14281;12289;8663;207100;Aval
14282;12290;8663;207310;Amont
14283;12291;8664;234600;Aval
14284;12292;8664;234800;Amont
14285;12293;8925;187730;Aval
14286;12294;8925;188954;Amont
14287;12295;8926;190570;Aval
14288;12296;8926;190790;Amont
14289;12297;692;341140;Aval
14290;12298;692;361400;Amont
14291;12299;693;347480;Aval
14292;12300;693;419630;Amont
14293;12301;694;445900;Aval
14294;12302;694;451967;Amont
14295;12303;5381;418947;Aval
14296;12304;5381;419560;Amont
14297;12305;5382;347530;Aval
14298;12306;5382;348223;Amont
14299;12307;5383;376811;Aval
14300;12308;5383;377343;Amont
14301;12309;5384;389586;Aval
14302;12310;5384;390389;Amont
14303;12311;5385;418990;Aval
14304;12312;5385;419593;Amont
14305;12313;5386;447000;Aval
14306;12314;5386;447503;Amont
14307;12315;695;419630;Aval
14308;12316;695;474115;Amont
14309;12317;5387;431393;Aval
14310;12318;5387;431891;Amont
14311;12319;5388;449500;Aval
14312;12320;5388;449813;Amont
14313;12321;696;433800;Aval
14314;12322;696;439546;Amont
14315;12323;697;401800;Aval
14316;12324;697;406486;Amont
14317;12325;698;402256;Aval
14318;12326;698;518824;Amont
14319;12327;5389;454832;Aval
14320;12328;5389;455391;Amont
14321;12329;5390;459251;Aval
14322;12330;5390;459821;Amont
14323;12331;5391;467137;Aval
14324;12332;5391;467812;Amont
14325;12333;5392;480025;Aval
14326;12334;5392;480621;Amont
14327;12335;5393;491865;Aval
14328;12336;5393;492454;Amont
14329;12337;5394;513527;Aval
14330;12338;5394;514285;Amont
14331;12339;5395;402256;Aval
14332;12340;5395;402450;Amont
14333;12341;5396;406130;Aval
14334;12342;5396;406486;Amont
14335;12343;5397;412494;Aval
14336;12344;5397;413055;Amont
14337;12345;5398;418945;Aval
14338;12346;5398;419506;Amont
14339;12347;5399;429699;Aval
14340;12348;5399;430226;Amont
14341;12349;5400;438530;Aval
14342;12350;5400;439255;Amont
14343;12351;5401;446393;Aval
14344;12352;5401;446967;Amont
14345;12353;699;421337;Aval
14346;12354;699;499246;Amont
14347;12355;700;402752;Aval
14348;12356;700;421337;Amont
14349;12357;701;402752;Aval
14350;12358;701;421337;Amont
14351;12359;5402;448385;Aval
14352;12360;5402;449206;Amont
14353;12361;5403;462862;Aval
14354;12362;5403;463942;Amont
14355;12363;5404;472940;Aval
14356;12364;5404;473763;Amont
14357;12365;5405;483751;Aval
14358;12366;5405;484559;Amont
14359;12367;5406;490552;Aval
14360;12368;5406;491398;Amont
14361;12369;5407;429192;Aval
14362;12370;5407;430043;Amont
14363;12371;5408;438220;Aval
14364;12372;5408;439180;Amont
14365;12373;5409;402830;Aval
14366;12374;5409;402888;Amont
14367;12375;5410;420947;Aval
14368;12376;5410;421030;Amont
14369;12377;702;421387;Aval
14370;12378;702;501827;Amont
14371;12379;5411;442444;Aval
14372;12380;5411;442878;Amont
14373;12381;5412;451475;Aval
14374;12382;5412;451906;Amont
14375;12383;5413;468567;Aval
14376;12384;5413;468956;Amont
14377;12385;5414;484474;Aval
14378;12386;5414;484888;Amont
14379;12387;704;86593;Aval
14380;12388;704;146244;Amont
14381;12389;705;147980;Aval
14382;12390;705;173570;Amont
14383;12391;706;100;Aval
14384;12392;706;75107;Amont
14385;12393;707;277;Aval
14386;12394;707;75667;Amont
14387;12395;5417;39251;Aval
14388;12396;5417;40046;Amont
14389;12397;5418;75135;Aval
14390;12398;5418;75667;Amont
14391;12399;5419;75096;Aval
14392;12400;5419;75712;Amont
14393;12401;5420;75107;Aval
14394;12402;5420;75740;Amont
14395;12403;5421;108403;Aval
14396;12404;5421;109000;Amont
14397;12405;5422;122318;Aval
14398;12406;5422;123186;Amont
14399;12407;5423;128038;Aval
14400;12408;5423;128795;Amont
14401;12409;5424;157728;Aval
14402;12410;5424;158384;Amont
14403;12411;5425;172760;Aval
14404;12412;5425;173530;Amont
14405;12413;5426;463;Aval
14406;12414;5426;551;Amont
14407;12415;5427;24023;Aval
14408;12416;5427;24079;Amont
14409;12417;5428;39190;Aval
14410;12418;5428;39248;Amont
14411;12419;5429;40574;Aval
14412;12420;5429;40656;Amont
14413;12421;5430;57903;Aval
14414;12422;5430;57952;Amont
14415;12423;5431;73468;Aval
14416;12424;5431;73510;Amont
14417;12425;5432;74611;Aval
14418;12426;5432;74643;Amont
14419;12427;5433;74690;Aval
14420;12428;5433;74816;Amont
14421;12429;5434;74979;Aval
14422;12430;5434;75064;Amont
14423;12431;5435;75834;Aval
14424;12432;5435;75912;Amont
14425;12433;5436;85958;Aval
14426;12434;5436;86018;Amont
14427;12435;5437;172840;Aval
14428;12436;5437;172905;Amont
14429;12437;5438;173065;Aval
14430;12438;5438;173190;Amont
14431;12439;8890;75667;Aval
14432;12440;8890;86593;Amont
14433;12441;8891;75107;Aval
14434;12442;8891;86593;Amont
14435;12443;708;564770;Aval
14436;12444;708;590427;Amont
14437;12445;5439;589995;Aval
14438;12446;5439;590253;Amont
14439;12447;709;546543;Aval
14440;12448;709;643691;Amont
14441;12449;5440;575934;Aval
14442;12450;5440;576562;Amont
14443;12451;5441;607280;Aval
14444;12452;5441;607668;Amont
14445;12453;5442;607215;Aval
14446;12454;5442;607630;Amont
14447;12455;5443;554559;Aval
14448;12456;5443;555124;Amont
14449;12457;5444;564218;Aval
14450;12458;5444;565090;Amont
14451;12459;5445;585426;Aval
14452;12460;5445;586120;Amont
14453;12461;5446;594207;Aval
14454;12462;5446;594755;Amont
14455;12463;5447;627755;Aval
14456;12464;5447;628409;Amont
14457;12465;711;511246;Aval
14458;12466;711;557761;Amont
14459;12467;712;564910;Aval
14460;12468;712;651565;Amont
14461;12469;713;557761;Aval
14462;12470;713;564910;Amont
14463;12471;714;557704;Aval
14464;12472;714;564910;Amont
14465;12473;5448;557195;Aval
14466;12474;5448;557704;Amont
14467;12475;5449;608612;Aval
14468;12476;5449;609129;Amont
14469;12477;5450;625260;Aval
14470;12478;5450;625942;Amont
14471;12479;5451;608690;Aval
14472;12480;5451;609199;Amont
14473;12481;5452;557167;Aval
14474;12482;5452;557565;Amont
14475;12483;5453;540294;Aval
14476;12484;5453;540906;Amont
14477;12485;5454;556874;Aval
14478;12486;5454;557600;Amont
14479;12487;5455;569658;Aval
14480;12488;5455;570369;Amont
14481;12489;5456;556816;Aval
14482;12490;5456;556874;Amont
14483;12491;5457;557704;Aval
14484;12492;5457;557761;Amont
14485;12493;5458;564680;Aval
14486;12494;5458;564758;Amont
14487;12495;5459;557040;Aval
14488;12496;5459;557635;Amont
14489;12497;715;608571;Aval
14490;12498;715;610826;Amont
14491;12499;5460;610185;Aval
14492;12500;5460;610750;Amont
14493;12501;716;625244;Aval
14494;12502;716;643250;Amont
14495;12503;5461;633735;Aval
14496;12504;5461;634286;Amont
14497;12505;717;2634;Aval
14498;12506;717;4890;Amont
14499;12507;5462;2664;Aval
14500;12508;5462;3196;Amont
14501;12509;5463;3848;Aval
14502;12510;5463;4638;Amont
14503;12511;719;-328;Aval
14504;12512;719;406117;Amont
14505;12513;720;-324;Aval
14506;12514;720;406117;Amont
14507;12515;831;448720;Aval
14508;12516;831;449300;Amont
14509;12517;1450;246815;Aval
14510;12518;1450;254530;Amont
14511;12519;1451;2729;Aval
14512;12520;1451;6390;Amont
14513;12521;1452;2723;Aval
14514;12522;1452;6390;Amont
14515;12523;1453;4913;Aval
14516;12524;1453;5164;Amont
14517;12525;5464;255985;Aval
14518;12526;5464;256850;Amont
14519;12527;5465;-264;Aval
14520;12528;5465;279;Amont
14521;12529;5466;235396;Aval
14522;12530;5466;236797;Amont
14523;12531;5467;-112;Aval
14524;12532;5467;495;Amont
14525;12533;5468;235542;Aval
14526;12534;5468;236666;Amont
14527;12535;5469;-112;Aval
14528;12536;5469;409;Amont
14529;12537;5470;-260;Aval
14530;12538;5470;1425;Amont
14531;12539;5471;-393;Aval
14532;12540;5471;1503;Amont
14533;12541;5472;371560;Aval
14534;12542;5472;372578;Amont
14535;12543;5473;451410;Aval
14536;12544;5473;452376;Amont
14537;12545;5474;254530;Aval
14538;12546;5474;255940;Amont
14539;12547;5475;255936;Aval
14540;12548;5475;256715;Amont
14541;12549;5476;345233;Aval
14542;12550;5476;346330;Amont
14543;12551;5477;451405;Aval
14544;12552;5477;452324;Amont
14545;12553;5478;254321;Aval
14546;12554;5478;255936;Amont
14547;12555;5479;40872;Aval
14548;12556;5479;41816;Amont
14549;12557;5480;78427;Aval
14550;12558;5480;79016;Amont
14551;12559;5481;135215;Aval
14552;12560;5481;135932;Amont
14553;12561;5482;255936;Aval
14554;12562;5482;256805;Amont
14555;12563;5483;310880;Aval
14556;12564;5483;311771;Amont
14557;12565;5484;346803;Aval
14558;12566;5484;347980;Amont
14559;12567;5485;41143;Aval
14560;12568;5485;41840;Amont
14561;12569;5486;78023;Aval
14562;12570;5486;78745;Amont
14563;12571;5487;114861;Aval
14564;12572;5487;115848;Amont
14565;12573;5488;135147;Aval
14566;12574;5488;135416;Amont
14567;12575;5489;205664;Aval
14568;12576;5489;206556;Amont
14569;12577;5490;310685;Aval
14570;12578;5490;311702;Amont
14571;12579;5491;346572;Aval
14572;12580;5491;347210;Amont
14573;12581;5492;423360;Aval
14574;12582;5492;425017;Amont
14575;12583;5493;383166;Aval
14576;12584;5493;384505;Amont
14577;12585;5494;-264;Aval
14578;12586;5494;417;Amont
14579;12587;5495;78023;Aval
14580;12588;5495;79173;Amont
14581;12589;5496;135262;Aval
14582;12590;5496;135970;Amont
14583;12591;5497;160537;Aval
14584;12592;5497;161526;Amont
14585;12593;5498;-233;Aval
14586;12594;5498;315;Amont
14587;12595;5499;41267;Aval
14588;12596;5499;41550;Amont
14589;12597;5500;205518;Aval
14590;12598;5500;206665;Amont
14591;12599;5501;255940;Aval
14592;12600;5501;256690;Amont
14593;12601;5502;310649;Aval
14594;12602;5502;311772;Amont
14595;12603;5503;-225;Aval
14596;12604;5503;290;Amont
14597;12605;5504;135153;Aval
14598;12606;5504;136110;Amont
14599;12607;5505;255900;Aval
14600;12608;5505;256675;Amont
14601;12609;5506;-151;Aval
14602;12610;5506;260;Amont
14603;12611;5507;256110;Aval
14604;12612;5507;256493;Amont
14605;12613;5508;-183;Aval
14606;12614;5508;334;Amont
14607;12615;5509;256043;Aval
14608;12616;5509;256520;Amont
14609;12617;5510;255975;Aval
14610;12618;5510;256298;Amont
14611;12619;5511;346732;Aval
14612;12620;5511;348057;Amont
14613;12621;5512;405814;Aval
14614;12622;5512;406606;Amont
14615;12623;5513;256000;Aval
14616;12624;5513;256298;Amont
14617;12625;5514;405787;Aval
14618;12626;5514;406642;Amont
14619;12627;5515;431208;Aval
14620;12628;5515;432139;Amont
14621;12629;5516;404769;Aval
14622;12630;5516;405814;Amont
14623;12631;5517;244330;Aval
14624;12632;5517;246800;Amont
14625;12633;5518;245718;Aval
14626;12634;5518;246815;Amont
14627;12635;5519;431283;Aval
14628;12636;5519;432025;Amont
14629;12637;5520;405832;Aval
14630;12638;5520;406602;Amont
14631;12639;5521;431331;Aval
14632;12640;5521;431895;Amont
14633;12641;5522;260322;Aval
14634;12642;5522;262299;Amont
14635;12643;5523;265370;Aval
14636;12644;5523;267380;Amont
14637;12645;5524;405814;Aval
14638;12646;5524;406029;Amont
14639;12647;5525;-205;Aval
14640;12648;5525;-75;Amont
14641;12649;5526;241;Aval
14642;12650;5526;309;Amont
14643;12651;5527;256;Aval
14644;12652;5527;307;Amont
14645;12653;5528;334;Aval
14646;12654;5528;485;Amont
14647;12655;5529;381;Aval
14648;12656;5529;422;Amont
14649;12657;5530;1355;Aval
14650;12658;5530;1425;Amont
14651;12659;5531;1405;Aval
14652;12660;5531;1450;Amont
14653;12661;5532;1491;Aval
14654;12662;5532;1560;Amont
14655;12663;5533;1583;Aval
14656;12664;5533;1642;Amont
14657;12665;5534;2555;Aval
14658;12666;5534;2638;Amont
14659;12667;5535;2555;Aval
14660;12668;5535;2638;Amont
14661;12669;5536;2667;Aval
14662;12670;5536;2723;Amont
14663;12671;5537;2697;Aval
14664;12672;5537;2784;Amont
14665;12673;5538;3702;Aval
14666;12674;5538;3977;Amont
14667;12675;5539;4700;Aval
14668;12676;5539;4757;Amont
14669;12677;5540;4760;Aval
14670;12678;5540;4950;Amont
14671;12679;5541;5902;Aval
14672;12680;5541;5960;Amont
14673;12681;5542;5973;Aval
14674;12682;5542;6045;Amont
14675;12683;5543;6250;Aval
14676;12684;5543;6308;Amont
14677;12685;5544;17575;Aval
14678;12686;5544;17641;Amont
14679;12687;5545;27854;Aval
14680;12688;5545;27910;Amont
14681;12689;5546;40666;Aval
14682;12690;5546;40797;Amont
14683;12691;5547;41867;Aval
14684;12692;5547;41946;Amont
14685;12693;5548;61318;Aval
14686;12694;5548;61400;Amont
14687;12695;5549;61418;Aval
14688;12696;5549;61500;Amont
14689;12697;5550;77921;Aval
14690;12698;5550;78006;Amont
14691;12699;5551;79226;Aval
14692;12700;5551;79311;Amont
14693;12701;5552;95460;Aval
14694;12702;5552;95510;Amont
14695;12703;5553;107688;Aval
14696;12704;5553;107749;Amont
14697;12705;5554;115848;Aval
14698;12706;5554;115886;Amont
14699;12707;5555;135116;Aval
14700;12708;5555;135153;Amont
14701;12709;5556;136110;Aval
14702;12710;5556;136145;Amont
14703;12711;5557;136110;Aval
14704;12712;5557;136158;Amont
14705;12713;5558;141078;Aval
14706;12714;5558;141169;Amont
14707;12715;5559;141176;Aval
14708;12716;5559;141244;Amont
14709;12717;5560;160438;Aval
14710;12718;5560;160522;Amont
14711;12719;5561;160848;Aval
14712;12720;5561;160893;Amont
14713;12721;5562;161693;Aval
14714;12722;5562;161775;Amont
14715;12723;5563;168275;Aval
14716;12724;5563;168337;Amont
14717;12725;5564;177248;Aval
14718;12726;5564;177305;Amont
14719;12727;5565;186773;Aval
14720;12728;5565;186860;Amont
14721;12729;5566;186896;Aval
14722;12730;5566;186983;Amont
14723;12731;5567;187524;Aval
14724;12732;5567;187585;Amont
14725;12733;5568;205409;Aval
14726;12734;5568;205517;Amont
14727;12735;5569;205642;Aval
14728;12736;5569;205695;Amont
14729;12737;5570;206557;Aval
14730;12738;5570;206638;Amont
14731;12739;5571;206723;Aval
14732;12740;5571;206806;Amont
14733;12741;5572;207022;Aval
14734;12742;5572;207103;Amont
14735;12743;5573;220165;Aval
14736;12744;5573;220247;Amont
14737;12745;5574;220285;Aval
14738;12746;5574;220368;Amont
14739;12747;5575;231710;Aval
14740;12748;5575;231792;Amont
14741;12749;5576;231831;Aval
14742;12750;5576;231913;Amont
14743;12751;5577;235214;Aval
14744;12752;5577;235340;Amont
14745;12753;5578;236482;Aval
14746;12754;5578;236538;Amont
14747;12755;5579;236803;Aval
14748;12756;5579;236888;Amont
14749;12757;5580;242943;Aval
14750;12758;5580;242988;Amont
14751;12759;5581;244181;Aval
14752;12760;5581;244262;Amont
14753;12761;5582;244378;Aval
14754;12762;5582;244459;Amont
14755;12763;5583;245760;Aval
14756;12764;5583;245795;Amont
14757;12765;5584;246677;Aval
14758;12766;5584;246730;Amont
14759;12767;5585;246780;Aval
14760;12768;5585;246902;Amont
14761;12769;5586;246800;Aval
14762;12770;5586;246895;Amont
14763;12771;5587;252400;Aval
14764;12772;5587;252515;Amont
14765;12773;5588;254122;Aval
14766;12774;5588;254205;Amont
14767;12775;5589;254215;Aval
14768;12776;5589;254276;Amont
14769;12777;5590;254499;Aval
14770;12778;5590;254562;Amont
14771;12779;5591;254568;Aval
14772;12780;5591;254641;Amont
14773;12781;5592;255730;Aval
14774;12782;5592;256110;Amont
14775;12783;5593;255720;Aval
14776;12784;5593;255956;Amont
14777;12785;5594;255785;Aval
14778;12786;5594;255980;Amont
14779;12787;5595;255790;Aval
14780;12788;5595;255900;Amont
14781;12789;5596;255730;Aval
14782;12790;5596;255936;Amont
14783;12791;5597;256210;Aval
14784;12792;5597;256275;Amont
14785;12793;5598;256280;Aval
14786;12794;5598;256340;Amont
14787;12795;5599;256690;Aval
14788;12796;5599;256850;Amont
14789;12797;5600;256718;Aval
14790;12798;5600;256843;Amont
14791;12799;5601;269524;Aval
14792;12800;5601;269612;Amont
14793;12801;5602;269902;Aval
14794;12802;5602;269944;Amont
14795;12803;5603;279700;Aval
14796;12804;5603;279756;Amont
14797;12805;5604;310555;Aval
14798;12806;5604;310642;Amont
14799;12807;5605;310791;Aval
14800;12808;5605;310869;Amont
14801;12809;5606;311860;Aval
14802;12810;5606;311951;Amont
14803;12811;5607;326702;Aval
14804;12812;5607;326790;Amont
14805;12813;5608;327670;Aval
14806;12814;5608;327727;Amont
14807;12815;5609;339074;Aval
14808;12816;5609;339157;Amont
14809;12817;5610;339226;Aval
14810;12818;5610;339309;Amont
14811;12819;5611;346572;Aval
14812;12820;5611;346661;Amont
14813;12821;5612;346643;Aval
14814;12822;5612;346693;Amont
14815;12823;5613;348311;Aval
14816;12824;5613;348393;Amont
14817;12825;5614;354836;Aval
14818;12826;5614;354915;Amont
14819;12827;5615;365683;Aval
14820;12828;5615;365766;Amont
14821;12829;5616;365783;Aval
14822;12830;5616;365866;Amont
14823;12831;5617;372066;Aval
14824;12832;5617;372137;Amont
14825;12833;5618;383212;Aval
14826;12834;5618;383270;Amont
14827;12835;5619;383272;Aval
14828;12836;5619;383357;Amont
14829;12837;5620;396616;Aval
14830;12838;5620;396692;Amont
14831;12839;5621;396726;Aval
14832;12840;5621;396847;Amont
14833;12841;5622;403332;Aval
14834;12842;5622;403431;Amont
14835;12843;5623;404705;Aval
14836;12844;5623;404785;Amont
14837;12845;5624;405252;Aval
14838;12846;5624;405308;Amont
14839;12847;5625;405311;Aval
14840;12848;5625;405381;Amont
14841;12849;5626;405438;Aval
14842;12850;5626;405521;Amont
14843;12851;5627;405467;Aval
14844;12852;5627;405563;Amont
14845;12853;5628;405566;Aval
14846;12854;5628;405712;Amont
14847;12855;5629;405632;Aval
14848;12856;5629;405714;Amont
14849;12857;5630;406552;Aval
14850;12858;5630;406642;Amont
14851;12859;5631;406652;Aval
14852;12860;5631;406729;Amont
14853;12861;5632;421279;Aval
14854;12862;5632;421359;Amont
14855;12863;5633;421516;Aval
14856;12864;5633;421600;Amont
14857;12865;5634;424378;Aval
14858;12866;5634;424440;Amont
14859;12867;5635;424453;Aval
14860;12868;5635;424530;Amont
14861;12869;5636;425017;Aval
14862;12870;5636;425085;Amont
14863;12871;5637;430760;Aval
14864;12872;5637;430840;Amont
14865;12873;5638;431247;Aval
14866;12874;5638;431311;Amont
14867;12875;5639;432194;Aval
14868;12876;5639;432274;Amont
14869;12877;5640;433991;Aval
14870;12878;5640;434070;Amont
14871;12879;5641;448499;Aval
14872;12880;5641;448580;Amont
14873;12881;5642;448635;Aval
14874;12882;5642;448715;Amont
14875;12883;5643;452324;Aval
14876;12884;5643;452376;Amont
14877;12885;5644;452433;Aval
14878;12886;5644;452495;Amont
14879;12887;5645;462436;Aval
14880;12888;5645;462516;Amont
14881;12889;5646;462585;Aval
14882;12890;5646;462665;Amont
14883;12891;5647;1425;Aval
14884;12892;5647;2723;Amont
14885;12893;8844;96342;Aval
14886;12894;8844;96424;Amont
14887;12895;8854;187586;Aval
14888;12896;8854;187648;Amont
14889;12897;8873;1449;Aval
14890;12898;8873;1500;Amont
14891;12899;8889;107360;Aval
14892;12900;8889;107446;Amont
14893;12901;8931;256646;Aval
14894;12902;8931;256717;Amont
14895;12903;9403;288674;Aval
14896;12904;9403;288805;Amont
14897;12905;9404;288827;Aval
14898;12906;9404;288958;Amont
14899;12907;9485;406793;Aval
14900;12908;9485;406875;Amont
14901;12909;9486;432033;Aval
14902;12910;9486;432830;Amont
14903;12911;9488;431865;Aval
14904;12912;9488;431913;Amont
14905;12913;9489;406117;Aval
14906;12914;9489;474420;Amont
14907;12915;9490;406117;Aval
14908;12916;9490;474420;Amont
14909;12917;721;336;Aval
14910;12918;721;10250;Amont
14911;12919;1454;15;Aval
14912;12920;1454;754;Amont
14913;12921;1455;110;Aval
14914;12922;1455;765;Amont
14915;12923;722;254530;Aval
14916;12924;722;255349;Amont
14917;12925;723;254641;Aval
14918;12926;723;255378;Amont
14919;12927;724;42016;Aval
14920;12928;724;44300;Amont
14921;12929;725;79770;Aval
14922;12930;725;104390;Amont
14923;12931;726;152760;Aval
14924;12932;726;176289;Amont
14925;12933;727;115443;Aval
14926;12934;727;155086;Amont
14927;12935;728;188868;Aval
14928;12936;728;230388;Amont
14929;12937;5648;127964;Aval
14930;12938;5648;128580;Amont
14931;12939;5649;154380;Aval
14932;12940;5649;154980;Amont
14933;12941;5650;188964;Aval
14934;12942;5650;189497;Amont
14935;12943;729;134297;Aval
14936;12944;729;148900;Amont
14937;12945;730;140304;Aval
14938;12946;730;204675;Amont
14939;12947;5651;180165;Aval
14940;12948;5651;180739;Amont
14941;12949;731;5928;Aval
14942;12950;731;88938;Amont
14943;12951;5652;26429;Aval
14944;12952;5652;26738;Amont
14945;12953;5653;62639;Aval
14946;12954;5653;63128;Amont
14947;12955;5654;88269;Aval
14948;12956;5654;88890;Amont
14949;12957;5655;40767;Aval
14950;12958;5655;41270;Amont
14951;12959;8781;9327;Aval
14952;12960;8781;11178;Amont
14953;12961;8782;12678;Aval
14954;12962;8782;16825;Amont
14955;12963;8861;16336;Aval
14956;12964;8861;16630;Amont
14957;12965;8862;16152;Aval
14958;12966;8862;16234;Amont
14959;12967;8866;9370;Aval
14960;12968;8866;9835;Amont
14961;12969;732;186847;Aval
14962;12970;732;212860;Amont
14963;12971;734;270586;Aval
14964;12972;734;319400;Amont
14965;12973;735;400;Aval
14966;12974;735;270586;Amont
14967;12975;736;444;Aval
14968;12976;736;270489;Amont
14969;12977;5657;176445;Aval
14970;12978;5657;177029;Amont
14971;12979;5658;176430;Aval
14972;12980;5658;176745;Amont
14973;12981;5659;103471;Aval
14974;12982;5659;104197;Amont
14975;12983;5660;176202;Aval
14976;12984;5660;177040;Amont
14977;12985;5661;269844;Aval
14978;12986;5661;270586;Amont
14979;12987;5662;287536;Aval
14980;12988;5662;288246;Amont
14981;12989;5663;65480;Aval
14982;12990;5663;66258;Amont
14983;12991;5664;176190;Aval
14984;12992;5664;177123;Amont
14985;12993;5665;103560;Aval
14986;12994;5665;104133;Amont
14987;12995;5666;215428;Aval
14988;12996;5666;215935;Amont
14989;12997;5667;269783;Aval
14990;12998;5667;270421;Amont
14991;12999;5668;176380;Aval
14992;13000;5668;177089;Amont
14993;13001;5669;176367;Aval
14994;13002;5669;176775;Amont
14995;13003;5670;176420;Aval
14996;13004;5670;177055;Amont
14997;13005;5671;176385;Aval
14998;13006;5671;176775;Amont
14999;13007;5672;155942;Aval
15000;13008;5672;156574;Amont
15001;13009;5673;155942;Aval
15002;13010;5673;156838;Amont
15003;13011;5674;156015;Aval
15004;13012;5674;156838;Amont
15005;13013;5675;304758;Aval
15006;13014;5675;305409;Amont
15007;13015;5676;5644;Aval
15008;13016;5676;5718;Amont
15009;13017;5677;5725;Aval
15010;13018;5677;5805;Amont
15011;13019;5678;12066;Aval
15012;13020;5678;12201;Amont
15013;13021;5679;21210;Aval
15014;13022;5679;21271;Amont
15015;13023;5680;41841;Aval
15016;13024;5680;41923;Amont
15017;13025;5681;56141;Aval
15018;13026;5681;56201;Amont
15019;13027;5682;58468;Aval
15020;13028;5682;58548;Amont
15021;13029;5683;66328;Aval
15022;13030;5683;66411;Amont
15023;13031;5684;67928;Aval
15024;13032;5684;67977;Amont
15025;13033;5685;89964;Aval
15026;13034;5685;90002;Amont
15027;13035;5686;103379;Aval
15028;13036;5686;103441;Amont
15029;13037;5687;103405;Aval
15030;13038;5687;103525;Amont
15031;13039;5688;104112;Aval
15032;13040;5688;104171;Amont
15033;13041;5689;104295;Aval
15034;13042;5689;104357;Amont
15035;13043;5690;119945;Aval
15036;13044;5690;120000;Amont
15037;13045;5691;120614;Aval
15038;13046;5691;120686;Amont
15039;13047;5692;126162;Aval
15040;13048;5692;126226;Amont
15041;13049;5693;138896;Aval
15042;13050;5693;138956;Amont
15043;13051;5694;139054;Aval
15044;13052;5694;139135;Amont
15045;13053;5695;155709;Aval
15046;13054;5695;155790;Amont
15047;13055;5696;156625;Aval
15048;13056;5696;156705;Amont
15049;13057;5697;156838;Aval
15050;13058;5697;156898;Amont
15051;13059;5698;176165;Aval
15052;13060;5698;176202;Amont
15053;13061;5699;176156;Aval
15054;13062;5699;176230;Amont
15055;13063;5700;176370;Aval
15056;13064;5700;176515;Amont
15057;13065;5701;177040;Aval
15058;13066;5701;177082;Amont
15059;13067;5702;177125;Aval
15060;13068;5702;177181;Amont
15061;13069;5703;187144;Aval
15062;13070;5703;187205;Amont
15063;13071;5704;198535;Aval
15064;13072;5704;198568;Amont
15065;13073;5705;199150;Aval
15066;13074;5705;199186;Amont
15067;13075;5706;215195;Aval
15068;13076;5706;215257;Amont
15069;13077;5707;215338;Aval
15070;13078;5707;215392;Amont
15071;13079;5708;215885;Aval
15072;13080;5708;215947;Amont
15073;13081;5709;216040;Aval
15074;13082;5709;216100;Amont
15075;13083;5710;222664;Aval
15076;13084;5710;222714;Amont
15077;13085;5711;235177;Aval
15078;13086;5711;235234;Amont
15079;13087;5712;236282;Aval
15080;13088;5712;236317;Amont
15081;13089;5713;240693;Aval
15082;13090;5713;240743;Amont
15083;13091;5714;240974;Aval
15084;13092;5714;241031;Amont
15085;13093;5715;241391;Aval
15086;13094;5715;241423;Amont
15087;13095;5716;255016;Aval
15088;13096;5716;255058;Amont
15089;13097;5717;269645;Aval
15090;13098;5717;269690;Amont
15091;13099;5718;269800;Aval
15092;13100;5718;269844;Amont
15093;13101;5719;270470;Aval
15094;13102;5719;270554;Amont
15095;13103;5720;215342;Aval
15096;13104;5720;216005;Amont
15097;13105;8859;103405;Aval
15098;13106;8859;103468;Amont
15099;13107;8860;176271;Aval
15100;13108;8860;176370;Amont
15101;13109;8932;20417;Aval
15102;13110;8932;20501;Amont
15103;13111;8933;20524;Aval
15104;13112;8933;21169;Amont
15105;13113;737;108183;Aval
15106;13114;737;245120;Amont
15107;13115;738;248976;Aval
15108;13116;738;267600;Amont
15109;13117;5721;146724;Aval
15110;13118;5721;147132;Amont
15111;13119;5722;179002;Aval
15112;13120;5722;179631;Amont
15113;13121;5723;146440;Aval
15114;13122;5723;147294;Amont
15115;13123;5724;194380;Aval
15116;13124;5724;195580;Amont
15117;13125;5725;108342;Aval
15118;13126;5725;108880;Amont
15119;13127;5726;124315;Aval
15120;13128;5726;125283;Amont
15121;13129;5727;249115;Aval
15122;13130;5727;249670;Amont
15123;13131;5728;194334;Aval
15124;13132;5728;194937;Amont
15125;13133;5729;267164;Aval
15126;13134;5729;267577;Amont
15127;13135;5730;195045;Aval
15128;13136;5730;195580;Amont
15129;13137;739;198594;Aval
15130;13138;739;210690;Amont
15131;13139;740;192223;Aval
15132;13140;740;210937;Amont
15133;13141;741;0;Aval
15134;13142;741;233250;Amont
15135;13143;742;0;Aval
15136;13144;742;233047;Amont
15137;13145;5731;232680;Aval
15138;13146;5731;233250;Amont
15139;13147;5732;232680;Aval
15140;13148;5732;233043;Amont
15141;13149;5733;37983;Aval
15142;13150;5733;38900;Amont
15143;13151;5734;165;Aval
15144;13152;5734;497;Amont
15145;13153;5735;42250;Aval
15146;13154;5735;43298;Amont
15147;13155;5736;147003;Aval
15148;13156;5736;147720;Amont
15149;13157;5737;232345;Aval
15150;13158;5737;232687;Amont
15151;13159;5738;13132;Aval
15152;13160;5738;13402;Amont
15153;13161;5739;42304;Aval
15154;13162;5739;43384;Amont
15155;13163;5740;146668;Aval
15156;13164;5740;147598;Amont
15157;13165;5741;232337;Aval
15158;13166;5741;233012;Amont
15159;13167;5742;197235;Aval
15160;13168;5742;197709;Amont
15161;13169;5743;206635;Aval
15162;13170;5743;207550;Amont
15163;13171;5744;197198;Aval
15164;13172;5744;197758;Amont
15165;13173;5745;197310;Aval
15166;13174;5745;197727;Amont
15167;13175;5746;241;Aval
15168;13176;5746;381;Amont
15169;13177;5747;337;Aval
15170;13178;5747;395;Amont
15171;13179;5748;497;Aval
15172;13180;5748;536;Amont
15173;13181;5749;603;Aval
15174;13182;5749;670;Amont
15175;13183;5750;13084;Aval
15176;13184;5750;13145;Amont
15177;13185;5751;28759;Aval
15178;13186;5751;28815;Amont
15179;13187;5752;37877;Aval
15180;13188;5752;37960;Amont
15181;13189;5753;38750;Aval
15182;13190;5753;38809;Amont
15183;13191;5754;41866;Aval
15184;13192;5754;41969;Amont
15185;13193;5755;43887;Aval
15186;13194;5755;43970;Amont
15187;13195;5756;51360;Aval
15188;13196;5756;51430;Amont
15189;13197;5757;62664;Aval
15190;13198;5757;62716;Amont
15191;13199;5758;74984;Aval
15192;13200;5758;75025;Amont
15193;13201;5759;89610;Aval
15194;13202;5759;89675;Amont
15195;13203;5760;95303;Aval
15196;13204;5760;95370;Amont
15197;13205;5761;108081;Aval
15198;13206;5761;108141;Amont
15199;13207;5762;108923;Aval
15200;13208;5762;108964;Amont
15201;13209;5763;109173;Aval
15202;13210;5763;109245;Amont
15203;13211;5764;109246;Aval
15204;13212;5764;109308;Amont
15205;13213;5765;133284;Aval
15206;13214;5765;133350;Amont
15207;13215;5766;140119;Aval
15208;13216;5766;140182;Amont
15209;13217;5767;146598;Aval
15210;13218;5767;146660;Amont
15211;13219;5768;146797;Aval
15212;13220;5768;146861;Amont
15213;13221;5769;147627;Aval
15214;13222;5769;147690;Amont
15215;13223;5770;147906;Aval
15216;13224;5770;147968;Amont
15217;13225;5771;171620;Aval
15218;13226;5771;171668;Amont
15219;13227;5772;195694;Aval
15220;13228;5772;195745;Amont
15221;13229;5773;197140;Aval
15222;13230;5773;197198;Amont
15223;13231;5774;197139;Aval
15224;13232;5774;197198;Amont
15225;13233;5775;197725;Aval
15226;13234;5775;197801;Amont
15227;13235;5776;197970;Aval
15228;13236;5776;198053;Amont
15229;13237;5777;199338;Aval
15230;13238;5777;199465;Amont
15231;13239;5778;199628;Aval
15232;13240;5778;199690;Amont
15233;13241;5779;206535;Aval
15234;13242;5779;206606;Amont
15235;13243;5780;206880;Aval
15236;13244;5780;206938;Amont
15237;13245;5781;207598;Aval
15238;13246;5781;207682;Amont
15239;13247;5782;230665;Aval
15240;13248;5782;230747;Amont
15241;13249;5783;231936;Aval
15242;13250;5783;231998;Amont
15243;13251;5784;232032;Aval
15244;13252;5784;232092;Amont
15245;13253;5785;232300;Aval
15246;13254;5785;232345;Amont
15247;13255;5786;232871;Aval
15248;13256;5786;232918;Amont
15249;13257;8665;3619;Aval
15250;13258;8665;3750;Amont
15251;13259;8666;3768;Aval
15252;13260;8666;3898;Amont
15253;13261;8667;12759;Aval
15254;13262;8667;12841;Amont
15255;13263;8880;147478;Aval
15256;13264;8880;147651;Amont
15257;13265;8887;13152;Aval
15258;13266;8887;13707;Amont
15259;13267;8888;38892;Aval
15260;13268;8888;39312;Amont
15261;13269;743;270523;Aval
15262;13270;743;300311;Amont
15263;13271;744;270432;Aval
15264;13272;744;300380;Amont
15265;13273;8843;300102;Aval
15266;13274;8843;300165;Amont
15267;13275;745;42159;Aval
15268;13276;745;58198;Amont
15269;13277;746;42073;Aval
15270;13278;746;58202;Amont
15271;13279;5787;57597;Aval
15272;13280;5787;57923;Amont
15273;13281;5788;57390;Aval
15274;13282;5788;57432;Amont
15275;13283;5789;57567;Aval
15276;13284;5789;57597;Amont
15277;13285;5790;58072;Aval
15278;13286;5790;58135;Amont
15279;13287;747;200286;Aval
15280;13288;747;204286;Amont
15281;13289;5791;202118;Aval
15282;13290;5791;202866;Amont
15283;13291;748;199597;Aval
15284;13292;748;249664;Amont
15285;13293;5792;216354;Aval
15286;13294;5792;216849;Amont
15287;13295;5793;249218;Aval
15288;13296;5793;249664;Amont
15289;13297;5794;238160;Aval
15290;13298;5794;238602;Amont
15291;13299;749;238538;Aval
15292;13300;749;243345;Amont
15293;13301;750;270654;Aval
15294;13302;750;271250;Amont
15295;13303;751;215937;Aval
15296;13304;751;251080;Amont
15297;13305;5795;250300;Aval
15298;13306;5795;250765;Amont
15299;13307;5796;235080;Aval
15300;13308;5796;235463;Amont
15301;13309;752;235463;Aval
15302;13310;752;241223;Amont
15303;13311;5797;240560;Aval
15304;13312;5797;241000;Amont
15305;13313;753;177363;Aval
15306;13314;753;177721;Amont
15307;13315;754;120030;Aval
15308;13316;754;139900;Amont
15309;13317;5798;137918;Aval
15310;13318;5798;138228;Amont
15311;13319;755;104349;Aval
15312;13320;755;139522;Amont
15313;13321;5799;138956;Aval
15314;13322;5799;139468;Amont
15315;13323;5800;123795;Aval
15316;13324;5800;124258;Amont
15317;13325;5801;138909;Aval
15318;13326;5801;139497;Amont
15319;13327;756;-218;Aval
15320;13328;756;62561;Amont
15321;13329;5802;102;Aval
15322;13330;5802;285;Amont
15323;13331;5803;-169;Aval
15324;13332;5803;214;Amont
15325;13333;8668;62207;Aval
15326;13334;8668;62561;Amont
15327;13335;8669;9612;Aval
15328;13336;8669;9830;Amont
15329;13337;8670;19627;Aval
15330;13338;8670;19829;Amont
15331;13339;8671;27714;Aval
15332;13340;8671;27970;Amont
15333;13341;8672;34804;Aval
15334;13342;8672;35015;Amont
15335;13343;8673;44535;Aval
15336;13344;8673;44750;Amont
15337;13345;8674;55535;Aval
15338;13346;8674;55787;Amont
15339;13347;758;67977;Aval
15340;13348;758;68800;Amont
15341;13349;759;12070;Aval
15342;13350;759;164724;Amont
15343;13351;5811;162590;Aval
15344;13352;5811;163670;Amont
15345;13353;5812;163072;Aval
15346;13354;5812;164724;Amont
15347;13355;5813;163116;Aval
15348;13356;5813;163376;Amont
15349;13357;5814;81585;Aval
15350;13358;5814;82381;Amont
15351;13359;5815;122755;Aval
15352;13360;5815;123539;Amont
15353;13361;5816;22536;Aval
15354;13362;5816;23256;Amont
15355;13363;5817;33173;Aval
15356;13364;5817;33707;Amont
15357;13365;5818;47861;Aval
15358;13366;5818;48572;Amont
15359;13367;5819;73172;Aval
15360;13368;5819;73699;Amont
15361;13369;5820;97568;Aval
15362;13370;5820;98192;Amont
15363;13371;5821;114732;Aval
15364;13372;5821;115159;Amont
15365;13373;5822;143725;Aval
15366;13374;5822;144208;Amont
15367;13375;5823;63810;Aval
15368;13376;5823;64498;Amont
15369;13377;5824;152127;Aval
15370;13378;5824;152618;Amont
15371;13379;5825;162667;Aval
15372;13380;5825;163120;Amont
15373;13381;5826;81787;Aval
15374;13382;5826;82345;Amont
15375;13383;5827;122915;Aval
15376;13384;5827;123511;Amont
15377;13385;8929;12218;Aval
15378;13386;8929;13141;Amont
15379;13387;8930;132870;Aval
15380;13388;8930;133330;Amont
15381;13389;760;347930;Aval
15382;13390;760;402000;Amont
15383;13391;761;409600;Aval
15384;13392;761;470315;Amont
15385;13393;5828;411784;Aval
15386;13394;5828;412255;Amont
15387;13395;5829;437254;Aval
15388;13396;5829;437564;Amont
15389;13397;8675;373136;Aval
15390;13398;8675;373635;Amont
15391;13399;8676;401421;Aval
15392;13400;8676;401821;Amont
15393;13401;762;509152;Aval
15394;13402;762;510536;Amont
15395;13403;763;404728;Aval
15396;13404;763;509152;Amont
15397;13405;764;404674;Aval
15398;13406;764;509152;Amont
15399;13407;5830;425302;Aval
15400;13408;5830;426358;Amont
15401;13409;5831;458890;Aval
15402;13410;5831;459767;Amont
15403;13411;5832;424862;Aval
15404;13412;5832;425969;Amont
15405;13413;5833;497014;Aval
15406;13414;5833;497773;Amont
15407;13415;5834;467228;Aval
15408;13416;5834;467858;Amont
15409;13417;5835;467258;Aval
15410;13418;5835;467832;Amont
15411;13419;5836;508568;Aval
15412;13420;5836;509123;Amont
15413;13421;5837;468562;Aval
15414;13422;5837;469730;Amont
15415;13423;5838;468695;Aval
15416;13424;5838;469642;Amont
15417;13425;5839;404728;Aval
15418;13426;5839;404815;Amont
15419;13427;5840;405548;Aval
15420;13428;5840;405629;Amont
15421;13429;5841;416051;Aval
15422;13430;5841;416131;Amont
15423;13431;5842;416180;Aval
15424;13432;5842;416261;Amont
15425;13433;5843;424560;Aval
15426;13434;5843;424620;Amont
15427;13435;5844;425989;Aval
15428;13436;5844;426072;Amont
15429;13437;5845;434980;Aval
15430;13438;5845;435062;Amont
15431;13439;5846;435232;Aval
15432;13440;5846;435315;Amont
15433;13441;5847;449582;Aval
15434;13442;5847;449664;Amont
15435;13443;5848;449751;Aval
15436;13444;5848;449844;Amont
15437;13445;5849;458615;Aval
15438;13446;5849;458746;Amont
15439;13447;5850;458752;Aval
15440;13448;5850;458890;Amont
15441;13449;5851;459610;Aval
15442;13450;5851;459682;Amont
15443;13451;5852;467784;Aval
15444;13452;5852;467866;Amont
15445;13453;5853;467858;Aval
15446;13454;5853;467912;Amont
15447;13455;5854;467915;Aval
15448;13456;5854;467975;Amont
15449;13457;5855;468573;Aval
15450;13458;5855;468663;Amont
15451;13459;5856;469789;Aval
15452;13460;5856;469871;Amont
15453;13461;5857;480585;Aval
15454;13462;5857;480670;Amont
15455;13463;5858;481466;Aval
15456;13464;5858;481576;Amont
15457;13465;5859;496856;Aval
15458;13466;5859;496938;Amont
15459;13467;5860;498030;Aval
15460;13468;5860;498162;Amont
15461;13469;5861;508476;Aval
15462;13470;5861;508528;Amont
15463;13471;5862;508486;Aval
15464;13472;5862;508540;Amont
15465;13473;9498;459715;Aval
15466;13474;9498;459795;Amont
15467;13475;9499;466891;Aval
15468;13476;9499;466971;Amont
15469;13477;9500;466993;Aval
15470;13478;9500;467074;Amont
15471;13479;9506;508568;Aval
15472;13480;9506;509123;Amont
15473;13481;9521;468081;Aval
15474;13482;9521;468164;Amont
15475;13483;765;0;Aval
15476;13484;765;620;Amont
15477;13485;8778;403890;Aval
15478;13486;8778;404000;Amont
15479;13487;9549;0;Aval
15480;13488;9549;1800;Amont
15481;13489;766;497704;Aval
15482;13490;766;498403;Amont
15483;13491;9505;0;Aval
15484;13492;9505;812;Amont
15485;13493;767;467858;Aval
15486;13494;767;513514;Amont
15487;13495;5863;512868;Aval
15488;13496;5863;513443;Amont
15489;13497;5864;512904;Aval
15490;13498;5864;513312;Amont
15491;13499;5865;489212;Aval
15492;13500;5865;489856;Amont
15493;13501;768;480827;Aval
15494;13502;768;504500;Amont
15495;13503;5866;504013;Aval
15496;13504;5866;504427;Amont
15497;13505;769;469;Aval
15498;13506;769;18049;Amont
15499;13507;5867;17392;Aval
15500;13508;5867;18003;Amont
15501;13509;770;42035;Aval
15502;13510;770;85303;Amont
15503;13511;771;129875;Aval
15504;13512;771;135030;Amont
15505;13513;5868;82725;Aval
15506;13514;5868;83284;Amont
15507;13515;772;117300;Aval
15508;13516;772;175172;Amont
15509;13517;5869;158675;Aval
15510;13518;5869;159470;Amont
15511;13519;773;56053;Aval
15512;13520;773;57919;Amont
15513;13521;774;79109;Aval
15514;13522;774;93328;Amont
15515;13523;775;95789;Aval
15516;13524;775;114198;Amont
15517;13525;5870;56981;Aval
15518;13526;5870;57334;Amont
15519;13527;776;0;Aval
15520;13528;776;8700;Amont
15521;13529;777;117840;Aval
15522;13530;777;188820;Amont
15523;13531;778;122644;Aval
15524;13532;778;161942;Amont
15525;13533;779;239532;Aval
15526;13534;779;241850;Amont
15527;13535;780;289696;Aval
15528;13536;780;299414;Amont
15529;13537;781;204612;Aval
15530;13538;781;291806;Amont
15531;13539;782;204618;Aval
15532;13540;782;291760;Amont
15533;13541;5871;232177;Aval
15534;13542;5871;233191;Amont
15535;13543;5872;232181;Aval
15536;13544;5872;233196;Amont
15537;13545;5873;253173;Aval
15538;13546;5873;254075;Amont
15539;13547;5874;254075;Aval
15540;13548;5874;254602;Amont
15541;13549;5875;204718;Aval
15542;13550;5875;204860;Amont
15543;13551;5876;215299;Aval
15544;13552;5876;215385;Amont
15545;13553;5877;215473;Aval
15546;13554;5877;215558;Amont
15547;13555;5878;225430;Aval
15548;13556;5878;225564;Amont
15549;13557;5879;225600;Aval
15550;13558;5879;225683;Amont
15551;13559;5880;231896;Aval
15552;13560;5880;231978;Amont
15553;13561;5881;232098;Aval
15554;13562;5881;232180;Amont
15555;13563;5882;233319;Aval
15556;13564;5882;233401;Amont
15557;13565;5883;233621;Aval
15558;13566;5883;233703;Amont
15559;13567;5884;239462;Aval
15560;13568;5884;239520;Amont
15561;13569;5885;253019;Aval
15562;13570;5885;253103;Amont
15563;13571;5886;253133;Aval
15564;13572;5886;253210;Amont
15565;13573;5887;254075;Aval
15566;13574;5887;254178;Amont
15567;13575;5888;254193;Aval
15568;13576;5888;254257;Amont
15569;13577;5889;270150;Aval
15570;13578;5889;270205;Amont
15571;13579;5890;280902;Aval
15572;13580;5890;280955;Amont
15573;13581;5891;281258;Aval
15574;13582;5891;281320;Amont
15575;13583;5892;291173;Aval
15576;13584;5892;291230;Amont
15577;13585;783;225918;Aval
15578;13586;783;231886;Amont
15579;13587;784;0;Aval
15580;13588;784;1175;Amont
15581;13589;785;491600;Aval
15582;13590;785;517900;Amont
15583;13591;9504;478102;Aval
15584;13592;9504;480100;Amont
15585;13593;786;225640;Aval
15586;13594;786;226700;Amont
15587;13595;787;239456;Aval
15588;13596;787;420662;Amont
15589;13597;788;495415;Aval
15590;13598;788;537398;Amont
15591;13599;789;226700;Aval
15592;13600;789;239456;Amont
15593;13601;790;226700;Aval
15594;13602;790;239456;Amont
15595;13603;5893;327313;Aval
15596;13604;5893;327786;Amont
15597;13605;5894;327340;Aval
15598;13606;5894;327887;Amont
15599;13607;5895;245614;Aval
15600;13608;5895;246489;Amont
15601;13609;5896;255475;Aval
15602;13610;5896;256382;Amont
15603;13611;5897;263633;Aval
15604;13612;5897;264521;Amont
15605;13613;5898;277470;Aval
15606;13614;5898;278329;Amont
15607;13615;5899;293022;Aval
15608;13616;5899;293916;Amont
15609;13617;5900;304164;Aval
15610;13618;5900;305038;Amont
15611;13619;5901;327127;Aval
15612;13620;5901;328237;Amont
15613;13621;5902;355343;Aval
15614;13622;5902;355993;Amont
15615;13623;5903;372858;Aval
15616;13624;5903;373480;Amont
15617;13625;5904;390758;Aval
15618;13626;5904;391331;Amont
15619;13627;5905;513007;Aval
15620;13628;5905;513410;Amont
15621;13629;5906;327343;Aval
15622;13630;5906;327760;Amont
15623;13631;5907;226830;Aval
15624;13632;5907;226959;Amont
15625;13633;5908;238637;Aval
15626;13634;5908;238696;Amont
15627;13635;5909;327223;Aval
15628;13636;5909;327303;Amont
15629;13637;5910;327893;Aval
15630;13638;5910;327978;Amont
15631;13639;5911;328150;Aval
15632;13640;5911;328237;Amont
15633;13641;5912;420349;Aval
15634;13642;5912;420415;Amont
15635;13643;5913;420326;Aval
15636;13644;5913;420662;Amont
15637;13645;791;263269;Aval
15638;13646;791;299324;Amont
15639;13647;792;364090;Aval
15640;13648;792;364800;Amont
15641;13649;5914;275058;Aval
15642;13650;5914;275507;Amont
15643;13651;5915;298525;Aval
15644;13652;5915;298900;Amont
15645;13653;793;299241;Aval
15646;13654;793;300347;Amont
15647;13655;794;342732;Aval
15648;13656;794;348732;Amont
15649;13657;798;243460;Aval
15650;13658;798;309737;Amont
15651;13659;6218;309480;Aval
15652;13660;6218;309737;Amont
15653;13661;6219;257954;Aval
15654;13662;6219;258847;Amont
15655;13663;6220;264621;Aval
15656;13664;6220;265174;Amont
15657;13665;6221;278858;Aval
15658;13666;6221;279411;Amont
15659;13667;6222;290689;Aval
15660;13668;6222;291245;Amont
15661;13669;6223;309515;Aval
15662;13670;6223;309737;Amont
15663;13671;799;326566;Aval
15664;13672;799;448630;Amont
15665;13673;6224;389645;Aval
15666;13674;6224;390240;Amont
15667;13675;6225;337490;Aval
15668;13676;6225;338183;Amont
15669;13677;6226;355464;Aval
15670;13678;6226;356135;Amont
15671;13679;6227;371518;Aval
15672;13680;6227;372175;Amont
15673;13681;6228;389620;Aval
15674;13682;6228;390270;Amont
15675;13683;6229;404161;Aval
15676;13684;6229;405005;Amont
15677;13685;6230;428279;Aval
15678;13686;6230;429019;Amont
15679;13687;6231;404415;Aval
15680;13688;6231;404865;Amont
15681;13689;8934;428390;Aval
15682;13690;8934;428892;Amont
15683;13691;800;428835;Aval
15684;13692;800;448466;Amont
15685;13693;6232;448016;Aval
15686;13694;6232;448343;Amont
15687;13695;803;341375;Aval
15688;13696;803;408179;Amont
15689;13697;804;328403;Aval
15690;13698;804;341480;Amont
15691;13699;805;328237;Aval
15692;13700;805;341536;Amont
15693;13701;6234;340700;Aval
15694;13702;6234;341375;Amont
15695;13703;6235;356912;Aval
15696;13704;6235;357577;Amont
15697;13705;6236;394146;Aval
15698;13706;6236;394655;Amont
15699;13707;6237;340590;Aval
15700;13708;6237;340671;Amont
15701;13709;6238;341075;Aval
15702;13710;6238;341137;Amont
15703;13711;6239;341375;Aval
15704;13712;6239;341457;Amont
15705;13713;9523;377804;Aval
15706;13714;9523;378415;Amont
15707;13715;806;359147;Aval
15708;13716;806;394457;Amont
15709;13717;807;341480;Aval
15710;13718;807;359147;Amont
15711;13719;808;341536;Aval
15712;13720;808;359147;Amont
15713;13721;6240;358548;Aval
15714;13722;6240;359223;Amont
15715;13723;6241;366780;Aval
15716;13724;6241;367397;Amont
15717;13725;6242;375212;Aval
15718;13726;6242;375725;Amont
15719;13727;6243;341480;Aval
15720;13728;6243;341536;Amont
15721;13729;6244;358424;Aval
15722;13730;6244;358478;Amont
15723;13731;809;359170;Aval
15724;13732;809;414808;Amont
15725;13733;6245;367199;Aval
15726;13734;6245;367688;Amont
15727;13735;6246;384651;Aval
15728;13736;6246;385051;Amont
15729;13737;6247;398917;Aval
15730;13738;6247;399352;Amont
15731;13739;812;443158;Aval
15732;13740;812;456780;Amont
15733;13741;6260;451332;Aval
15734;13742;6260;451736;Amont
15735;13743;6261;456444;Aval
15736;13744;6261;456788;Amont
15737;13745;6262;456684;Aval
15738;13746;6262;456760;Amont
15739;13747;813;420662;Aval
15740;13748;813;486513;Amont
15741;13749;814;486513;Aval
15742;13750;814;506820;Amont
15743;13751;815;486513;Aval
15744;13752;815;506820;Amont
15745;13753;6263;442182;Aval
15746;13754;6263;442889;Amont
15747;13755;6264;486375;Aval
15748;13756;6264;487098;Amont
15749;13757;6265;429386;Aval
15750;13758;6265;429904;Amont
15751;13759;6266;442296;Aval
15752;13760;6266;443034;Amont
15753;13761;6267;461457;Aval
15754;13762;6267;462046;Amont
15755;13763;6268;468136;Aval
15756;13764;6268;468856;Amont
15757;13765;6269;474727;Aval
15758;13766;6269;475263;Amont
15759;13767;6270;442448;Aval
15760;13768;6270;442532;Amont
15761;13769;6271;486322;Aval
15762;13770;6271;486375;Amont
15763;13771;6272;486382;Aval
15764;13772;6272;486438;Amont
15765;13773;6273;487122;Aval
15766;13774;6273;487179;Amont
15767;13775;6274;498430;Aval
15768;13776;6274;498490;Amont
15769;13777;6275;506296;Aval
15770;13778;6275;506379;Amont
15771;13779;6276;506678;Aval
15772;13780;6276;506738;Amont
15773;13781;816;389135;Aval
15774;13782;816;423650;Amont
15775;13783;817;466050;Aval
15776;13784;817;467317;Amont
15777;13785;6277;422805;Aval
15778;13786;6277;423257;Amont
15779;13787;818;392810;Aval
15780;13788;818;514628;Amont
15781;13789;6278;496275;Aval
15782;13790;6278;496810;Amont
15783;13791;6279;514441;Aval
15784;13792;6279;514628;Amont
15785;13793;6280;496142;Aval
15786;13794;6280;496770;Amont
15787;13795;6281;483075;Aval
15788;13796;6281;483682;Amont
15789;13797;6282;392950;Aval
15790;13798;6282;393360;Amont
15791;13799;6283;407340;Aval
15792;13800;6283;407866;Amont
15793;13801;6284;424562;Aval
15794;13802;6284;424992;Amont
15795;13803;6285;433746;Aval
15796;13804;6285;434126;Amont
15797;13805;6286;458311;Aval
15798;13806;6286;458760;Amont
15799;13807;6287;483123;Aval
15800;13808;6287;483641;Amont
15801;13809;6288;496390;Aval
15802;13810;6288;496850;Amont
15803;13811;6289;507550;Aval
15804;13812;6289;508163;Amont
15805;13813;6290;483075;Aval
15806;13814;6290;483198;Amont
15807;13815;6291;496168;Aval
15808;13816;6291;496230;Amont
15809;13817;6292;514465;Aval
15810;13818;6292;514628;Amont
15811;13819;8879;496068;Aval
15812;13820;8879;496142;Amont
15813;13821;819;597626;Aval
15814;13822;819;651122;Amont
15815;13823;6293;613749;Aval
15816;13824;6293;614316;Amont
15817;13825;6294;632152;Aval
15818;13826;6294;632680;Amont
15819;13827;820;148011;Aval
15820;13828;820;396018;Amont
15821;13829;6295;243010;Aval
15822;13830;6295;243378;Amont
15823;13831;6296;338378;Aval
15824;13832;6296;338982;Amont
15825;13833;6297;365628;Aval
15826;13834;6297;366334;Amont
15827;13835;6298;365698;Aval
15828;13836;6298;366398;Amont
15829;13837;6299;395041;Aval
15830;13838;6299;395980;Amont
15831;13839;6300;243020;Aval
15832;13840;6300;243460;Amont
15833;13841;6301;365772;Aval
15834;13842;6301;366658;Amont
15835;13843;6302;162531;Aval
15836;13844;6302;163198;Amont
15837;13845;6303;174930;Aval
15838;13846;6303;175545;Amont
15839;13847;6304;193771;Aval
15840;13848;6304;194458;Amont
15841;13849;6305;256846;Aval
15842;13850;6305;257526;Amont
15843;13851;6306;289051;Aval
15844;13852;6306;289676;Amont
15845;13853;6307;319141;Aval
15846;13854;6307;319779;Amont
15847;13855;6308;342420;Aval
15848;13856;6308;343222;Amont
15849;13857;6309;370743;Aval
15850;13858;6309;371676;Amont
15851;13859;6310;376171;Aval
15852;13860;6310;376991;Amont
15853;13861;6311;380043;Aval
15854;13862;6311;380828;Amont
15855;13863;6312;388536;Aval
15856;13864;6312;389321;Amont
15857;13865;6313;308151;Aval
15858;13866;6313;308796;Amont
15859;13867;6314;201663;Aval
15860;13868;6314;202312;Amont
15861;13869;6315;218368;Aval
15862;13870;6315;219055;Amont
15863;13871;6316;272968;Aval
15864;13872;6316;273617;Amont
15865;13873;6317;351360;Aval
15866;13874;6317;352183;Amont
15867;13875;6318;358968;Aval
15868;13876;6318;359754;Amont
15869;13877;6319;242935;Aval
15870;13878;6319;243570;Amont
15871;13879;6320;338198;Aval
15872;13880;6320;339052;Amont
15873;13881;6321;237135;Aval
15874;13882;6321;237780;Amont
15875;13883;6322;379967;Aval
15876;13884;6322;380784;Amont
15877;13885;6323;338318;Aval
15878;13886;6323;338377;Amont
15879;13887;6324;365628;Aval
15880;13888;6324;365688;Amont
15881;13889;6325;174955;Aval
15882;13890;6325;175480;Amont
15883;13891;821;637507;Aval
15884;13892;821;698338;Amont
15885;13893;6326;653163;Aval
15886;13894;6326;653705;Amont
15887;13895;6327;663100;Aval
15888;13896;6327;663531;Amont
15889;13897;6328;672162;Aval
15890;13898;6328;672512;Amont
15891;13899;6329;687958;Aval
15892;13900;6329;688468;Amont
15893;13901;824;237672;Aval
15894;13902;824;408110;Amont
15895;13903;6341;359445;Aval
15896;13904;6341;360018;Amont
15897;13905;6342;302416;Aval
15898;13906;6342;302862;Amont
15899;13907;6343;339126;Aval
15900;13908;6343;339555;Amont
15901;13909;6344;257245;Aval
15902;13910;6344;257747;Amont
15903;13911;6345;277776;Aval
15904;13912;6345;278271;Amont
15905;13913;6346;288408;Aval
15906;13914;6346;289148;Amont
15907;13915;6347;302306;Aval
15908;13916;6347;302890;Amont
15909;13917;6348;321975;Aval
15910;13918;6348;322428;Amont
15911;13919;6349;339225;Aval
15912;13920;6349;339521;Amont
15913;13921;6350;349973;Aval
15914;13922;6350;350518;Amont
15915;13923;6351;359525;Aval
15916;13924;6351;360071;Amont
15917;13925;6352;384711;Aval
15918;13926;6352;385275;Amont
15919;13927;6353;237732;Aval
15920;13928;6353;238121;Amont
15921;13929;6354;251494;Aval
15922;13930;6354;251956;Amont
15923;13931;6355;360018;Aval
15924;13932;6355;360071;Amont
15925;13933;6356;360006;Aval
15926;13934;6356;360071;Amont
15927;13935;825;454792;Aval
15928;13936;825;525600;Amont
15929;13937;826;433030;Aval
15930;13938;826;708103;Amont
15931;13939;6357;483249;Aval
15932;13940;6357;483831;Amont
15933;13941;6358;499717;Aval
15934;13942;6358;500392;Amont
15935;13943;6359;524100;Aval
15936;13944;6359;524969;Amont
15937;13945;6360;531474;Aval
15938;13946;6360;532063;Amont
15939;13947;6361;548962;Aval
15940;13948;6361;549715;Amont
15941;13949;6362;578960;Aval
15942;13950;6362;580060;Amont
15943;13951;6363;605302;Aval
15944;13952;6363;605886;Amont
15945;13953;6364;641589;Aval
15946;13954;6364;642129;Amont
15947;13955;6365;473903;Aval
15948;13956;6365;474740;Amont
15949;13957;6366;549015;Aval
15950;13958;6366;549621;Amont
15951;13959;6367;619945;Aval
15952;13960;6367;620777;Amont
15953;13961;6368;619990;Aval
15954;13962;6368;620725;Amont
15955;13963;6369;449922;Aval
15956;13964;6369;450551;Amont
15957;13965;6370;464240;Aval
15958;13966;6370;465107;Amont
15959;13967;6371;689410;Aval
15960;13968;6371;690135;Amont
15961;13969;8723;652596;Aval
15962;13970;8723;653124;Amont
15963;13971;827;614717;Aval
15964;13972;827;692658;Amont
15965;13973;6372;644270;Aval
15966;13974;6372;644975;Amont
15967;13975;828;660268;Aval
15968;13976;828;728876;Amont
15969;13977;829;579222;Aval
15970;13978;829;624277;Amont
15971;13979;6373;624130;Aval
15972;13980;6373;624277;Amont
15973;13981;6374;624114;Aval
15974;13982;6374;624277;Amont
15975;13983;830;526;Aval
15976;13984;830;5600;Amont
15977;13985;6375;4644;Aval
15978;13986;6375;5078;Amont
15979;13987;832;450179;Aval
15980;13988;832;501350;Amont
15981;13989;6376;467163;Aval
15982;13990;6376;467810;Amont
15983;13991;9548;424875;Aval
15984;13992;9548;433430;Amont
15985;13993;833;407548;Aval
15986;13994;833;427069;Amont
15987;13995;834;311400;Aval
15988;13996;834;337730;Amont
15989;13997;835;358710;Aval
15990;13998;835;366560;Amont
15991;13999;836;408300;Aval
15992;14000;836;494995;Amont
15993;14001;6377;413038;Aval
15994;14002;6377;413552;Amont
15995;14003;6378;429530;Aval
15996;14004;6378;429890;Amont
15997;14005;6379;414958;Aval
15998;14006;6379;415663;Amont
15999;14007;6380;458741;Aval
16000;14008;6380;459139;Amont
16001;14009;6381;473210;Aval
16002;14010;6381;473615;Amont
16003;14011;6382;413103;Aval
16004;14012;6382;413518;Amont
16005;14013;6383;484715;Aval
16006;14014;6383;485042;Amont
16007;14015;6384;429438;Aval
16008;14016;6384;430104;Amont
16009;14017;6385;365980;Aval
16010;14018;6385;366308;Amont
16011;14019;6386;365950;Aval
16012;14020;6386;366387;Amont
16013;14021;6387;365440;Aval
16014;14022;6387;365490;Amont
16015;14023;6388;365887;Aval
16016;14024;6388;365949;Amont
16017;14025;837;366180;Aval
16018;14026;837;385470;Amont
16019;14027;838;440371;Aval
16020;14028;838;457400;Amont
16021;14029;6389;384884;Aval
16022;14030;6389;385337;Amont
16023;14031;6390;373580;Aval
16024;14032;6390;374142;Amont
16025;14033;839;206808;Aval
16026;14034;839;209000;Amont
16027;14035;840;249710;Aval
16028;14036;840;297067;Amont
16029;14037;6391;263999;Aval
16030;14038;6391;264817;Amont
16031;14039;6392;279489;Aval
16032;14040;6392;280271;Amont
16033;14041;6393;290456;Aval
16034;14042;6393;291050;Amont
16035;14043;841;373980;Aval
16036;14044;841;374005;Amont
16037;14045;843;339167;Aval
16038;14046;843;354912;Amont
16039;14047;6402;346001;Aval
16040;14048;6402;346655;Amont
16041;14049;844;414792;Aval
16042;14050;844;422460;Amont
16043;14051;847;77271;Aval
16044;14052;847;123707;Amont
16045;14053;848;14919;Aval
16046;14054;848;76361;Amont
16047;14055;849;14991;Aval
16048;14056;849;76279;Amont
16049;14057;1467;14977;Aval
16050;14058;1467;17390;Amont
16051;14059;1468;14983;Aval
16052;14060;1468;21395;Amont
16053;14061;1469;15001;Aval
16054;14062;1469;17422;Amont
16055;14063;1470;14910;Aval
16056;14064;1470;21523;Amont
16057;14065;6403;32042;Aval
16058;14066;6403;33092;Amont
16059;14067;6404;52141;Aval
16060;14068;6404;52755;Amont
16061;14069;6405;76361;Aval
16062;14070;6405;77023;Amont
16063;14071;6406;32039;Aval
16064;14072;6406;32756;Amont
16065;14073;6407;76279;Aval
16066;14074;6407;77023;Amont
16067;14075;6408;32200;Aval
16068;14076;6408;33092;Amont
16069;14077;6409;76227;Aval
16070;14078;6409;77271;Amont
16071;14079;6410;87897;Aval
16072;14080;6410;88832;Amont
16073;14081;6411;107302;Aval
16074;14082;6411;108070;Amont
16075;14083;6412;113937;Aval
16076;14084;6412;114774;Amont
16077;14085;6413;14983;Aval
16078;14086;6413;15163;Amont
16079;14087;6414;15965;Aval
16080;14088;6414;16161;Amont
16081;14089;6415;15974;Aval
16082;14090;6415;16118;Amont
16083;14091;6416;16127;Aval
16084;14092;6416;16284;Amont
16085;14093;6417;20427;Aval
16086;14094;6417;20508;Amont
16087;14095;6418;20509;Aval
16088;14096;6418;20595;Amont
16089;14097;6419;20642;Aval
16090;14098;6419;20925;Amont
16091;14099;6420;21396;Aval
16092;14100;6420;21521;Amont
16093;14101;6421;21701;Aval
16094;14102;6421;21746;Amont
16095;14103;6422;23298;Aval
16096;14104;6422;23378;Amont
16097;14105;6423;23422;Aval
16098;14106;6423;23502;Amont
16099;14107;6424;24390;Aval
16100;14108;6424;24492;Amont
16101;14109;6425;30954;Aval
16102;14110;6425;31034;Amont
16103;14111;6426;31888;Aval
16104;14112;6426;32042;Amont
16105;14113;6427;31901;Aval
16106;14114;6427;32039;Amont
16107;14115;6428;32014;Aval
16108;14116;6428;32194;Amont
16109;14117;6429;32028;Aval
16110;14118;6429;32096;Amont
16111;14119;6430;32044;Aval
16112;14120;6430;32137;Amont
16113;14121;6431;32143;Aval
16114;14122;6431;32232;Amont
16115;14123;6432;32235;Aval
16116;14124;6432;32319;Amont
16117;14125;6433;33096;Aval
16118;14126;6433;33203;Amont
16119;14127;6434;33205;Aval
16120;14128;6434;33287;Amont
16121;14129;6435;51907;Aval
16122;14130;6435;51990;Amont
16123;14131;6436;52073;Aval
16124;14132;6436;52198;Amont
16125;14133;6437;52757;Aval
16126;14134;6437;52835;Amont
16127;14135;6438;63956;Aval
16128;14136;6438;64016;Amont
16129;14137;6439;76133;Aval
16130;14138;6439;76216;Amont
16131;14139;6440;76279;Aval
16132;14140;6440;76361;Amont
16133;14141;8677;32225;Aval
16134;14142;8677;32943;Amont
16135;14143;9045;20815;Aval
16136;14144;9045;21451;Amont
16137;14145;1471;16320;Aval
16138;14146;1471;17069;Amont
16139;14147;850;33012;Aval
16140;14148;850;92712;Amont
16141;14149;851;33011;Aval
16142;14150;851;92708;Amont
16143;14151;6441;33096;Aval
16144;14152;6441;33203;Amont
16145;14153;6442;33205;Aval
16146;14154;6442;33289;Amont
16147;14155;6443;47774;Aval
16148;14156;6443;47830;Amont
16149;14157;6444;56224;Aval
16150;14158;6444;56303;Amont
16151;14159;6445;56320;Aval
16152;14160;6445;56518;Amont
16153;14161;6446;58085;Aval
16154;14162;6446;58149;Amont
16155;14163;6447;73026;Aval
16156;14164;6447;73090;Amont
16157;14165;6448;87386;Aval
16158;14166;6448;87441;Amont
16159;14167;9218;56576;Aval
16160;14168;9218;56673;Amont
16161;14169;9219;55527;Aval
16162;14170;9219;55608;Amont
16163;14171;9222;57027;Aval
16164;14172;9222;57216;Amont
16165;14173;852;0;Aval
16166;14174;852;25430;Amont
16167;14175;6449;9045;Aval
16168;14176;6449;9774;Amont
16169;14177;853;0;Aval
16170;14178;853;730;Amont
16171;14179;854;70;Aval
16172;14180;854;730;Amont
16173;14181;855;118130;Aval
16174;14182;855;140550;Amont
16175;14183;6450;139554;Aval
16176;14184;6450;140273;Amont
16177;14185;6451;152925;Aval
16178;14186;6451;153404;Amont
16179;14187;9279;152670;Aval
16180;14188;9279;179733;Amont
16181;14189;856;140034;Aval
16182;14190;856;155050;Amont
16183;14191;6452;153905;Aval
16184;14192;6452;154473;Amont
16185;14193;857;66492;Aval
16186;14194;857;539021;Amont
16187;14195;858;66500;Aval
16188;14196;858;539021;Amont
16189;14197;1472;537704;Aval
16190;14198;1472;537996;Amont
16191;14199;6453;353687;Aval
16192;14200;6453;354670;Amont
16193;14201;6454;263141;Aval
16194;14202;6454;264424;Amont
16195;14203;6455;331574;Aval
16196;14204;6455;332845;Amont
16197;14205;6456;194660;Aval
16198;14206;6456;195622;Amont
16199;14207;6457;354520;Aval
16200;14208;6457;354736;Amont
16201;14209;6458;66837;Aval
16202;14210;6458;67451;Amont
16203;14211;6459;117402;Aval
16204;14212;6459;118189;Amont
16205;14213;6460;153702;Aval
16206;14214;6460;154521;Amont
16207;14215;6461;252538;Aval
16208;14216;6461;253323;Amont
16209;14217;6462;501944;Aval
16210;14218;6462;502064;Amont
16211;14219;6463;537544;Aval
16212;14220;6463;538064;Amont
16213;14221;6464;66458;Aval
16214;14222;6464;67550;Amont
16215;14223;6465;117384;Aval
16216;14224;6465;118213;Amont
16217;14225;6466;354138;Aval
16218;14226;6466;354842;Amont
16219;14227;6467;537467;Aval
16220;14228;6467;538106;Amont
16221;14229;6468;117445;Aval
16222;14230;6468;118128;Amont
16223;14231;6469;312489;Aval
16224;14232;6469;313416;Amont
16225;14233;6470;420120;Aval
16226;14234;6470;420720;Amont
16227;14235;6471;252504;Aval
16228;14236;6471;253186;Amont
16229;14237;6472;312585;Aval
16230;14238;6472;313264;Amont
16231;14239;6473;353968;Aval
16232;14240;6473;354865;Amont
16233;14241;6474;501885;Aval
16234;14242;6474;502474;Amont
16235;14243;6475;252535;Aval
16236;14244;6475;253156;Amont
16237;14245;6476;501935;Aval
16238;14246;6476;502302;Amont
16239;14247;6477;501878;Aval
16240;14248;6477;502347;Amont
16241;14249;6478;67563;Aval
16242;14250;6478;67623;Amont
16243;14251;6479;67695;Aval
16244;14252;6479;67778;Amont
16245;14253;6480;78110;Aval
16246;14254;6480;78168;Amont
16247;14255;6481;85722;Aval
16248;14256;6481;85784;Amont
16249;14257;6482;86026;Aval
16250;14258;6482;86106;Amont
16251;14259;6483;97184;Aval
16252;14260;6483;97267;Amont
16253;14261;6484;97377;Aval
16254;14262;6484;97418;Amont
16255;14263;6485;116448;Aval
16256;14264;6485;116506;Amont
16257;14265;6486;117202;Aval
16258;14266;6486;117284;Amont
16259;14267;6487;117310;Aval
16260;14268;6487;117401;Amont
16261;14269;6488;118203;Aval
16262;14270;6488;118286;Amont
16263;14271;6489;118321;Aval
16264;14272;6489;118405;Amont
16265;14273;6490;134530;Aval
16266;14274;6490;134592;Amont
16267;14275;6491;134734;Aval
16268;14276;6491;134820;Amont
16269;14277;6492;153638;Aval
16270;14278;6492;153695;Amont
16271;14279;6493;154528;Aval
16272;14280;6493;154590;Amont
16273;14281;6494;169169;Aval
16274;14282;6494;169253;Amont
16275;14283;6495;169450;Aval
16276;14284;6495;169512;Amont
16277;14285;6496;182364;Aval
16278;14286;6496;182424;Amont
16279;14287;6497;194498;Aval
16280;14288;6497;194588;Amont
16281;14289;6498;195732;Aval
16282;14290;6498;195817;Amont
16283;14291;6499;214126;Aval
16284;14292;6499;214208;Amont
16285;14293;6500;214214;Aval
16286;14294;6500;214274;Amont
16287;14295;6501;226662;Aval
16288;14296;6501;226744;Amont
16289;14297;6502;227010;Aval
16290;14298;6502;227092;Amont
16291;14299;6503;246385;Aval
16292;14300;6503;246447;Amont
16293;14301;6504;251498;Aval
16294;14302;6504;251559;Amont
16295;14303;6505;251944;Aval
16296;14304;6505;251980;Amont
16297;14305;6506;252316;Aval
16298;14306;6506;252403;Amont
16299;14307;6507;252432;Aval
16300;14308;6507;252505;Amont
16301;14309;6508;252523;Aval
16302;14310;6508;252588;Amont
16303;14311;6509;253292;Aval
16304;14312;6509;253356;Amont
16305;14313;6510;253357;Aval
16306;14314;6510;253413;Amont
16307;14315;6511;263049;Aval
16308;14316;6511;263129;Amont
16309;14317;6512;263405;Aval
16310;14318;6512;263465;Amont
16311;14319;6513;264224;Aval
16312;14320;6513;264308;Amont
16313;14321;6514;265362;Aval
16314;14322;6514;265424;Amont
16315;14323;6515;265512;Aval
16316;14324;6515;265644;Amont
16317;14325;6516;280528;Aval
16318;14326;6516;280584;Amont
16319;14327;6517;281095;Aval
16320;14328;6517;281226;Amont
16321;14329;6518;281276;Aval
16322;14330;6518;281408;Amont
16323;14331;6519;297446;Aval
16324;14332;6519;297578;Amont
16325;14333;6520;297590;Aval
16326;14334;6520;297721;Amont
16327;14335;6521;312392;Aval
16328;14336;6521;312475;Amont
16329;14337;6522;313260;Aval
16330;14338;6522;313320;Amont
16331;14339;6523;313292;Aval
16332;14340;6523;313372;Amont
16333;14341;6524;313353;Aval
16334;14342;6524;313416;Amont
16335;14343;6525;314252;Aval
16336;14344;6525;314313;Amont
16337;14345;6526;331333;Aval
16338;14346;6526;331465;Amont
16339;14347;6527;333127;Aval
16340;14348;6527;333260;Amont
16341;14349;6528;353594;Aval
16342;14350;6528;353657;Amont
16343;14351;6529;353798;Aval
16344;14352;6529;353880;Amont
16345;14353;6530;353856;Aval
16346;14354;6530;353917;Amont
16347;14355;6531;353918;Aval
16348;14356;6531;354013;Amont
16349;14357;6532;354670;Aval
16350;14358;6532;354732;Amont
16351;14359;6533;354737;Aval
16352;14360;6533;354806;Amont
16353;14361;6534;354958;Aval
16354;14362;6534;355041;Amont
16355;14363;6535;371845;Aval
16356;14364;6535;371912;Amont
16357;14365;6536;388334;Aval
16358;14366;6536;388396;Amont
16359;14367;6537;419732;Aval
16360;14368;6537;419789;Amont
16361;14369;6538;419878;Aval
16362;14370;6538;419928;Amont
16363;14371;6539;420734;Aval
16364;14372;6539;420812;Amont
16365;14373;6540;422643;Aval
16366;14374;6540;422719;Amont
16367;14375;6541;451962;Aval
16368;14376;6541;452013;Amont
16369;14377;6542;461748;Aval
16370;14378;6542;461777;Amont
16371;14379;6543;472938;Aval
16372;14380;6543;472981;Amont
16373;14381;6544;482055;Aval
16374;14382;6544;482113;Amont
16375;14383;6545;483510;Aval
16376;14384;6545;483575;Amont
16377;14385;6546;489532;Aval
16378;14386;6546;489613;Amont
16379;14387;6547;501717;Aval
16380;14388;6547;501785;Amont
16381;14389;6548;501845;Aval
16382;14390;6548;501910;Amont
16383;14391;6549;501905;Aval
16384;14392;6549;501944;Amont
16385;14393;6550;502490;Aval
16386;14394;6550;502553;Amont
16387;14395;6551;502554;Aval
16388;14396;6551;502638;Amont
16389;14397;6552;502880;Aval
16390;14398;6552;502923;Amont
16391;14399;6553;503012;Aval
16392;14400;6553;503066;Amont
16393;14401;6554;503784;Aval
16394;14402;6554;503872;Amont
16395;14403;6555;503957;Aval
16396;14404;6555;504041;Amont
16397;14405;6556;505710;Aval
16398;14406;6556;505765;Amont
16399;14407;6557;514034;Aval
16400;14408;6557;514115;Amont
16401;14409;6558;514218;Aval
16402;14410;6558;514277;Amont
16403;14411;6559;522110;Aval
16404;14412;6559;522174;Amont
16405;14413;6560;523213;Aval
16406;14414;6560;523295;Amont
16407;14415;6561;523463;Aval
16408;14416;6561;523546;Amont
16409;14417;6562;528700;Aval
16410;14418;6562;528757;Amont
16411;14419;6563;528859;Aval
16412;14420;6563;528919;Amont
16413;14421;6564;537397;Aval
16414;14422;6564;537459;Amont
16415;14423;6565;538064;Aval
16416;14424;6565;538185;Amont
16417;14425;6566;540140;Aval
16418;14426;6566;540172;Amont
16419;14427;6567;541392;Aval
16420;14428;6567;541436;Amont
16421;14429;6568;554637;Aval
16422;14430;6568;554670;Amont
16423;14431;6569;557084;Aval
16424;14432;6569;557130;Amont
16425;14433;9254;79080;Aval
16426;14434;9254;79140;Amont
16427;14435;9292;501848;Aval
16428;14436;9292;501878;Amont
16429;14437;9294;501910;Aval
16430;14438;9294;501957;Amont
16431;14439;9296;505647;Aval
16432;14440;9296;505705;Amont
16433;14441;9299;538064;Aval
16434;14442;9299;538974;Amont
16435;14443;9301;539021;Aval
16436;14444;9301;558900;Amont
16437;14445;9302;539021;Aval
16438;14446;9302;558990;Amont
16439;14447;9303;538760;Aval
16440;14448;9303;538988;Amont
16441;14449;9304;538782;Aval
16442;14450;9304;538988;Amont
16443;14451;9381;407667;Aval
16444;14452;9381;407722;Amont
16445;14453;9512;353821;Aval
16446;14454;9512;354627;Amont
16447;14455;9515;355951;Aval
16448;14456;9515;356033;Amont
16449;14457;859;262905;Aval
16450;14458;859;263480;Amont
16451;14459;860;262905;Aval
16452;14460;860;263480;Amont
16453;14461;861;17;Aval
16454;14462;861;752;Amont
16455;14463;862;14;Aval
16456;14464;862;752;Amont
16457;14465;6570;36;Aval
16458;14466;6570;107;Amont
16459;14467;1;161700;Aval
16460;14468;3;624320;Aval
16461;14469;4;612573;Aval
16462;14470;5;624131;Aval
16463;14471;6;596555;Amont
16464;14472;7;595518;Aval
16465;14473;8;557393;Amont
16466;14474;9;556378;Aval
16467;14475;10;541833;Amont
16468;14476;11;516073;Aval
16469;14477;12;496625;Amont
16470;14478;13;496425;Amont
16471;14479;14;476735;Amont
16472;14480;15;475766;Aval
16473;14481;16;454929;Aval
16474;14482;17;410573;Amont
16475;14483;18;410500;Amont
16476;14484;19;408673;Aval
16477;14485;20;388563;Aval
16478;14486;21;293823;Aval
16479;14487;21;294600;Amont
16480;14488;23;247220;Aval
16481;14489;23;247332;Amont
16482;14490;24;203390;Amont
16483;14491;25;202281;Aval
16484;14492;25;202402;Amont
16485;1776;1478;11475;Amont
16486;14494;42;93507;Amont
16487;14495;43;92452;Aval
16488;14496;44;494700;Aval
16489;14497;45;410080;Amont
16490;14498;46;409300;Aval
16491;14499;47;408855;Aval
16492;14500;48;626000;Amont
16493;14501;49;625900;Amont
16494;14502;50;656803;Aval
16495;14503;51;643370;Aval
16496;14504;52;674789;Aval
16497;14505;53;658766;Amont
16498;14506;54;699980;Amont
16499;14507;55;700080;Amont
16500;14508;863;-62;Aval
16501;14509;863;711163;Amont
16502;14510;864;-168;Aval
16503;14511;864;711007;Amont
16504;14512;6571;273035;Aval
16505;14513;6572;274570;Amont
16506;14514;8769;333354;Aval
16507;14515;8770;334788;Amont
16508;14516;8775;138776;Aval
16509;14517;8776;140028;Amont
16510;14518;9147;710777;Aval
16511;14519;9147;711101;Amont
16512;14520;56;21473;Amont
16513;14521;57;29118;Amont
16514;14522;1477;0;Aval
16515;14523;1478;0;Aval
16516;14524;6625;-349;Aval
16517;14525;6626;-182;Aval
16518;14526;9277;1110;Amont
16519;14527;9278;384;Amont
16520;14528;865;394715;Amont
16521;14529;866;394719;Amont
16522;14530;6628;389172;Aval
16523;14531;6628;389987;Amont
16524;14532;6629;389203;Aval
16525;14533;6629;389286;Amont
16526;14534;6630;389852;Aval
16527;14535;6630;389955;Amont
16528;14536;6631;389956;Aval
16529;14537;6631;390059;Amont
16530;14538;6632;394579;Aval
16531;14539;6632;394718;Amont
16532;14540;6633;394596;Aval
16533;14541;6633;394727;Amont
16534;14542;867;418531;Amont
16535;14543;868;419962;Amont
16536;14544;869;495995;Aval
16537;14545;870;496340;Aval
16538;14546;871;415863;Aval
16539;14547;872;416385;Aval
16540;14548;8454;2106;Amont
16541;14549;8455;3100;Amont
16542;1776;1478;11476;Aval
16543;14551;39;1398;Amont
16544;14552;8456;0;Aval
16545;14553;8457;0;Aval
16546;14554;873;163374;Aval
16547;14555;873;252200;Amont
16548;14556;874;154471;Aval
16549;14557;874;163374;Amont
16550;14558;875;154370;Aval
16551;14559;875;163374;Amont
16552;14560;1480;154522;Aval
16553;14561;1480;155131;Amont
16554;14562;6634;173919;Aval
16555;14563;6634;174570;Amont
16556;14564;6635;174097;Aval
16557;14565;6635;174468;Amont
16558;14566;6636;168103;Aval
16559;14567;6636;168563;Amont
16560;14568;6637;173315;Aval
16561;14569;6637;174455;Amont
16562;14570;6638;191084;Aval
16563;14571;6638;192010;Amont
16564;14572;6639;209618;Aval
16565;14573;6639;210465;Amont
16566;14574;6640;225987;Aval
16567;14575;6640;226954;Amont
16568;14576;6641;154486;Aval
16569;14577;6641;154598;Amont
16570;14578;6642;155471;Aval
16571;14579;6642;155532;Amont
16572;14580;6643;162531;Aval
16573;14581;6643;162593;Amont
16574;14582;8679;173928;Aval
16575;14583;8679;174350;Amont
16576;14584;8680;173958;Aval
16577;14585;8680;174077;Amont
16578;14586;9211;154600;Aval
16579;14587;9211;154670;Amont
16580;14588;876;999;Aval
16581;14589;876;2213;Amont
16582;14590;877;999;Aval
16583;14591;877;2156;Amont
16584;14592;8681;14;Aval
16585;14593;8681;999;Amont
16586;14594;8682;0;Aval
16587;14595;8682;271;Amont
16588;14596;878;229030;Aval
16589;14597;878;229200;Amont
16590;14598;879;259031;Aval
16591;14599;879;298614;Amont
16592;14600;880;192091;Aval
16593;14601;880;307648;Amont
16594;14602;6644;228635;Aval
16595;14603;6644;228842;Amont
16596;14604;6645;213753;Aval
16597;14605;6645;214384;Amont
16598;14606;6646;228119;Aval
16599;14607;6646;228798;Amont
16600;14608;6647;249236;Aval
16601;14609;6647;249902;Amont
16602;14610;6648;256481;Aval
16603;14611;6648;256970;Amont
16604;14612;6649;270414;Aval
16605;14613;6649;271142;Amont
16606;14614;6650;279548;Aval
16607;14615;6650;280107;Amont
16608;14616;6651;291196;Aval
16609;14617;6651;291683;Amont
16610;14618;6652;302482;Aval
16611;14619;6652;302967;Amont
16612;14620;881;249345;Aval
16613;14621;881;282200;Amont
16614;14622;6653;262184;Aval
16615;14623;6653;262806;Amont
16616;14624;884;1101;Aval
16617;14625;884;162100;Amont
16618;14626;885;1101;Aval
16619;14627;885;162042;Amont
16620;14628;6668;162042;Aval
16621;14629;6668;162743;Amont
16622;14630;6669;132919;Aval
16623;14631;6669;133645;Amont
16624;14632;6670;162100;Aval
16625;14633;6670;162720;Amont
16626;14634;6671;1350;Aval
16627;14635;6671;1410;Amont
16628;14636;6672;15180;Aval
16629;14637;6672;15237;Amont
16630;14638;6673;15473;Aval
16631;14639;6673;15619;Amont
16632;14640;6674;37700;Aval
16633;14641;6674;37745;Amont
16634;14642;6675;38558;Aval
16635;14643;6675;38613;Amont
16636;14644;6676;51659;Aval
16637;14645;6676;51722;Amont
16638;14646;6677;52628;Aval
16639;14647;6677;52675;Amont
16640;14648;6678;67465;Aval
16641;14649;6678;67510;Amont
16642;14650;6679;82780;Aval
16643;14651;6679;82826;Amont
16644;14652;6680;104231;Aval
16645;14653;6680;104293;Amont
16646;14654;6681;104917;Aval
16647;14655;6681;104972;Amont
16648;14656;6682;104974;Aval
16649;14657;6682;105032;Amont
16650;14658;6683;132686;Aval
16651;14659;6683;132743;Amont
16652;14660;6684;133645;Aval
16653;14661;6684;133699;Amont
16654;14662;6685;148935;Aval
16655;14663;6685;148996;Amont
16656;14664;6686;160779;Aval
16657;14665;6686;160836;Amont
16658;14666;6687;162042;Aval
16659;14667;6687;162100;Amont
16660;14668;6688;104585;Aval
16661;14669;6688;104805;Amont
16662;14670;8895;125877;Aval
16663;14671;8895;125932;Amont
16664;14672;8896;133760;Aval
16665;14673;8896;133806;Amont
16666;14674;1483;153;Aval
16667;14675;1483;4153;Amont
16668;14676;1484;708;Aval
16669;14677;1484;4191;Amont
16670;14678;6689;4153;Aval
16671;14679;6689;4940;Amont
16672;14680;6690;4191;Aval
16673;14681;6690;4795;Amont
16674;14682;6691;2075;Aval
16675;14683;6691;2135;Amont
16676;14684;6692;3141;Aval
16677;14685;6692;3201;Amont
16678;14686;6693;4153;Aval
16679;14687;6693;4255;Amont
16680;14688;6694;4235;Aval
16681;14689;6694;4308;Amont
16682;14690;886;-19;Aval
16683;14691;886;673;Amont
16684;14692;887;-19;Aval
16685;14693;887;673;Amont
16686;14694;6695;235;Aval
16687;14695;6695;320;Amont
16688;14696;888;383;Aval
16689;14697;888;22374;Amont
16690;14698;889;14298;Aval
16691;14699;889;15028;Amont
16692;14700;6696;14368;Aval
16693;14701;6696;15060;Amont
16694;14702;890;226954;Aval
16695;14703;890;310459;Amont
16696;14704;9530;258540;Aval
16697;14705;9530;259600;Amont
16698;14706;9531;271110;Aval
16699;14707;9531;271620;Amont
16700;14708;9532;283200;Aval
16701;14709;9532;307010;Amont
16702;14710;891;2435;Aval
16703;14711;891;4220;Amont
16704;14712;59;364;Amont
16705;14713;60;364;Amont
16706;14714;892;16421;Amont
16707;14715;893;16446;Amont
16708;14716;894;2983;Aval
16709;14717;894;18289;Amont
16710;14718;895;58610;Aval
16711;14719;895;109247;Amont
16712;14720;896;58643;Aval
16713;14721;896;109251;Amont
16714;14722;6698;58685;Aval
16715;14723;6698;59632;Amont
16716;14724;6699;58610;Aval
16717;14725;6699;59535;Amont
16718;14726;6700;58725;Aval
16719;14727;6700;58785;Amont
16720;14728;6701;59652;Aval
16721;14729;6701;59708;Amont
16722;14730;6702;95025;Aval
16723;14731;6702;95082;Amont
16724;14732;8898;99890;Aval
16725;14733;8898;99950;Amont
16726;14734;8900;94215;Aval
16727;14735;8900;94280;Amont
16728;14736;8901;79669;Aval
16729;14737;8901;79726;Amont
16730;14738;897;320;Aval
16731;14739;897;36545;Amont
16732;14740;898;141250;Aval
16733;14741;898;143352;Amont
16734;14742;899;36545;Aval
16735;14743;899;66485;Amont
16736;14744;900;36545;Aval
16737;14745;900;66516;Amont
16738;14746;6703;12753;Aval
16739;14747;6703;13720;Amont
16740;14748;6704;27489;Aval
16741;14749;6704;28480;Amont
16742;14750;6705;66268;Aval
16743;14751;6705;66350;Amont
16744;14752;8902;36470;Aval
16745;14753;8902;37070;Amont
16746;14754;8903;36676;Aval
16747;14755;8903;36734;Amont
16748;14756;8904;55253;Aval
16749;14757;8904;55318;Amont
16750;14758;8905;55879;Aval
16751;14759;8905;55963;Amont
16752;14760;901;109000;Aval
16753;14761;901;115650;Amont
16754;14762;902;0;Aval
16755;14763;902;5250;Amont
16756;14764;903;444;Aval
16757;14765;903;93272;Amont
16758;14766;904;97210;Aval
16759;14767;904;134756;Amont
16760;14768;905;93272;Aval
16761;14769;905;95210;Amont
16762;14770;906;93272;Aval
16763;14771;906;95208;Amont
16764;14772;1485;125114;Aval
16765;14773;1485;125407;Amont
16766;14774;6706;112908;Aval
16767;14775;6706;114064;Amont
16768;14776;6707;64681;Aval
16769;14777;6707;65922;Amont
16770;14778;6708;107144;Aval
16771;14779;6708;107701;Amont
16772;14780;6709;95758;Aval
16773;14781;6709;95805;Amont
16774;14782;9386;95454;Aval
16775;14783;9386;97210;Amont
16776;14784;9387;95451;Aval
16777;14785;9387;97210;Amont
16778;14786;9388;114064;Aval
16779;14787;9388;114161;Amont
16780;14788;907;133680;Aval
16781;14789;907;134542;Amont
16782;14790;908;5;Aval
16783;14791;908;1100;Amont
16784;14792;909;6028;Amont
16785;14793;910;6426;Amont
16786;14794;911;2523;Amont
16787;14795;6710;1884;Aval
16788;14796;6710;2450;Amont
16789;14797;912;0;Aval
16790;14800;912;1003;Amont
16791;14800;913;1003;Aval
16792;14800;914;1003;Aval
16793;14801;916;470;Aval
16794;14802;916;3489;Amont
16795;14803;917;2012;Aval
16796;14804;917;42514;Amont
16797;14805;918;0;Aval
16798;14806;918;2012;Amont
16799;14807;919;0;Aval
16800;14808;919;2012;Amont
16801;14809;6711;0;Aval
16802;14810;6711;220;Amont
16803;14811;6712;3703;Aval
16804;14812;6712;4300;Amont
16805;14813;6713;5489;Aval
16806;14814;6713;5937;Amont
16807;14815;6714;8250;Aval
16808;14816;6714;8877;Amont
16809;14817;6715;14345;Aval
16810;14818;6715;14894;Amont
16811;14819;6716;22553;Aval
16812;14820;6716;22992;Amont
16813;14821;6717;33626;Aval
16814;14822;6717;34010;Amont
16815;14823;6718;41987;Aval
16816;14824;6718;42398;Amont
16817;14825;8724;18607;Aval
16818;14826;8724;19002;Amont
16819;14827;9376;8330;Aval
16820;14828;9376;8700;Amont
16821;14829;9377;0;Aval
16822;14830;9377;228;Amont
16823;14831;920;423165;Aval
16824;14832;920;496040;Amont
16825;14833;921;423163;Aval
16826;14834;921;496344;Amont
16827;14835;6719;436646;Aval
16828;14836;6719;436706;Amont
16829;14837;6720;449086;Aval
16830;14838;6720;449139;Amont
16831;14839;6721;462510;Aval
16832;14840;6721;462569;Amont
16833;14841;6722;479286;Aval
16834;14842;6722;479386;Amont
16835;14843;6723;479403;Aval
16836;14844;6723;479484;Amont
16837;14845;6724;485805;Aval
16838;14846;6724;485844;Amont
16839;14847;6725;494469;Aval
16840;14848;6725;494619;Amont
16841;14849;922;1516;Aval
16842;14850;922;132238;Amont
16843;14851;6726;1797;Aval
16844;14852;6726;2260;Amont
16845;14853;6727;14873;Aval
16846;14854;6727;15538;Amont
16847;14855;6728;23631;Aval
16848;14856;6728;24361;Amont
16849;14857;6729;33492;Aval
16850;14858;6729;34228;Amont
16851;14859;6730;45408;Aval
16852;14860;6730;46071;Amont
16853;14861;6731;67762;Aval
16854;14862;6731;68403;Amont
16855;14863;6732;93644;Aval
16856;14864;6732;94239;Amont
16857;14865;6733;111346;Aval
16858;14866;6733;111979;Amont
16859;14867;6734;117733;Aval
16860;14868;6734;118342;Amont
16861;14869;6735;126289;Aval
16862;14870;6735;127047;Amont
16863;14871;923;365813;Aval
16864;14872;923;386057;Amont
16865;14873;924;493960;Aval
16866;14874;924;514544;Amont
16867;14875;925;356266;Aval
16868;14876;925;365705;Amont
16869;14877;926;356266;Aval
16870;14878;926;365813;Amont
16871;14879;6736;364735;Aval
16872;14880;6736;365575;Amont
16873;14881;6737;364715;Aval
16874;14882;6737;365430;Amont
16875;14883;6738;372971;Aval
16876;14884;6738;373433;Amont
16877;14885;6739;385177;Aval
16878;14886;6739;386038;Amont
16879;14887;6740;410807;Aval
16880;14888;6740;411464;Amont
16881;14889;6741;448260;Aval
16882;14890;6741;448815;Amont
16883;14891;6742;463784;Aval
16884;14892;6742;464455;Amont
16885;14893;6743;364437;Aval
16886;14894;6743;364515;Amont
16887;14895;6744;364554;Aval
16888;14896;6744;364616;Amont
16889;14897;6745;365617;Aval
16890;14898;6745;365699;Amont
16891;14899;6746;365705;Aval
16892;14900;6746;365765;Amont
16893;14901;9555;401200;Aval
16894;14902;9555;464580;Amont
16895;14903;927;408;Aval
16896;14904;927;4231;Amont
16897;14905;928;365705;Aval
16898;14906;928;405763;Amont
16899;14907;929;365813;Aval
16900;14908;929;405777;Amont
16901;14909;6747;380539;Aval
16902;14910;6747;380598;Amont
16903;14911;6748;396870;Aval
16904;14912;6748;396933;Amont
16905;14913;930;332674;Aval
16906;14914;930;343430;Amont
16907;14915;931;349100;Aval
16908;14916;931;367245;Amont
16909;14917;932;377767;Aval
16910;14918;932;403700;Amont
16911;14919;933;478954;Aval
16912;14920;933;673465;Amont
16913;14921;934;354845;Aval
16914;14922;934;377767;Amont
16915;14923;935;403700;Aval
16916;14924;935;478954;Amont
16917;14925;936;673465;Aval
16918;14926;936;721155;Amont
16919;14927;937;354776;Aval
16920;14928;937;377767;Amont
16921;14929;938;403700;Aval
16922;14930;938;478954;Amont
16923;14931;939;673972;Aval
16924;14932;939;721097;Amont
16925;14933;6749;417490;Aval
16926;14934;6749;418905;Amont
16927;14935;6750;606426;Aval
16928;14936;6750;607199;Amont
16929;14937;6751;418985;Aval
16930;14938;6751;419545;Amont
16931;14939;6752;417651;Aval
16932;14940;6752;418568;Amont
16933;14941;6753;512768;Aval
16934;14942;6753;513205;Amont
16935;14943;6754;453970;Aval
16936;14944;6754;454463;Amont
16937;14945;6755;378100;Aval
16938;14946;6755;378837;Amont
16939;14947;6756;405185;Aval
16940;14948;6756;405760;Amont
16941;14949;6757;419070;Aval
16942;14950;6757;419605;Amont
16943;14951;6758;436919;Aval
16944;14952;6758;437476;Amont
16945;14953;6759;478254;Aval
16946;14954;6759;479037;Amont
16947;14955;6760;419027;Aval
16948;14956;6760;419540;Amont
16949;14957;6761;673866;Aval
16950;14958;6761;674369;Amont
16951;14959;6762;418912;Aval
16952;14960;6762;419510;Amont
16953;14961;6763;673930;Aval
16954;14962;6763;674583;Amont
16955;14963;6764;418812;Aval
16956;14964;6764;419605;Amont
16957;14965;6765;377886;Aval
16958;14966;6765;379095;Amont
16959;14967;6766;388560;Aval
16960;14968;6766;389890;Amont
16961;14969;6767;488449;Aval
16962;14970;6767;489229;Amont
16963;14971;6768;512545;Aval
16964;14972;6768;513386;Amont
16965;14973;6769;520140;Aval
16966;14974;6769;520874;Amont
16967;14975;6770;544373;Aval
16968;14976;6770;545208;Amont
16969;14977;6771;567581;Aval
16970;14978;6771;568342;Amont
16971;14979;6772;626516;Aval
16972;14980;6772;627126;Amont
16973;14981;6773;639528;Aval
16974;14982;6773;640137;Amont
16975;14983;6774;646699;Aval
16976;14984;6774;647208;Amont
16977;14985;6775;660070;Aval
16978;14986;6775;660956;Amont
16979;14987;6776;418817;Aval
16980;14988;6776;419536;Amont
16981;14989;6777;418861;Aval
16982;14990;6777;419150;Amont
16983;14991;6778;354990;Aval
16984;14992;6778;355069;Amont
16985;14993;6779;355090;Aval
16986;14994;6779;355170;Amont
16987;14995;6780;377963;Aval
16988;14996;6780;378060;Amont
16989;14997;6781;404970;Aval
16990;14998;6781;405045;Amont
16991;14999;6782;405079;Aval
16992;15000;6782;405185;Amont
16993;15001;6783;405910;Aval
16994;15002;6783;405976;Amont
16995;15003;6784;406140;Aval
16996;15004;6784;406215;Amont
16997;15005;6785;412320;Aval
16998;15006;6785;412405;Amont
16999;15007;6786;417169;Aval
17000;15008;6786;417248;Amont
17001;15009;6787;417250;Aval
17002;15010;6787;417490;Amont
17003;15011;6788;417811;Aval
17004;15012;6788;417893;Amont
17005;15013;6789;418556;Aval
17006;15014;6789;418647;Amont
17007;15015;6790;418594;Aval
17008;15016;6790;418687;Amont
17009;15017;6791;418689;Aval
17010;15018;6791;418781;Amont
17011;15019;6792;419689;Aval
17012;15020;6792;419750;Amont
17013;15021;6793;420640;Aval
17014;15022;6793;420720;Amont
17015;15023;6794;426697;Aval
17016;15024;6794;426760;Amont
17017;15025;6795;427397;Aval
17018;15026;6795;427479;Amont
17019;15027;6796;436976;Aval
17020;15028;6796;437058;Amont
17021;15029;6797;437565;Aval
17022;15030;6797;437628;Amont
17023;15031;6798;453621;Aval
17024;15032;6798;453703;Amont
17025;15033;6799;454525;Aval
17026;15034;6799;454587;Amont
17027;15035;6800;478005;Aval
17028;15036;6800;478067;Amont
17029;15037;6801;478113;Aval
17030;15038;6801;478246;Amont
17031;15039;6802;606932;Aval
17032;15040;6802;607061;Amont
17033;15041;6803;674381;Aval
17034;15042;6803;674442;Amont
17035;15043;6804;674583;Aval
17036;15044;6804;674633;Amont
17037;15045;6805;674644;Aval
17038;15046;6805;674708;Amont
17039;15047;6806;696053;Aval
17040;15048;6806;696111;Amont
17041;15049;8683;586509;Aval
17042;15050;8683;587274;Amont
17043;15051;9514;355953;Aval
17044;15052;9514;356035;Amont
17045;15053;8792;0;Aval
17046;15054;8792;613;Amont
17047;15055;940;687;Aval
17048;15056;940;3696;Amont
17049;15057;9513;50800;Aval
17050;15058;9513;53471;Amont
17051;15059;941;0;Aval
17052;15060;941;5340;Amont
17053;15061;942;0;Aval
17054;15062;942;580;Amont
17055;15063;943;31150;Aval
17056;15064;943;66455;Amont
17057;15065;944;-151;Aval
17058;15066;944;1900;Amont
17059;15067;945;405;Aval
17060;15068;945;28000;Amont
17061;15069;6807;26972;Aval
17062;15070;6807;27480;Amont
17063;15071;9389;81000;Aval
17064;15072;9389;84060;Amont
17065;15073;946;0;Aval
17066;15074;946;1052;Amont
17067;15075;947;0;Aval
17068;15076;947;528;Amont
17069;15077;948;148;Aval
17070;15078;948;123324;Amont
17071;15079;949;130136;Aval
17072;15080;949;132355;Amont
17073;15081;950;123324;Aval
17074;15082;950;130136;Amont
17075;15083;951;132355;Aval
17076;15084;951;137955;Amont
17077;15085;952;123324;Aval
17078;15086;952;130136;Amont
17079;15087;953;132355;Aval
17080;15088;953;137957;Amont
17081;15089;6808;31255;Aval
17082;15090;6808;31512;Amont
17083;15091;6809;52158;Aval
17084;15092;6809;52796;Amont
17085;15093;6810;52323;Aval
17086;15094;6810;52744;Amont
17087;15095;6811;31032;Aval
17088;15096;6811;31540;Amont
17089;15097;6812;72567;Aval
17090;15098;6812;73275;Amont
17091;15099;6813;84861;Aval
17092;15100;6813;85542;Amont
17093;15101;6814;102613;Aval
17094;15102;6814;103213;Amont
17095;15103;6815;113554;Aval
17096;15104;6815;114175;Amont
17097;15105;6816;123968;Aval
17098;15106;6816;124050;Amont
17099;15107;6817;124079;Aval
17100;15108;6817;124125;Amont
17101;15109;9288;135978;Aval
17102;15110;9288;136059;Amont
17103;15111;9289;137400;Aval
17104;15112;9289;137462;Amont
17105;15113;9290;137827;Aval
17106;15114;9290;137872;Amont
17107;15115;9474;126365;Aval
17108;15116;9474;126411;Amont
17109;15117;9475;128258;Aval
17110;15118;9475;128700;Amont
17111;15119;954;530479;Aval
17112;15120;954;784936;Amont
17113;15121;955;530481;Aval
17114;15122;955;784978;Amont
17115;15123;1486;574185;Aval
17116;15124;1486;575229;Amont
17117;15125;1487;632526;Aval
17118;15126;1487;633578;Amont
17119;15127;1488;574179;Aval
17120;15128;1488;575199;Amont
17121;15129;1489;605969;Aval
17122;15130;1489;606978;Amont
17123;15131;1490;665477;Aval
17124;15132;1490;667054;Amont
17125;15133;1491;686603;Aval
17126;15134;1491;687641;Amont
17127;15135;6818;722745;Aval
17128;15136;6818;723778;Amont
17129;15137;6819;754345;Aval
17130;15138;6819;755512;Amont
17131;15139;6820;722745;Aval
17132;15140;6820;723778;Amont
17133;15141;6821;754844;Aval
17134;15142;6821;755869;Amont
17135;15143;6822;552000;Aval
17136;15144;6822;553146;Amont
17137;15145;6823;530626;Aval
17138;15146;6823;530689;Amont
17139;15147;6824;530992;Aval
17140;15148;6824;531054;Amont
17141;15149;6825;552031;Aval
17142;15150;6825;552152;Amont
17143;15151;6826;552917;Aval
17144;15152;6826;552993;Amont
17145;15153;6827;552994;Aval
17146;15154;6827;553100;Amont
17147;15155;6828;574039;Aval
17148;15156;6828;574122;Amont
17149;15157;6829;575432;Aval
17150;15158;6829;575513;Amont
17151;15159;6830;603046;Aval
17152;15160;6830;603114;Amont
17153;15161;6831;615816;Aval
17154;15162;6831;615878;Amont
17155;15163;6832;634034;Aval
17156;15164;6832;634097;Amont
17157;15165;6833;634846;Aval
17158;15166;6833;634929;Amont
17159;15167;6834;635381;Aval
17160;15168;6834;635440;Amont
17161;15169;6835;640687;Aval
17162;15170;6835;640747;Amont
17163;15171;6836;664054;Aval
17164;15172;6836;664112;Amont
17165;15173;6837;665420;Aval
17166;15174;6837;665475;Amont
17167;15175;6838;668358;Aval
17168;15176;6838;668389;Amont
17169;15177;6839;669780;Aval
17170;15178;6839;669814;Amont
17171;15179;6840;687642;Aval
17172;15180;6840;687728;Amont
17173;15181;6841;702556;Aval
17174;15182;6841;702644;Amont
17175;15183;6842;714476;Aval
17176;15184;6842;714545;Amont
17177;15185;6843;723914;Aval
17178;15186;6843;723976;Amont
17179;15187;6844;725181;Aval
17180;15188;6844;725263;Amont
17181;15189;6845;744962;Aval
17182;15190;6845;745042;Amont
17183;15191;6846;755313;Aval
17184;15192;6846;755375;Amont
17185;15193;6847;767700;Aval
17186;15194;6847;767763;Amont
17187;15195;6848;784652;Aval
17188;15196;6848;784754;Amont
17189;15197;6849;784804;Aval
17190;15198;6849;784885;Amont
17191;15199;9378;534801;Aval
17192;15200;9378;534859;Amont
17193;15201;956;0;Aval
17194;15202;956;481;Amont
17195;15203;9391;4712;Aval
17196;15204;9391;5098;Amont
17197;15205;9392;4712;Aval
17198;15206;9392;4999;Amont
17199;15207;957;665540;Aval
17200;15208;957;674440;Amont
17201;15209;958;736249;Aval
17202;15210;958;764444;Amont
17203;15211;6850;744877;Aval
17204;15212;6850;745229;Amont
17205;15213;8684;755809;Aval
17206;15214;8684;756648;Amont
17207;15215;959;-200;Aval
17208;15216;959;2455;Amont
17209;15217;960;0;Aval
17210;15218;960;106000;Amont
17211;15219;961;0;Aval
17212;15220;961;106000;Amont
17213;15221;6866;25432;Aval
17214;15222;6866;25967;Amont
17215;15223;6867;54190;Aval
17216;15224;6867;55237;Amont
17217;15225;6868;78000;Aval
17218;15226;6868;78951;Amont
17219;15227;6869;26942;Aval
17220;15228;6869;27352;Amont
17221;15229;6870;23927;Aval
17222;15230;6870;24742;Amont
17223;15231;6871;31565;Aval
17224;15232;6871;32630;Amont
17225;15233;6872;53008;Aval
17226;15234;6872;54102;Amont
17227;15235;6873;22398;Aval
17228;15236;6873;23538;Amont
17229;15237;6874;77509;Aval
17230;15238;6874;79167;Amont
17231;15239;6875;24812;Aval
17232;15240;6875;25432;Amont
17233;15241;6876;22578;Aval
17234;15242;6876;23445;Amont
17235;15243;6877;23565;Aval
17236;15244;6877;24704;Amont
17237;15245;6878;1101;Aval
17238;15246;6878;2072;Amont
17239;15247;6879;23843;Aval
17240;15248;6879;24949;Amont
17241;15249;6880;76690;Aval
17242;15250;6880;77427;Amont
17243;15251;6881;104022;Aval
17244;15252;6881;104813;Amont
17245;15253;6882;76735;Aval
17246;15254;6882;77400;Amont
17247;15255;6883;104022;Aval
17248;15256;6883;104813;Amont
17249;15257;6884;26888;Aval
17250;15258;6884;27444;Amont
17251;15259;6885;1110;Aval
17252;15260;6885;1193;Amont
17253;15261;6886;1989;Aval
17254;15262;6886;2082;Amont
17255;15263;6887;2925;Aval
17256;15264;6887;2987;Amont
17257;15265;6888;15654;Aval
17258;15266;6888;15844;Amont
17259;15267;6889;15908;Aval
17260;15268;6889;16096;Amont
17261;15269;6890;21903;Aval
17262;15270;6890;21984;Amont
17263;15271;6891;22139;Aval
17264;15272;6891;22214;Amont
17265;15273;6892;22215;Aval
17266;15274;6892;22296;Amont
17267;15275;6893;22399;Aval
17268;15276;6893;22484;Amont
17269;15277;6894;23538;Aval
17270;15278;6894;23565;Amont
17271;15279;6895;24638;Aval
17272;15280;6895;24700;Amont
17273;15281;6896;24686;Aval
17274;15282;6896;24747;Amont
17275;15283;6897;24704;Aval
17276;15284;6897;24780;Amont
17277;15285;6898;24991;Aval
17278;15286;6898;25072;Amont
17279;15287;6899;25182;Aval
17280;15288;6899;25278;Amont
17281;15289;6900;25548;Aval
17282;15290;6900;25600;Amont
17283;15291;6901;25608;Aval
17284;15292;6901;25670;Amont
17285;15293;6902;26351;Aval
17286;15294;6902;26430;Amont
17287;15295;6903;26448;Aval
17288;15296;6903;26527;Amont
17289;15297;6904;26849;Aval
17290;15298;6904;26928;Amont
17291;15299;6905;27404;Aval
17292;15300;6905;27483;Amont
17293;15301;6906;27490;Aval
17294;15302;6906;27568;Amont
17295;15303;6907;27588;Aval
17296;15304;6907;27670;Amont
17297;15305;6908;30521;Aval
17298;15306;6908;30604;Amont
17299;15307;6909;30643;Aval
17300;15308;6909;30728;Amont
17301;15309;6910;31443;Aval
17302;15310;6910;31489;Amont
17303;15311;6911;40852;Aval
17304;15312;6911;40934;Amont
17305;15313;6912;42681;Aval
17306;15314;6912;42761;Amont
17307;15315;6913;52657;Aval
17308;15316;6913;52737;Amont
17309;15317;6914;54104;Aval
17310;15318;6914;54187;Amont
17311;15319;6915;55758;Aval
17312;15320;6915;55839;Amont
17313;15321;6916;55947;Aval
17314;15322;6916;56037;Amont
17315;15323;6917;65407;Aval
17316;15324;6917;65490;Amont
17317;15325;6918;65632;Aval
17318;15326;6918;65712;Amont
17319;15327;6919;70185;Aval
17320;15328;6919;70246;Amont
17321;15329;6920;76483;Aval
17322;15330;6920;76562;Amont
17323;15331;6921;76586;Aval
17324;15332;6921;76665;Amont
17325;15333;6922;77278;Aval
17326;15334;6922;77371;Amont
17327;15335;6923;77437;Aval
17328;15336;6923;77531;Amont
17329;15337;6924;77760;Aval
17330;15338;6924;77842;Amont
17331;15339;6925;77849;Aval
17332;15340;6925;77929;Amont
17333;15341;6926;77931;Aval
17334;15342;6926;77976;Amont
17335;15343;6927;79180;Aval
17336;15344;6927;79262;Amont
17337;15345;6928;86719;Aval
17338;15346;6928;86848;Amont
17339;15347;6929;87006;Aval
17340;15348;6929;87137;Amont
17341;15349;6930;97944;Aval
17342;15350;6930;98039;Amont
17343;15351;6931;98119;Aval
17344;15352;6931;98249;Amont
17345;15353;6932;101018;Aval
17346;15354;6932;101101;Amont
17347;15355;6933;101605;Aval
17348;15356;6933;101687;Amont
17349;15357;6934;102288;Aval
17350;15358;6934;102369;Amont
17351;15359;6935;103706;Aval
17352;15360;6935;103786;Amont
17353;15361;6936;105286;Aval
17354;15362;6936;105368;Amont
17355;15363;6937;105436;Aval
17356;15364;6937;105518;Amont
17357;15365;6938;22156;Aval
17358;15366;6938;23960;Amont
17359;15367;8685;0;Aval
17360;15368;8685;261;Amont
17361;15369;8686;0;Aval
17362;15370;8686;261;Amont
17363;15371;8687;76861;Aval
17364;15372;8687;77576;Amont
17365;15373;8784;76781;Aval
17366;15374;8784;77463;Amont
17367;15375;8793;26849;Aval
17368;15376;8793;27483;Amont
17369;15377;9156;262;Aval
17370;15378;9156;317;Amont
17371;15379;9157;348;Aval
17372;15380;9157;429;Amont
17373;15381;9491;101516;Aval
17374;15382;9491;101598;Amont
17375;15383;962;101291;Aval
17376;15384;962;102474;Amont
17377;15385;9550;52018;Aval
17378;15386;9550;58018;Amont
17379;15387;963;0;Aval
17380;15388;963;886;Amont
17381;15389;964;2500;Aval
17382;15390;964;10162;Amont
17383;15391;965;47857;Aval
17384;15392;965;67525;Amont
17385;15393;6939;48370;Aval
17386;15394;6939;48802;Amont
17387;15395;6940;75668;Aval
17388;15396;6940;76285;Amont
17389;15397;9522;69141;Aval
17390;15398;9522;77150;Amont
17391;15399;966;683856;Aval
17392;15400;966;689054;Amont
17393;15401;967;742930;Aval
17394;15402;967;746505;Amont
17395;15403;9546;742960;Aval
17396;15404;9546;743450;Amont
17397;15405;968;690514;Aval
17398;15406;968;697710;Amont
17399;15407;969;84872;Aval
17400;15408;969;88127;Amont
17401;15409;970;4517;Aval
17402;15410;970;45370;Amont
17403;15411;6941;20802;Aval
17404;15412;6941;21476;Amont
17405;15413;8688;38948;Aval
17406;15414;8688;39566;Amont
17407;15415;8689;44689;Aval
17408;15416;8689;45300;Amont
17409;15417;9543;23574;Aval
17410;15418;9543;23645;Amont
17411;15419;971;1414;Aval
17412;15420;971;35797;Amont
17413;15421;972;43000;Aval
17414;15422;972;44991;Amont
17415;15423;9544;1454;Aval
17416;15424;9544;2041;Amont
17417;15425;9545;17123;Aval
17418;15426;9545;17842;Amont
17419;15427;973;135;Aval
17420;15428;973;873;Amont
17421;15429;974;1318;Aval
17422;15430;974;3690;Amont
17423;15431;975;1334;Aval
17424;15432;975;4211;Amont
17425;15433;976;28;Aval
17426;15434;976;871;Amont
17427;15435;977;28;Aval
17428;15436;977;845;Amont
17429;15437;978;2726;Aval
17430;15438;978;5085;Amont
17431;15439;979;2724;Aval
17432;15440;979;5085;Amont
17433;15441;980;387;Aval
17434;15442;980;862100;Amont
17435;15443;981;377;Aval
17436;15444;981;862100;Amont
17437;15445;1500;834;Aval
17438;15446;1500;1333;Amont
17439;15447;1501;378;Aval
17440;15448;1501;44258;Amont
17441;15449;1502;86663;Aval
17442;15450;1502;173889;Amont
17443;15451;1503;224365;Aval
17444;15452;1503;225440;Amont
17445;15453;1504;256102;Aval
17446;15454;1504;288262;Amont
17447;15455;1505;350480;Aval
17448;15456;1505;351550;Amont
17449;15457;1506;406270;Aval
17450;15458;1506;407283;Amont
17451;15459;1507;439371;Aval
17452;15460;1507;440469;Amont
17453;15461;1508;488321;Aval
17454;15462;1508;499752;Amont
17455;15463;1509;505935;Aval
17456;15464;1509;506740;Amont
17457;15465;1510;511578;Aval
17458;15466;1510;532252;Amont
17459;15467;1511;544062;Aval
17460;15468;1511;545034;Amont
17461;15469;1512;621183;Aval
17462;15470;1512;625819;Amont
17463;15471;1513;660056;Aval
17464;15472;1513;661039;Amont
17465;15473;1514;682295;Aval
17466;15474;1514;683537;Amont
17467;15475;1515;44258;Aval
17468;15476;1515;45577;Amont
17469;15477;1516;84396;Aval
17470;15478;1516;86663;Amont
17471;15479;1517;511759;Aval
17472;15480;1517;512429;Amont
17473;15481;1518;512393;Aval
17474;15482;1518;513245;Amont
17475;15483;1519;78066;Aval
17476;15484;1519;86719;Amont
17477;15485;1520;398;Aval
17478;15486;1520;14983;Amont
17479;15487;1521;510452;Aval
17480;15488;1521;516230;Amont
17481;15489;1522;0;Aval
17482;15490;1522;1187;Amont
17483;15491;1523;1078;Aval
17484;15492;1523;1536;Amont
17485;15493;1524;366033;Aval
17486;15494;1524;366617;Amont
17487;15495;1525;521334;Aval
17488;15496;1525;526091;Amont
17489;15497;1526;367;Aval
17490;15498;1526;44425;Amont
17491;15499;1527;86788;Aval
17492;15500;1527;173774;Amont
17493;15501;1528;256414;Aval
17494;15502;1528;288262;Amont
17495;15503;1529;350772;Aval
17496;15504;1529;351851;Amont
17497;15505;1530;381600;Aval
17498;15506;1530;382710;Amont
17499;15507;1531;398610;Aval
17500;15508;1531;399619;Amont
17501;15509;1532;415430;Aval
17502;15510;1532;416678;Amont
17503;15511;1533;439437;Aval
17504;15512;1533;440597;Amont
17505;15513;1534;488075;Aval
17506;15514;1534;499752;Amont
17507;15515;1535;505912;Aval
17508;15516;1535;506683;Amont
17509;15517;1536;510710;Aval
17510;15518;1536;532295;Amont
17511;15519;1537;543321;Aval
17512;15520;1537;544660;Amont
17513;15521;1538;621183;Aval
17514;15522;1538;625819;Amont
17515;15523;1539;682240;Aval
17516;15524;1539;683228;Amont
17517;15525;1540;44425;Aval
17518;15526;1540;45577;Amont
17519;15527;1541;84660;Aval
17520;15528;1541;86788;Amont
17521;15529;1542;511731;Aval
17522;15530;1542;512489;Amont
17523;15531;1543;512377;Aval
17524;15532;1543;513279;Amont
17525;15533;1544;78062;Aval
17526;15534;1544;86788;Amont
17527;15535;1545;402;Aval
17528;15536;1545;14910;Amont
17529;15537;1546;510578;Aval
17530;15538;1546;516134;Amont
17531;15539;1547;0;Aval
17532;15540;1547;1145;Amont
17533;15541;1548;523863;Aval
17534;15542;1548;525822;Amont
17535;15543;1549;44503;Aval
17536;15544;1549;45524;Amont
17537;15545;1550;10581;Aval
17538;15546;1550;11820;Amont
17539;15547;1551;12002;Aval
17540;15548;1551;12765;Amont
17541;15549;6951;95;Aval
17542;15550;6951;531;Amont
17543;15551;6952;95;Aval
17544;15552;6952;560;Amont
17545;15553;6953;95;Aval
17546;15554;6953;588;Amont
17547;15555;6954;95;Aval
17548;15556;6954;620;Amont
17549;15557;6955;95;Aval
17550;15558;6955;663;Amont
17551;15559;6956;712406;Aval
17552;15560;6956;713748;Amont
17553;15561;6957;740598;Aval
17554;15562;6957;741623;Amont
17555;15563;6958;775947;Aval
17556;15564;6958;776799;Amont
17557;15565;6959;827678;Aval
17558;15566;6959;828677;Amont
17559;15567;6960;835058;Aval
17560;15568;6960;836066;Amont
17561;15569;6961;843155;Aval
17562;15570;6961;844108;Amont
17563;15571;6962;65551;Aval
17564;15572;6962;66483;Amont
17565;15573;6963;8978;Aval
17566;15574;6963;9492;Amont
17567;15575;6964;9200;Aval
17568;15576;6964;13270;Amont
17569;15577;6965;316310;Aval
17570;15578;6965;318786;Amont
17571;15579;6966;9388;Aval
17572;15580;6966;10581;Amont
17573;15581;6967;78062;Aval
17574;15582;6967;79234;Amont
17575;15583;6968;78116;Aval
17576;15584;6968;79043;Amont
17577;15585;6969;0;Aval
17578;15586;6969;882;Amont
17579;15587;6970;44260;Aval
17580;15588;6970;45532;Amont
17581;15589;6971;806707;Aval
17582;15590;6971;808109;Amont
17583;15591;6972;154573;Aval
17584;15592;6972;155173;Amont
17585;15593;6973;95;Aval
17586;15594;6973;605;Amont
17587;15595;6974;95;Aval
17588;15596;6974;572;Amont
17589;15597;6975;805809;Aval
17590;15598;6975;808579;Amont
17591;15599;6976;11820;Aval
17592;15600;6976;13721;Amont
17593;15601;6977;713772;Aval
17594;15602;6977;714304;Amont
17595;15603;6978;731611;Aval
17596;15604;6978;732528;Amont
17597;15605;6979;740597;Aval
17598;15606;6979;741623;Amont
17599;15607;6980;775707;Aval
17600;15608;6980;776626;Amont
17601;15609;6981;8194;Aval
17602;15610;6981;9262;Amont
17603;15611;6982;9194;Aval
17604;15612;6982;10581;Amont
17605;15613;6983;78066;Aval
17606;15614;6983;79234;Amont
17607;15615;6984;828682;Aval
17608;15616;6984;829599;Amont
17609;15617;6985;78102;Aval
17610;15618;6985;78975;Amont
17611;15619;6986;0;Aval
17612;15620;6986;846;Amont
17613;15621;6987;727;Aval
17614;15622;6987;2799;Amont
17615;15623;6988;806707;Aval
17616;15624;6988;808080;Amont
17617;15625;6989;13162;Aval
17618;15626;6989;14060;Amont
17619;15627;6990;742730;Aval
17620;15628;6990;743518;Amont
17621;15629;6991;8900;Aval
17622;15630;6991;9625;Amont
17623;15631;6992;76916;Aval
17624;15632;6992;78014;Amont
17625;15633;6993;363525;Aval
17626;15634;6993;364426;Amont
17627;15635;6994;2633;Aval
17628;15636;6994;3845;Amont
17629;15637;6995;1543;Aval
17630;15638;6995;1862;Amont
17631;15639;6996;1716;Aval
17632;15640;6996;1897;Amont
17633;15641;6997;95;Aval
17634;15642;6997;462;Amont
17635;15643;6998;439610;Aval
17636;15644;6998;440944;Amont
17637;15645;6999;95;Aval
17638;15646;6999;480;Amont
17639;15647;7000;95;Aval
17640;15648;7000;504;Amont
17641;15649;7001;1295;Aval
17642;15650;7001;1716;Amont
17643;15651;7002;-60;Aval
17644;15652;7002;387;Amont
17645;15653;7003;13960;Aval
17646;15654;7003;14688;Amont
17647;15655;7004;25491;Aval
17648;15656;7004;26065;Amont
17649;15657;7005;43494;Aval
17650;15658;7005;44810;Amont
17651;15659;7006;194892;Aval
17652;15660;7006;195974;Amont
17653;15661;7007;212781;Aval
17654;15662;7007;213856;Amont
17655;15663;7008;224305;Aval
17656;15664;7008;225655;Amont
17657;15665;7009;231740;Aval
17658;15666;7009;233019;Amont
17659;15667;7010;245528;Aval
17660;15668;7010;246682;Amont
17661;15669;7011;294837;Aval
17662;15670;7011;295916;Amont
17663;15671;7012;308154;Aval
17664;15672;7012;309365;Amont
17665;15673;7013;313507;Aval
17666;15674;7013;314698;Amont
17667;15675;7014;381615;Aval
17668;15676;7014;382370;Amont
17669;15677;7015;439512;Aval
17670;15678;7015;440469;Amont
17671;15679;7016;476826;Aval
17672;15680;7016;477844;Amont
17673;15681;7017;510579;Aval
17674;15682;7017;511217;Amont
17675;15683;7018;521329;Aval
17676;15684;7018;525251;Amont
17677;15685;7019;542423;Aval
17678;15686;7019;543014;Amont
17679;15687;7020;571451;Aval
17680;15688;7020;572272;Amont
17681;15689;7021;616774;Aval
17682;15690;7021;617520;Amont
17683;15691;7022;634036;Aval
17684;15692;7022;634646;Amont
17685;15693;7023;740897;Aval
17686;15694;7023;741773;Amont
17687;15695;7024;805097;Aval
17688;15696;7024;806707;Amont
17689;15697;7025;14641;Aval
17690;15698;7025;15300;Amont
17691;15699;7026;841405;Aval
17692;15700;7026;842360;Amont
17693;15701;7027;1965;Aval
17694;15702;7027;2495;Amont
17695;15703;7028;295828;Aval
17696;15704;7028;296020;Amont
17697;15705;7029;309254;Aval
17698;15706;7029;309323;Amont
17699;15707;7030;14068;Aval
17700;15708;7030;14641;Amont
17701;15709;7031;194892;Aval
17702;15710;7031;195966;Amont
17703;15711;7032;232978;Aval
17704;15712;7032;234104;Amont
17705;15713;7033;245527;Aval
17706;15714;7033;246693;Amont
17707;15715;7034;476782;Aval
17708;15716;7034;477938;Amont
17709;15717;7035;510610;Aval
17710;15718;7035;511176;Amont
17711;15719;7036;521288;Aval
17712;15720;7036;523863;Amont
17713;15721;7037;542437;Aval
17714;15722;7037;543025;Amont
17715;15723;7038;633743;Aval
17716;15724;7038;634835;Amont
17717;15725;7039;740984;Aval
17718;15726;7039;741855;Amont
17719;15727;7040;808764;Aval
17720;15728;7040;809519;Amont
17721;15729;7041;808080;Aval
17722;15730;7041;808764;Amont
17723;15731;7042;765;Aval
17724;15732;7042;2495;Amont
17725;15733;7043;-60;Aval
17726;15734;7043;378;Amont
17727;15735;7044;313097;Aval
17728;15736;7044;314680;Amont
17729;15737;7045;381612;Aval
17730;15738;7045;382800;Amont
17731;15739;7046;616797;Aval
17732;15740;7046;617441;Amont
17733;15741;7047;740992;Aval
17734;15742;7047;741862;Amont
17735;15743;7048;834914;Aval
17736;15744;7048;835132;Amont
17737;15745;7049;741623;Aval
17738;15746;7049;744587;Amont
17739;15747;7050;515;Aval
17740;15748;7050;1870;Amont
17741;15749;7051;-60;Aval
17742;15750;7051;367;Amont
17743;15751;7052;313840;Aval
17744;15752;7052;314550;Amont
17745;15753;7053;381728;Aval
17746;15754;7053;382799;Amont
17747;15755;7054;616684;Aval
17748;15756;7054;617339;Amont
17749;15757;7055;741427;Aval
17750;15758;7055;741695;Amont
17751;15759;7056;861429;Aval
17752;15760;7056;862100;Amont
17753;15761;7057;-60;Aval
17754;15762;7057;368;Amont
17755;15763;7058;313819;Aval
17756;15764;7058;314526;Amont
17757;15765;7059;381773;Aval
17758;15766;7059;382476;Amont
17759;15767;7060;510588;Aval
17760;15768;7060;511133;Amont
17761;15769;7061;542473;Aval
17762;15770;7061;542952;Amont
17763;15771;7062;741427;Aval
17764;15772;7062;741645;Amont
17765;15773;7063;861562;Aval
17766;15774;7063;862100;Amont
17767;15775;7064;860247;Aval
17768;15776;7064;861142;Amont
17769;15777;7065;313723;Aval
17770;15778;7065;314655;Amont
17771;15779;7066;381871;Aval
17772;15780;7066;382213;Amont
17773;15781;7067;616906;Aval
17774;15782;7067;617413;Amont
17775;15783;7068;861459;Aval
17776;15784;7068;862100;Amont
17777;15785;7069;-60;Aval
17778;15786;7069;374;Amont
17779;15787;7070;313723;Aval
17780;15788;7070;314422;Amont
17781;15789;7071;510646;Aval
17782;15790;7071;511109;Amont
17783;15791;7072;861520;Aval
17784;15792;7072;862100;Amont
17785;15793;7073;-60;Aval
17786;15794;7073;377;Amont
17787;15795;7074;313728;Aval
17788;15796;7074;314452;Amont
17789;15797;7075;510669;Aval
17790;15798;7075;511079;Amont
17791;15799;7076;861551;Aval
17792;15800;7076;862100;Amont
17793;15801;7077;-60;Aval
17794;15802;7077;422;Amont
17795;15803;7078;313247;Aval
17796;15804;7078;314655;Amont
17797;15805;7079;-60;Aval
17798;15806;7079;398;Amont
17799;15807;7080;-35;Aval
17800;15808;7080;26;Amont
17801;15809;7081;254;Aval
17802;15810;7081;340;Amont
17803;15811;7082;254;Aval
17804;15812;7082;340;Amont
17805;15813;7083;254;Aval
17806;15814;7083;340;Amont
17807;15815;7084;254;Aval
17808;15816;7084;340;Amont
17809;15817;7085;343;Aval
17810;15818;7085;426;Amont
17811;15819;7086;343;Aval
17812;15820;7086;426;Amont
17813;15821;7087;367;Aval
17814;15822;7087;685;Amont
17815;15823;7088;368;Aval
17816;15824;7088;452;Amont
17817;15825;7089;368;Aval
17818;15826;7089;416;Amont
17819;15827;7090;374;Aval
17820;15828;7090;513;Amont
17821;15829;7091;374;Aval
17822;15830;7091;452;Amont
17823;15831;7092;377;Aval
17824;15832;7092;422;Amont
17825;15833;7093;378;Aval
17826;15834;7093;739;Amont
17827;15835;7094;446;Aval
17828;15836;7094;536;Amont
17829;15837;7095;374;Aval
17830;15838;7095;419;Amont
17831;15839;7096;374;Aval
17832;15840;7096;420;Amont
17833;15841;7097;387;Aval
17834;15842;7097;600;Amont
17835;15843;7098;473;Aval
17836;15844;7098;514;Amont
17837;15845;7099;398;Aval
17838;15846;7099;600;Amont
17839;15847;7100;402;Aval
17840;15848;7100;481;Amont
17841;15849;7101;422;Aval
17842;15850;7101;607;Amont
17843;15851;7102;428;Aval
17844;15852;7102;510;Amont
17845;15853;7103;428;Aval
17846;15854;7103;510;Amont
17847;15855;7104;428;Aval
17848;15856;7104;510;Amont
17849;15857;7105;428;Aval
17850;15858;7105;510;Amont
17851;15859;7106;416;Aval
17852;15860;7106;540;Amont
17853;15861;7107;460;Aval
17854;15862;7107;665;Amont
17855;15863;7108;480;Aval
17856;15864;7108;541;Amont
17857;15865;7109;495;Aval
17858;15866;7109;586;Amont
17859;15867;7110;504;Aval
17860;15868;7110;765;Amont
17861;15869;7111;525;Aval
17862;15870;7111;611;Amont
17863;15871;7112;531;Aval
17864;15872;7112;627;Amont
17865;15873;7113;550;Aval
17866;15874;7113;603;Amont
17867;15875;7114;560;Aval
17868;15876;7114;627;Amont
17869;15877;7115;585;Aval
17870;15878;7115;804;Amont
17871;15879;7116;588;Aval
17872;15880;7116;626;Amont
17873;15881;7117;600;Aval
17874;15882;7117;727;Amont
17875;15883;7118;624;Aval
17876;15884;7118;655;Amont
17877;15885;7119;620;Aval
17878;15886;7119;765;Amont
17879;15887;7120;664;Aval
17880;15888;7120;727;Amont
17881;15889;7121;727;Aval
17882;15890;7121;764;Amont
17883;15891;7122;721;Aval
17884;15892;7122;809;Amont
17885;15893;7123;745;Aval
17886;15894;7123;832;Amont
17887;15895;7124;813;Aval
17888;15896;7124;897;Amont
17889;15897;7125;856;Aval
17890;15898;7125;913;Amont
17891;15899;7126;857;Aval
17892;15900;7126;914;Amont
17893;15901;7127;927;Aval
17894;15902;7127;997;Amont
17895;15903;7128;953;Aval
17896;15904;7128;1001;Amont
17897;15905;7129;1052;Aval
17898;15906;7129;1176;Amont
17899;15907;7130;1056;Aval
17900;15908;7130;1158;Amont
17901;15909;7131;1371;Aval
17902;15910;7131;1463;Amont
17903;15911;7132;1372;Aval
17904;15912;7132;1430;Amont
17905;15913;7133;1382;Aval
17906;15914;7133;1441;Amont
17907;15915;7134;1448;Aval
17908;15916;7134;1511;Amont
17909;15917;7135;1470;Aval
17910;15918;7135;1611;Amont
17911;15919;7136;1483;Aval
17912;15920;7136;1568;Amont
17913;15921;7137;1543;Aval
17914;15922;7137;1600;Amont
17915;15923;7138;1586;Aval
17916;15924;7138;1617;Amont
17917;15925;7139;1788;Aval
17918;15926;7139;1866;Amont
17919;15927;7140;1946;Aval
17920;15928;7140;1983;Amont
17921;15929;7141;1952;Aval
17922;15930;7141;2013;Amont
17923;15931;7142;1977;Aval
17924;15932;7142;2018;Amont
17925;15933;7143;2044;Aval
17926;15934;7143;2096;Amont
17927;15935;7144;3041;Aval
17928;15936;7144;3168;Amont
17929;15937;7145;3049;Aval
17930;15938;7145;3126;Amont
17931;15939;7146;3845;Aval
17932;15940;7146;3897;Amont
17933;15941;7147;7510;Aval
17934;15942;7147;7641;Amont
17935;15943;7148;7802;Aval
17936;15944;7148;7933;Amont
17937;15945;7149;7866;Aval
17938;15946;7149;7991;Amont
17939;15947;7150;7991;Aval
17940;15948;7150;8125;Amont
17941;15949;7151;8073;Aval
17942;15950;7151;8203;Amont
17943;15951;7152;8109;Aval
17944;15952;7152;8238;Amont
17945;15953;7153;8148;Aval
17946;15954;7153;8212;Amont
17947;15955;7154;8908;Aval
17948;15956;7154;9061;Amont
17949;15957;7155;8923;Aval
17950;15958;7155;9086;Amont
17951;15959;7156;8981;Aval
17952;15960;7156;9117;Amont
17953;15961;7157;9282;Aval
17954;15962;7157;9354;Amont
17955;15963;7158;10215;Aval
17956;15964;7158;10471;Amont
17957;15965;7159;10548;Aval
17958;15966;7159;10581;Amont
17959;15967;7160;10586;Aval
17960;15968;7160;10776;Amont
17961;15969;7161;10765;Aval
17962;15970;7161;10826;Amont
17963;15971;7162;13041;Aval
17964;15972;7162;13229;Amont
17965;15973;7163;13270;Aval
17966;15974;7163;13303;Amont
17967;15975;7164;13803;Aval
17968;15976;7164;13917;Amont
17969;15977;7165;13956;Aval
17970;15978;7165;14060;Amont
17971;15979;7166;14066;Aval
17972;15980;7166;14150;Amont
17973;15981;7167;14181;Aval
17974;15982;7167;14238;Amont
17975;15983;7168;14510;Aval
17976;15984;7168;14642;Amont
17977;15985;7169;14527;Aval
17978;15986;7169;14603;Amont
17979;15987;7170;14554;Aval
17980;15988;7170;14640;Amont
17981;15989;7171;14554;Aval
17982;15990;7171;14641;Amont
17983;15991;7172;14634;Aval
17984;15992;7172;14731;Amont
17985;15993;7173;14750;Aval
17986;15994;7173;14832;Amont
17987;15995;7174;14747;Aval
17988;15996;7174;14839;Amont
17989;15997;7175;14881;Aval
17990;15998;7175;14973;Amont
17991;15999;7176;14910;Aval
17992;16000;7176;15022;Amont
17993;16001;7177;15037;Aval
17994;16002;7177;15215;Amont
17995;16003;7178;25473;Aval
17996;16004;7178;25596;Amont
17997;16005;7179;25988;Aval
17998;16006;7179;26050;Amont
17999;16007;7180;26085;Aval
18000;16008;7180;26147;Amont
18001;16009;7181;26161;Aval
18002;16010;7181;26247;Amont
18003;16011;7182;28038;Aval
18004;16012;7182;28151;Amont
18005;16013;7183;28340;Aval
18006;16014;7183;29127;Amont
18007;16015;7184;28995;Aval
18008;16016;7184;29284;Amont
18009;16017;7185;29775;Aval
18010;16018;7185;29938;Amont
18011;16019;7186;29956;Aval
18012;16020;7186;30105;Amont
18013;16021;7187;29983;Aval
18014;16022;7187;30146;Amont
18015;16023;7188;30193;Aval
18016;16024;7188;30360;Amont
18017;16025;7189;43257;Aval
18018;16026;7189;43441;Amont
18019;16027;7190;43344;Aval
18020;16028;7190;43475;Amont
18021;16029;7191;43696;Aval
18022;16030;7191;43835;Amont
18023;16031;7192;44258;Aval
18024;16032;7192;44390;Amont
18025;16033;7193;44346;Aval
18026;16034;7193;44425;Amont
18027;16035;7194;44461;Aval
18028;16036;7194;44626;Amont
18029;16037;7195;45683;Aval
18030;16038;7195;45817;Amont
18031;16039;7196;56201;Aval
18032;16040;7196;56333;Amont
18033;16041;7197;56358;Aval
18034;16042;7197;56491;Amont
18035;16043;7198;66343;Aval
18036;16044;7198;66441;Amont
18037;16045;7199;67866;Aval
18038;16046;7199;67950;Amont
18039;16047;7200;67962;Aval
18040;16048;7200;68044;Amont
18041;16049;7201;77902;Aval
18042;16050;7201;77955;Amont
18043;16051;7202;77935;Aval
18044;16052;7202;78066;Amont
18045;16053;7203;77963;Aval
18046;16054;7203;78062;Amont
18047;16055;7204;78166;Aval
18048;16056;7204;78223;Amont
18049;16057;7205;78740;Aval
18050;16058;7205;79133;Amont
18051;16059;7206;78789;Aval
18052;16060;7206;78870;Amont
18053;16061;7207;78794;Aval
18054;16062;7207;78868;Amont
18055;16063;7208;78936;Aval
18056;16064;7208;79007;Amont
18057;16065;7209;78955;Aval
18058;16066;7209;79072;Amont
18059;16067;7210;79045;Aval
18060;16068;7210;79105;Amont
18061;16069;7211;80000;Aval
18062;16070;7211;80084;Amont
18063;16071;7212;86496;Aval
18064;16072;7212;86663;Amont
18065;16073;7213;86570;Aval
18066;16074;7213;86794;Amont
18067;16075;7214;111402;Aval
18068;16076;7214;111532;Amont
18069;16077;7215;111666;Aval
18070;16078;7215;111794;Amont
18071;16079;7216;111754;Aval
18072;16080;7216;111898;Amont
18073;16081;7217;112912;Aval
18074;16082;7217;113090;Amont
18075;16083;7218;113046;Aval
18076;16084;7218;113188;Amont
18077;16085;7219;113053;Aval
18078;16086;7219;113183;Amont
18079;16087;7220;113560;Aval
18080;16088;7220;113640;Amont
18081;16089;7221;154208;Aval
18082;16090;7221;154287;Amont
18083;16091;7222;154212;Aval
18084;16092;7222;154293;Amont
18085;16093;7223;154308;Aval
18086;16094;7223;154421;Amont
18087;16095;7224;154572;Aval
18088;16096;7224;154654;Amont
18089;16097;7225;154571;Aval
18090;16098;7225;154628;Amont
18091;16099;7226;155272;Aval
18092;16100;7226;155349;Amont
18093;16101;7227;155365;Aval
18094;16102;7227;155406;Amont
18095;16103;7228;157168;Aval
18096;16104;7228;157249;Amont
18097;16105;7229;157209;Aval
18098;16106;7229;157380;Amont
18099;16107;7230;157385;Aval
18100;16108;7230;157512;Amont
18101;16109;7231;157336;Aval
18102;16110;7231;157418;Amont
18103;16111;7232;165946;Aval
18104;16112;7232;166137;Amont
18105;16113;7233;168110;Aval
18106;16114;7233;168315;Amont
18107;16115;7234;172450;Aval
18108;16116;7234;172649;Amont
18109;16117;7235;173500;Aval
18110;16118;7235;173578;Amont
18111;16119;7236;195854;Aval
18112;16120;7236;195918;Amont
18113;16121;7237;198995;Aval
18114;16122;7237;199079;Amont
18115;16123;7238;199142;Aval
18116;16124;7238;199223;Amont
18117;16125;7239;207205;Aval
18118;16126;7239;207288;Amont
18119;16127;7240;207360;Aval
18120;16128;7240;207444;Amont
18121;16129;7241;212622;Aval
18122;16130;7241;212686;Amont
18123;16131;7242;212781;Aval
18124;16132;7242;212872;Amont
18125;16133;7243;213729;Aval
18126;16134;7243;213830;Amont
18127;16135;7244;216927;Aval
18128;16136;7244;217009;Amont
18129;16137;7245;217081;Aval
18130;16138;7245;217159;Amont
18131;16139;7246;223974;Aval
18132;16140;7246;224106;Amont
18133;16141;7247;224116;Aval
18134;16142;7247;224275;Amont
18135;16143;7248;224292;Aval
18136;16144;7248;224421;Amont
18137;16145;7249;225537;Aval
18138;16146;7249;225660;Amont
18139;16147;7250;232907;Aval
18140;16148;7250;233075;Amont
18141;16149;7251;234001;Aval
18142;16150;7251;234126;Amont
18143;16151;7252;236308;Aval
18144;16152;7252;236722;Amont
18145;16153;7253;240968;Aval
18146;16154;7253;241051;Amont
18147;16155;7254;241124;Aval
18148;16156;7254;241208;Amont
18149;16157;7255;245570;Aval
18150;16158;7255;245650;Amont
18151;16159;7256;246512;Aval
18152;16160;7256;246580;Amont
18153;16161;7257;247923;Aval
18154;16162;7257;248006;Amont
18155;16163;7258;248092;Aval
18156;16164;7258;248175;Amont
18157;16165;7259;255913;Aval
18158;16166;7259;256094;Amont
18159;16167;7260;255988;Aval
18160;16168;7260;256323;Amont
18161;16169;7261;256429;Aval
18162;16170;7261;256618;Amont
18163;16171;7262;257272;Aval
18164;16172;7262;257327;Amont
18165;16173;7263;258643;Aval
18166;16174;7263;258775;Amont
18167;16175;7264;258988;Aval
18168;16176;7264;259120;Amont
18169;16177;7265;287904;Aval
18170;16178;7265;288031;Amont
18171;16179;7266;288038;Aval
18172;16180;7266;288143;Amont
18173;16181;7267;288038;Aval
18174;16182;7267;288143;Amont
18175;16183;7268;288263;Aval
18176;16184;7268;288375;Amont
18177;16185;7269;292636;Aval
18178;16186;7269;292719;Amont
18179;16187;7270;292738;Aval
18180;16188;7270;292821;Amont
18181;16189;7271;294812;Aval
18182;16190;7271;294971;Amont
18183;16191;7272;295870;Aval
18184;16192;7272;295957;Amont
18185;16193;7273;297960;Aval
18186;16194;7273;298093;Amont
18187;16195;7274;298207;Aval
18188;16196;7274;298339;Amont
18189;16197;7275;307207;Aval
18190;16198;7275;307291;Amont
18191;16199;7276;307351;Aval
18192;16200;7276;307487;Amont
18193;16201;7277;308154;Aval
18194;16202;7277;308293;Amont
18195;16203;7278;309210;Aval
18196;16204;7278;309352;Amont
18197;16205;7279;312929;Aval
18198;16206;7279;313079;Amont
18199;16207;7280;313247;Aval
18200;16208;7280;313376;Amont
18201;16209;7281;313324;Aval
18202;16210;7281;313462;Amont
18203;16211;7282;313603;Aval
18204;16212;7282;313650;Amont
18205;16213;7283;313620;Aval
18206;16214;7283;313839;Amont
18207;16215;7284;313667;Aval
18208;16216;7284;313816;Amont
18209;16217;7285;313787;Aval
18210;16218;7285;313892;Amont
18211;16219;7286;314357;Aval
18212;16220;7286;314430;Amont
18213;16221;7287;314361;Aval
18214;16222;7287;314437;Amont
18215;16223;7288;314429;Aval
18216;16224;7288;314505;Amont
18217;16225;7289;314452;Aval
18218;16226;7289;314610;Amont
18219;16227;7290;314460;Aval
18220;16228;7290;314523;Amont
18221;16229;7291;314539;Aval
18222;16230;7291;314595;Amont
18223;16231;7292;314507;Aval
18224;16232;7292;314566;Amont
18225;16233;7293;314600;Aval
18226;16234;7293;314680;Amont
18227;16235;7294;314625;Aval
18228;16236;7294;314696;Amont
18229;16237;7295;314818;Aval
18230;16238;7295;314943;Amont
18231;16239;7296;316127;Aval
18232;16240;7296;316227;Amont
18233;16241;7297;317648;Aval
18234;16242;7297;317715;Amont
18235;16243;7298;317662;Aval
18236;16244;7298;317712;Amont
18237;16245;7299;325007;Aval
18238;16246;7299;325064;Amont
18239;16247;7300;325594;Aval
18240;16248;7300;325656;Amont
18241;16249;7301;330641;Aval
18242;16250;7301;330707;Amont
18243;16251;7302;331283;Aval
18244;16252;7302;331346;Amont
18245;16253;7303;336941;Aval
18246;16254;7303;337000;Amont
18247;16255;7304;337190;Aval
18248;16256;7304;337251;Amont
18249;16257;7305;342004;Aval
18250;16258;7305;342074;Amont
18251;16259;7306;342714;Aval
18252;16260;7306;342767;Amont
18253;16261;7307;350519;Aval
18254;16262;7307;350592;Amont
18255;16263;7308;358013;Aval
18256;16264;7308;358075;Amont
18257;16265;7309;358597;Aval
18258;16266;7309;358654;Amont
18259;16267;7310;363032;Aval
18260;16268;7310;363115;Amont
18261;16269;7311;363241;Aval
18262;16270;7311;363324;Amont
18263;16271;7312;366754;Aval
18264;16272;7312;366837;Amont
18265;16273;7313;381548;Aval
18266;16274;7313;381614;Amont
18267;16275;7314;381773;Aval
18268;16276;7314;381846;Amont
18269;16277;7315;382620;Aval
18270;16278;7315;382730;Amont
18271;16279;7316;384050;Aval
18272;16280;7316;384107;Amont
18273;16281;7317;398204;Aval
18274;16282;7317;398266;Amont
18275;16283;7318;407255;Aval
18276;16284;7318;407318;Amont
18277;16285;7319;417154;Aval
18278;16286;7319;417211;Amont
18279;16287;7320;417598;Aval
18280;16288;7320;417660;Amont
18281;16289;7321;422059;Aval
18282;16290;7321;422118;Amont
18283;16291;7322;422719;Aval
18284;16292;7322;422782;Amont
18285;16293;7323;428739;Aval
18286;16294;7323;428803;Amont
18287;16295;7324;430087;Aval
18288;16296;7324;430150;Amont
18289;16297;7325;439270;Aval
18290;16298;7325;439501;Amont
18291;16299;7326;439992;Aval
18292;16300;7326;440071;Amont
18293;16301;7327;440074;Aval
18294;16302;7327;440186;Amont
18295;16303;7328;440218;Aval
18296;16304;7328;440314;Amont
18297;16305;7329;440326;Aval
18298;16306;7329;440413;Amont
18299;16307;7330;440486;Aval
18300;16308;7330;440597;Amont
18301;16309;7331;442154;Aval
18302;16310;7331;442347;Amont
18303;16311;7332;445456;Aval
18304;16312;7332;445609;Amont
18305;16313;7333;462480;Aval
18306;16314;7333;462539;Amont
18307;16315;7334;463145;Aval
18308;16316;7334;463187;Amont
18309;16317;7335;476870;Aval
18310;16318;7335;476949;Amont
18311;16319;7336;477588;Aval
18312;16320;7336;477778;Amont
18313;16321;7337;488257;Aval
18314;16322;7337;488320;Amont
18315;16323;7338;489382;Aval
18316;16324;7338;489478;Amont
18317;16325;7339;489492;Aval
18318;16326;7339;489674;Amont
18319;16327;7340;489822;Aval
18320;16328;7340;489961;Amont
18321;16329;7341;490250;Aval
18322;16330;7341;490337;Amont
18323;16331;7342;490464;Aval
18324;16332;7342;490598;Amont
18325;16333;7343;491178;Aval
18326;16334;7343;491308;Amont
18327;16335;7344;499250;Aval
18328;16336;7344;499383;Amont
18329;16337;7345;499580;Aval
18330;16338;7345;499743;Amont
18331;16339;7346;505725;Aval
18332;16340;7346;505785;Amont
18333;16341;7347;505934;Aval
18334;16342;7347;506012;Amont
18335;16343;7348;506584;Aval
18336;16344;7348;506658;Amont
18337;16345;7349;506684;Aval
18338;16346;7349;506802;Amont
18339;16347;7350;507878;Aval
18340;16348;7350;508014;Amont
18341;16349;7351;510484;Aval
18342;16350;7351;510552;Amont
18343;16351;7352;510506;Aval
18344;16352;7352;510579;Amont
18345;16353;7353;510543;Aval
18346;16354;7353;510610;Amont
18347;16355;7354;510586;Aval
18348;16356;7354;510671;Amont
18349;16357;7355;510613;Aval
18350;16358;7355;510757;Amont
18351;16359;7356;511040;Aval
18352;16360;7356;511091;Amont
18353;16361;7357;511079;Aval
18354;16362;7357;511118;Amont
18355;16363;7358;511088;Aval
18356;16364;7358;511170;Amont
18357;16365;7359;511109;Aval
18358;16366;7359;511144;Amont
18359;16367;7360;511108;Aval
18360;16368;7360;511230;Amont
18361;16369;7361;511133;Aval
18362;16370;7361;511239;Amont
18363;16371;7362;511269;Aval
18364;16372;7362;511405;Amont
18365;16373;7363;511265;Aval
18366;16374;7363;511314;Amont
18367;16375;7364;511443;Aval
18368;16376;7364;511577;Amont
18369;16377;7365;511576;Aval
18370;16378;7365;511660;Amont
18371;16379;7366;511624;Aval
18372;16380;7366;511712;Amont
18373;16381;7367;511625;Aval
18374;16382;7367;511713;Amont
18375;16383;7368;511942;Aval
18376;16384;7368;512010;Amont
18377;16385;7369;511785;Aval
18378;16386;7369;511870;Amont
18379;16387;7370;512564;Aval
18380;16388;7370;512694;Amont
18381;16389;7371;512850;Aval
18382;16390;7371;512907;Amont
18383;16391;7372;513451;Aval
18384;16392;7372;513743;Amont
18385;16393;7373;513905;Aval
18386;16394;7373;514035;Amont
18387;16395;7374;513783;Aval
18388;16396;7374;513827;Amont
18389;16397;7375;513868;Aval
18390;16398;7375;513882;Amont
18391;16399;7376;514167;Aval
18392;16400;7376;514192;Amont
18393;16401;7377;514921;Aval
18394;16402;7377;514985;Amont
18395;16403;7378;515082;Aval
18396;16404;7378;515139;Amont
18397;16405;7379;515096;Aval
18398;16406;7379;515278;Amont
18399;16407;7380;515096;Aval
18400;16408;7380;515276;Amont
18401;16409;7381;515034;Aval
18402;16410;7381;515296;Amont
18403;16411;7382;516286;Aval
18404;16412;7382;516364;Amont
18405;16413;7383;516294;Aval
18406;16414;7383;516375;Amont
18407;16415;7384;520924;Aval
18408;16416;7384;521056;Amont
18409;16417;7385;520983;Aval
18410;16418;7385;521113;Amont
18411;16419;7386;522592;Aval
18412;16420;7386;522761;Amont
18413;16421;7387;522777;Aval
18414;16422;7387;522876;Amont
18415;16423;7388;523806;Aval
18416;16424;7388;523920;Amont
18417;16425;7389;524187;Aval
18418;16426;7389;524289;Amont
18419;16427;7390;525984;Aval
18420;16428;7390;526113;Amont
18421;16429;7391;526188;Aval
18422;16430;7391;526318;Amont
18423;16431;7392;529724;Aval
18424;16432;7392;529807;Amont
18425;16433;7393;529864;Aval
18426;16434;7393;529976;Amont
18427;16435;7394;532304;Aval
18428;16436;7394;532386;Amont
18429;16437;7395;542473;Aval
18430;16438;7395;542530;Amont
18431;16439;7396;543195;Aval
18432;16440;7396;543250;Amont
18433;16441;7397;554652;Aval
18434;16442;7397;554705;Amont
18435;16443;7398;570283;Aval
18436;16444;7398;570366;Amont
18437;16445;7399;571384;Aval
18438;16446;7399;571429;Amont
18439;16447;7400;571458;Aval
18440;16448;7400;571527;Amont
18441;16449;7401;571522;Aval
18442;16450;7401;571579;Amont
18443;16451;7402;572288;Aval
18444;16452;7402;572348;Amont
18445;16453;7403;584465;Aval
18446;16454;7403;584497;Amont
18447;16455;7404;615507;Aval
18448;16456;7404;615590;Amont
18449;16457;7405;617341;Aval
18450;16458;7405;617444;Amont
18451;16459;7406;617487;Aval
18452;16460;7406;617586;Amont
18453;16461;7407;618330;Aval
18454;16462;7407;618409;Amont
18455;16463;7408;618416;Aval
18456;16464;7408;618478;Amont
18457;16465;7409;633672;Aval
18458;16466;7409;633769;Amont
18459;16467;7410;633928;Aval
18460;16468;7410;634036;Amont
18461;16469;7411;634107;Aval
18462;16470;7411;634149;Amont
18463;16471;7412;634499;Aval
18464;16472;7412;634693;Amont
18465;16473;7413;635663;Aval
18466;16474;7413;635744;Amont
18467;16475;7414;661074;Aval
18468;16476;7414;661122;Amont
18469;16477;7415;682214;Aval
18470;16478;7415;682274;Amont
18471;16479;7416;683240;Aval
18472;16480;7416;683316;Amont
18473;16481;7417;694982;Aval
18474;16482;7417;695044;Amont
18475;16483;7418;712266;Aval
18476;16484;7418;712349;Amont
18477;16485;7419;713748;Aval
18478;16486;7419;713772;Amont
18479;16487;7420;731452;Aval
18480;16488;7420;731514;Amont
18481;16489;7421;731548;Aval
18482;16490;7421;731610;Amont
18483;16491;7422;740897;Aval
18484;16492;7422;740977;Amont
18485;16493;7423;740959;Aval
18486;16494;7423;741042;Amont
18487;16495;7424;741046;Aval
18488;16496;7424;741085;Amont
18489;16497;7425;741613;Aval
18490;16498;7425;741685;Amont
18491;16499;7426;741615;Aval
18492;16500;7426;741786;Amont
18493;16501;7427;741626;Aval
18494;16502;7427;741693;Amont
18495;16503;7428;741700;Aval
18496;16504;7428;741756;Amont
18497;16505;7429;759247;Aval
18498;16506;7429;759377;Amont
18499;16507;7430;759419;Aval
18500;16508;7430;759548;Amont
18501;16509;7431;763788;Aval
18502;16510;7431;763849;Amont
18503;16511;7432;775839;Aval
18504;16512;7432;775944;Amont
18505;16513;7433;776675;Aval
18506;16514;7433;776755;Amont
18507;16515;7434;792289;Aval
18508;16516;7434;792347;Amont
18509;16517;7435;792597;Aval
18510;16518;7435;792648;Amont
18511;16519;7436;798900;Aval
18512;16520;7436;798957;Amont
18513;16521;7437;805109;Aval
18514;16522;7437;805335;Amont
18515;16523;7438;808051;Aval
18516;16524;7438;808109;Amont
18517;16525;7439;809374;Aval
18518;16526;7439;809463;Amont
18519;16527;7440;818022;Aval
18520;16528;7440;818153;Amont
18521;16529;7441;818166;Aval
18522;16530;7441;818302;Amont
18523;16531;7442;827734;Aval
18524;16532;7442;827867;Amont
18525;16533;7443;827466;Aval
18526;16534;7443;827597;Amont
18527;16535;7444;834999;Aval
18528;16536;7444;835056;Amont
18529;16537;7445;841342;Aval
18530;16538;7445;841404;Amont
18531;16539;7446;842890;Aval
18532;16540;7446;842973;Amont
18533;16541;7447;844109;Aval
18534;16542;7447;844170;Amont
18535;16543;7448;844413;Aval
18536;16544;7448;844492;Amont
18537;16545;7449;851299;Aval
18538;16546;7449;851380;Amont
18539;16547;7450;851381;Aval
18540;16548;7450;851473;Amont
18541;16549;7451;851435;Aval
18542;16550;7451;851523;Amont
18543;16551;7452;851808;Aval
18544;16552;7452;851919;Amont
18545;16553;7453;851943;Aval
18546;16554;7453;852052;Amont
18547;16555;7454;856728;Aval
18548;16556;7454;856855;Amont
18549;16557;7455;856879;Aval
18550;16558;7455;857005;Amont
18551;16559;7456;-60;Aval
18552;16560;7456;402;Amont
18553;16561;7457;617449;Aval
18554;16562;7457;618382;Amont
18555;16563;7458;861703;Aval
18556;16564;7458;862100;Amont
18557;16565;7459;-60;Aval
18558;16566;7459;446;Amont
18559;16567;7460;861703;Aval
18560;16568;7460;862100;Amont
18561;16569;7461;-60;Aval
18562;16570;7461;473;Amont
18563;16571;7462;861749;Aval
18564;16572;7462;862100;Amont
18565;16573;7463;851843;Aval
18566;16574;7463;852683;Amont
18567;16575;7464;851881;Aval
18568;16576;7464;852711;Amont
18569;16577;7465;-53;Aval
18570;16578;7465;456;Amont
18571;16579;7466;831;Aval
18572;16580;7466;1370;Amont
18573;16581;7467;1370;Aval
18574;16582;7467;1543;Amont
18575;16583;7468;832;Aval
18576;16584;7468;1370;Amont
18577;16585;7469;808109;Aval
18578;16586;7469;808197;Amont
18579;16587;7470;808080;Aval
18580;16588;7470;808242;Amont
18581;16589;7471;808197;Aval
18582;16590;7471;808690;Amont
18583;16591;7472;832;Aval
18584;16592;7472;1338;Amont
18585;16593;7473;833;Aval
18586;16594;7473;1312;Amont
18587;16595;7474;833;Aval
18588;16596;7474;1333;Amont
18589;16597;7475;1333;Aval
18590;16598;7475;1628;Amont
18591;16599;8690;313775;Aval
18592;16600;8690;314197;Amont
18593;16601;8691;859448;Aval
18594;16602;8691;861703;Amont
18595;16603;8692;43457;Aval
18596;16604;8692;43599;Amont
18597;16605;8693;43666;Aval
18598;16606;8693;43750;Amont
18599;16607;8694;111403;Aval
18600;16608;8694;111554;Amont
18601;16609;8695;314802;Aval
18602;16610;8695;314883;Amont
18603;16611;8696;317576;Aval
18604;16612;8696;317795;Amont
18605;16613;8697;350421;Aval
18606;16614;8697;350479;Amont
18607;16615;8698;861726;Aval
18608;16616;8698;862070;Amont
18609;16617;8699;731415;Aval
18610;16618;8699;731547;Amont
18611;16619;8725;616812;Aval
18612;16620;8725;617468;Amont
18613;16621;8785;510631;Aval
18614;16622;8785;511153;Amont
18615;16623;8881;314567;Aval
18616;16624;8881;314631;Amont
18617;16625;8886;242572;Aval
18618;16626;8886;242628;Amont
18619;16627;9107;691076;Aval
18620;16628;9107;691206;Amont
18621;16629;9111;693580;Aval
18622;16630;9111;693787;Amont
18623;16631;9133;810539;Aval
18624;16632;9133;810619;Amont
18625;16633;9134;807535;Aval
18626;16634;9134;807585;Amont
18627;16635;9137;807547;Aval
18628;16636;9137;807612;Amont
18629;16637;9138;807629;Aval
18630;16638;9138;807680;Amont
18631;16639;9139;807945;Aval
18632;16640;9139;808025;Amont
18633;16641;9142;808850;Aval
18634;16642;9142;808933;Amont
18635;16643;9143;808888;Aval
18636;16644;9143;808947;Amont
18637;16645;9149;856121;Aval
18638;16646;9149;856162;Amont
18639;16647;9152;852160;Aval
18640;16648;9152;852249;Amont
18641;16649;9153;852560;Aval
18642;16650;9153;852660;Amont
18643;16651;9160;859494;Aval
18644;16652;9160;859625;Amont
18645;16653;9161;859633;Aval
18646;16654;9161;859714;Amont
18647;16655;9162;859750;Aval
18648;16656;9162;859889;Amont
18649;16657;9163;859907;Aval
18650;16658;9163;859988;Amont
18651;16659;9164;860018;Aval
18652;16660;9164;860127;Amont
18653;16661;9165;860141;Aval
18654;16662;9165;860247;Amont
18655;16663;9166;860207;Aval
18656;16664;9166;860350;Amont
18657;16665;9167;860876;Aval
18658;16666;9167;860955;Amont
18659;16667;9169;860908;Aval
18660;16668;9169;860985;Amont
18661;16669;9170;860929;Aval
18662;16670;9170;861024;Amont
18663;16671;9171;860986;Aval
18664;16672;9171;861066;Amont
18665;16673;9172;861068;Aval
18666;16674;9172;861125;Amont
18667;16675;9176;439710;Aval
18668;16676;9176;440485;Amont
18669;16677;9177;439896;Aval
18670;16678;9177;439940;Amont
18671;16679;9178;861222;Aval
18672;16680;9178;861304;Amont
18673;16681;9179;861222;Aval
18674;16682;9179;861304;Amont
18675;16683;9184;861492;Aval
18676;16684;9184;861628;Amont
18677;16685;9185;861549;Aval
18678;16686;9185;861640;Amont
18679;16687;9186;861455;Aval
18680;16688;9186;861596;Amont
18681;16689;9187;861486;Aval
18682;16690;9187;861622;Amont
18683;16691;9192;740823;Aval
18684;16692;9192;740893;Amont
18685;16693;9193;741030;Aval
18686;16694;9193;741090;Amont
18687;16695;9194;744346;Aval
18688;16696;9194;744437;Amont
18689;16697;9195;741703;Aval
18690;16698;9195;741762;Amont
18691;16699;9212;112945;Aval
18692;16700;9212;113036;Amont
18693;16701;9216;77971;Aval
18694;16702;9216;78102;Amont
18695;16703;9217;43566;Aval
18696;16704;9217;43629;Amont
18697;16705;9220;45851;Aval
18698;16706;9220;45935;Amont
18699;16707;9221;44387;Aval
18700;16708;9221;44517;Amont
18701;16709;9224;13973;Aval
18702;16710;9224;14056;Amont
18703;16711;9226;3252;Aval
18704;16712;9226;3334;Amont
18705;16713;9227;2495;Aval
18706;16714;9227;2835;Amont
18707;16715;9232;1595;Aval
18708;16716;9232;1664;Amont
18709;16717;9309;490621;Aval
18710;16718;9309;490661;Amont
18711;16719;9315;500483;Aval
18712;16720;9315;500645;Amont
18713;16721;9316;500800;Aval
18714;16722;9316;500931;Amont
18715;16723;9321;567066;Aval
18716;16724;9321;567100;Amont
18717;16725;9326;570368;Aval
18718;16726;9326;570441;Amont
18719;16727;9327;571529;Aval
18720;16728;9327;572208;Amont
18721;16729;9328;570466;Aval
18722;16730;9328;572164;Amont
18723;16731;9329;571584;Aval
18724;16732;9329;571636;Amont
18725;16733;9330;571774;Aval
18726;16734;9330;571821;Amont
18727;16735;9334;599256;Aval
18728;16736;9334;599306;Amont
18729;16737;9335;615293;Aval
18730;16738;9335;615482;Amont
18731;16739;9336;616694;Aval
18732;16740;9336;616775;Amont
18733;16741;9357;515092;Aval
18734;16742;9357;515160;Amont
18735;16743;9414;510589;Aval
18736;16744;9414;510794;Amont
18737;16745;9415;510552;Aval
18738;16746;9415;510794;Amont
18739;16747;9416;510579;Aval
18740;16748;9416;510794;Amont
18741;16749;9417;511153;Aval
18742;16750;9417;511226;Amont
18743;16751;9418;511176;Aval
18744;16752;9418;511226;Amont
18745;16753;9421;511269;Aval
18746;16754;9421;511376;Amont
18747;16755;9422;511036;Aval
18748;16756;9422;511267;Amont
18749;16757;9423;511036;Aval
18750;16758;9423;511229;Amont
18751;16759;9424;511036;Aval
18752;16760;9424;511242;Amont
18753;16761;9425;511219;Aval
18754;16762;9425;511267;Amont
18755;16763;9426;512068;Aval
18756;16764;9426;512150;Amont
18757;16765;9427;512710;Aval
18758;16766;9427;512737;Amont
18759;16767;9428;512289;Aval
18760;16768;9428;512374;Amont
18761;16769;9429;512300;Aval
18762;16770;9429;512347;Amont
18763;16771;9434;512365;Aval
18764;16772;9434;512393;Amont
18765;16773;9435;512429;Aval
18766;16774;9435;512492;Amont
18767;16775;9438;512588;Aval
18768;16776;9438;512630;Amont
18769;16777;9439;512618;Aval
18770;16778;9439;512654;Amont
18771;16779;9561;714736;Aval
18772;16780;9561;714795;Amont
18773;16781;9562;714166;Aval
18774;16782;9562;714221;Amont
18775;16783;9575;808078;Aval
18776;16784;9575;808107;Amont
18777;16785;982;1628;Aval
18778;16786;982;2120;Amont
18779;16787;983;1631;Aval
18780;16788;983;2120;Amont
18781;16789;1552;1628;Aval
18782;16790;1552;2120;Amont
18783;16791;9233;1754;Aval
18784;16792;9233;1835;Amont
18785;16793;1553;170003;Aval
18786;16794;1553;172689;Amont
18787;16795;984;91;Aval
18788;16796;984;942;Amont
18789;16797;1554;130;Aval
18790;16798;1554;1682;Amont
18791;16799;1555;0;Aval
18792;16800;1555;1682;Amont
18793;16801;985;0;Aval
18794;16802;985;788;Amont
18795;16803;986;0;Aval
18796;16804;986;788;Amont
18797;16805;7476;0;Aval
18798;16806;7476;743;Amont
18799;16807;9517;633822;Aval
18800;16808;9517;634332;Amont
18801;16809;9518;633942;Aval
18802;16810;9518;634332;Amont
18803;16811;9519;634008;Aval
18804;16812;9519;634332;Amont
18805;16813;987;0;Aval
18806;16814;987;704;Amont
18807;16815;9516;635266;Aval
18808;16816;9516;635527;Amont
18809;16817;988;761350;Aval
18810;16818;988;762872;Amont
18811;16819;989;761771;Aval
18812;16820;989;762872;Amont
18813;16821;990;0;Aval
18814;16822;990;1454;Amont
18815;16823;991;0;Aval
18816;16824;991;1454;Amont
18817;16825;7477;276;Aval
18818;16826;7477;311;Amont
18819;16827;7478;683;Aval
18820;16828;7478;742;Amont
18821;16829;8700;538;Aval
18822;16830;8700;664;Amont
18823;16831;8599;809592;Aval
18824;16832;8599;811164;Amont
18825;16833;992;512499;Aval
18826;16834;992;513383;Amont
18827;16835;993;512575;Aval
18828;16836;993;513398;Amont
18829;16837;9520;0;Aval
18830;16838;9520;3037;Amont
18831;16839;9563;0;Aval
18832;16840;9563;1580;Amont
18833;16841;1556;0;Aval
18834;16842;1556;6892;Amont
18835;16843;1557;315435;Aval
18836;16844;1557;318940;Amont
18837;16845;1558;1106;Aval
18838;16846;1558;6700;Amont
18839;16847;1559;317550;Aval
18840;16848;1559;318940;Amont
18841;16849;1560;0;Aval
18842;16850;1560;6377;Amont
18843;16851;1561;317450;Aval
18844;16852;1561;318940;Amont
18845;16853;7479;910;Aval
18846;16854;7479;991;Amont
18847;16855;7480;3911;Aval
18848;16856;7480;4000;Amont
18849;16857;7481;315955;Aval
18850;16858;7481;316059;Amont
18851;16859;7482;316228;Aval
18852;16860;7482;316310;Amont
18853;16861;7483;316260;Aval
18854;16862;7483;316399;Amont
18855;16863;7484;316385;Aval
18856;16864;7484;316466;Amont
18857;16865;7485;317375;Aval
18858;16866;7485;317800;Amont
18859;16867;7486;317550;Aval
18860;16868;7486;317720;Amont
18861;16869;7487;318728;Aval
18862;16870;7487;318855;Amont
18863;16871;7488;318898;Aval
18864;16872;7488;319022;Amont
18865;16873;7489;318940;Aval
18866;16874;7489;319080;Amont
18867;16875;8701;3438;Aval
18868;16876;8701;3905;Amont
18869;16877;8702;3117;Aval
18870;16878;8702;3705;Amont
18871;16879;8703;0;Aval
18872;16880;8703;2640;Amont
18873;16881;8704;3062;Aval
18874;16882;8704;6087;Amont
18875;16883;8705;3187;Aval
18876;16884;8705;3250;Amont
18877;16885;8706;3120;Aval
18878;16886;8706;3185;Amont
18879;16887;8707;3213;Aval
18880;16888;8707;3281;Amont
18881;16889;8708;3022;Aval
18882;16890;8708;4790;Amont
18883;16891;994;95047;Aval
18884;16892;994;122070;Amont
18885;16893;9409;101921;Aval
18886;16894;9409;102878;Amont
18887;16895;9410;102268;Aval
18888;16896;9410;102307;Amont
18889;16897;995;169672;Aval
18890;16898;995;220945;Amont
18891;16899;996;0;Aval
18892;16900;997;0;Aval
18893;2066;1477;11475;Amont
18894;2066;1477;11476;Aval
18895;16903;8445;3300;Amont
18896;16904;998;169848;Aval
18897;16905;998;305119;Amont
18898;16906;7490;305119;Aval
18899;16907;7490;305557;Amont
18900;16908;7491;232867;Aval
18901;16909;7491;233880;Amont
18902;16910;7492;279763;Aval
18903;16911;7492;280401;Amont
18904;16912;8526;305836;Aval
18905;16913;8526;305959;Amont
18906;16914;8732;306047;Aval
18907;16915;8732;350514;Amont
18908;16916;8733;305703;Aval
18909;16917;8733;305836;Amont
18910;16918;8734;305119;Aval
18911;16919;8734;305557;Amont
18912;16920;8735;305703;Aval
18913;16921;8735;305836;Amont
18914;16922;8892;335875;Aval
18915;16923;8892;336280;Amont
18916;16924;9394;198270;Aval
18917;16925;9394;198910;Amont
18918;16926;9395;218160;Aval
18919;16927;9395;218900;Amont
18920;16928;999;200;Aval
18921;16929;999;33873;Amont
18922;16930;7493;18865;Aval
18923;16931;7493;19601;Amont
18924;16932;1000;-45;Aval
18925;16933;1000;42708;Amont
18926;16934;1001;346806;Aval
18927;16935;1001;390517;Amont
18928;16936;1002;346806;Aval
18929;16937;1002;390468;Amont
18930;16938;7494;367940;Aval
18931;16939;7494;368006;Amont
18932;16940;8527;346542;Aval
18933;16941;8527;347627;Amont
18934;16942;8529;367974;Aval
18935;16943;8529;368086;Amont
18936;16944;8530;388288;Aval
18937;16945;8530;388360;Amont
18938;16946;8531;388370;Aval
18939;16947;8531;388444;Amont
18940;16948;8532;388350;Aval
18941;16949;8532;388430;Amont
18942;16950;8533;389480;Aval
18943;16951;8533;389549;Amont
18944;16952;8534;389542;Aval
18945;16953;8534;389677;Amont
18946;16954;8535;390400;Aval
18947;16955;8535;390424;Amont
18948;16956;8536;389369;Aval
18949;16957;8536;390534;Amont
18950;16958;8537;389305;Aval
18951;16959;8537;390534;Amont
18952;16960;1003;10;Aval
18953;16961;1003;1628;Amont
18954;16962;1004;308046;Aval
18955;16963;1004;352164;Amont
18956;16964;1005;144;Aval
18957;16965;1005;52724;Amont
18958;16966;7495;13747;Aval
18959;16967;7495;14472;Amont
18960;16968;8709;36432;Aval
18961;16969;8709;37295;Amont
18962;16970;8710;51488;Aval
18963;16971;8710;51965;Amont
18964;16972;1006;318255;Aval
18965;16973;1006;346806;Amont
18966;16974;1007;318255;Aval
18967;16975;1007;346806;Amont
18968;16976;7496;333225;Aval
18969;16977;7496;333287;Amont
18970;16978;7497;346478;Aval
18971;16979;7497;346538;Amont
18972;16980;1011;361263;Aval
18973;16981;1011;385164;Amont
18974;16982;1012;393025;Aval
18975;16983;1012;410982;Amont
18976;16984;1013;417135;Aval
18977;16985;1013;428341;Amont
18978;16986;1014;437679;Aval
18979;16987;1014;459614;Amont
18980;16988;1015;314680;Aval
18981;16989;1015;361263;Amont
18982;16990;1016;385164;Aval
18983;16991;1016;393025;Amont
18984;16992;1017;410982;Aval
18985;16993;1017;417135;Amont
18986;16994;1018;428341;Aval
18987;16995;1018;437679;Amont
18988;16996;1019;314655;Aval
18989;16997;1019;361263;Amont
18990;16998;1020;385164;Aval
18991;16999;1020;393025;Amont
18992;17000;1021;410982;Aval
18993;17001;1021;417135;Amont
18994;17002;1022;428341;Aval
18995;17003;1022;437679;Amont
18996;17004;1562;331898;Aval
18997;17005;1562;332938;Amont
18998;17006;1563;360306;Aval
18999;17007;1563;360992;Amont
19000;17008;1564;436608;Aval
19001;17009;1564;437411;Amont
19002;17010;1565;333099;Aval
19003;17011;1565;334160;Amont
19004;17012;1566;360245;Aval
19005;17013;1566;360970;Amont
19006;17014;7514;360230;Aval
19007;17015;7514;361157;Amont
19008;17016;7515;392056;Aval
19009;17017;7515;392838;Amont
19010;17018;7516;436612;Aval
19011;17019;7516;437588;Amont
19012;17020;7517;369208;Aval
19013;17021;7517;370188;Amont
19014;17022;7518;379360;Aval
19015;17023;7518;380295;Amont
19016;17024;7519;402002;Aval
19017;17025;7519;403018;Amont
19018;17026;7520;422596;Aval
19019;17027;7520;423550;Amont
19020;17028;7521;445560;Aval
19021;17029;7521;446491;Amont
19022;17030;7522;453422;Aval
19023;17031;7522;454471;Amont
19024;17032;7523;314772;Aval
19025;17033;7523;314853;Amont
19026;17034;7524;315915;Aval
19027;17035;7524;315993;Amont
19028;17036;7525;316123;Aval
19029;17037;7525;316255;Amont
19030;17038;7526;319182;Aval
19031;17039;7526;319271;Amont
19032;17040;7527;319370;Aval
19033;17041;7527;319454;Amont
19034;17042;7528;332917;Aval
19035;17043;7528;333000;Amont
19036;17044;7529;333012;Aval
19037;17045;7529;333095;Amont
19038;17046;7530;343489;Aval
19039;17047;7530;343573;Amont
19040;17048;7531;343654;Aval
19041;17049;7531;343736;Amont
19042;17050;7532;356600;Aval
19043;17051;7532;356683;Amont
19044;17052;7533;356691;Aval
19045;17053;7533;356774;Amont
19046;17054;7534;358920;Aval
19047;17055;7534;359003;Amont
19048;17056;7535;359170;Aval
19049;17057;7535;359254;Amont
19050;17058;7536;360160;Aval
19051;17059;7536;360218;Amont
19052;17060;7537;391994;Aval
19053;17061;7537;392054;Amont
19054;17062;7538;436583;Aval
19055;17063;7538;436695;Amont
19056;17064;7539;437352;Aval
19057;17065;7539;437416;Amont
19058;17066;7540;437418;Aval
19059;17067;7540;437476;Amont
19060;17068;8906;345715;Aval
19061;17069;8906;345775;Amont
19062;17070;8907;386250;Aval
19063;17071;8907;386330;Amont
19064;17072;8908;416215;Aval
19065;17073;8908;416302;Amont
19066;17074;8909;416297;Aval
19067;17075;8909;416355;Amont
19068;17076;8910;437013;Aval
19069;17077;8910;437056;Amont
19070;17078;1023;-294;Aval
19071;17079;1023;33977;Amont
19072;17080;1024;39188;Aval
19073;17081;1024;54191;Amont
19074;17082;7541;17155;Aval
19075;17083;7541;17734;Amont
19076;17084;7542;20650;Aval
19077;17085;7542;21053;Amont
19078;17086;7543;24603;Aval
19079;17087;7543;25503;Amont
19080;17088;7544;42400;Aval
19081;17089;7544;43170;Amont
19082;17090;7545;43394;Aval
19083;17091;7545;43755;Amont
19084;17092;1025;361174;Aval
19085;17093;1025;501395;Amont
19086;17094;1026;361328;Aval
19087;17095;1026;501454;Amont
19088;17096;7546;453782;Aval
19089;17097;7546;454835;Amont
19090;17098;7547;453735;Aval
19091;17099;7547;454847;Amont
19092;17100;7548;484105;Aval
19093;17101;7548;484347;Amont
19094;17102;7549;388267;Aval
19095;17103;7549;389288;Amont
19096;17104;7550;388303;Aval
19097;17105;7550;389331;Amont
19098;17106;7551;405555;Aval
19099;17107;7551;406360;Amont
19100;17108;7552;405555;Aval
19101;17109;7552;406172;Amont
19102;17110;7553;405521;Aval
19103;17111;7553;406122;Amont
19104;17112;7554;361283;Aval
19105;17113;7554;361344;Amont
19106;17114;7555;375496;Aval
19107;17115;7555;375540;Amont
19108;17116;7556;398570;Aval
19109;17117;7556;398625;Amont
19110;17118;7557;403157;Aval
19111;17119;7557;403221;Amont
19112;17120;7558;403277;Aval
19113;17121;7558;403339;Amont
19114;17122;7559;405364;Aval
19115;17123;7559;405411;Amont
19116;17124;7560;405427;Aval
19117;17125;7560;405473;Amont
19118;17126;7561;406119;Aval
19119;17127;7561;406194;Amont
19120;17128;7562;406172;Aval
19121;17129;7562;406225;Amont
19122;17130;7563;406365;Aval
19123;17131;7563;406407;Amont
19124;17132;7564;407193;Aval
19125;17133;7564;407274;Amont
19126;17134;7565;453935;Aval
19127;17135;7565;453992;Amont
19128;17136;7566;454080;Aval
19129;17137;7566;454113;Amont
19130;17138;7567;462949;Aval
19131;17139;7567;463011;Amont
19132;17140;7568;478764;Aval
19133;17141;7568;478825;Amont
19134;17142;7569;482184;Aval
19135;17143;7569;482247;Amont
19136;17144;7570;483595;Aval
19137;17145;7570;483643;Amont
19138;17146;7571;483710;Aval
19139;17147;7571;483770;Amont
19140;17148;7572;484408;Aval
19141;17149;7572;484460;Amont
19142;17150;7573;484483;Aval
19143;17151;7573;484546;Amont
19144;17152;7574;485481;Aval
19145;17153;7574;485612;Amont
19146;17154;7575;485613;Aval
19147;17155;7575;485694;Amont
19148;17156;7576;491713;Aval
19149;17157;7576;491774;Amont
19150;17158;7577;499622;Aval
19151;17159;7577;499687;Amont
19152;17160;7578;500774;Aval
19153;17161;7578;500860;Amont
19154;17162;7579;500770;Aval
19155;17163;7579;500860;Amont
19156;17164;7580;500957;Aval
19157;17165;7580;501000;Amont
19158;17166;7581;501024;Aval
19159;17167;7581;501110;Amont
19160;17168;7582;501184;Aval
19161;17169;7582;501395;Amont
19162;17170;8885;405530;Aval
19163;17171;8885;405685;Amont
19164;17172;8912;388134;Aval
19165;17173;8912;388198;Amont
19166;17174;8913;426643;Aval
19167;17175;8913;426701;Amont
19168;17176;8914;437801;Aval
19169;17177;8914;437851;Amont
19170;17178;8915;438154;Aval
19171;17179;8915;438234;Amont
19172;17180;8916;414409;Aval
19173;17181;8916;414469;Amont
19174;17182;9030;472500;Aval
19175;17183;9030;472540;Amont
19176;17184;1567;50;Aval
19177;17185;1567;1239;Amont
19178;17186;1568;75;Aval
19179;17187;1568;1239;Amont
19180;17188;7583;0;Aval
19181;17189;7583;690;Amont
19182;17190;1027;444248;Aval
19183;17191;1027;464574;Amont
19184;17192;1028;406113;Aval
19185;17193;1028;419300;Amont
19186;17194;7584;412694;Aval
19187;17195;7584;413110;Amont
19188;17196;9703;0;Aval
19189;17197;1029;484355;Aval
19190;17198;1029;484448;Amont
19191;17199;1030;1785;Aval
19192;17200;1030;5880;Amont
19193;17201;1031;725;Aval
19194;17202;1031;16000;Amont
19195;17203;7585;15421;Aval
19196;17204;7585;15835;Amont
19197;17205;1034;316013;Aval
19198;17206;1034;424891;Amont
19199;17207;1035;316013;Aval
19200;17208;1035;424881;Amont
19201;17209;1571;344483;Aval
19202;17210;1571;345272;Amont
19203;17211;1572;381014;Aval
19204;17212;1572;382013;Amont
19205;17213;1573;318940;Aval
19206;17214;1573;320167;Amont
19207;17215;1574;344482;Aval
19208;17216;1574;345216;Amont
19209;17217;1575;382395;Aval
19210;17218;1575;383410;Amont
19211;17219;7587;316178;Aval
19212;17220;7587;316260;Amont
19213;17221;7588;327718;Aval
19214;17222;7588;327771;Amont
19215;17223;7589;344404;Aval
19216;17224;7589;344470;Amont
19217;17225;7590;345219;Aval
19218;17226;7590;345300;Amont
19219;17227;7591;373688;Aval
19220;17228;7591;373748;Amont
19221;17229;7592;397930;Aval
19222;17230;7592;397972;Amont
19223;17231;7593;401056;Aval
19224;17232;7593;401141;Amont
19225;17233;7594;401285;Aval
19226;17234;7594;401367;Amont
19227;17235;8882;353382;Aval
19228;17236;8882;353444;Amont
19229;17237;8883;354845;Aval
19230;17238;8883;354900;Amont
19231;17239;1036;91;Aval
19232;17240;1036;1462;Amont
19233;17241;1037;104;Aval
19234;17242;1037;1462;Amont
19235;17243;1038;0;Aval
19236;17244;1038;794;Amont
19237;17245;1039;0;Aval
19238;17246;1039;1090;Amont
19239;17247;1040;0;Aval
19240;17248;1040;1090;Amont
19241;17249;1041;1462;Aval
19242;17250;1041;1830;Amont
19243;17251;1042;1462;Aval
19244;17252;1042;1830;Amont
19245;17253;1043;0;Aval
19246;17254;1043;1223;Amont
19247;17255;1044;0;Aval
19248;17256;1044;1223;Amont
19249;17257;7595;974;Aval
19250;17258;7595;1214;Amont
19251;17259;7596;974;Aval
19252;17260;7596;1105;Amont
19253;17261;1045;23913;Aval
19254;17262;1045;27825;Amont
19255;17263;1046;71950;Aval
19256;17264;1046;80124;Amont
19257;17265;7597;26972;Aval
19258;17266;7597;27759;Amont
19259;17267;1047;87273;Aval
19260;17268;1047;106186;Amont
19261;17269;1048;100910;Aval
19262;17270;1048;102787;Amont
19263;17271;7598;100938;Aval
19264;17272;7598;101000;Amont
19265;17273;7599;101785;Aval
19266;17274;7599;101844;Amont
19267;17275;7600;102492;Aval
19268;17276;7600;102528;Amont
19269;17277;1049;347043;Aval
19270;17278;1049;357900;Amont
19271;17279;8884;356995;Aval
19272;17280;8884;357782;Amont
19273;17281;1050;361562;Aval
19274;17282;1050;381000;Amont
19275;17283;7601;363968;Aval
19276;17284;7601;364735;Amont
19277;17285;1051;492;Aval
19278;17286;1051;27425;Amont
19279;17287;1052;477;Aval
19280;17288;1052;27425;Amont
19281;17289;1053;407303;Aval
19282;17290;1053;481752;Amont
19283;17291;7602;408578;Aval
19284;17292;7602;409255;Amont
19285;17293;7603;415693;Aval
19286;17294;7603;416235;Amont
19287;17295;7604;427278;Aval
19288;17296;7604;427782;Amont
19289;17297;7605;437634;Aval
19290;17298;7605;438194;Amont
19291;17299;7606;471738;Aval
19292;17300;7606;472566;Amont
19293;17301;1054;437412;Aval
19294;17302;1054;464840;Amont
19295;17303;7607;453074;Aval
19296;17304;7607;453923;Amont
19297;17305;7608;453183;Aval
19298;17306;7608;453794;Amont
19299;17307;8600;32804;Aval
19300;17308;8600;32891;Amont
19301;17309;1055;32891;Aval
19302;17310;1055;34092;Amont
19303;17311;1056;242;Aval
19304;17312;1056;116170;Amont
19305;17313;7609;13522;Aval
19306;17314;7609;14205;Amont
19307;17315;7610;36048;Aval
19308;17316;7610;36765;Amont
19309;17317;7611;72975;Aval
19310;17318;7611;73585;Amont
19311;17319;7612;103785;Aval
19312;17320;7612;104320;Amont
19313;17321;7613;48982;Aval
19314;17322;7613;49400;Amont
19315;17323;7614;48983;Aval
19316;17324;7614;49280;Amont
19317;17325;7615;115961;Aval
19318;17326;7615;116118;Amont
19319;17327;7616;-66;Aval
19320;17328;7616;242;Amont
19321;17329;8911;73187;Aval
19322;17330;8911;73233;Amont
19323;17331;1057;115490;Aval
19324;17332;1057;116490;Amont
19325;17333;1059;393242;Aval
19326;17334;1059;472593;Amont
19327;17335;1060;392120;Aval
19328;17336;1060;393242;Amont
19329;17337;1061;474140;Aval
19330;17338;1061;506164;Amont
19331;17339;1062;392120;Aval
19332;17340;1062;393242;Amont
19333;17341;1063;474133;Aval
19334;17342;1063;506164;Amont
19335;17343;1576;476237;Aval
19336;17344;1576;477155;Amont
19337;17345;1577;472593;Aval
19338;17346;1577;474140;Amont
19339;17347;1578;475723;Aval
19340;17348;1578;476662;Amont
19341;17349;1579;472593;Aval
19342;17350;1579;473876;Amont
19343;17351;1580;473917;Aval
19344;17352;1580;474133;Amont
19345;17353;7618;441360;Aval
19346;17354;7618;442023;Amont
19347;17355;7619;475692;Aval
19348;17356;7619;476158;Amont
19349;17357;7620;441270;Aval
19350;17358;7620;442547;Amont
19351;17359;7621;400662;Aval
19352;17360;7621;401943;Amont
19353;17361;7622;412753;Aval
19354;17362;7622;414013;Amont
19355;17363;7623;428200;Aval
19356;17364;7623;429464;Amont
19357;17365;7624;454962;Aval
19358;17366;7624;456016;Amont
19359;17367;7625;475479;Aval
19360;17368;7625;475562;Amont
19361;17369;7626;475688;Aval
19362;17370;7626;475774;Amont
19363;17371;7627;490599;Aval
19364;17372;7627;490729;Amont
19365;17373;7628;490748;Aval
19366;17374;7628;490878;Amont
19367;17375;9441;504972;Aval
19368;17376;9441;505080;Amont
19369;17377;9442;505033;Aval
19370;17378;9442;505090;Amont
19371;17379;9452;488840;Aval
19372;17380;9452;488910;Amont
19373;17381;9456;493160;Aval
19374;17382;9456;493210;Amont
19375;17383;1064;780;Aval
19376;17384;1064;5510;Amont
19377;17385;1065;734;Aval
19378;17386;1065;68635;Amont
19379;17387;1066;862;Aval
19380;17388;1066;68635;Amont
19381;17389;7629;68026;Aval
19382;17390;7629;68286;Amont
19383;17391;7630;55988;Aval
19384;17392;7630;56982;Amont
19385;17393;7631;47183;Aval
19386;17394;7631;48173;Amont
19387;17395;7632;36673;Aval
19388;17396;7632;37559;Amont
19389;17397;7633;36795;Aval
19390;17398;7633;37372;Amont
19391;17399;7634;36772;Aval
19392;17400;7634;37399;Amont
19393;17401;7635;7369;Aval
19394;17402;7635;7629;Amont
19395;17403;7636;7895;Aval
19396;17404;7636;8080;Amont
19397;17405;7637;17133;Aval
19398;17406;7637;17191;Amont
19399;17407;7638;36268;Aval
19400;17408;7638;36325;Amont
19401;17409;7639;36448;Aval
19402;17410;7639;36615;Amont
19403;17411;7640;36607;Aval
19404;17412;7640;36661;Amont
19405;17413;7641;37399;Aval
19406;17414;7641;37510;Amont
19407;17415;7642;46966;Aval
19408;17416;7642;47024;Amont
19409;17417;7643;56183;Aval
19410;17418;7643;56240;Amont
19411;17419;7644;67097;Aval
19412;17420;7644;67179;Amont
19413;17421;7645;67180;Aval
19414;17422;7645;67236;Amont
19415;17423;7646;67996;Aval
19416;17424;7646;68057;Amont
19417;17425;7647;68128;Aval
19418;17426;7647;68180;Amont
19419;17427;9448;61090;Aval
19420;17428;9448;61140;Amont
19421;17429;9458;37560;Aval
19422;17430;9458;37616;Amont
19423;17431;1067;-30;Aval
19424;17432;1067;976;Amont
19425;17433;1068;-30;Aval
19426;17434;1068;976;Amont
19427;17435;1069;491;Aval
19428;17436;1069;65079;Amont
19429;17437;7648;36558;Aval
19430;17438;7648;37025;Amont
19431;17439;7649;10078;Amont
19432;17440;7652;36509;Aval
19433;17441;7652;36965;Amont
19434;17442;7653;36534;Aval
19435;17443;7653;36558;Amont
19436;17444;1070;13731;Aval
19437;17445;1070;64664;Amont
19438;17446;1581;13180;Aval
19439;17447;1581;13983;Amont
19440;17448;7654;26738;Aval
19441;17449;7654;27600;Amont
19442;17450;7655;37922;Aval
19443;17451;7655;38733;Amont
19444;17452;8711;51138;Aval
19445;17453;8711;52072;Amont
19446;17454;9565;26860;Aval
19447;17455;9565;26924;Amont
19448;17456;1071;6757;Aval
19449;17457;1071;24800;Amont
19450;17458;1072;19;Aval
19451;17459;1072;1300;Amont
19452;17460;1073;800;Aval
19453;17461;1073;12995;Amont
19454;17462;7656;5913;Aval
19455;17463;7656;6342;Amont
19456;17464;1076;8120;Aval
19457;17465;1076;152345;Amont
19458;17466;1077;8128;Aval
19459;17467;1077;152345;Amont
19460;17468;1584;23770;Aval
19461;17469;1584;24940;Amont
19462;17470;1585;24480;Aval
19463;17471;1585;25490;Amont
19464;17472;7678;51154;Aval
19465;17473;7678;51619;Amont
19466;17474;7679;99658;Aval
19467;17475;7679;101005;Amont
19468;17476;7680;68274;Aval
19469;17477;7680;69296;Amont
19470;17478;7681;133770;Aval
19471;17479;7681;134551;Amont
19472;17480;7682;133800;Aval
19473;17481;7682;134488;Amont
19474;17482;7683;133772;Aval
19475;17483;7683;134517;Amont
19476;17484;7684;51223;Aval
19477;17485;7684;51383;Amont
19478;17486;7685;51090;Aval
19479;17487;7685;51644;Amont
19480;17488;7686;101420;Aval
19481;17489;7686;101687;Amont
19482;17490;7687;9207;Aval
19483;17491;7687;9240;Amont
19484;17492;7688;30595;Aval
19485;17493;7688;30655;Amont
19486;17494;7689;49682;Aval
19487;17495;7689;49764;Amont
19488;17496;7690;51055;Aval
19489;17497;7690;51090;Amont
19490;17498;7691;51055;Aval
19491;17499;7691;51120;Amont
19492;17500;7692;51644;Aval
19493;17501;7692;51825;Amont
19494;17502;7693;51636;Aval
19495;17503;7693;51763;Amont
19496;17504;7694;51792;Aval
19497;17505;7694;51853;Amont
19498;17506;7695;52920;Aval
19499;17507;7695;52980;Amont
19500;17508;7696;53473;Aval
19501;17509;7696;53604;Amont
19502;17510;7697;53713;Aval
19503;17511;7697;53794;Amont
19504;17512;7698;64086;Aval
19505;17513;7698;64217;Amont
19506;17514;7699;64267;Aval
19507;17515;7699;64397;Amont
19508;17516;7700;68274;Aval
19509;17517;7700;68358;Amont
19510;17518;7701;68302;Aval
19511;17519;7701;68393;Amont
19512;17520;7702;69186;Aval
19513;17521;7702;69246;Amont
19514;17522;7703;75781;Aval
19515;17523;7703;75912;Amont
19516;17524;7704;75932;Aval
19517;17525;7704;76062;Amont
19518;17526;7705;88914;Aval
19519;17527;7705;89044;Amont
19520;17528;7706;89103;Aval
19521;17529;7706;89233;Amont
19522;17530;7707;99282;Aval
19523;17531;7707;99364;Amont
19524;17532;7708;100836;Aval
19525;17533;7708;101115;Amont
19526;17534;7709;101697;Aval
19527;17535;7709;101755;Amont
19528;17536;7710;101999;Aval
19529;17537;7710;102080;Amont
19530;17538;7711;110331;Aval
19531;17539;7711;110392;Amont
19532;17540;7712;116202;Aval
19533;17541;7712;116263;Amont
19534;17542;7713;116285;Aval
19535;17543;7713;116343;Amont
19536;17544;7714;134480;Aval
19537;17545;7714;134540;Amont
19538;17546;7715;134937;Aval
19539;17547;7715;135021;Amont
19540;17548;7716;135093;Aval
19541;17549;7716;135177;Amont
19542;17550;7717;139315;Aval
19543;17551;7717;139377;Amont
19544;17552;7718;139801;Aval
19545;17553;7718;139883;Amont
19546;17554;7719;142468;Aval
19547;17555;7719;142548;Amont
19548;17556;1078;0;Aval
19549;17557;1078;606;Amont
19550;17558;9419;0;Aval
19551;17559;9419;13050;Amont
19552;17560;1079;142628;Aval
19553;17561;1079;173080;Amont
19554;17562;1080;139970;Aval
19555;17563;1080;211700;Amont
19556;17564;7720;172806;Aval
19557;17565;7720;173006;Amont
19558;17566;7721;211147;Aval
19559;17567;7721;211607;Amont
19560;17568;7722;172445;Aval
19561;17569;7722;173175;Amont
19562;17570;7723;172362;Aval
19563;17571;7723;173070;Amont
19564;17572;7724;172400;Aval
19565;17573;7724;173042;Amont
19566;17574;7725;139428;Aval
19567;17575;7725;139970;Amont
19568;17576;7726;146518;Aval
19569;17577;7726;147435;Amont
19570;17578;7727;151666;Aval
19571;17579;7727;152523;Amont
19572;17580;7728;157300;Aval
19573;17581;7728;158203;Amont
19574;17582;7729;165465;Aval
19575;17583;7729;166346;Amont
19576;17584;7730;178823;Aval
19577;17585;7730;179456;Amont
19578;17586;7731;181795;Aval
19579;17587;7731;182697;Amont
19580;17588;7732;186195;Aval
19581;17589;7732;186810;Amont
19582;17590;7733;192288;Aval
19583;17591;7733;193260;Amont
19584;17592;7734;202418;Aval
19585;17593;7734;203121;Amont
19586;17594;7735;211023;Aval
19587;17595;7735;211670;Amont
19588;17596;7736;211700;Aval
19589;17597;7736;233515;Amont
19590;17598;7737;139470;Aval
19591;17599;7737;139529;Amont
19592;17600;7738;172317;Aval
19593;17601;7738;172362;Amont
19594;17602;7739;172406;Aval
19595;17603;7739;172565;Amont
19596;17604;9431;139428;Aval
19597;17605;9431;139970;Amont
19598;17606;1081;499752;Aval
19599;17607;1081;511600;Amont
19600;17608;1082;499752;Aval
19601;17609;1082;511400;Amont
19602;17610;1586;504407;Aval
19603;17611;1586;510213;Amont
19604;17612;1587;504416;Aval
19605;17613;1587;510247;Amont
19606;17614;7740;507250;Aval
19607;17615;7740;508170;Amont
19608;17616;7741;506889;Aval
19609;17617;7741;508092;Amont
19610;17618;7742;506893;Aval
19611;17619;7742;508148;Amont
19612;17620;7743;507212;Aval
19613;17621;7743;508271;Amont
19614;17622;7744;499790;Aval
19615;17623;7744;499915;Amont
19616;17624;7745;504570;Aval
19617;17625;7745;504650;Amont
19618;17626;7746;504954;Aval
19619;17627;7746;505643;Amont
19620;17628;7747;505078;Aval
19621;17629;7747;505749;Amont
19622;17630;7748;505138;Aval
19623;17631;7748;505285;Amont
19624;17632;7749;505468;Aval
19625;17633;7749;505647;Amont
19626;17634;7750;506750;Aval
19627;17635;7750;506838;Amont
19628;17636;7751;506736;Aval
19629;17637;7751;506873;Amont
19630;17638;7752;506904;Aval
19631;17639;7752;506993;Amont
19632;17640;7753;507159;Aval
19633;17641;7753;507254;Amont
19634;17642;7754;507104;Aval
19635;17643;7754;507211;Amont
19636;17644;7755;507253;Aval
19637;17645;7755;507334;Amont
19638;17646;7756;507255;Aval
19639;17647;7756;507370;Amont
19640;17648;7757;507255;Aval
19641;17649;7757;507369;Amont
19642;17650;7758;507255;Aval
19643;17651;7758;507340;Amont
19644;17652;7759;507855;Aval
19645;17653;7759;507970;Amont
19646;17654;7760;507855;Aval
19647;17655;7760;507962;Amont
19648;17656;7761;507895;Aval
19649;17657;7761;508007;Amont
19650;17658;7762;507921;Aval
19651;17659;7762;508023;Amont
19652;17660;7763;507993;Aval
19653;17661;7763;508078;Amont
19654;17662;7764;507993;Aval
19655;17663;7764;508078;Amont
19656;17664;7765;508322;Aval
19657;17665;7765;508422;Amont
19658;17666;7766;508338;Aval
19659;17667;7766;508422;Amont
19660;17668;7767;508663;Aval
19661;17669;7767;508811;Amont
19662;17670;7768;509055;Aval
19663;17671;7768;509205;Amont
19664;17672;7769;509382;Aval
19665;17673;7769;509461;Amont
19666;17674;7770;509555;Aval
19667;17675;7770;509634;Amont
19668;17676;7771;509601;Aval
19669;17677;7771;509700;Amont
19670;17678;7772;510024;Aval
19671;17679;7772;510164;Amont
19672;17680;7773;510022;Aval
19673;17681;7773;510107;Amont
19674;17682;7774;511470;Aval
19675;17683;7774;511600;Amont
19676;17684;8786;507060;Aval
19677;17685;8786;508238;Amont
19678;17686;8787;507155;Aval
19679;17687;8787;507980;Amont
19680;17688;8788;506947;Aval
19681;17689;8788;508125;Amont
19682;17690;9314;500167;Aval
19683;17691;9314;500298;Amont
19684;17692;9430;510166;Aval
19685;17693;9430;510248;Amont
19686;17694;9432;509716;Aval
19687;17695;9432;509800;Amont
19688;17696;9444;506444;Aval
19689;17697;9444;506489;Amont
19690;17698;9445;506946;Aval
19691;17699;9445;507032;Amont
19692;17700;9446;507170;Aval
19693;17701;9446;507254;Amont
19694;17702;9447;507085;Aval
19695;17703;9447;507169;Amont
19696;17704;9449;507855;Aval
19697;17705;9449;507963;Amont
19698;17706;9450;507895;Aval
19699;17707;9450;507993;Amont
19700;17708;9451;508814;Aval
19701;17709;9451;508986;Amont
19702;17710;9453;508218;Aval
19703;17711;9453;508329;Amont
19704;17712;9454;508004;Aval
19705;17713;9454;508108;Amont
19706;17714;9455;508008;Aval
19707;17715;9455;508103;Amont
19708;17716;9457;508041;Aval
19709;17717;9457;508313;Amont
19710;17718;9471;504466;Aval
19711;17719;9471;504548;Amont
19712;17720;1085;22;Aval
19713;17721;1085;2431;Amont
19714;17722;1086;56;Aval
19715;17723;1086;2447;Amont
19716;17724;7775;1095;Aval
19717;17725;7775;1137;Amont
19718;17726;7776;1095;Aval
19719;17727;7776;1149;Amont
19720;17728;7777;1380;Aval
19721;17729;7777;1422;Amont
19722;17730;7778;2133;Aval
19723;17731;7778;2200;Amont
19724;17732;1087;458;Aval
19725;17733;1087;6056;Amont
19726;17734;7779;5748;Aval
19727;17735;7779;6031;Amont
19728;17736;7780;-95;Aval
19729;17737;7780;458;Amont
19730;17738;7781;403;Aval
19731;17739;7781;458;Amont
19732;17740;1088;561;Aval
19733;17741;1088;47017;Amont
19734;17742;7782;46456;Aval
19735;17743;7782;46840;Amont
19736;17744;7783;24184;Aval
19737;17745;7783;24741;Amont
19738;17746;7784;46208;Aval
19739;17747;7784;46850;Amont
19740;17748;7785;46456;Aval
19741;17749;7785;46950;Amont
19742;17750;7786;5930;Aval
19743;17751;7786;6505;Amont
19744;17752;7787;9780;Aval
19745;17753;7787;10525;Amont
19746;17754;7788;17585;Aval
19747;17755;7788;18365;Amont
19748;17756;7789;24142;Aval
19749;17757;7789;24791;Amont
19750;17758;7790;31051;Aval
19751;17759;7790;31659;Amont
19752;17760;7791;40318;Aval
19753;17761;7791;40958;Amont
19754;17762;7792;46416;Aval
19755;17763;7792;46960;Amont
19756;17764;7793;46329;Aval
19757;17765;7793;46405;Amont
19758;17766;7794;46960;Aval
19759;17767;7794;47017;Amont
19760;17768;1089;-45;Aval
19761;17769;1089;36615;Amont
19762;17770;7795;18867;Aval
19763;17771;7795;19215;Amont
19764;17772;7796;-165;Aval
19765;17773;7796;108;Amont
19766;17774;7797;2594;Aval
19767;17775;7797;2894;Amont
19768;17776;7798;6677;Aval
19769;17777;7798;6968;Amont
19770;17778;7799;11575;Aval
19771;17779;7799;11810;Amont
19772;17780;7800;15562;Aval
19773;17781;7800;15863;Amont
19774;17782;7801;18933;Aval
19775;17783;7801;19239;Amont
19776;17784;7802;22872;Aval
19777;17785;7802;23146;Amont
19778;17786;7803;27213;Aval
19779;17787;7803;27492;Amont
19780;17788;7804;29433;Aval
19781;17789;7804;29634;Amont
19782;17790;7805;34021;Aval
19783;17791;7805;34312;Amont
19784;17792;1090;335;Aval
19785;17793;1090;94295;Amont
19786;17794;7806;39096;Aval
19787;17795;7806;39446;Amont
19788;17796;7807;39020;Aval
19789;17797;7807;39733;Amont
19790;17798;7808;77348;Aval
19791;17799;7808;78018;Amont
19792;17800;7809;77304;Aval
19793;17801;7809;77976;Amont
19794;17802;7810;4106;Aval
19795;17803;7810;4830;Amont
19796;17804;7811;11590;Aval
19797;17805;7811;12355;Amont
19798;17806;7812;16450;Aval
19799;17807;7812;17172;Amont
19800;17808;7813;20506;Aval
19801;17809;7813;21294;Amont
19802;17810;7814;26986;Aval
19803;17811;7814;27708;Amont
19804;17812;7815;33044;Aval
19805;17813;7815;33732;Amont
19806;17814;7816;39063;Aval
19807;17815;7816;39700;Amont
19808;17816;7817;43756;Aval
19809;17817;7817;44460;Amont
19810;17818;7818;49430;Aval
19811;17819;7818;50061;Amont
19812;17820;7819;54734;Aval
19813;17821;7819;55381;Amont
19814;17822;7820;61906;Aval
19815;17823;7820;62521;Amont
19816;17824;7821;70622;Aval
19817;17825;7821;71232;Amont
19818;17826;7822;84545;Aval
19819;17827;7822;85160;Amont
19820;17828;7823;78;Aval
19821;17829;7823;763;Amont
19822;17830;9477;39070;Aval
19823;17831;9477;39627;Amont
19824;17832;1091;31205;Aval
19825;17833;1091;45062;Amont
19826;17834;7824;35693;Aval
19827;17835;7824;36364;Amont
19828;17836;7825;36085;Aval
19829;17837;7825;36133;Amont
19830;17838;1092;24165;Aval
19831;17839;1092;80227;Amont
19832;17840;7826;23182;Aval
19833;17841;7826;23518;Amont
19834;17842;7827;23079;Aval
19835;17843;7827;23760;Amont
19836;17844;7828;51323;Aval
19837;17845;7828;51865;Amont
19838;17846;7829;23205;Aval
19839;17847;7829;23760;Amont
19840;17848;7830;51295;Aval
19841;17849;7830;51888;Amont
19842;17850;7831;79648;Aval
19843;17851;7831;80227;Amont
19844;17852;7832;23205;Aval
19845;17853;7832;23760;Amont
19846;17854;7833;51210;Aval
19847;17855;7833;51865;Amont
19848;17856;7834;79553;Aval
19849;17857;7834;80227;Amont
19850;17858;7835;79650;Aval
19851;17859;7835;80190;Amont
19852;17860;7836;79630;Aval
19853;17861;7836;80212;Amont
19854;17862;7837;9105;Aval
19855;17863;7837;9840;Amont
19856;17864;7838;15355;Aval
19857;17865;7838;16100;Amont
19858;17866;7839;32348;Aval
19859;17867;7839;33110;Amont
19860;17868;7840;36300;Aval
19861;17869;7840;37035;Amont
19862;17870;7841;43113;Aval
19863;17871;7841;43925;Amont
19864;17872;7842;48849;Aval
19865;17873;7842;49562;Amont
19866;17874;7843;51165;Aval
19867;17875;7843;51918;Amont
19868;17876;7844;57006;Aval
19869;17877;7844;57662;Amont
19870;17878;7845;61390;Aval
19871;17879;7845;62148;Amont
19872;17880;7846;66092;Aval
19873;17881;7846;66805;Amont
19874;17882;7847;73476;Aval
19875;17883;7847;74190;Amont
19876;17884;7848;22995;Aval
19877;17885;7848;23079;Amont
19878;17886;7849;23105;Aval
19879;17887;7849;23188;Amont
19880;17888;7850;23423;Aval
19881;17889;7850;23480;Amont
19882;17890;9472;1768;Aval
19883;17891;9472;23205;Amont
19884;17892;1095;100845;Aval
19885;17893;1095;247316;Amont
19886;17894;1096;100845;Aval
19887;17895;1096;247316;Amont
19888;17896;1592;185861;Aval
19889;17897;1592;186883;Amont
19890;17898;1593;198737;Aval
19891;17899;1593;200055;Amont
19892;17900;1594;185527;Aval
19893;17901;1594;186545;Amont
19894;17902;7868;161577;Aval
19895;17903;7868;162630;Amont
19896;17904;7869;137200;Aval
19897;17905;7869;137258;Amont
19898;17906;7870;219930;Aval
19899;17907;7870;220542;Amont
19900;17908;7871;235802;Aval
19901;17909;7871;236252;Amont
19902;17910;7872;100905;Aval
19903;17911;7872;101814;Amont
19904;17912;7873;123324;Aval
19905;17913;7873;123965;Amont
19906;17914;7874;137107;Aval
19907;17915;7874;137925;Amont
19908;17916;7875;207765;Aval
19909;17917;7875;208186;Amont
19910;17918;7876;123361;Aval
19911;17919;7876;123896;Amont
19912;17920;7877;137371;Aval
19913;17921;7877;137822;Amont
19914;17922;7878;235742;Aval
19915;17923;7878;236371;Amont
19916;17924;7879;123256;Aval
19917;17925;7879;123819;Amont
19918;17926;7880;137310;Aval
19919;17927;7880;137787;Amont
19920;17928;7881;235555;Aval
19921;17929;7881;235802;Amont
19922;17930;7882;124100;Aval
19923;17931;7882;125195;Amont
19924;17932;7883;101870;Aval
19925;17933;7883;101952;Amont
19926;17934;7884;102024;Aval
19927;17935;7884;102106;Amont
19928;17936;7885;109947;Aval
19929;17937;7885;110029;Amont
19930;17938;7886;110062;Aval
19931;17939;7886;110144;Amont
19932;17940;7887;123178;Aval
19933;17941;7887;123335;Amont
19934;17942;7888;123354;Aval
19935;17943;7888;123412;Amont
19936;17944;7889;124055;Aval
19937;17945;7889;124203;Amont
19938;17946;7890;124093;Aval
19939;17947;7890;124153;Amont
19940;17948;7891;125054;Aval
19941;17949;7891;125149;Amont
19942;17950;7892;136813;Aval
19943;17951;7892;136907;Amont
19944;17952;7893;137261;Aval
19945;17953;7893;137418;Amont
19946;17954;7894;137834;Aval
19947;17955;7894;137890;Amont
19948;17956;7895;137973;Aval
19949;17957;7895;138034;Amont
19950;17958;7896;143037;Aval
19951;17959;7896;143169;Amont
19952;17960;7897;143199;Aval
19953;17961;7897;143330;Amont
19954;17962;7898;150475;Aval
19955;17963;7898;150557;Amont
19956;17964;7899;150592;Aval
19957;17965;7899;150653;Amont
19958;17966;7900;151772;Aval
19959;17967;7900;151854;Amont
19960;17968;7901;161472;Aval
19961;17969;7901;161554;Amont
19962;17970;7902;162648;Aval
19963;17971;7902;162730;Amont
19964;17972;7903;164041;Aval
19965;17973;7903;164122;Amont
19966;17974;7904;174677;Aval
19967;17975;7904;174759;Amont
19968;17976;7905;174900;Aval
19969;17977;7905;174982;Amont
19970;17978;7906;185608;Aval
19971;17979;7906;185689;Amont
19972;17980;7907;186909;Aval
19973;17981;7907;186992;Amont
19974;17982;7908;198637;Aval
19975;17983;7908;198720;Amont
19976;17984;7909;200075;Aval
19977;17985;7909;200158;Amont
19978;17986;7910;202666;Aval
19979;17987;7910;202730;Amont
19980;17988;7911;204786;Aval
19981;17989;7911;204847;Amont
19982;17990;7912;207658;Aval
19983;17991;7912;207740;Amont
19984;17992;7913;208271;Aval
19985;17993;7913;208338;Amont
19986;17994;7914;208988;Aval
19987;17995;7914;209064;Amont
19988;17996;7915;209365;Aval
19989;17997;7915;209453;Amont
19990;17998;7916;219718;Aval
19991;17999;7916;219800;Amont
19992;18000;7917;220557;Aval
19993;18001;7917;220637;Amont
19994;18002;7918;228536;Aval
19995;18003;7918;228618;Amont
19996;18004;7919;228673;Aval
19997;18005;7919;228757;Amont
19998;18006;7920;234167;Aval
19999;18007;7920;234228;Amont
20000;18008;7921;234622;Aval
20001;18009;7921;234704;Amont
20002;18010;7922;235282;Aval
20003;18011;7922;235345;Amont
20004;18012;7923;235555;Aval
20005;18013;7923;235615;Amont
20006;18014;7924;235774;Aval
20007;18015;7924;235831;Amont
20008;18016;7925;235802;Aval
20009;18017;7925;235860;Amont
20010;18018;7926;236393;Aval
20011;18019;7926;236452;Amont
20012;18020;7927;236719;Aval
20013;18021;7927;236777;Amont
20014;18022;7928;236990;Aval
20015;18023;7928;237051;Amont
20016;18024;7929;240532;Aval
20017;18025;7929;240610;Amont
20018;18026;7930;240657;Aval
20019;18027;7930;240735;Amont
20020;18028;7931;123727;Aval
20021;18029;7931;124030;Amont
20022;18030;7932;122992;Aval
20023;18031;7932;123403;Amont
20024;18032;9400;137196;Aval
20025;18033;9400;137258;Amont
20026;18034;9401;137132;Aval
20027;18035;9401;137580;Amont
20028;18036;9402;137261;Aval
20029;18037;9402;137324;Amont
20030;18038;9407;101500;Aval
20031;18039;9407;101804;Amont
20032;18040;9408;123966;Aval
20033;18041;9408;124099;Amont
20034;18042;1097;0;Aval
20035;18043;1097;2134;Amont
20036;18044;1098;63496;Aval
20037;18045;1098;105884;Amont
20038;18046;7933;72726;Aval
20039;18047;7933;73601;Amont
20040;18048;7934;76768;Aval
20041;18049;7934;77449;Amont
20042;18050;7935;81850;Aval
20043;18051;7935;82698;Amont
20044;18052;7936;87730;Aval
20045;18053;7936;88385;Amont
20046;18054;7937;96053;Aval
20047;18055;7937;96680;Amont
20048;18056;9469;0;Aval
20049;18057;9469;291;Amont
20050;18058;9470;0;Aval
20051;18059;9470;160;Amont
20052;18060;1099;97835;Aval
20053;18061;1099;119670;Amont
20054;18062;7938;100057;Aval
20055;18063;7938;100627;Amont
20056;18064;7939;104941;Aval
20057;18065;7939;105430;Amont
20058;18066;1100;133682;Aval
20059;18067;1100;232968;Amont
20060;18068;1101;244131;Aval
20061;18069;1101;375434;Amont
20062;18070;1102;375989;Aval
20063;18071;1102;408400;Amont
20064;18072;1103;4009;Aval
20065;18073;1103;133770;Amont
20066;18074;1104;232968;Aval
20067;18075;1104;240048;Amont
20068;18076;1105;3834;Aval
20069;18077;1105;133682;Amont
20070;18078;1106;232968;Aval
20071;18079;1106;240048;Amont
20072;18080;1595;4277;Aval
20073;18081;1595;6613;Amont
20074;18082;1596;4183;Aval
20075;18083;1596;6613;Amont
20076;18084;7940;128726;Aval
20077;18085;7940;130266;Amont
20078;18086;7941;130237;Aval
20079;18087;7941;130832;Amont
20080;18088;7942;6613;Aval
20081;18089;7942;12144;Amont
20082;18090;7943;41376;Aval
20083;18091;7943;41899;Amont
20084;18092;7944;63138;Aval
20085;18093;7944;63584;Amont
20086;18094;7945;239431;Aval
20087;18095;7945;240048;Amont
20088;18096;7946;62518;Aval
20089;18097;7946;63681;Amont
20090;18098;7947;130237;Aval
20091;18099;7947;130871;Amont
20092;18100;7948;94154;Aval
20093;18101;7948;95241;Amont
20094;18102;7949;130177;Aval
20095;18103;7949;130843;Amont
20096;18104;7950;255919;Aval
20097;18105;7950;256542;Amont
20098;18106;7951;271136;Aval
20099;18107;7951;271759;Amont
20100;18108;7952;278431;Aval
20101;18109;7952;279006;Amont
20102;18110;7953;290195;Aval
20103;18111;7953;290794;Amont
20104;18112;7954;306564;Aval
20105;18113;7954;307486;Amont
20106;18114;7955;325189;Aval
20107;18115;7955;325906;Amont
20108;18116;7956;339359;Aval
20109;18117;7956;340083;Amont
20110;18118;7957;359341;Aval
20111;18119;7957;360045;Amont
20112;18120;7958;381742;Aval
20113;18121;7958;382460;Amont
20114;18122;7959;137638;Aval
20115;18123;7959;138496;Amont
20116;18124;7960;143289;Aval
20117;18125;7960;144115;Amont
20118;18126;7961;150599;Aval
20119;18127;7961;151337;Amont
20120;18128;7962;172562;Aval
20121;18129;7962;173197;Amont
20122;18130;7963;187374;Aval
20123;18131;7963;187989;Amont
20124;18132;7964;211637;Aval
20125;18133;7964;212224;Amont
20126;18134;7965;130177;Aval
20127;18135;7965;130805;Amont
20128;18136;7966;4494;Aval
20129;18137;7966;4644;Amont
20130;18138;7967;5252;Aval
20131;18139;7967;5313;Amont
20132;18140;7968;5275;Aval
20133;18141;7968;5331;Amont
20134;18142;7969;5361;Aval
20135;18143;7969;5433;Amont
20136;18144;7970;5361;Aval
20137;18145;7970;5434;Amont
20138;18146;7971;5629;Aval
20139;18147;7971;5677;Amont
20140;18148;7972;5651;Aval
20141;18149;7972;5746;Amont
20142;18150;7973;6667;Aval
20143;18151;7973;6832;Amont
20144;18152;7974;6858;Aval
20145;18153;7974;6996;Amont
20146;18154;7975;8956;Aval
20147;18155;7975;9062;Amont
20148;18156;7976;9102;Aval
20149;18157;7976;9172;Amont
20150;18158;7977;9189;Aval
20151;18159;7977;9320;Amont
20152;18160;7978;9296;Aval
20153;18161;7978;9422;Amont
20154;18162;7979;11703;Aval
20155;18163;7979;11827;Amont
20156;18164;7980;11797;Aval
20157;18165;7980;11863;Amont
20158;18166;7981;12001;Aval
20159;18167;7981;12131;Amont
20160;18168;7982;25571;Aval
20161;18169;7982;25701;Amont
20162;18170;7983;26891;Aval
20163;18171;7983;27033;Amont
20164;18172;7984;41282;Aval
20165;18173;7984;41365;Amont
20166;18174;7985;62420;Aval
20167;18175;7985;62500;Amont
20168;18176;7986;62512;Aval
20169;18177;7986;62644;Amont
20170;18178;7987;63813;Aval
20171;18179;7987;63895;Amont
20172;18180;7988;79467;Aval
20173;18181;7988;79527;Amont
20174;18182;7989;79498;Aval
20175;18183;7989;79556;Amont
20176;18184;7990;94007;Aval
20177;18185;7990;94089;Amont
20178;18186;7991;95285;Aval
20179;18187;7991;95416;Amont
20180;18188;7992;105278;Aval
20181;18189;7992;105361;Amont
20182;18190;7993;112550;Aval
20183;18191;7993;112681;Amont
20184;18192;7994;112701;Aval
20185;18193;7994;112833;Amont
20186;18194;7995;118090;Aval
20187;18195;7995;118221;Amont
20188;18196;7996;118251;Aval
20189;18197;7996;118382;Amont
20190;18198;7997;126791;Aval
20191;18199;7997;126850;Amont
20192;18200;7998;126990;Aval
20193;18201;7998;127119;Amont
20194;18202;7999;129578;Aval
20195;18203;7999;129636;Amont
20196;18204;8000;129674;Aval
20197;18205;8000;129755;Amont
20198;18206;8001;129768;Aval
20199;18207;8001;129833;Amont
20200;18208;8002;129768;Aval
20201;18209;8002;129833;Amont
20202;18210;8003;130040;Aval
20203;18211;8003;130124;Amont
20204;18212;8004;130135;Aval
20205;18213;8004;130219;Amont
20206;18214;8005;130803;Aval
20207;18215;8005;130871;Amont
20208;18216;8006;130939;Aval
20209;18217;8006;130996;Amont
20210;18218;8007;131011;Aval
20211;18219;8007;131069;Amont
20212;18220;8008;233702;Aval
20213;18221;8008;233787;Amont
20214;18222;8009;236038;Aval
20215;18223;8009;236167;Amont
20216;18224;8010;239175;Aval
20217;18225;8010;239256;Amont
20218;18226;8011;239304;Aval
20219;18227;8011;239387;Amont
20220;18228;8012;306605;Aval
20221;18229;8012;306720;Amont
20222;18230;8013;307285;Aval
20223;18231;8013;307344;Amont
20224;18232;9106;307026;Aval
20225;18233;9106;307125;Amont
20226;18234;9155;374806;Aval
20227;18235;9155;375434;Amont
20228;18236;9348;5436;Aval
20229;18237;9348;5494;Amont
20230;18238;9349;5437;Aval
20231;18239;9349;5495;Amont
20232;18240;9461;9066;Aval
20233;18241;9461;9105;Amont
20234;18242;9466;41992;Aval
20235;18243;9466;42127;Amont
20236;18244;1107;0;Aval
20237;18245;1107;637;Amont
20238;18246;1108;1220;Aval
20239;18247;1108;3861;Amont
20240;18248;1109;1220;Aval
20241;18249;1109;3996;Amont
20242;18250;1110;-207;Aval
20243;18251;1110;22000;Amont
20244;18257;1111;20318;Aval
20245;18253;1111;79134;Amont
20246;18254;1112;1179;Aval
20247;18255;1112;20259;Amont
20248;18256;1113;1215;Aval
20249;18257;1113;20318;Amont
20250;18258;8014;47265;Aval
20251;18259;8014;48085;Amont
20252;18260;8015;26225;Aval
20253;18261;8015;27120;Amont
20254;18262;8016;35897;Aval
20255;18263;8016;36851;Amont
20256;18264;8017;47221;Aval
20257;18265;8017;48185;Amont
20258;18266;8018;57727;Aval
20259;18267;8018;58640;Amont
20260;18268;8019;66411;Aval
20261;18269;8019;67306;Amont
20262;18270;8020;71475;Aval
20263;18271;8020;72385;Amont
20264;18272;8021;79134;Aval
20265;18273;8021;80036;Amont
20266;18274;9337;1736;Aval
20267;18275;9337;1865;Amont
20268;18276;9338;1866;Aval
20269;18277;9338;1996;Amont
20270;18278;9340;9096;Aval
20271;18279;9340;9317;Amont
20272;18280;9341;9470;Aval
20273;18281;9341;9693;Amont
20274;18282;9342;10061;Aval
20275;18283;9342;10141;Amont
20276;18284;9459;79134;Aval
20277;18285;9459;80036;Amont
20278;18286;9478;19252;Aval
20279;18287;9478;19305;Amont
20280;18288;1114;6852;Aval
20281;18289;1114;50034;Amont
20282;18290;1115;6852;Aval
20283;18291;1115;50005;Amont
20284;18292;8022;10704;Aval
20285;18293;8022;10761;Amont
20286;18294;8023;11096;Aval
20287;18295;8023;11152;Amont
20288;18296;8024;16338;Aval
20289;18297;8024;16383;Amont
20290;18298;8025;25899;Aval
20291;18299;8025;25957;Amont
20292;18300;8026;41020;Aval
20293;18301;8026;41081;Amont
20294;18302;8027;49381;Aval
20295;18303;8027;49462;Amont
20296;18304;1116;49463;Aval
20297;18305;1116;50315;Amont
20298;18306;1117;133770;Aval
20299;18307;1117;141998;Amont
20300;18308;1118;133682;Aval
20301;18309;1118;141998;Amont
20302;18310;8028;133770;Aval
20303;18311;8028;133900;Amont
20304;18312;9462;141552;Aval
20305;18313;9462;141668;Amont
20306;18314;9463;141674;Aval
20307;18315;9463;141980;Amont
20308;18316;9464;141789;Aval
20309;18317;9464;142150;Amont
20310;18318;9465;141722;Aval
20311;18319;9465;141871;Amont
20312;18320;1119;321;Aval
20313;18321;1119;108608;Amont
20314;18322;1120;108608;Aval
20315;18323;1120;109410;Amont
20316;18324;1121;108608;Aval
20317;18325;1121;109452;Amont
20318;18326;8029;96863;Aval
20319;18327;8029;97628;Amont
20320;18328;8030;16494;Aval
20321;18329;8030;17275;Amont
20322;18330;8031;32389;Aval
20323;18331;8031;33157;Amont
20324;18332;8032;53403;Aval
20325;18333;8032;54179;Amont
20326;18334;8033;73164;Aval
20327;18335;8033;73920;Amont
20328;18336;8034;86879;Aval
20329;18337;8034;87683;Amont
20330;18338;1122;788;Aval
20331;18339;1122;4712;Amont
20332;18340;1123;240048;Aval
20333;18341;1123;299168;Amont
20334;18342;1124;300400;Aval
20335;18343;1124;349345;Amont
20336;18344;8035;240048;Aval
20337;18345;8035;240534;Amont
20338;18346;8036;266018;Aval
20339;18347;8036;266946;Amont
20340;18348;8037;348512;Aval
20341;18349;8037;349250;Amont
20342;18350;8038;240048;Aval
20343;18351;8038;240364;Amont
20344;18352;8039;266116;Aval
20345;18353;8039;266808;Amont
20346;18354;8040;348547;Aval
20347;18355;8040;349205;Amont
20348;18356;8041;246334;Aval
20349;18357;8041;247222;Amont
20350;18358;8042;255925;Aval
20351;18359;8042;256720;Amont
20352;18360;8043;275370;Aval
20353;18361;8043;276099;Amont
20354;18362;8044;282178;Aval
20355;18363;8044;282888;Amont
20356;18364;8045;293145;Aval
20357;18365;8045;293888;Amont
20358;18366;8046;304259;Aval
20359;18367;8046;305105;Amont
20360;18368;8047;309961;Aval
20361;18369;8047;310659;Amont
20362;18370;8048;320529;Aval
20363;18371;8048;321616;Amont
20364;18372;8049;334919;Aval
20365;18373;8049;335785;Amont
20366;18374;8050;348532;Aval
20367;18375;8050;348810;Amont
20368;18376;1125;306460;Aval
20369;18377;1125;329093;Amont
20370;18378;1126;510;Aval
20371;18379;1126;2339;Amont
20372;18380;1127;36673;Aval
20373;18381;1127;76833;Amont
20374;18382;8051;76699;Aval
20375;18383;8051;76833;Amont
20376;18384;1128;547;Aval
20377;18385;1128;68536;Amont
20378;18386;1129;547;Aval
20379;18387;1129;68536;Amont
20380;18388;8052;32610;Aval
20381;18389;8052;33605;Amont
20382;18390;8053;67088;Aval
20383;18391;8053;67700;Amont
20384;18392;8054;32610;Aval
20385;18393;8054;33624;Amont
20386;18394;8055;67088;Aval
20387;18395;8055;67698;Amont
20388;18396;8056;2345;Aval
20389;18397;8056;3125;Amont
20390;18398;8057;21982;Aval
20391;18399;8057;23033;Amont
20392;18400;8058;653;Aval
20393;18401;8058;716;Amont
20394;18402;8059;2256;Aval
20395;18403;8059;2314;Amont
20396;18404;8060;3400;Aval
20397;18405;8060;3452;Amont
20398;18406;8061;21987;Aval
20399;18407;8061;22102;Amont
20400;18408;8062;22888;Aval
20401;18409;8062;22992;Amont
20402;18410;8063;32387;Aval
20403;18411;8063;32448;Amont
20404;18412;8064;33390;Aval
20405;18413;8064;33583;Amont
20406;18414;8065;33781;Aval
20407;18415;8065;33840;Amont
20408;18416;8066;67000;Aval
20409;18417;8066;67066;Amont
20410;18418;9140;67190;Aval
20411;18419;9140;67229;Amont
20412;18420;9141;68020;Aval
20413;18421;9141;68104;Amont
20414;18422;9144;68200;Aval
20415;18423;9144;68236;Amont
20416;18424;9191;866;Aval
20417;18425;9191;918;Amont
20418;18426;9202;2053;Aval
20419;18427;9202;2110;Amont
20420;18428;9203;2370;Aval
20421;18429;9203;2427;Amont
20422;18430;9204;3301;Aval
20423;18431;9204;3344;Amont
20424;18432;9205;44366;Aval
20425;18433;9205;44409;Amont
20426;18434;9206;33701;Aval
20427;18435;9206;33739;Amont
20428;18436;9207;32659;Aval
20429;18437;9207;33390;Amont
20430;18438;1130;1464;Aval
20431;18439;1130;2700;Amont
20432;18440;1131;21855;Aval
20433;18441;1131;23602;Amont
20434;18442;1132;0;Aval
20435;18443;1132;16497;Amont
20436;18444;1133;0;Aval
20437;18445;1133;24607;Amont
20438;18446;8067;15721;Aval
20439;18447;8067;16697;Amont
20440;18448;1134;0;Aval
20441;18449;1134;984;Amont
20442;18450;1135;370;Aval
20443;18451;1135;2065;Amont
20444;18452;1136;0;Aval
20445;18453;1136;1969;Amont
20446;18454;9201;1811;Aval
20447;18455;9201;1876;Amont
20448;18456;1137;25;Aval
20449;18457;1137;259155;Amont
20450;18458;1138;25;Aval
20451;18459;1138;259155;Amont
20452;18460;8068;905;Aval
20453;18461;8068;3624;Amont
20454;18462;8069;16275;Aval
20455;18463;8069;17330;Amont
20456;18464;8070;60918;Aval
20457;18465;8070;62009;Amont
20458;18466;8071;66598;Aval
20459;18467;8071;67299;Amont
20460;18468;8072;248284;Aval
20461;18469;8072;248773;Amont
20462;18470;8073;66651;Aval
20463;18471;8073;67472;Amont
20464;18472;8074;913;Aval
20465;18473;8074;3621;Amont
20466;18474;8075;16072;Aval
20467;18475;8075;17138;Amont
20468;18476;8076;6666;Aval
20469;18477;8076;10363;Amont
20470;18478;8077;3518;Aval
20471;18479;8077;4220;Amont
20472;18480;8078;185;Aval
20473;18481;8078;488;Amont
20474;18482;8079;185;Aval
20475;18483;8079;573;Amont
20476;18484;8080;25;Aval
20477;18485;8080;533;Amont
20478;18486;8081;100633;Aval
20479;18487;8081;101698;Amont
20480;18488;8082;135325;Aval
20481;18489;8082;136032;Amont
20482;18490;8083;160916;Aval
20483;18491;8083;161602;Amont
20484;18492;8084;192851;Aval
20485;18493;8084;193693;Amont
20486;18494;8085;203874;Aval
20487;18495;8085;204609;Amont
20488;18496;8086;211840;Aval
20489;18497;8086;212950;Amont
20490;18498;8087;66548;Aval
20491;18499;8087;67300;Amont
20492;18500;8088;159369;Aval
20493;18501;8088;160404;Amont
20494;18502;8089;223751;Aval
20495;18503;8089;224410;Amont
20496;18504;8090;223663;Aval
20497;18505;8090;224407;Amont
20498;18506;8091;223708;Aval
20499;18507;8091;224378;Amont
20500;18508;8092;223749;Aval
20501;18509;8092;224378;Amont
20502;18510;8093;223663;Aval
20503;18511;8093;224310;Amont
20504;18512;8094;223265;Aval
20505;18513;8094;224310;Amont
20506;18514;8095;2405;Aval
20507;18515;8095;2516;Amont
20508;18516;8096;2518;Aval
20509;18517;8096;2648;Amont
20510;18518;8097;2653;Aval
20511;18519;8097;2763;Amont
20512;18520;8098;2700;Aval
20513;18521;8098;2749;Amont
20514;18522;8099;3625;Aval
20515;18523;8099;3682;Amont
20516;18524;8100;8026;Aval
20517;18525;8100;8099;Amont
20518;18526;8101;15263;Aval
20519;18527;8101;15345;Amont
20520;18528;8102;16145;Aval
20521;18529;8102;16274;Amont
20522;18530;8103;16406;Aval
20523;18531;8103;16539;Amont
20524;18532;8104;17170;Aval
20525;18533;8104;17251;Amont
20526;18534;8105;17348;Aval
20527;18535;8105;17429;Amont
20528;18536;8106;26374;Aval
20529;18537;8106;26504;Amont
20530;18538;8107;26521;Aval
20531;18539;8107;26653;Amont
20532;18540;8108;39930;Aval
20533;18541;8108;40011;Amont
20534;18542;8109;40190;Aval
20535;18543;8109;40272;Amont
20536;18544;8110;50899;Aval
20537;18545;8110;50980;Amont
20538;18546;8111;50810;Aval
20539;18547;8111;50867;Amont
20540;18548;8112;59851;Aval
20541;18549;8112;59933;Amont
20542;18550;8113;61293;Aval
20543;18551;8113;61424;Amont
20544;18552;8114;66405;Aval
20545;18553;8114;66462;Amont
20546;18554;8115;66535;Aval
20547;18555;8115;66597;Amont
20548;18556;8116;66628;Aval
20549;18557;8116;66678;Amont
20550;18558;8117;67302;Aval
20551;18559;8117;67377;Amont
20552;18560;8118;67394;Aval
20553;18561;8118;67433;Amont
20554;18562;8119;77381;Aval
20555;18563;8119;77461;Amont
20556;18564;8120;84160;Aval
20557;18565;8120;84240;Amont
20558;18566;8121;100633;Aval
20559;18567;8121;100715;Amont
20560;18568;8122;101617;Aval
20561;18569;8122;101698;Amont
20562;18570;8123;101700;Aval
20563;18571;8123;101766;Amont
20564;18572;8124;120532;Aval
20565;18573;8124;120591;Amont
20566;18574;8125;134105;Aval
20567;18575;8125;134161;Amont
20568;18576;8126;135325;Aval
20569;18577;8126;135404;Amont
20570;18578;8127;135920;Aval
20571;18579;8127;135996;Amont
20572;18580;8128;159269;Aval
20573;18581;8128;159350;Amont
20574;18582;8129;160573;Aval
20575;18583;8129;160654;Amont
20576;18584;8130;160909;Aval
20577;18585;8130;161022;Amont
20578;18586;8131;161496;Aval
20579;18587;8131;161577;Amont
20580;18588;8132;171874;Aval
20581;18589;8132;172000;Amont
20582;18590;8133;172773;Aval
20583;18591;8133;172874;Amont
20584;18592;8134;188698;Aval
20585;18593;8134;188760;Amont
20586;18594;8135;189761;Aval
20587;18595;8135;189842;Amont
20588;18596;8136;190718;Aval
20589;18597;8136;190799;Amont
20590;18598;8137;192851;Aval
20591;18599;8137;192979;Amont
20592;18600;8138;193500;Aval
20593;18601;8138;193601;Amont
20594;18602;8139;203874;Aval
20595;18603;8139;203952;Amont
20596;18604;8140;204478;Aval
20597;18605;8140;204592;Amont
20598;18606;8141;211840;Aval
20599;18607;8141;211939;Amont
20600;18608;8142;212835;Aval
20601;18609;8142;212954;Amont
20602;18610;8143;217528;Aval
20603;18611;8143;217610;Amont
20604;18612;8144;217663;Aval
20605;18613;8144;217748;Amont
20606;18614;8145;223156;Aval
20607;18615;8145;223214;Amont
20608;18616;8146;223381;Aval
20609;18617;8146;223462;Amont
20610;18618;8147;223584;Aval
20611;18619;8147;223662;Amont
20612;18620;8148;224293;Aval
20613;18621;8148;224370;Amont
20614;18622;8149;224293;Aval
20615;18623;8149;224366;Amont
20616;18624;8150;224411;Aval
20617;18625;8150;224515;Amont
20618;18626;8151;224436;Aval
20619;18627;8151;224518;Amont
20620;18628;8152;224644;Aval
20621;18629;8152;224726;Amont
20622;18630;8153;224766;Aval
20623;18631;8153;224847;Amont
20624;18632;8154;224810;Aval
20625;18633;8154;224936;Amont
20626;18634;8155;231077;Aval
20627;18635;8155;231158;Amont
20628;18636;8156;231205;Aval
20629;18637;8156;231286;Amont
20630;18638;8157;239644;Aval
20631;18639;8157;239777;Amont
20632;18640;8158;240348;Aval
20633;18641;8158;240439;Amont
20634;18642;8159;248167;Aval
20635;18643;8159;248249;Amont
20636;18644;8160;248784;Aval
20637;18645;8160;248864;Amont
20638;18646;8161;249098;Aval
20639;18647;8161;249180;Amont
20640;18648;8162;257154;Aval
20641;18649;8162;257236;Amont
20642;18650;8163;223347;Aval
20643;18651;8163;224265;Amont
20644;18652;8164;66590;Aval
20645;18653;8164;66886;Amont
20646;18654;8165;224233;Aval
20647;18655;8165;224343;Amont
20648;18656;8649;239640;Aval
20649;18657;8649;240432;Amont
20650;18658;8761;171874;Aval
20651;18659;8761;172875;Amont
20652;18660;9154;135612;Aval
20653;18661;9154;135958;Amont
20654;18662;9168;189859;Aval
20655;18663;9168;189920;Amont
20656;18664;9173;1034;Aval
20657;18665;9173;1121;Amont
20658;18666;9174;1061;Aval
20659;18667;9174;1141;Amont
20660;18668;9175;903;Aval
20661;18669;9175;987;Amont
20662;18670;9180;884;Aval
20663;18671;9180;983;Amont
20664;18672;9181;640;Aval
20665;18673;9181;695;Amont
20666;18674;9182;459;Aval
20667;18675;9182;529;Amont
20668;18676;9183;563;Aval
20669;18677;9183;598;Amont
20670;18678;9188;223761;Aval
20671;18679;9188;223973;Amont
20672;18680;9189;223493;Aval
20673;18681;9189;223760;Amont
20674;18682;9484;1106;Aval
20675;18683;9484;1192;Amont
20676;18684;9569;3336;Aval
20677;18685;9569;3390;Amont
20678;18686;9570;3360;Aval
20679;18687;9570;3452;Amont
20680;18688;9571;3360;Aval
20681;18689;9571;3481;Amont
20682;18690;1139;0;Aval
20683;18691;1139;2410;Amont
20684;18692;1140;809284;Aval
20685;18693;1140;870081;Amont
20686;18694;1141;809284;Aval
20687;18695;1141;870081;Amont
20688;18696;8166;823362;Aval
20689;18697;8166;824943;Amont
20690;18698;8167;809320;Aval
20691;18699;8167;809371;Amont
20692;18700;8168;810206;Aval
20693;18701;8168;810335;Amont
20694;18702;8169;824843;Aval
20695;18703;8169;824924;Amont
20696;18704;8170;824627;Aval
20697;18705;8170;824727;Amont
20698;18706;8171;826145;Aval
20699;18707;8171;826229;Amont
20700;18708;8172;834762;Aval
20701;18709;8172;834803;Amont
20702;18710;8173;839222;Aval
20703;18711;8173;839284;Amont
20704;18712;8174;839783;Aval
20705;18713;8174;839830;Amont
20706;18714;1142;224;Aval
20707;18715;1142;1068;Amont
20708;18716;1143;0;Aval
20709;18717;1143;874;Amont
20710;18718;1144;0;Aval
20711;18719;1144;1358;Amont
20712;18720;1145;0;Aval
20713;18721;1145;4613;Amont
20714;18722;1146;5031;Aval
20715;18723;1146;8887;Amont
20716;18724;1147;81;Aval
20717;18725;1147;5031;Amont
20718;18726;1148;0;Aval
20719;18727;1148;5031;Amont
20720;18728;8175;840;Aval
20721;18729;8175;900;Amont
20722;18730;8176;4842;Aval
20723;18731;8176;5460;Amont
20724;18732;9190;100;Aval
20725;18733;9190;182;Amont
20726;18734;9208;4842;Aval
20727;18735;9208;5003;Amont
20728;18736;1149;12667;Aval
20729;18737;1149;16946;Amont
20730;18738;1150;4564;Aval
20731;18739;1150;12667;Amont
20732;18740;1151;4564;Aval
20733;18741;1151;12667;Amont
20734;18742;8177;4666;Aval
20735;18743;8177;4747;Amont
20736;18744;8178;10210;Aval
20737;18745;8178;10269;Amont
20738;18746;1152;12775;Aval
20739;18747;1152;23779;Amont
20740;18748;1153;11524;Aval
20741;18749;1153;12775;Amont
20742;18750;1154;11530;Aval
20743;18751;1154;12775;Amont
20744;18752;9209;21543;Aval
20745;18753;9209;21580;Amont
20746;18754;1155;19641;Aval
20747;18755;1155;25859;Amont
20748;18756;1156;22911;Aval
20749;18757;1156;25515;Amont
20750;18758;1157;23313;Aval
20751;18759;1157;25379;Amont
20752;18760;1158;23779;Aval
20753;18761;1158;26181;Amont
20754;18762;1159;860257;Aval
20755;18763;1159;861566;Amont
20756;18764;1160;860364;Aval
20757;18765;1160;861442;Amont
20758;18766;9158;860403;Aval
20759;18767;9158;860465;Amont
20760;18768;9159;861444;Aval
20761;18769;9159;861556;Amont
20762;18770;9568;-13;Aval
20763;18771;9568;1967;Amont
20764;18772;8601;852765;Aval
20765;18773;8601;852872;Amont
20766;18774;8602;856351;Aval
20767;18775;8602;856443;Amont
20768;18776;8603;851699;Aval
20769;18777;8603;861536;Amont
20770;18778;8604;851699;Aval
20771;18779;8604;858492;Amont
20772;18780;8610;856519;Aval
20773;18781;8610;856602;Amont
20774;18782;1161;856472;Aval
20775;18783;1161;857444;Amont
20776;18784;1162;45;Aval
20777;18785;1162;1129;Amont
20778;18786;1163;362;Aval
20779;18787;1163;10849;Amont
20780;18788;8179;9742;Aval
20781;18789;8179;10405;Amont
20782;18790;1166;483;Aval
20783;18791;1166;4990;Amont
20784;18792;8180;4553;Aval
20785;18793;8180;4703;Amont
20786;18794;1167;2520;Aval
20787;18795;1167;19200;Amont
20788;18796;9196;11540;Aval
20789;18797;9196;12025;Amont
20790;18798;9197;18876;Aval
20791;18799;9197;19200;Amont
20792;18800;1168;2791;Aval
20793;18801;1168;43452;Amont
20794;18802;1169;204;Aval
20795;18803;1169;2791;Amont
20796;18804;1170;277;Aval
20797;18805;1170;2791;Amont
20798;18806;8181;8709;Aval
20799;18807;8181;9362;Amont
20800;18808;8182;23127;Aval
20801;18809;8182;24039;Amont
20802;18810;8183;266;Aval
20803;18811;8183;357;Amont
20804;18812;8184;376;Aval
20805;18813;8184;418;Amont
20806;18814;8185;1999;Aval
20807;18815;8185;2060;Amont
20808;18816;8186;2088;Aval
20809;18817;8186;2141;Amont
20810;18818;1171;37648;Aval
20811;18819;1171;84648;Amont
20812;18820;8187;77348;Aval
20813;18821;8187;78315;Amont
20814;18822;8188;77408;Aval
20815;18823;8188;78273;Amont
20816;18824;8189;41572;Aval
20817;18825;8189;42464;Amont
20818;18826;8190;49936;Aval
20819;18827;8190;50623;Amont
20820;18828;8191;57505;Aval
20821;18829;8191;58337;Amont
20822;18830;8192;70184;Aval
20823;18831;8192;71055;Amont
20824;18832;1172;412;Aval
20825;18833;1172;78199;Amont
20826;18834;8193;23352;Aval
20827;18835;8193;23947;Amont
20828;18836;8194;41957;Aval
20829;18837;8194;42586;Amont
20830;18838;8195;70471;Aval
20831;18839;8195;71095;Amont
20832;18840;1173;304;Aval
20833;18841;1173;16613;Amont
20834;18842;8196;9450;Aval
20835;18843;8196;10016;Amont
20836;18844;1176;31950;Aval
20837;18845;1176;32401;Amont
20838;18846;1177;18874;Aval
20839;18847;1177;31950;Amont
20840;18848;1178;18874;Aval
20841;18849;1178;31950;Amont
20842;18850;1179;636;Aval
20843;18851;1179;857;Amont
20844;18852;8204;28490;Aval
20845;18853;8204;28550;Amont
20846;18854;8205;28556;Aval
20847;18855;8205;28660;Amont
20848;18856;8206;28556;Aval
20849;18857;8206;28750;Amont
20850;18858;9247;29441;Aval
20851;18859;9247;29480;Amont
20852;18860;8605;75814;Aval
20853;18861;8605;77027;Amont
20854;18862;1180;0;Aval
20855;18863;1180;21218;Amont
20856;18864;1181;0;Aval
20857;18865;1181;21218;Amont
20858;18866;8207;8690;Aval
20859;18867;8207;8740;Amont
20860;18868;8208;10609;Aval
20861;18869;8208;10640;Amont
20862;18870;8209;12730;Aval
20863;18871;8209;12795;Amont
20864;18872;8606;4143;Aval
20865;18873;8606;4280;Amont
20866;18874;8607;4143;Aval
20867;18875;8607;4280;Amont
20868;18876;8608;4305;Aval
20869;18877;8608;4470;Amont
20870;18878;8609;4305;Aval
20871;18879;8609;4483;Amont
20872;18880;8210;77027;Aval
20873;18881;8210;77826;Amont
20874;18882;1182;7759;Aval
20875;18883;1182;7805;Amont
20876;18884;1183;-159;Aval
20877;18885;1183;7910;Amont
20878;18886;1184;47;Aval
20879;18887;1184;7910;Amont
20880;18888;8211;0;Aval
20881;18889;8211;1218;Amont
20882;18890;8212;1236;Aval
20883;18891;8212;1322;Amont
20884;18892;8213;3338;Aval
20885;18893;8213;3401;Amont
20886;18894;8214;3455;Aval
20887;18895;8214;3518;Amont
20888;18896;8215;3825;Aval
20889;18897;8215;3873;Amont
20890;18898;8712;3825;Aval
20891;18899;8712;3873;Amont
20892;18900;8713;3298;Aval
20893;18901;8713;3899;Amont
20894;18902;8714;7759;Aval
20895;18903;8714;7805;Amont
20896;18904;9018;268;Aval
20897;18905;9018;315;Amont
20898;18906;9019;268;Aval
20899;18907;9019;315;Amont
20900;18908;8715;0;Aval
20901;18909;8715;1720;Amont
20902;18910;8716;0;Aval
20903;18911;8716;1856;Amont
20904;18912;1185;2463;Aval
20905;18913;1185;20805;Amont
20906;18914;1186;2463;Aval
20907;18915;1186;20805;Amont
20908;18916;8216;3362;Aval
20909;18917;8216;3442;Amont
20910;18918;8217;4807;Aval
20911;18919;8217;4894;Amont
20912;18920;8218;4927;Aval
20913;18921;8218;5048;Amont
20914;18922;8219;4927;Aval
20915;18923;8219;5048;Amont
20916;18924;8220;7220;Aval
20917;18925;8220;7308;Amont
20918;18926;8221;7312;Aval
20919;18927;8221;7386;Amont
20920;18928;8222;7400;Aval
20921;18929;8222;7520;Amont
20922;18930;8223;7424;Aval
20923;18931;8223;7509;Amont
20924;18932;8224;11767;Aval
20925;18933;8224;11851;Amont
20926;18934;8225;11767;Aval
20927;18935;8225;11851;Amont
20928;18936;8226;13945;Aval
20929;18937;8226;14027;Amont
20930;18938;8227;14470;Aval
20931;18939;8227;14500;Amont
20932;18940;8228;15270;Aval
20933;18941;8228;15352;Amont
20934;18942;8229;20543;Aval
20935;18943;8229;20669;Amont
20936;18944;8230;20671;Aval
20937;18945;8230;20730;Amont
20938;18946;8231;4372;Aval
20939;18947;8231;4865;Amont
20940;18948;1187;3440;Aval
20941;18949;1187;6327;Amont
20942;18950;1188;3440;Aval
20943;18951;1188;6327;Amont
20944;18952;8232;5200;Aval
20945;18953;8232;5250;Amont
20946;18954;8233;5658;Aval
20947;18955;8233;5698;Amont
20948;18956;8234;5713;Aval
20949;18957;8234;5753;Amont
20950;18958;9273;3120;Aval
20951;18959;9273;3440;Amont
20952;18960;9274;3180;Aval
20953;18961;9274;3300;Amont
20954;18962;1189;8468;Aval
20955;18963;1189;12080;Amont
20956;18964;1190;8485;Aval
20957;18965;1190;12081;Amont
20958;18966;8235;10174;Aval
20959;18967;8235;10239;Amont
20960;18968;8236;11627;Aval
20961;18969;8236;11692;Amont
20962;18970;1191;6570;Aval
20963;18971;1191;6938;Amont
20964;18972;1192;6570;Aval
20965;18973;1192;6928;Amont
20966;18974;1193;10;Aval
20967;18975;1193;1250;Amont
20968;18976;1194;15;Aval
20969;18977;1194;1250;Amont
20970;18978;8237;80;Aval
20971;18979;8237;90;Amont
20972;18980;1196;7469;Aval
20973;18981;1196;9078;Amont
20974;18982;1197;58;Aval
20975;18983;1197;22896;Amont
20976;18984;1198;56;Aval
20977;18985;1198;22896;Amont
20978;18986;8238;370;Aval
20979;18987;8238;520;Amont
20980;18988;8239;52;Aval
20981;18989;8239;307;Amont
20982;18990;8240;51;Aval
20983;18991;8240;430;Amont
20984;18992;8241;13658;Aval
20985;18993;8241;14199;Amont
20986;18994;8242;13673;Aval
20987;18995;8242;14168;Amont
20988;18996;8243;10308;Aval
20989;18997;8243;11340;Amont
20990;18998;8244;12611;Aval
20991;18999;8244;13673;Amont
20992;19000;8245;7830;Aval
20993;19001;8245;8682;Amont
20994;19002;8246;8019;Aval
20995;19003;8246;8642;Amont
20996;19004;8247;250;Aval
20997;19005;8247;307;Amont
20998;19006;8248;261;Aval
20999;19007;8248;357;Amont
21000;19008;8249;282;Aval
21001;19009;8249;337;Amont
21002;19010;8250;2045;Aval
21003;19011;8250;2256;Amont
21004;19012;8251;4778;Aval
21005;19013;8251;4826;Amont
21006;19014;8252;4792;Aval
21007;19015;8252;4838;Amont
21008;19016;8253;5489;Aval
21009;19017;8253;5536;Amont
21010;19018;8254;5515;Aval
21011;19019;8254;5622;Amont
21012;19020;8255;5547;Aval
21013;19021;8255;5633;Amont
21014;19022;8256;8107;Aval
21015;19023;8256;8215;Amont
21016;19024;8257;8518;Aval
21017;19025;8257;8600;Amont
21018;19026;8258;8518;Aval
21019;19027;8258;8600;Amont
21020;19028;8259;13691;Aval
21021;19029;8259;13805;Amont
21022;19030;8260;16813;Aval
21023;19031;8260;16895;Amont
21024;19032;8261;17055;Aval
21025;19033;8261;17185;Amont
21026;19034;8262;20750;Aval
21027;19035;8262;20831;Amont
21028;19036;8263;20837;Aval
21029;19037;8263;20922;Amont
21030;19038;8264;22491;Aval
21031;19039;8264;22518;Amont
21032;19040;8265;22518;Aval
21033;19041;8265;22597;Amont
21034;19042;8266;7728;Aval
21035;19043;8266;7820;Amont
21036;19044;8267;10841;Aval
21037;19045;8267;10925;Amont
21038;19046;8268;11203;Aval
21039;19047;8268;11339;Amont
21040;19048;8269;12555;Aval
21041;19049;8269;12741;Amont
21042;19050;8270;13537;Aval
21043;19051;8270;13673;Amont
21044;19052;8271;13780;Aval
21045;19053;8271;13872;Amont
21046;19054;8272;13784;Aval
21047;19055;8272;13872;Amont
21048;19056;8273;14097;Aval
21049;19057;8273;14155;Amont
21050;19058;8274;8110;Aval
21051;19059;8274;8169;Amont
21052;19060;8275;5407;Aval
21053;19061;8275;5905;Amont
21054;19062;1199;0;Aval
21055;19063;1199;506;Amont
21056;19064;1200;108;Aval
21057;19065;1200;506;Amont
21058;19066;8276;216;Aval
21059;19067;8276;274;Amont
21060;19068;8277;420;Aval
21061;19069;8277;450;Amont
21062;19070;1201;14804;Aval
21063;19071;1201;30115;Amont
21064;19072;1202;14782;Aval
21065;19073;1202;29980;Amont
21066;19074;8278;16481;Aval
21067;19075;8278;16920;Amont
21068;19076;8279;25687;Aval
21069;19077;8279;25999;Amont
21070;19078;8280;16338;Aval
21071;19079;8280;16418;Amont
21072;19080;8281;26108;Aval
21073;19081;8281;26165;Amont
21074;19082;8282;16458;Aval
21075;19083;8282;16574;Amont
21076;19084;8283;29582;Aval
21077;19085;8283;29666;Amont
21078;19086;8284;17196;Aval
21079;19087;8284;17317;Amont
21080;19088;8285;25692;Aval
21081;19089;8285;25780;Amont
21082;19090;1203;50;Aval
21083;19091;1203;10268;Amont
21084;19092;1204;46;Aval
21085;19093;1204;10067;Amont
21086;19094;8286;49;Aval
21087;19095;8286;417;Amont
21088;19096;8287;45;Aval
21089;19097;8287;300;Amont
21090;19098;8288;10059;Aval
21091;19099;8288;10399;Amont
21092;19100;8289;250;Aval
21093;19101;8289;300;Amont
21094;19102;8290;302;Aval
21095;19103;8290;352;Amont
21096;19104;8291;327;Aval
21097;19105;8291;416;Amont
21098;19106;8292;469;Aval
21099;19107;8292;535;Amont
21100;19108;8293;488;Aval
21101;19109;8293;590;Amont
21102;19110;8294;1988;Aval
21103;19111;8294;2045;Amont
21104;19112;8295;4271;Aval
21105;19113;8295;4363;Amont
21106;19114;8296;4367;Aval
21107;19115;8296;4442;Amont
21108;19116;8297;4826;Aval
21109;19117;8297;4871;Amont
21110;19118;8298;4838;Aval
21111;19119;8298;4885;Amont
21112;19120;8299;5364;Aval
21113;19121;8299;5489;Amont
21114;19122;8300;5368;Aval
21115;19123;8300;5474;Amont
21116;19124;8301;5478;Aval
21117;19125;8301;5562;Amont
21118;19126;8302;7644;Aval
21119;19127;8302;7726;Amont
21120;19128;8303;7644;Aval
21121;19129;8303;7726;Amont
21122;19130;8304;7731;Aval
21123;19131;8304;7811;Amont
21124;19132;8305;8476;Aval
21125;19133;8305;8579;Amont
21126;19134;8306;9833;Aval
21127;19135;8306;9912;Amont
21128;19136;8307;8306;Aval
21129;19137;8307;8360;Amont
21130;19138;8308;8617;Aval
21131;19139;8308;8738;Amont
21132;19140;8309;596;Aval
21133;19141;8309;687;Amont
21134;19142;8310;643;Aval
21135;19143;8310;688;Amont
21136;19144;8311;10067;Aval
21137;19145;8311;10166;Amont
21138;19146;8312;5485;Aval
21139;19147;8312;5861;Amont
21140;19148;1205;10268;Aval
21141;19149;1205;12985;Amont
21142;19150;1206;12000;Aval
21143;19151;1206;14594;Amont
21144;19152;1207;10067;Aval
21145;19153;1207;12985;Amont
21146;19154;1208;12000;Aval
21147;19155;1208;14592;Amont
21148;19156;1597;10555;Aval
21149;19157;1597;10911;Amont
21150;19158;1598;10555;Aval
21151;19159;1598;10911;Amont
21152;19160;1209;15;Aval
21153;19161;1209;14677;Amont
21154;19162;1210;15545;Aval
21155;19163;1210;17611;Amont
21156;19164;1211;15;Aval
21157;19165;1211;17611;Amont
21158;19166;8313;13037;Aval
21159;19167;8313;13682;Amont
21160;19168;8314;-112;Aval
21161;19169;8314;350;Amont
21162;19170;8315;13189;Aval
21163;19171;8315;13647;Amont
21164;19172;8316;-112;Aval
21165;19173;8316;335;Amont
21166;19174;8317;4668;Aval
21167;19175;8317;5022;Amont
21168;19176;8318;1783;Aval
21169;19177;8318;2302;Amont
21170;19178;8319;440;Aval
21171;19179;8319;525;Amont
21172;19180;8320;440;Aval
21173;19181;8320;525;Amont
21174;19182;8321;1767;Aval
21175;19183;8321;1868;Amont
21176;19184;8322;2369;Aval
21177;19185;8322;2456;Amont
21178;19186;8323;2369;Aval
21179;19187;8323;2456;Amont
21180;19188;8324;4009;Aval
21181;19189;8324;4091;Amont
21182;19190;8325;4681;Aval
21183;19191;8325;4761;Amont
21184;19192;8326;4997;Aval
21185;19193;8326;5128;Amont
21186;19194;8327;8427;Aval
21187;19195;8327;8509;Amont
21188;19196;8328;8510;Aval
21189;19197;8328;8596;Amont
21190;19198;8329;13072;Aval
21191;19199;8329;13159;Amont
21192;19200;8330;13175;Aval
21193;19201;8330;13282;Amont
21194;19202;8331;13714;Aval
21195;19203;8331;13795;Amont
21196;19204;8332;17194;Aval
21197;19205;8332;17279;Amont
21198;19206;8333;17194;Aval
21199;19207;8333;17279;Amont
21200;19208;8334;17307;Aval
21201;19209;8334;17611;Amont
21202;19210;8335;17312;Aval
21203;19211;8335;17611;Amont
21204;19212;1212;19281;Aval
21205;19213;1212;21522;Amont
21206;19214;1213;19714;Aval
21207;19215;1213;21564;Amont
21208;19216;8336;19891;Aval
21209;19217;8336;19970;Amont
21210;19218;8337;19978;Aval
21211;19219;8337;20060;Amont
21212;19220;1214;0;Aval
21213;19221;1214;2223;Amont
21214;19222;1215;0;Aval
21215;19223;1215;2223;Amont
21216;19224;1599;1744;Aval
21217;19225;1599;2223;Amont
21218;19226;1600;1795;Aval
21219;19227;1600;2223;Amont
21220;19228;8338;1628;Aval
21221;19229;8338;1714;Amont
21222;19230;8339;1628;Aval
21223;19231;8339;1714;Amont
21224;19232;8340;1750;Aval
21225;19233;8340;1831;Amont
21226;19234;8341;1850;Aval
21227;19235;8341;1932;Amont
21228;19236;1216;10933;Aval
21229;19237;1216;18874;Amont
21230;19238;1217;2547;Aval
21231;19239;1217;5236;Amont
21232;19240;1218;2567;Aval
21233;19241;1218;5236;Amont
21234;19242;8342;4840;Aval
21235;19243;8342;5236;Amont
21236;19244;8343;0;Aval
21237;19245;8343;511;Amont
21238;19246;8344;0;Aval
21239;19247;8344;511;Amont
21240;19248;8345;0;Aval
21241;19249;8345;511;Amont
21242;19250;8346;0;Aval
21243;19251;8346;511;Amont
21244;19252;8347;4900;Aval
21245;19253;8347;5236;Amont
21246;19254;8348;164;Aval
21247;19255;8348;254;Amont
21248;19256;8349;164;Aval
21249;19257;8349;254;Amont
21250;19258;8350;536;Aval
21251;19259;8350;624;Amont
21252;19260;8351;536;Aval
21253;19261;8351;624;Amont
21254;19262;8352;4943;Aval
21255;19263;8352;5003;Amont
21256;19264;8353;5006;Aval
21257;19265;8353;5068;Amont
21258;19266;9269;511;Aval
21259;19267;9269;762;Amont
21260;19268;9270;511;Aval
21261;19269;9270;762;Amont
21262;19270;1219;-15;Aval
21263;19271;1219;691;Amont
21264;19272;1220;-15;Aval
21265;19273;1220;757;Amont
21266;19274;8354;-15;Aval
21267;19275;8354;70;Amont
21268;19276;8355;-15;Aval
21269;19277;8355;70;Amont
21270;19278;1221;691;Aval
21271;19279;1221;4535;Amont
21272;19280;1222;757;Aval
21273;19281;1222;4554;Amont
21274;19282;8356;691;Aval
21275;19283;8356;1111;Amont
21276;19284;8357;757;Aval
21277;19285;8357;1150;Amont
21278;19286;8358;1044;Aval
21279;19287;8358;1094;Amont
21280;19288;8359;1202;Aval
21281;19289;8359;1288;Amont
21282;19290;8360;4057;Aval
21283;19291;8360;4138;Amont
21284;19292;8361;4139;Aval
21285;19293;8361;4223;Amont
21286;19294;1223;9186;Aval
21287;19295;1223;25421;Amont
21288;19296;1224;9245;Aval
21289;19297;1224;25436;Amont
21290;19298;8362;12934;Aval
21291;19299;8362;13493;Amont
21292;19300;8363;13140;Aval
21293;19301;8363;13516;Amont
21294;19302;8364;17200;Aval
21295;19303;8364;17319;Amont
21296;19304;8365;11108;Aval
21297;19305;8365;11304;Amont
21298;19306;8366;11553;Aval
21299;19307;8366;11640;Amont
21300;19308;8367;12827;Aval
21301;19309;8367;12910;Amont
21302;19310;8368;13543;Aval
21303;19311;8368;13606;Amont
21304;19312;8369;13680;Aval
21305;19313;8369;13946;Amont
21306;19314;8370;14070;Aval
21307;19315;8370;14158;Amont
21308;19316;8371;15988;Aval
21309;19317;8371;16054;Amont
21310;19318;8372;16058;Aval
21311;19319;8372;16133;Amont
21312;19320;8373;16403;Aval
21313;19321;8373;16458;Amont
21314;19322;8374;16402;Aval
21315;19323;8374;16597;Amont
21316;19324;8375;17200;Aval
21317;19325;8375;17248;Amont
21318;19326;8376;19508;Aval
21319;19327;8376;19546;Amont
21320;19328;8377;20092;Aval
21321;19329;8377;20140;Amont
21322;19330;8378;23213;Aval
21323;19331;8378;23406;Amont
21324;19332;8379;25212;Aval
21325;19333;8379;25294;Amont
21326;19334;8380;15971;Aval
21327;19335;8380;16535;Amont
21328;19336;1225;0;Aval
21329;19337;1225;10697;Amont
21330;19338;1226;440;Aval
21331;19339;1226;10694;Amont
21332;19340;1228;74440;Aval
21333;19341;1228;75551;Amont
21334;2305;1229;0;Aval
21335;2306;1229;229;Amont
21336;19344;1230;0;Aval
21337;19345;1230;120754;Amont
21338;9305;1235;317;Amont
21339;9305;1235;317;Aval
21340;9304;4146;16804;Amont
21341;9304;4146;16804;Aval
21342;9216;497;16377;Amont
21343;9216;497;16377;Aval
21344;9217;497;16919;Amont
21345;9217;497;16919;Aval
21346;19354;1235;0;Aval
21347;19355;1235;120754;Amont
21348;19379;1230;272;Amont
21349;19379;1230;272;Aval
21350;9194;1404;16394;Amont
21351;9194;1404;16394;Aval
21352;9195;1401;17032;Amont
21353;9195;1401;17032;Aval
21354;11351;644;19638;Amont
21355;11351;644;19638;Aval
21356;11350;644;19635;Amont
21357;11350;644;19635;Aval
21358;19366;1601;56000;Aval
21359;19367;1601;57300;Amont
21360;19368;8381;80377;Aval
21361;19369;8381;81445;Amont
21362;19370;8382;105603;Aval
21363;19371;8382;106708;Amont
21364;19372;8383;80395;Aval
21365;19373;8383;81446;Amont
21366;19374;8384;105381;Aval
21367;19375;8384;106134;Amont
21368;19376;8385;81331;Aval
21369;19377;8385;81957;Amont
21370;19378;8386;0;Aval
21371;19379;8386;272;Amont
21372;19380;8387;120594;Aval
21373;19381;8387;120754;Amont
21374;2306;1230;229;Amont
21375;2306;1230;229;Aval
21376;11349;647;19573;Amont
21377;11349;647;19573;Aval
21378;19386;8390;18590;Aval
21379;19387;8390;18672;Amont
21380;19388;8391;18737;Aval
21381;19389;8391;18818;Amont
21382;19390;8392;50756;Aval
21383;19391;8392;50835;Amont
21384;19392;8393;56230;Aval
21385;19393;8393;56299;Amont
21386;19394;8394;57010;Aval
21387;19395;8394;57110;Amont
21388;19396;8395;57250;Aval
21389;19397;8395;57310;Amont
21390;19398;8396;57350;Aval
21391;19399;8396;57450;Amont
21392;19400;8397;57475;Aval
21393;19401;8397;57500;Amont
21394;19402;8398;57560;Aval
21395;19403;8398;57727;Amont
21396;19404;8399;57560;Aval
21397;19405;8399;57727;Amont
21398;19406;8400;59262;Aval
21399;19407;8400;59360;Amont
21400;19408;8401;59788;Aval
21401;19409;8401;59823;Amont
21402;19410;8402;60248;Aval
21403;19411;8402;60292;Amont
21404;19412;8403;61075;Aval
21405;19413;8403;61131;Amont
21406;19414;8404;61178;Aval
21407;19415;8404;61210;Amont
21408;19416;8405;61876;Aval
21409;19417;8405;61906;Amont
21410;19418;8406;71140;Aval
21411;19419;8406;71180;Amont
21412;19420;8407;76888;Aval
21413;19421;8407;76961;Amont
21414;19422;8408;76888;Aval
21415;19423;8408;76961;Amont
21416;19424;8409;77580;Aval
21417;19425;8409;77661;Amont
21418;19426;8410;77667;Aval
21419;19427;8410;77744;Amont
21420;19428;8411;77836;Aval
21421;19429;8411;77897;Amont
21422;19430;8412;80282;Aval
21423;19431;8412;80377;Amont
21424;19432;8413;80294;Aval
21425;19433;8413;80329;Amont
21426;19434;8414;81523;Aval
21427;19435;8414;81605;Amont
21428;19436;8415;81754;Aval
21429;19437;8415;81836;Amont
21430;19438;8416;81892;Aval
21431;19439;8416;81973;Amont
21432;19440;8417;83806;Aval
21433;19441;8417;83930;Amont
21434;19442;8418;84200;Aval
21435;19443;8418;84370;Amont
21436;19444;8419;84396;Aval
21437;19445;8419;84474;Amont
21438;19446;8420;84470;Aval
21439;19447;8420;84539;Amont
21440;19448;8421;84496;Aval
21441;19449;8421;84552;Amont
21442;19450;8422;84525;Aval
21443;19451;8422;84584;Amont
21444;19452;8423;86180;Aval
21445;19453;8423;86262;Amont
21446;19454;8424;101312;Aval
21447;19455;8424;101344;Amont
21448;19456;8425;104034;Aval
21449;19457;8425;104079;Amont
21450;19458;8426;105510;Aval
21451;19459;8426;105585;Amont
21452;19460;8427;115060;Aval
21453;19461;8427;115120;Amont
21454;19462;8428;120130;Aval
21455;19463;8428;120212;Amont
21456;19464;8429;120605;Aval
21457;19465;8429;120687;Amont
21458;19466;8430;84478;Aval
21459;19467;8430;85175;Amont
21460;19468;9036;13658;Aval
21461;19469;9036;13789;Amont
21462;19470;9037;10660;Aval
21463;19471;9037;10742;Amont
21464;19472;9038;10772;Aval
21465;19473;9038;10854;Amont
21466;11348;644;19602;Amont
21467;11348;644;19602;Aval
21468;11347;1440;19521;Amont
21469;11347;1440;19521;Aval
21470;19478;9105;41930;Aval
21471;19479;9105;41998;Amont
21472;19480;9275;79973;Aval
21473;19481;9275;80116;Amont
21474;19482;9276;81445;Aval
21475;19483;9276;81515;Amont
21476;19484;1241;1720;Aval
21477;19485;1241;3350;Amont
21478;19486;1242;19900;Aval
21479;19487;1242;21440;Amont
21480;19488;1243;1682;Aval
21481;19489;1243;3350;Amont
21482;19490;1244;19900;Aval
21483;19491;1244;21443;Amont
21484;19492;8431;20126;Aval
21485;19493;8431;20209;Amont
21486;19494;9025;2455;Aval
21487;19495;9025;2582;Amont
21488;19496;1245;61206;Aval
21489;19497;1245;62187;Amont
21490;19498;1246;61206;Aval
21491;19499;1246;62283;Amont
21492;19500;1247;79985;Aval
21493;19501;1247;82317;Amont
21494;19502;1248;11646;Aval
21495;19503;1248;12545;Amont
21496;19504;1249;80144;Aval
21497;19505;1249;82350;Amont
21498;19506;1250;11679;Aval
21499;19507;1250;14180;Amont
21500;19508;8432;11646;Aval
21501;19509;8432;12036;Amont
21502;19510;8433;11973;Aval
21503;19511;8433;12052;Amont
21504;19512;8434;80341;Aval
21505;19513;8434;80379;Amont
21506;19514;8435;81406;Aval
21507;19515;8435;81485;Amont
21508;19516;8436;81499;Aval
21509;19517;8436;81554;Amont
21510;19518;8437;81474;Aval
21511;19519;8437;81554;Amont
21512;19520;8438;81572;Aval
21513;19521;8438;81657;Amont
21514;19522;8439;81691;Aval
21515;19523;8439;81771;Amont
21516;19524;8440;81781;Aval
21517;19525;8440;81862;Amont
21518;19526;8441;81832;Aval
21519;19527;8441;81911;Amont
21520;19528;1251;82532;Aval
21521;19529;1251;83770;Amont
21522;19530;8442;82532;Aval
21523;19531;8442;82685;Amont
21524;19532;1252;-20;Aval
21525;19533;1252;6203;Amont
21526;19534;8443;6080;Aval
21527;19535;8443;6440;Amont
21528;19536;8726;0;Aval
21529;19537;8726;1635;Amont
21530;19538;8727;0;Aval
21531;19539;8727;1304;Amont
21532;19540;1602;0;Aval
21533;19541;1602;514;Amont
21534;19542;1603;0;Aval
21535;19543;1603;514;Amont
21536;19544;1604;0;Aval
21537;19545;1604;538;Amont
21538;19546;1605;0;Aval
21539;19547;1605;538;Amont
21540;19548;1606;0;Aval
21541;19549;1606;2313;Amont
21542;19550;1607;0;Aval
21543;19551;1607;2271;Amont
21544;2067;1477;11600;Amont
21545;2067;1477;11615;Aval
21546;2110;1478;11600;Amont
21547;2110;1478;11615;Aval
21548;19553;9758;97950;Aval
21549;19554;9758;98611;Amont
21550;19554;9687;98611;Amont
21551;19554;9687;98611;Aval
21552;19555;8989;0;Aval
21553;19556;9127;0;Aval
21554;19557;9126;0;Aval
21555;2111;8802;379180;Amont
21556;2111;8802;379180;Aval
21557;19557;8803;298845;Aval
21558;19557;8803;298845;Amont
21559;19556;8802;299327;Aval
21560;19556;8802;299327;Amont
21561;19555;9127;2659;Aval
21562;19555;9127;2659;Amont
21563;19558;9127;2052;Amont
21564;19558;9127;2052;Aval
21565;19558;9759;2052;Aval
21566;19559;9759;2275;Amont
21567;19559;9126;2275;Amont
21568;19559;9126;2275;Aval
21569;19560;9126;2356;Amont
21570;19560;9126;2356;Aval
21571;19560;9760;2356;Aval
21572;19561;9760;2579;Amont
21573;19561;9127;2579;Amont
21574;19561;9127;2579;Aval
21575;2111;5977;379180;Aval
21576;2112;8803;379468;Amont
21577;1725;102;123992;Aval
21578;1725;102;123992;Amont
21579;1726;101;124900;Aval
21580;1726;101;124900;Amont
21581;19562;9687;26558;Amont
21582;19562;9687;26558;Aval
21583;9833;511;5582;Amont
21584;9833;511;5582;Aval
21585;19564;9761;1577;Amont
21586;19565;9761;3864;Amont
21587;2112;8803;379468;Aval
21588;2112;5977;379468;Amont
21589;2123;9762;1665;Aval
21590;19567;9762;4430;Amont
21591;19565;8802;306030;Amont
21592;19565;8802;306030;Aval
21593;19567;8803;306505;Amont
21594;19567;8803;306505;Aval
21595;19568;9763;0;Amont
21596;2123;9763;1665;Amont
21597;19570;9764;0;Aval
21598;19571;9764;1851;Amont
21599;19571;8802;361685;Amont
21600;19571;8802;361685;Aval
21601;19572;9765;0;Aval
21602;19573;9765;1443;Amont
21603;19573;8803;361299;Amont
21604;19573;8803;361299;Aval
21605;489;179;111089;Amont
21606;489;179;111089;Aval
21607;4555;346;286575;Amont
21608;4555;346;286575;Aval
21609;19609;9766;0;Aval
21610;19575;9766;2789;Amont
21611;2113;8803;379568;Amont
21612;19574;8458;29610;Amont
21613;2113;8803;379568;Aval
21614;2113;5983;379568;Aval
21615;2122;8802;379856;Amont
21616;2122;8802;379856;Aval
21617;2122;5983;379856;Amont
21618;19564;9763;1577;Amont
21619;19579;9768;364;Aval
21620;19580;9768;1087;Amont
21621;19581;9769;226855;Aval
21622;19582;9769;231513;Amont
21623;19583;9770;223628;Aval
21624;19584;9770;232216;Amont
21625;19585;9771;0;Aval
21626;19586;9771;301848;Amont
21627;19587;9772;0;Aval
21628;19588;9772;300896;Amont
21629;19564;9763;1577;Aval
21630;2130;6026;1104;Aval
21631;2134;6026;1552;Amont
21632;2134;9763;1552;Amont
21633;2134;9763;1552;Aval
21634;19568;101;124250;Amont
21635;19581;9770;226855;Amont
21636;19581;9770;226855;Aval
21637;19589;644;246783;Amont
21638;19568;101;124250;Aval
21639;19582;644;246783;Amont
21640;19582;644;246783;Aval
21641;19584;647;247440;Amont
21642;19584;647;247440;Aval
21643;19591;9773;401;Aval
21644;19592;9773;6071;Amont
21645;19593;9774;0;Aval
21646;19594;9774;5268;Amont
21647;19591;644;252134;Amont
21648;19591;644;252134;Aval
21649;19593;647;251762;Amont
21650;19593;647;251762;Aval
21651;19592;9771;16798;Amont
21652;19592;9771;16798;Aval
21653;19594;9772;16021;Amont
21654;19594;9772;16021;Aval
21655;19595;9775;405815;Aval
21656;19596;9775;408272;Amont
21657;19597;9776;406015;Aval
21658;19598;9776;408532;Amont
21659;19599;9777;406306;Aval
21660;19600;9777;406439;Amont
21661;19599;9776;406306;Amont
21662;19599;9776;406306;Aval
21663;19600;9775;406439;Amont
21664;19600;9775;406439;Aval
21665;19601;9778;406538;Aval
21666;19602;9778;406673;Amont
21667;19601;9775;406538;Amont
21668;19601;9775;406538;Aval
21669;19602;797;491901;Amont
21670;19602;797;491901;Aval
21671;3685;102;124272;Amont
21672;3685;102;124272;Aval
21673;19596;797;493500;Amont
21674;19596;797;493500;Aval
21675;3686;101;124480;Amont
21676;3686;101;124480;Aval
21677;3683;101;123602;Amont
21678;3683;101;123602;Aval
21679;19598;797;493759;Amont
21680;19598;797;493759;Aval
21681;19605;9779;322;Aval
21682;19606;9779;181635;Amont
21683;19607;9780;0;Aval
21684;19608;9780;181635;Amont
21685;19583;9772;634;Amont
21686;19583;9772;634;Aval
21687;9738;497;190945;Amont
21688;9738;497;190945;Aval
21689;9739;498;191803;Amont
21690;9739;498;191803;Aval
21691;19611;8458;25057;Amont
21692;19611;8458;25057;Aval
21693;19611;9781;25057;Aval
21694;19612;8459;25359;Amont
21695;19612;8459;25359;Aval
21696;19612;9781;25359;Amont
21697;19609;8459;25508;Amont
21698;19609;8459;25508;Aval
21699;19610;8459;24758;Amont
21700;19610;8459;24758;Aval
21701;19613;9782;0;Aval
21702;19614;9782;4075;Aval
21703;19615;9783;365;Aval
21704;19616;9783;3979;Aval
21705;19614;9771;36270;Amont
21706;19614;9771;36270;Aval
21707;19616;9772;36422;Amont
21708;19616;9772;36422;Aval
21709;19617;9784;0;Aval
21710;19618;9784;6159;Amont
21711;19619;9785;206;Aval
21712;19620;9785;6775;Amont
21713;19618;9771;86042;Amont
21714;19618;9771;86042;Aval
21715;19620;9772;85425;Amont
21716;19620;9772;85425;Aval
21717;19621;9786;271;Aval
21718;19622;9786;4073;Amont
21719;19623;9787;0;Aval
21720;19624;9787;2248;Amont
21721;19625;9788;0;Aval
21722;19626;9788;3439;Amont
21723;19627;9789;0;Aval
21724;19628;9789;4002;Amont
21725;19629;9790;146267;Aval
21726;19630;9790;147672;Amont
21727;19629;9771;146267;Amont
21728;19629;9771;146267;Aval
21729;19630;9771;147672;Amont
21730;19630;9771;147672;Aval
21731;19631;9791;145694;Aval
21732;19632;9791;146425;Amont
21733;19633;9792;147514;Aval
21734;19634;9792;148188;Amont
21735;19635;9793;147711;Aval
21736;19636;9793;147938;Amont
21737;19635;9792;147711;Amont
21738;19635;9792;147711;Aval
21739;19632;9790;146425;Amont
21740;19632;9790;146425;Aval
21741;19637;9794;0;Aval
21742;19638;9794;2559;Aval
21743;19638;9772;172115;Amont
21744;19638;9772;172115;Aval
21745;19639;9771;171725;Amont
21746;19639;9771;171725;Aval
21747;19639;9795;171725;Aval
21748;19640;9772;172013;Amont
21749;19640;9772;172013;Aval
21750;19640;9795;172013;Amont
21751;19641;9796;0;Aval
21752;19642;9796;4444;Amont
21753;19642;9771;179374;Amont
21754;19642;9771;179374;Aval
21755;19643;9772;178810;Amont
21756;19643;9772;178810;Aval
21757;19643;9797;178810;Aval
21758;19644;9771;179098;Amont
21759;19644;9771;179098;Aval
21760;19644;9797;179098;Amont
21761;19645;9771;197102;Amont
21762;19645;9771;197102;Aval
21763;19645;9798;197102;Aval
21764;19646;9772;197390;Amont
21765;19646;9772;197390;Aval
21766;19646;9798;197390;Amont
21767;19647;9772;199189;Amont
21768;19647;9772;199189;Aval
21769;19647;9799;199189;Aval
21770;19648;9771;199477;Amont
21771;19648;9771;199477;Aval
21772;19648;9799;199477;Amont
21773;19649;9800;197489;Aval
21774;19650;9800;199090;Amont
21775;19649;9772;197489;Amont
21776;19649;9772;197489;Aval
21777;19650;9772;199090;Amont
21778;19650;9772;199090;Aval
21779;19651;9801;197108;Aval
21780;19652;9801;197838;Amont
21781;19653;9802;198741;Aval
21782;19654;9802;199624;Amont
21783;19655;9803;199150;Aval
21784;19656;9803;199377;Amont
21785;19652;9800;197838;Amont
21786;19652;9800;197838;Aval
21787;19653;9800;198741;Amont
21788;19653;9800;198741;Aval
21789;19655;9802;199150;Amont
21790;19655;9802;199150;Aval
21791;19657;9804;0;Aval
21792;19658;9804;5823;Amont
21793;19659;9805;299;Aval
21794;19660;9805;5890;Amont
21795;19658;9771;214269;Amont
21796;19658;9771;214269;Aval
21797;19660;9772;214269;Amont
21798;19660;9772;214269;Aval
21799;19661;9772;228731;Amont
21800;19661;9772;228731;Aval
21801;19661;9806;228731;Aval
21802;19662;9771;229019;Amont
21803;19662;9771;229019;Aval
21804;19662;9806;229019;Amont
21805;19663;9771;229119;Amont
21806;19663;9771;229119;Aval
21807;19663;9807;229119;Aval
21808;19664;9772;229407;Amont
21809;19664;9772;229407;Aval
21810;19664;9807;229407;Amont
21811;3684;102;123810;Amont
21812;3684;102;123810;Aval
21813;2135;101;124568;Amont
21814;2135;101;124568;Aval
21815;2135;6031;124568;Aval
21816;2144;102;124788;Amont
21817;19667;9809;254290;Aval
21818;19668;9809;255474;Amont
21819;19667;9771;254290;Amont
21820;19667;9771;254290;Aval
21821;19668;9771;255474;Amont
21822;19668;9771;255474;Aval
21823;19669;9810;253715;Aval
21824;19670;9810;254447;Amont
21825;19670;9809;254447;Amont
21826;19670;9809;254447;Aval
21827;19671;9771;264287;Amont
21828;19671;9771;264287;Aval
21829;19671;9811;264287;Aval
21830;19672;9772;264575;Amont
21831;19672;9772;264575;Aval
21832;19672;9811;264575;Amont
21833;19673;9771;278454;Amont
21834;19673;9771;278454;Aval
21835;19673;9812;278454;Aval
21836;19674;9772;278742;Amont
21837;19674;9772;278742;Aval
21838;19674;9812;278742;Amont
21839;19675;9772;278843;Amont
21840;19675;9772;278843;Aval
21841;19675;9813;278843;Aval
21842;19676;9771;279131;Amont
21843;19676;9771;279131;Aval
21844;19676;9813;279131;Amont
21845;2144;102;124788;Aval
21846;2144;6031;124788;Amont
21847;14544;1113;9714;Amont
21848;14544;1113;9714;Aval
21849;14545;1113;9397;Amont
21850;14545;1113;9397;Aval
21851;19679;9815;60226;Aval
21852;588;9815;61034;Amont
21853;487;9816;60877;Aval
21854;19682;9816;62055;Amont
21855;19682;9771;62055;Amont
21856;19682;9771;62055;Aval
21857;18278;1112;9096;Amont
21858;18278;1112;9096;Aval
21859;19683;9817;60226;Aval
21860;19684;9817;60836;Amont
21861;19685;9818;60471;Aval
21862;18279;1113;9317;Amont
21863;18279;1113;9317;Aval
21864;18280;1112;9470;Amont
21865;18280;1112;9470;Aval
21866;18281;1113;9693;Amont
21867;18281;1113;9693;Aval
21868;18282;1113;10061;Amont
21869;19687;9772;60458;Amont
21870;19687;9772;60458;Aval
21871;19687;9819;60458;Aval
21872;19688;9771;60746;Amont
21873;19688;9771;60746;Aval
21874;19688;9819;60746;Amont
21875;19689;9771;62186;Amont
21876;19689;9771;62186;Aval
21877;19689;9820;62186;Aval
21878;19690;9772;62474;Amont
21879;19690;9772;62474;Aval
21880;19690;9820;62474;Amont
21881;19691;9772;78882;Amont
21882;19691;9772;78882;Aval
21883;19691;9821;78882;Aval
21884;19692;9771;79171;Amont
21885;19692;9771;79171;Aval
21886;19692;9821;79171;Amont
21887;19693;9771;79269;Amont
21888;19693;9771;79269;Aval
21889;19693;9822;79269;Aval
21890;19694;9772;79558;Amont
21891;19694;9772;79558;Aval
21892;19694;9822;79558;Amont
21893;19622;9771;103494;Amont
21894;19622;9771;103494;Aval
21895;19624;9772;105300;Amont
21896;19624;9772;105300;Aval
21897;19626;9771;108081;Amont
21898;19626;9771;108081;Aval
21899;19628;9772;108482;Amont
21900;19628;9772;108482;Aval
21901;19695;9772;21278;Amont
21902;19695;9772;21278;Aval
21903;19695;9823;21278;Aval
21904;19696;9771;21566;Amont
21905;19696;9771;21566;Aval
21906;19696;9823;21566;Amont
21907;19697;9771;21910;Amont
21908;19697;9771;21910;Aval
21909;19697;9824;21910;Aval
21910;19698;9772;22198;Amont
21911;19698;9772;22198;Aval
21912;19698;9824;22198;Amont
21913;19699;9772;40565;Amont
21914;19699;9772;40565;Aval
21915;19699;9825;40565;Aval
21916;19700;9771;40853;Amont
21917;19700;9771;40853;Aval
21918;19700;9825;40853;Amont
21919;19701;9771;41063;Amont
21920;19701;9771;41063;Aval
21921;19701;9826;41063;Aval
21922;19702;9772;41351;Amont
21923;19702;9772;41351;Aval
21924;19702;9826;41351;Amont
21925;19703;9771;93942;Amont
21926;19703;9771;93942;Aval
21927;19703;9827;93942;Aval
21928;19704;9772;94230;Amont
21929;19704;9772;94230;Aval
21930;19704;9827;94230;Amont
21931;19705;9771;112683;Amont
21932;19705;9771;112683;Aval
21933;19705;9828;112683;Aval
21934;19706;9772;112972;Amont
21935;19706;9772;112972;Aval
21936;19706;9828;112972;Amont
21937;19707;9772;113070;Amont
21938;19707;9772;113070;Aval
21939;19707;9829;113070;Aval
21940;19708;9771;113359;Amont
21941;19708;9771;113359;Aval
21942;19708;9829;113359;Amont
21943;19709;9772;145849;Amont
21944;19709;9772;145849;Aval
21945;19709;9830;145849;Aval
21946;19710;9771;146137;Amont
21947;19710;9771;146137;Aval
21948;19710;9830;146137;Amont
21949;19711;9771;147802;Amont
21950;19711;9771;147802;Aval
21951;19711;9831;147802;Aval
21952;19712;9772;148090;Amont
21953;19712;9772;148090;Aval
21954;19712;9831;148090;Amont
21955;19713;9772;253871;Amont
21956;19713;9772;253871;Aval
21957;19713;9832;253871;Aval
21958;19714;9771;254159;Amont
21959;19714;9771;254159;Aval
21960;19714;9832;254159;Amont
21961;19715;9833;29138;Aval
21962;19727;9833;29700;Amont
21963;18282;1113;10061;Aval
21964;18283;1112;10141;Amont
21965;19715;9780;29138;Amont
21966;19715;9780;29138;Aval
21967;19758;9834;96155;Aval
21968;19718;9834;97076;Amont
21969;18283;1112;10141;Aval
21970;18255;1113;20259;Amont
21971;19718;9780;97076;Amont
21972;19718;9780;97076;Aval
21973;19777;9835;156830;Aval
21974;19720;9835;157645;Amont
21975;18255;1113;20259;Aval
21976;18260;1111;26225;Amont
21977;19720;9780;157645;Amont
21978;19720;9780;157645;Aval
21979;19721;9780;3210;Amont
21980;19721;9780;3210;Aval
21981;19721;9836;3210;Aval
21982;19722;9779;3385;Amont
21983;19722;9779;3385;Aval
21984;19722;9836;3385;Amont
21985;19723;9779;26260;Amont
21986;19723;9779;26260;Aval
21987;19723;9837;26260;Aval
21988;19724;9780;26434;Amont
21989;19724;9780;26434;Aval
21990;19724;9837;26434;Amont
21991;19725;9779;28625;Amont
21992;19725;9779;28625;Aval
21993;19725;9838;28625;Aval
21994;19726;9780;28927;Amont
21995;19726;9780;28927;Aval
21996;19726;9838;28927;Amont
21997;19728;9780;29426;Amont
21998;19728;9780;29426;Aval
21999;19728;9839;29426;Aval
22000;19729;9779;29727;Amont
22001;19729;9779;29727;Aval
22002;19729;9839;29727;Amont
22003;19730;9840;29526;Aval
22004;19731;9840;29950;Amont
22005;19730;9833;29526;Amont
22006;19730;9833;29526;Aval
22007;19732;9841;0;Amont
22008;19739;9841;3567;Amont
22009;18260;1111;26225;Aval
22010;18261;1111;27120;Amont
22011;19734;9842;0;Amont
22012;19738;9842;3596;Amont
22013;18261;1111;27120;Aval
22014;2145;179;3304;Amont
22015;19736;9843;0;Aval
22016;19737;9843;1968;Amont
22017;19736;9780;26485;Amont
22018;19736;9780;26485;Aval
22019;19732;9779;28361;Amont
22020;19732;9779;28361;Aval
22021;19734;9780;28677;Amont
22022;19734;9780;28677;Aval
22023;19740;9779;63311;Amont
22024;19740;9779;63311;Aval
22025;19740;9844;63311;Aval
22026;19741;9780;63599;Amont
22027;19741;9780;63599;Aval
22028;19741;9844;63599;Amont
22029;19742;9780;63699;Amont
22030;19742;9780;63699;Aval
22031;19742;9845;63699;Aval
22032;19743;9779;63987;Amont
22033;19743;9779;63987;Aval
22034;19743;9845;63987;Amont
22035;19744;9846;1200;Aval
22036;19745;9846;9275;Amont
22037;19746;9847;0;Aval
22038;19747;9847;9240;Amont
22039;19744;9779;65183;Amont
22040;19744;9779;65183;Aval
22041;19746;9780;64122;Amont
22042;19746;9780;64122;Aval
22043;19748;9848;0;Aval
22044;19749;9848;3612;Amont
22045;19749;9847;5371;Amont
22046;19749;9847;5371;Aval
22047;19750;9847;5560;Amont
22048;19750;9847;5560;Aval
22049;19750;9849;5560;Aval
22050;19751;9846;5828;Amont
22051;19751;9846;5828;Aval
22052;19751;9849;5828;Amont
22053;19752;9779;69770;Amont
22054;19752;9779;69770;Aval
22055;19752;9850;69770;Aval
22056;19753;9780;70058;Amont
22057;19753;9780;70058;Aval
22058;19753;9850;70058;Amont
22059;19754;9779;96968;Amont
22060;19754;9779;96968;Aval
22061;19754;9851;96968;Aval
22062;19755;9780;97257;Amont
22063;19755;9780;97257;Aval
22064;19755;9851;97257;Amont
22065;19756;9780;97355;Amont
22066;19756;9780;97355;Aval
22067;19756;9852;97355;Aval
22068;19757;9779;97644;Amont
22069;19757;9779;97644;Aval
22070;19757;9852;97644;Amont
22071;19759;9853;96400;Aval
22072;19760;9853;96595;Amont
22073;19760;9834;96595;Amont
22074;19760;9834;96595;Aval
22075;19761;9854;1480;Aval
22076;19762;9854;5575;Amont
22077;19763;9855;0;Aval
22078;19764;9855;4783;Amont
22079;19764;497;296770;Amont
22080;19764;497;296770;Aval
22081;19762;497;297568;Amont
22082;19762;497;297568;Aval
22083;19765;497;296850;Amont
22084;19765;497;296850;Aval
22085;19765;9856;296850;Aval
22086;19766;498;297068;Amont
22087;19766;498;297068;Aval
22088;19766;9856;297068;Amont
22089;19761;9779;104003;Amont
22090;19761;9779;104003;Aval
22091;19763;9780;102567;Amont
22092;19763;9780;102567;Aval
22093;19767;9857;1640;Amont
22094;19768;9857;7681;Amont
22095;19769;9858;0;Amont
22096;19770;9858;7308;Amont
22097;19767;9779;122570;Amont
22098;19767;9779;122570;Aval
22099;19768;497;305713;Amont
22100;19768;497;305713;Aval
22101;19769;9780;124146;Amont
22102;19769;9780;124146;Aval
22103;19770;497;306089;Amont
22104;19770;497;306089;Aval
22105;19771;498;305769;Amont
22106;19771;498;305769;Aval
22107;19771;9859;305769;Aval
22108;19772;497;305988;Amont
22109;19772;497;305988;Aval
22110;19772;9859;305988;Amont
22111;19773;9780;128743;Amont
22112;19773;9780;128743;Aval
22113;19773;9860;128743;Aval
22114;19774;9779;129031;Amont
22115;19774;9779;129031;Aval
22116;19774;9860;129031;Amont
22117;19775;9779;129130;Amont
22118;19775;9779;129130;Aval
22119;19775;9861;129130;Aval
22120;19776;9780;129418;Amont
22121;19776;9780;129418;Aval
22122;19776;9861;129418;Amont
22123;19778;9862;157080;Aval
22124;19779;9862;157263;Amont
22125;19779;9835;157263;Amont
22126;19779;9835;157263;Aval
22127;19780;9779;157537;Amont
22128;19780;9779;157537;Aval
22129;19780;9863;157537;Aval
22130;19781;9780;157825;Amont
22131;19781;9780;157825;Aval
22132;19781;9863;157825;Amont
22133;19782;9780;157924;Amont
22134;19782;9780;157924;Aval
22135;19782;9864;157924;Aval
22136;19783;9779;158212;Amont
22137;19783;9779;158212;Aval
22138;19783;9864;158212;Amont
22139;19784;9780;177661;Amont
22140;19784;9780;177661;Aval
22141;19784;9865;177661;Aval
22142;19785;9779;177936;Amont
22143;19785;9779;177936;Aval
22144;19785;9865;177936;Amont
22145;19606;497;369973;Amont
22146;19606;497;369973;Aval
22147;19608;498;369973;Amont
22148;19608;498;369973;Aval
22149;19786;9866;0;Amont
22150;19787;9866;2488;Amont
22151;19786;9780;3162;Amont
22152;19786;9780;3162;Aval
22153;19787;498;188667;Amont
22154;19787;498;188667;Aval
22155;19788;497;188426;Amont
22156;19788;497;188426;Aval
22157;19788;9867;188426;Aval
22158;19789;498;188616;Amont
22159;19789;498;188616;Aval
22160;19789;9867;188616;Amont
22161;19745;529;256614;Amont
22162;19745;529;256614;Aval
22163;19747;530;256614;Amont
22164;19747;530;256614;Aval
22165;19790;530;257442;Amont
22166;19790;530;257442;Aval
22167;19790;9868;257442;Aval
22168;19791;529;257634;Amont
22169;19791;529;257634;Aval
22170;19791;9868;257634;Amont
22171;19792;529;257652;Amont
22172;19792;529;257652;Aval
22173;19792;9869;257652;Aval
22174;19793;530;257870;Amont
22175;19793;530;257870;Aval
22176;19793;9869;257870;Amont
22177;19794;9870;5443;Aval
22178;19795;9870;5639;Amont
22179;19796;9871;7129;Aval
22180;19797;9871;7297;Amont
22181;19794;9847;5443;Amont
22182;19794;9847;5443;Aval
22183;19797;9847;7297;Amont
22184;19797;9847;7297;Aval
22185;19605;505;179642;Amont
22186;19605;505;179642;Aval
22187;2145;179;3165;Aval
22188;19799;508;179321;Aval
22189;2296;4839;3447;Amont
22190;19802;506;0;Aval
22191;19607;506;179320;Amont
22192;19607;506;179320;Aval
22193;19803;9776;406016;Amont
22194;19803;9776;406016;Aval
22195;3775;9775;405816;Amont
22196;3775;9775;405816;Aval
22197;19574;9872;29610;Aval
22198;19805;9872;86388;Amont
22199;499;9873;29610;Aval
22200;19807;9873;86388;Amont
22201;19808;9872;38682;Amont
22202;19808;9872;38682;Aval
22203;19808;9874;38682;Aval
22204;19809;9873;38983;Amont
22205;19809;9873;38983;Aval
22206;19809;9874;38983;Amont
22207;19810;9873;40580;Amont
22208;19810;9873;40580;Aval
22209;19810;9875;40580;Aval
22210;19811;9872;40881;Amont
22211;19811;9872;40881;Aval
22212;19811;9875;40881;Amont
22213;19812;9873;62770;Amont
22214;19812;9873;62770;Aval
22215;19812;9876;62770;Aval
22216;19813;9872;63071;Amont
22217;19813;9872;63071;Aval
22218;19813;9876;63071;Amont
22219;19814;9872;63170;Amont
22220;19814;9872;63170;Aval
22221;19814;9877;63170;Aval
22222;19815;9873;63471;Amont
22223;19815;9873;63471;Aval
22224;19815;9877;63471;Amont
22225;19816;9878;80862;Aval
22226;19817;9878;82170;Amont
22227;19816;9872;80862;Amont
22228;19816;9872;80862;Aval
22229;19817;9872;82170;Amont
22230;19817;9872;82170;Aval
22231;19818;9879;80675;Aval
22232;19819;9879;82680;Amont
22233;19818;9872;80675;Amont
22234;19818;9872;80675;Aval
22235;19819;9872;82680;Amont
22236;19819;9872;82680;Aval
22237;19820;9880;80675;Aval
22238;19821;9880;82680;Amont
22239;19820;9873;80675;Amont
22240;19820;9873;80675;Aval
22241;19821;9873;82680;Amont
22242;19821;9873;82680;Aval
22243;19822;9881;80862;Aval
22244;19823;9881;82170;Amont
22245;19822;9873;80862;Amont
22246;19822;9873;80862;Aval
22247;19823;9873;82170;Amont
22248;19823;9873;82170;Aval
22249;19824;9880;81027;Amont
22250;19824;9880;81027;Aval
22251;19824;9882;81027;Aval
22252;19825;9879;81408;Amont
22253;19825;9879;81408;Aval
22254;19825;9882;81408;Amont
22255;19826;9879;81027;Amont
22256;19826;9879;81027;Aval
22257;19826;9883;81027;Aval
22258;19827;9880;81408;Amont
22259;19827;9880;81408;Aval
22260;19827;9883;81408;Amont
22261;19828;9880;81947;Amont
22262;19828;9880;81947;Aval
22263;19828;9884;81947;Aval
22264;19829;9879;82328;Amont
22265;19829;9879;82328;Aval
22266;19829;9884;82328;Amont
22267;19830;9879;81947;Amont
22268;19830;9879;81947;Aval
22269;19830;9885;81947;Aval
22270;19831;9880;82328;Amont
22271;19831;9880;82328;Aval
22272;19831;9885;82328;Amont
22273;19832;9886;0;Aval
22274;19833;9886;2621;Amont
22275;19834;9887;280;Aval
22276;19835;9887;2259;Amont
22277;19835;8458;28700;Amont
22278;19835;8458;28700;Aval
22279;19833;8458;29062;Amont
22280;19833;8458;29062;Aval
22281;19832;960;13465;Amont
22282;19832;960;13465;Aval
22283;19834;960;13745;Amont
22284;19834;960;13745;Aval
22285;19836;9888;0;Aval
22286;19837;9888;10008;Amont
22287;19838;9889;349;Aval
22288;19839;9889;10370;Amont
22289;19836;954;778237;Amont
22290;19836;954;778237;Aval
22291;19838;954;778586;Amont
22292;19838;954;778586;Aval
22293;19840;955;778296;Amont
22294;19840;955;778296;Aval
22295;19840;9890;778296;Aval
22296;19841;954;778510;Amont
22297;19841;954;778510;Aval
22298;19841;9890;778510;Amont
22299;19842;954;780450;Amont
22300;19842;954;780450;Aval
22301;19842;9891;780450;Aval
22302;19843;955;780582;Amont
22303;19843;955;780582;Aval
22304;19843;9891;780582;Amont
22305;19837;8459;29225;Amont
22306;19837;8459;29225;Aval
22307;19839;8459;29587;Amont
22308;19839;8459;29587;Aval
22309;19844;9889;2064;Amont
22310;19844;9889;2064;Aval
22311;19844;9892;2064;Aval
22312;19845;9888;2258;Amont
22313;19845;9888;2258;Aval
22314;19845;9892;2258;Amont
22315;19846;9893;0;Amont
22316;19847;9893;1410;Amont
22317;19847;9889;2018;Amont
22318;19847;9889;2018;Aval
22319;19846;954;780408;Amont
22320;19846;954;780408;Aval
22321;19848;8458;28760;Amont
22322;19848;8458;28760;Aval
22323;19848;9894;28760;Aval
22324;19849;8459;29061;Amont
22325;19849;8459;29061;Aval
22326;19849;9894;29061;Amont
22327;19850;8459;29285;Amont
22328;19850;8459;29285;Aval
22329;19850;9895;29285;Aval
22330;19851;8458;29586;Amont
22331;19851;8458;29586;Aval
22332;19851;9895;29586;Amont
22333;19805;9896;0;Aval
22334;19853;9896;1821;Amont
22335;19807;9897;0;Aval
22336;19855;9897;2614;Amont
22337;19853;960;82233;Amont
22338;19853;960;82233;Aval
22339;19855;961;83006;Amont
22340;19855;961;83006;Aval
22341;19856;960;82592;Amont
22342;19856;960;82592;Aval
22343;19856;9898;82592;Aval
22344;19857;961;82802;Amont
22345;19857;961;82802;Aval
22346;19857;9898;82802;Amont
22347;16903;961;15564;Amont
22348;16903;961;15564;Aval
22349;19575;960;15726;Amont
22350;19575;960;15726;Aval
22351;2296;4839;3447;Aval
22352;11261;647;2991;Amont
22353;19859;198;3200;Amont
22354;19859;198;2700;Aval
22355;19860;198;3250;Amont
22356;19860;198;2989;Aval
22357;19861;9683;7861;Amont
22358;19861;9683;7861;Aval
22359;19861;9899;7861;Aval
22360;19862;9638;7932;Amont
22361;19862;9638;7932;Aval
22362;19862;9899;7932;Amont
22363;19863;9683;8897;Amont
22364;19863;9683;8897;Aval
22365;19863;9900;8897;Aval
22366;881;9900;9076;Amont
22367;19864;9683;8995;Amont
22368;19864;9683;8995;Aval
22369;19864;9901;8995;Aval
22370;19865;9584;9165;Amont
22371;19865;9584;9165;Aval
22372;19865;9901;9165;Amont
22373;7308;346;285320;Amont
22374;7308;346;285320;Aval
22375;7309;345;285403;Amont
22376;7309;345;285403;Aval
22377;7310;345;285418;Amont
22378;7310;345;285418;Aval
22379;7311;346;285500;Amont
22380;7311;346;285500;Aval
22381;7366;346;287502;Amont
22382;7366;346;287502;Aval
22383;7367;345;287652;Amont
22384;7367;345;287652;Aval
22385;7362;3412;288335;Amont
22386;7362;3412;288335;Aval
22387;7363;3410;288410;Amont
22388;7363;3410;288410;Aval
22389;7364;346;288378;Amont
22390;7364;346;288378;Aval
22391;7365;345;288505;Amont
22392;7365;345;288505;Aval
22393;7360;3410;288451;Amont
22394;7360;3410;288451;Aval
22395;7361;3412;288595;Amont
22396;7361;3412;288595;Aval
22397;7358;345;288544;Amont
22398;7358;345;288544;Aval
22399;7359;3412;288654;Amont
22400;7359;3412;288654;Aval
22401;7346;3408;288823;Amont
22402;7346;3408;288823;Aval
22403;7347;345;288995;Amont
22404;7347;345;288995;Aval
22405;7272;3412;288680;Amont
22406;7272;3412;288680;Aval
22407;11261;647;2991;Aval
22408;11262;644;3053;Amont
22409;7345;3400;288850;Amont
22410;7345;3400;288850;Aval
22411;7356;3410;288683;Amont
22412;7356;3410;288683;Aval
22413;7357;3403;288745;Amont
22414;7357;3403;288745;Aval
22415;7344;3403;288760;Amont
22416;7344;3403;288760;Aval
22417;7278;3403;288900;Amont
22418;7278;3403;288900;Aval
22419;7280;3406;288945;Amont
22420;7280;3406;288945;Aval
22421;7276;3406;289015;Amont
22422;7276;3406;289015;Aval
22423;7270;3403;289010;Amont
22424;7270;3403;289010;Aval
22425;7338;345;289100;Amont
22426;7338;345;289100;Aval
22427;7339;346;289240;Amont
22428;7339;346;289240;Aval
22429;7264;3400;289018;Amont
22430;7264;3400;289018;Aval
22431;7268;3400;288900;Amont
22432;7268;3400;288900;Aval
22433;7262;3400;288960;Amont
22434;7262;3400;288960;Aval
22435;7266;3410;288740;Amont
22436;7266;3410;288740;Aval
22437;7300;345;269860;Amont
22438;7300;345;269860;Aval
22439;7301;346;269920;Amont
22440;7301;346;269920;Aval
22441;7302;346;270732;Amont
22442;7302;346;270732;Aval
22443;7303;345;270794;Amont
22444;7303;345;270794;Aval
22445;11262;644;3053;Aval
22446;11193;4916;3398;Amont
22447;11193;4916;3398;Aval
22448;11263;4912;5040;Amont
22449;11263;4912;5040;Aval
22450;11264;1444;5121;Amont
22451;19868;9903;269939;Aval
22452;19869;9903;270490;Amont
22453;19870;346;269970;Amont
22454;19870;346;269970;Aval
22455;19870;9904;269970;Aval
22456;19871;9903;270091;Amont
22457;19871;9903;270091;Aval
22458;19871;9904;270091;Amont
22459;19869;3411;270490;Amont
22460;19869;3411;270490;Aval
22461;7288;346;270715;Amont
22462;7288;346;270715;Aval
22463;7304;345;277606;Amont
22464;7304;345;277606;Aval
22465;7305;346;277686;Amont
22466;7305;346;277686;Aval
22467;7306;346;278763;Amont
22468;7306;346;278763;Aval
22469;7307;345;278825;Amont
22470;7307;345;278825;Aval
22471;19872;9905;293300;Aval
22472;19873;9905;293568;Amont
22473;7271;3403;290060;Amont
22474;7271;3403;290060;Aval
22475;7269;3400;290075;Amont
22476;7269;3400;290075;Aval
22477;11264;1444;5121;Aval
22478;11052;4837;6847;Amont
22479;11052;4837;6847;Aval
22480;2297;4908;6111;Aval
22481;2298;4908;7000;Amont
22482;2297;4837;6111;Amont
22483;7263;3399;290098;Amont
22484;7263;3399;290098;Aval
22485;7277;3403;290100;Amont
22486;7277;3403;290100;Aval
22487;7281;3406;290110;Amont
22488;7281;3406;290110;Aval
22489;7279;3403;290145;Amont
22490;7279;3403;290145;Aval
22491;7354;3408;290031;Amont
22492;7354;3408;290031;Aval
22493;7355;3403;290190;Amont
22494;7355;3403;290190;Aval
22495;7265;3400;290140;Amont
22496;7265;3400;290140;Aval
22497;7349;3400;290288;Amont
22498;7349;3400;290288;Aval
22499;7350;3400;290181;Amont
22500;7350;3400;290181;Aval
22501;7273;3408;290529;Amont
22502;7273;3408;290529;Aval
22503;7351;3403;290288;Amont
22504;7351;3403;290288;Aval
22505;7348;3403;290181;Amont
22506;7348;3403;290181;Aval
22507;19876;9353;290233;Amont
22508;19876;9353;290233;Aval
22509;19876;9352;290233;Amont
22510;19876;9352;290233;Aval
22511;2297;4837;6111;Aval
22512;2299;4923;6140;Aval
22513;7283;345;290600;Amont
22514;7283;345;290600;Aval
22515;7336;345;290640;Amont
22516;7336;345;290640;Aval
22517;7337;346;290715;Amont
22518;7337;346;290715;Aval
22519;19877;3404;290029;Amont
22520;19877;3404;290029;Aval
22521;19877;9906;290029;Aval
22522;19878;3400;290196;Amont
22523;19878;3400;290196;Aval
22524;19878;9906;290196;Amont
22525;7267;3404;290590;Amont
22526;7267;3404;290590;Aval
22527;7275;345;291724;Amont
22528;7275;345;291724;Aval
22529;7334;345;291773;Amont
22530;7334;345;291773;Aval
22531;7335;346;291856;Amont
22532;7335;346;291856;Aval
22533;19879;345;292551;Amont
22534;19879;345;292551;Aval
22535;19879;9907;292551;Aval
22536;19880;346;292586;Amont
22537;19880;346;292586;Aval
22538;19880;9907;292586;Amont
22539;19881;9908;292865;Aval
22540;19882;9908;294180;Amont
22541;19881;346;292865;Amont
22542;19881;346;292865;Aval
22543;19883;9905;293387;Amont
22544;19883;9905;293387;Aval
22545;19883;9908;293387;Amont
22546;19883;9908;293387;Aval
22547;19884;9905;293441;Amont
22548;19884;9905;293441;Aval
22549;19884;346;293441;Amont
22550;19884;346;293441;Aval
22551;19885;9905;293473;Amont
22552;19885;9905;293473;Aval
22553;19885;345;293473;Amont
22554;19885;345;293473;Aval
22555;19886;9905;293519;Amont
22556;19886;9905;293519;Aval
22557;19886;3409;293519;Amont
22558;19886;3409;293519;Aval
22559;7330;3409;293800;Amont
22560;7330;3409;293800;Aval
22561;7320;9332;293877;Amont
22562;7320;9332;293877;Aval
22563;7328;9332;293900;Amont
22564;7328;9332;293900;Aval
22565;2300;4923;6772;Amont
22566;2299;4837;6140;Amont
22567;7313;3416;294345;Amont
22568;7313;3416;294345;Aval
22569;7312;345;294185;Amont
22570;7312;345;294185;Aval
22571;19887;3424;294239;Amont
22572;19887;3424;294239;Aval
22573;19887;346;294239;Amont
22574;19887;346;294239;Aval
22575;19888;3424;294296;Amont
22576;19888;3424;294296;Aval
22577;19888;3415;294296;Amont
22578;19888;3415;294296;Aval
22579;7292;345;294111;Amont
22580;7292;345;294111;Aval
22581;7290;3414;294153;Amont
22582;7290;3414;294153;Aval
22583;7299;3413;294237;Amont
22584;7299;3413;294237;Aval
22585;19889;9909;293850;Aval
22586;19890;9909;294358;Amont
22587;19890;9332;294358;Amont
22588;19890;9332;294358;Aval
22589;19889;9332;293850;Amont
22590;19889;9332;293850;Aval
22591;7329;9332;294445;Amont
22592;7329;9332;294445;Aval
22593;7321;9332;294478;Amont
22594;7321;9332;294478;Aval
22595;7291;3414;294770;Amont
22596;7291;3414;294770;Aval
22597;7295;346;294800;Amont
22598;7295;346;294800;Aval
22599;7297;3415;294735;Amont
22600;7297;3415;294735;Aval
22601;2299;4837;6140;Aval
22602;2300;4837;6772;Amont
22603;2300;4837;6772;Aval
22604;2301;4908;6396;Amont
22605;7293;345;294835;Amont
22606;7293;345;294835;Aval
22607;7316;346;294950;Amont
22608;7316;346;294950;Aval
22609;7317;345;295013;Amont
22610;7317;345;295013;Aval
22611;7318;345;295014;Amont
22612;7318;345;295014;Aval
22613;7319;346;295066;Amont
22614;7319;346;295066;Aval
22615;1699;9910;214100;Aval
22616;19892;9910;214534;Amont
22617;1714;9112;1721;Amont
22618;1714;9112;1721;Aval
22619;1715;9113;1925;Amont
22620;1715;9113;1925;Aval
22621;1717;9411;1175;Amont
22622;1717;9411;1175;Aval
22623;1774;9701;52474;Amont
22624;1774;9701;52474;Aval
22625;2860;823;62636;Amont
22626;2860;823;62636;Aval
22627;2939;1492;170153;Amont
22628;2939;1492;170153;Aval
22629;19893;6852;170194;Amont
22630;19893;6852;170194;Aval
22631;19893;1493;170194;Amont
22632;19893;1493;170194;Aval
22633;14518;864;710777;Amont
22634;14518;864;710777;Aval
22635;14519;863;711101;Amont
22636;14519;863;711101;Aval
22637;14509;980;854736;Amont
22638;14509;980;854736;Aval
22639;14511;981;854580;Amont
22640;14511;981;854580;Aval
22641;14510;981;29261;Amont
22642;14510;981;29261;Aval
22643;14508;980;29364;Amont
22644;14508;980;29364;Aval
22645;2301;4908;6396;Aval
22646;2301;4928;6396;Aval
22647;2302;4837;6465;Amont
22648;2302;4837;6465;Aval
22649;2302;4928;6465;Amont
22650;2303;4908;6788;Amont
22651;2303;4908;6788;Aval
22652;2303;4848;6788;Amont
22653;2303;4848;6788;Aval
22654;2304;4908;6814;Amont
22655;2304;4908;6814;Aval
22656;2304;4837;6814;Amont
22657;2304;4837;6814;Aval
22658;11032;4837;7885;Amont
22659;11032;4837;7885;Aval
22660;11030;1440;8392;Amont
22661;11030;1440;8392;Aval
22662;11269;1440;7922;Amont
22663;11269;1440;7922;Aval
22664;11270;644;8105;Amont
22665;11270;644;8105;Aval
22666;11271;1444;8050;Amont
22667;11271;1444;8050;Aval
22668;11272;647;8233;Amont
22669;11272;647;8233;Aval
22670;11273;644;9068;Amont
22671;11273;644;9068;Aval
22672;11274;1440;9149;Amont
22673;11274;1440;9149;Aval
22674;11275;647;9096;Amont
22675;11275;647;9096;Aval
22676;11276;1444;9178;Amont
22677;11276;1444;9178;Aval
22678;11277;644;9265;Amont
22679;11277;644;9265;Aval
22680;11279;647;9285;Amont
22681;11279;647;9285;Aval
22682;11278;1440;9343;Amont
22683;11278;1440;9343;Aval
22684;11280;1444;9366;Amont
22685;11280;1444;9366;Aval
22686;11281;1440;9877;Amont
22687;11281;1440;9877;Aval
22688;11285;1444;9883;Amont
22689;11285;1444;9883;Aval
22690;11282;644;9961;Amont
22691;11282;644;9961;Aval
22692;11286;647;9980;Amont
22693;11286;647;9980;Aval
22694;11288;1444;9966;Amont
22695;11288;1444;9966;Aval
22696;11284;1440;9963;Amont
22697;11284;1440;9963;Aval
22698;11283;1223;9880;Amont
22699;11283;1223;9880;Aval
22700;11287;1224;9886;Amont
22701;11287;1224;9886;Aval
22702;11289;647;9981;Amont
22703;11289;647;9981;Aval
22704;11294;1440;10336;Amont
22705;11294;1440;10336;Aval
22706;11293;644;10153;Amont
22707;11293;644;10153;Aval
22708;11295;1440;10156;Amont
22709;11295;1440;10156;Aval
22710;11291;1444;10004;Amont
22711;11291;1444;10004;Aval
22712;11290;1444;10178;Amont
22713;11290;1444;10178;Aval
22714;11292;1224;10085;Amont
22715;11292;1224;10085;Aval
22716;11296;1223;10238;Amont
22717;11296;1223;10238;Aval
22718;11297;647;15441;Amont
22719;11297;647;15441;Aval
22720;11298;1444;15524;Amont
22721;11298;1444;15524;Aval
22722;11207;1444;15746;Amont
22723;11207;1444;15746;Aval
22724;11346;1448;19559;Amont
22725;11346;1448;19559;Aval
22726;11345;1449;19499;Amont
22727;11345;1449;19499;Aval
22728;11344;647;19413;Amont
22729;11344;647;19413;Aval
22730;11343;1444;19288;Amont
22731;11343;1444;19288;Aval
22732;11138;1440;19365;Amont
22733;11138;1440;19365;Aval
22734;11164;4891;19289;Amont
22735;11164;4891;19289;Aval
22736;11158;1448;19260;Amont
22737;11158;1448;19260;Aval
22738;11157;1444;18720;Amont
22739;11157;1444;18720;Aval
22740;11341;1440;19226;Amont
22741;11341;1440;19226;Aval
22742;11342;644;19353;Amont
22743;11342;644;19353;Aval
22744;11334;1448;19116;Amont
22745;11334;1448;19116;Aval
22746;11333;1449;18962;Amont
22747;11333;1449;18962;Aval
