ID;TIMON
1;0
2;0
3;0
4;0
5;0
6;0
7;0
8;0
9;0
10;0
11;0
12;0
13;0
14;0
15;0
16;0
17;0
18;0
19;0
20;0
21;0
22;0
23;0
24;0
25;0
26;0
27;0
28;0
29;0
33;0
34;0
35;0
36;0
37;0
38;0
39;0
40;0
41;0
42;0
43;0
44;0
45;0
46;0
47;0
48;0
49;0
50;0
51;0
52;0
53;0
54;0
55;0
56;0
57;0
59;12102
60;12101
61;0
62;0
63;0
64;0
65;0
66;2
67;4
68;5
69;7
70;10
71;11
72;12
73;13
74;14
75;15
76;16
77;17
78;18
79;19
80;20
81;22
82;23
83;24
84;25
85;26
86;27
87;28
88;29
89;30
90;31
91;32
92;33
93;34
94;35
95;36
96;37
97;38
98;39
99;40
100;41
101;42
102;43
103;44
104;45
105;46
106;47
107;48
108;49
109;50
110;51
111;52
112;53
113;54
114;55
115;57
116;59
117;60
118;61
119;62
120;63
121;64
122;65
123;67
124;68
125;69
126;70
127;71
128;72
129;73
130;74
131;75
132;76
133;77
134;78
135;79
136;80
137;81
138;83
139;84
140;85
141;86
142;87
143;88
144;89
145;90
146;91
147;92
148;93
149;94
150;95
151;97
152;99
153;100
154;101
155;102
156;103
157;104
158;106
159;107
160;108
161;111
162;112
163;113
164;114
165;115
166;116
167;117
168;118
169;119
170;121
171;123
172;124
173;125
174;126
175;127
176;128
177;129
178;130
179;131
180;132
181;133
182;134
183;135
184;136
185;137
186;138
187;139
188;140
189;141
190;142
191;143
192;144
193;145
194;146
195;147
196;148
197;149
198;150
199;151
200;152
201;153
202;154
203;155
204;156
205;157
206;158
207;159
208;160
209;161
210;162
211;163
212;165
213;167
214;168
215;169
216;170
217;171
218;172
219;173
220;174
221;175
222;176
223;177
224;178
225;179
226;180
227;181
228;182
229;183
230;184
231;185
232;186
233;187
234;188
235;189
236;190
237;191
238;192
239;193
240;195
241;196
242;197
243;198
244;199
245;200
246;201
247;202
248;203
249;204
250;205
251;206
252;207
253;208
254;209
255;210
256;211
257;212
258;213
259;214
260;215
261;216
262;217
263;218
264;219
265;220
266;221
267;222
268;223
269;224
270;225
271;226
272;227
273;228
274;229
275;230
276;231
277;232
278;233
279;234
280;235
281;236
282;237
283;238
284;239
285;240
286;241
287;242
288;243
289;244
290;245
291;246
292;247
293;248
294;249
295;250
296;251
297;252
298;253
299;254
300;255
301;256
302;257
303;258
304;259
305;260
306;261
307;262
308;263
309;264
310;265
311;266
312;267
313;268
314;269
315;270
316;271
317;272
318;273
319;274
320;275
321;276
322;277
323;278
324;279
325;280
326;281
327;282
328;283
329;284
330;285
331;286
332;287
333;288
334;289
335;290
336;291
337;292
338;293
339;294
340;295
341;296
342;297
343;298
344;299
345;300
346;301
347;302
348;303
349;304
350;305
351;306
352;307
353;308
354;309
355;310
356;311
357;312
358;313
359;314
360;315
361;316
362;317
363;318
364;319
365;320
366;321
367;322
368;323
369;324
370;325
371;326
372;327
373;328
374;329
375;330
376;331
377;332
378;333
379;334
380;335
381;336
382;339
383;340
384;341
385;342
386;343
387;344
388;345
389;346
390;347
391;348
392;349
393;350
394;351
395;352
396;353
397;354
398;355
399;356
400;357
401;358
402;359
403;360
404;362
405;364
406;365
407;366
408;367
409;368
410;369
411;370
412;371
413;372
414;373
415;374
416;375
417;376
418;377
419;378
420;379
421;383
422;385
423;386
424;387
425;388
426;389
427;391
428;392
429;393
430;394
431;395
432;396
433;397
434;398
435;400
436;401
437;402
438;403
439;404
440;405
441;406
442;408
443;409
444;410
445;411
446;412
447;413
448;414
449;415
450;416
451;418
452;419
453;420
454;421
455;422
456;423
457;424
458;425
459;426
460;427
461;428
462;429
463;430
464;431
465;432
466;433
467;434
468;435
469;436
470;437
471;438
472;439
473;440
474;441
475;442
476;443
477;444
478;445
479;446
480;447
481;448
482;449
483;453
484;454
485;455
486;457
487;458
488;459
489;460
490;461
491;462
492;463
493;465
494;466
495;467
496;468
497;469
498;470
499;471
500;472
501;473
502;474
503;475
504;477
505;478
506;479
507;480
508;481
509;482
510;483
511;484
512;485
513;486
514;487
515;488
516;489
517;490
518;491
519;492
520;493
521;494
522;495
523;500
524;501
525;502
526;503
527;504
528;505
529;506
530;507
531;508
532;509
533;510
534;511
535;512
536;513
537;514
538;515
539;516
540;517
541;518
542;519
543;521
544;523
545;524
546;525
547;526
548;527
549;528
550;529
551;530
552;531
553;532
554;533
555;534
556;535
557;536
558;537
559;538
560;540
561;541
562;542
563;543
564;544
565;545
566;546
567;547
568;548
569;549
570;550
571;551
572;552
573;553
574;554
575;555
576;556
577;558
578;559
579;560
580;561
581;562
582;563
583;564
584;565
585;566
586;567
587;568
588;569
589;570
590;571
591;572
592;575
593;576
594;577
595;578
596;579
597;580
598;582
599;583
600;584
601;585
602;586
603;587
604;588
605;589
606;590
607;591
608;592
609;593
610;594
611;595
612;596
613;597
614;598
615;599
616;600
617;601
618;602
619;603
620;604
621;605
622;607
623;608
624;609
625;610
626;611
627;612
628;613
629;614
630;615
631;616
632;617
633;618
634;619
635;620
636;621
637;622
638;623
639;624
640;625
641;626
642;627
643;628
644;632
647;635
650;639
651;641
652;642
653;644
654;645
655;646
656;647
657;648
658;649
659;650
660;651
661;652
662;653
663;654
664;655
665;656
666;657
667;658
668;659
669;660
670;661
671;662
672;663
673;664
674;665
675;666
676;667
677;668
678;669
679;670
680;671
681;672
682;673
683;674
684;675
685;676
686;677
687;678
688;679
689;680
690;681
691;682
692;684
693;687
694;688
695;689
696;690
697;692
698;693
699;694
700;695
701;696
702;697
703;699
704;700
705;701
706;702
707;703
708;704
709;705
710;706
711;707
712;708
713;709
714;710
715;711
716;712
717;713
718;714
719;715
720;716
721;717
722;718
723;719
724;720
725;721
726;722
727;723
728;724
729;725
730;726
731;727
732;728
733;729
734;730
735;731
736;732
737;733
738;734
739;735
740;736
741;737
742;738
743;739
744;740
745;741
746;742
747;743
748;744
749;745
750;746
751;747
752;748
753;749
754;750
755;751
756;752
757;753
758;754
759;755
760;756
761;757
762;758
763;759
764;760
765;761
766;762
767;764
768;766
769;767
770;768
771;769
772;770
773;771
774;772
775;773
776;774
777;775
778;777
779;779
780;780
781;781
782;782
783;783
784;784
785;785
786;786
787;787
788;788
789;789
790;790
791;791
792;792
793;793
794;794
795;795
796;796
797;797
798;798
799;799
800;800
801;801
802;802
803;803
804;804
805;805
806;806
807;807
808;808
809;809
810;810
811;811
812;812
813;813
814;814
815;815
816;816
817;817
818;819
819;820
820;821
821;822
822;823
823;824
824;825
825;826
826;829
827;830
828;831
829;832
830;834
831;835
832;836
833;837
834;838
835;839
836;840
837;841
838;842
839;843
840;844
841;845
842;846
843;847
844;848
845;849
846;850
847;851
848;853
849;855
850;856
851;857
852;858
853;859
854;860
855;861
856;862
857;864
858;866
859;867
860;868
861;870
862;871
863;873
864;874
865;875
866;876
867;877
868;878
869;879
870;880
871;881
872;882
873;883
874;884
875;885
876;887
877;888
878;889
879;890
880;891
881;892
882;893
883;894
884;895
885;897
886;899
887;900
888;901
889;902
890;903
891;905
892;906
893;907
894;908
895;909
896;910
897;911
898;912
899;913
900;914
901;915
902;916
903;917
904;918
905;919
906;920
907;921
908;922
909;923
910;924
911;925
912;926
913;927
914;928
915;929
916;930
917;933
918;935
919;936
920;937
921;938
922;939
923;940
924;941
925;942
926;943
927;944
928;945
929;946
930;947
931;948
932;949
933;950
934;951
935;952
936;953
937;954
938;955
939;956
940;957
941;958
942;959
943;960
944;961
945;962
946;963
947;964
948;965
949;966
950;967
951;968
952;969
953;970
954;971
955;972
956;973
957;975
958;976
959;978
960;979
961;980
962;981
963;982
964;984
965;985
966;987
967;988
968;989
969;991
970;992
971;993
972;994
973;995
974;996
975;997
976;998
977;999
978;1000
979;1001
980;1002
981;1004
982;1006
983;1007
984;1008
985;1009
986;1010
987;1011
988;1012
989;1013
990;1014
991;1015
992;1016
993;1017
994;1018
995;1019
996;1020
997;1021
998;1022
999;1023
1000;1024
1001;1025
1002;1026
1003;1027
1004;1028
1005;1029
1006;1030
1007;1031
1008;1032
1009;1036
1010;1038
1011;1039
1012;1040
1013;1041
1014;1042
1015;1043
1016;1044
1017;1045
1018;1046
1019;1047
1020;1048
1021;1049
1022;1050
1023;1051
1024;1052
1025;1053
1026;1054
1027;1055
1028;1057
1029;1058
1030;1059
1031;1060
1032;1061
1033;1062
1034;1063
1035;1064
1036;1065
1037;1066
1038;1067
1039;1068
1040;1069
1041;1070
1042;1071
1043;1072
1044;1073
1045;1074
1046;1075
1047;1076
1048;1077
1049;1078
1050;1080
1051;1081
1052;1082
1053;1083
1054;1084
1055;1085
1056;1086
1057;1087
1058;1088
1059;1091
1060;1092
1061;1093
1062;1094
1063;1095
1064;1096
1065;1097
1066;1098
1067;1099
1068;1100
1069;1101
1070;1102
1071;1103
1072;1104
1073;1105
1074;1106
1075;1107
1076;1108
1077;1109
1078;1110
1079;1111
1080;1112
1081;1113
1082;1114
1083;1115
1084;1116
1085;1117
1086;1118
1087;1119
1088;1120
1089;1121
1090;1122
1091;1123
1092;1124
1093;1125
1094;1126
1095;1127
1096;1128
1097;1129
1098;1131
1099;1132
1100;1133
1101;1134
1102;1135
1103;1136
1104;1137
1105;1138
1106;1139
1107;1140
1108;1141
1109;1142
1110;1143
1111;1144
1112;1145
1113;1146
1114;1147
1115;1148
1116;1149
1117;1150
1118;1151
1119;1152
1120;1153
1121;1154
1122;1155
1123;1156
1124;1157
1125;1158
1126;1159
1127;1160
1128;1161
1129;1162
1130;1163
1131;1164
1132;1165
1133;1166
1134;1167
1135;1168
1136;1169
1137;1170
1138;1172
1139;1174
1140;1175
1141;1176
1142;1177
1143;1178
1144;1179
1145;1180
1146;1181
1147;1182
1148;1183
1149;1184
1150;1185
1151;1186
1152;1187
1153;1188
1154;1189
1155;1190
1156;1191
1157;1192
1158;1193
1159;1194
1160;1195
1161;1200
1162;1201
1163;1202
1164;1203
1165;1204
1166;1205
1167;1206
1168;1207
1169;1208
1170;1209
1171;1210
1172;1211
1173;1212
1174;1213
1175;1214
1176;1215
1177;1216
1178;1217
1179;1218
1180;1221
1181;1222
1182;1223
1183;1224
1184;1225
1185;1228
1186;1229
1187;1230
1188;1231
1189;1232
1190;1233
1191;1234
1192;1235
1193;1236
1194;1237
1195;1239
1196;1240
1197;1242
1198;1243
1199;1244
1200;1245
1201;1246
1202;1247
1203;1248
1204;1249
1205;1250
1206;1251
1207;1252
1208;1253
1209;1254
1210;1255
1211;1256
1212;1257
1213;1258
1214;1259
1215;1260
1216;1261
1217;1263
1218;1264
1219;1265
1220;1266
1221;1267
1222;1268
1223;1269
1224;1270
1225;1271
1226;1272
1227;1273
1228;1274
1230;1276
1235;1281
1241;1287
1242;1288
1243;1289
1244;1290
1245;1291
1246;1292
1247;1293
1248;1294
1249;1295
1250;1296
1251;1297
1252;1298
1253;1300
1254;1301
1255;1302
1256;1303
1257;1304
1258;1305
1259;1306
1260;1308
1261;1309
1262;1310
1263;1311
1264;1313
1265;1314
1266;1316
1267;1317
1268;1318
1269;1319
1270;1320
1271;1321
1272;1322
1273;1323
1274;1324
1275;1325
1276;1326
1277;1327
1278;1328
1279;1329
1280;1330
1281;1331
1282;1332
1283;1333
1284;1334
1285;1335
1286;1336
1287;1337
1288;1338
1289;1339
1290;1340
1291;1341
1292;1342
1293;1343
1294;1344
1295;1345
1296;1346
1297;1347
1298;1350
1299;1351
1300;1352
1301;1353
1302;1356
1303;1357
1304;1358
1305;1359
1306;1360
1307;1361
1308;1362
1309;1363
1310;1364
1311;1365
1312;1366
1313;1367
1314;1368
1315;1369
1316;1370
1317;1373
1318;1374
1319;1375
1320;1376
1321;1377
1322;1378
1323;1379
1324;1380
1325;1381
1326;1382
1327;1383
1328;1384
1329;1385
1330;1386
1331;1387
1332;1389
1333;1390
1334;1391
1335;1392
1336;1393
1337;1394
1338;1395
1339;1396
1340;1397
1341;1398
1342;1399
1343;1400
1344;1401
1345;1402
1346;1403
1347;1404
1348;1405
1349;1406
1350;1407
1351;1408
1352;1409
1353;1410
1354;1411
1355;1412
1356;1413
1357;1414
1358;1415
1359;1416
1360;1417
1361;1419
1362;1420
1363;1421
1364;1422
1365;1423
1366;1424
1367;1425
1368;1426
1369;1427
1370;1428
1371;1429
1372;1430
1373;1432
1374;1433
1375;1434
1376;1436
1377;1437
1378;1438
1379;1439
1380;1440
1381;1441
1382;1442
1383;1443
1384;1444
1385;1445
1386;1446
1387;1447
1388;1448
1389;1449
1390;1450
1391;1451
1392;1452
1393;1454
1394;1456
1395;1457
1396;1458
1397;1462
1398;1463
1399;1464
1400;1465
1401;1466
1402;1467
1403;1468
1404;1469
1405;1470
1406;1471
1407;1473
1408;1475
1409;1476
1410;1477
1411;1478
1412;1479
1413;1480
1414;1481
1415;1482
1416;1483
1417;1484
1418;1486
1419;1487
1420;1488
1421;1489
1422;1490
1423;1492
1424;1493
1425;1494
1426;1495
1427;1496
1428;1497
1429;1498
1430;1499
1431;1500
1432;1501
1433;1502
1434;1503
1435;1504
1436;1505
1437;1506
1438;1507
1439;1508
1440;1509
1441;1510
1442;1511
1443;1512
1444;1513
1445;1514
1446;1515
1447;1516
1448;1517
1449;1518
1450;1519
1451;1520
1452;1521
1453;1522
1454;1523
1455;1524
1456;1525
1457;1527
1458;1528
1459;1529
1460;1531
1461;1532
1462;1534
1463;1535
1464;1536
1465;1539
1466;1540
1467;1541
1468;1543
1469;1544
1470;1546
1471;1547
1472;1548
1473;1549
1474;1550
1475;1551
1476;1552
1477;1553
1478;1554
1479;1555
1480;1558
1481;1559
1482;1560
1483;1561
1484;1562
1485;1563
1486;1564
1487;1565
1488;1566
1489;1567
1490;1568
1491;1569
1492;1571
1493;1572
1494;1573
1495;1574
1496;1575
1497;1576
1498;1577
1499;1578
1500;1579
1501;1581
1502;1582
1503;1583
1504;1584
1505;1585
1506;1586
1507;1587
1508;1588
1509;1589
1510;1590
1511;1591
1512;1595
1513;1596
1514;1597
1515;1598
1516;1599
1517;1600
1518;1601
1519;1602
1520;1603
1521;1604
1522;1605
1523;1606
1524;1607
1525;1608
1526;1609
1527;1610
1528;1611
1529;1612
1530;1613
1531;1614
1532;1615
1533;1616
1534;1617
1535;1618
1536;1619
1537;1620
1538;1622
1539;1623
1540;1624
1541;1625
1542;1626
1543;1627
1544;1628
1545;1629
1546;1630
1547;1631
1548;1632
1549;1633
1550;1634
1551;1635
1552;1636
1553;1637
1554;1638
1555;1640
1556;1641
1557;1642
1558;1643
1559;1644
1560;1645
1561;1646
1562;1647
1563;1648
1564;1649
1565;1650
1566;1651
1567;1652
1568;1653
1569;1654
1570;1655
1571;1656
1572;1657
1573;1658
1574;1659
1575;1660
1576;1661
1577;1662
1578;1663
1579;1664
1580;1665
1581;1666
1582;1667
1583;1668
1584;1669
1585;1670
1586;1671
1587;1672
1588;1673
1589;1674
1590;1675
1591;1676
1592;1677
1593;1678
1594;1679
1595;1680
1596;1681
1597;1691
1598;1693
1599;1694
1600;1695
1601;1696
1602;1699
1603;1700
1604;1701
1605;1702
1606;1703
1607;1704
1608;1705
1609;1706
1610;1707
1611;1708
1612;1709
1613;1710
1614;1711
1615;1712
1616;1713
1617;1714
1618;1715
1619;1716
1620;1717
1621;1718
1622;1720
1623;1722
1624;1723
1625;1724
1626;1725
1627;1726
1628;1727
1629;1728
1630;1729
1631;1730
1632;1731
1633;1732
1634;1733
1635;1734
1636;1735
1637;1736
1638;1737
1639;1738
1640;1739
1641;1740
1642;1742
1643;1743
1644;1745
1645;1746
1646;1747
1647;1748
1648;1749
1649;1750
1650;1751
1651;1752
1652;1753
1653;1754
1654;1755
1655;1756
1656;1757
1657;1758
1658;1759
1659;1760
1660;1761
1661;1762
1662;1763
1663;1764
1664;1765
1665;1766
1666;1767
1667;1768
1668;1769
1669;1770
1670;1771
1671;1772
1672;1773
1673;1774
1674;1775
1675;1776
1676;1777
1677;1778
1678;1779
1679;1780
1680;1782
1681;1783
1682;1785
1683;1786
1684;1787
1685;1788
1686;1789
1687;1790
1688;1791
1689;1792
1690;1793
1691;1794
1692;1795
1693;1796
1694;1797
1695;1798
1696;1799
1697;1800
1698;1801
1699;1802
1700;1803
1701;1804
1702;1805
1703;1806
1704;1807
1705;1808
1706;1809
1707;1810
1708;1811
1709;1812
1710;1813
1711;1814
1712;1815
1713;1817
1714;1818
1715;1819
1716;1820
1717;1821
1718;1822
1719;1823
1720;1824
1721;1825
1722;1826
1723;1829
1724;1831
1725;1832
1726;1835
1727;1836
1728;1837
1729;1838
1730;1839
1731;1841
1732;1850
1733;1852
1734;1853
1735;1862
1736;1863
1737;1864
1738;1873
1739;1874
1740;1877
1741;1878
1742;1882
1743;1883
1744;1884
1745;1885
1746;1886
1747;1887
1748;1889
1749;1891
1750;1892
1751;1894
1752;1895
1753;1896
1754;1897
1755;1899
1756;1901
1757;1902
1758;1903
1759;1904
1760;1905
1761;1906
1762;1907
1763;1908
1764;1909
1765;1910
1766;1911
1767;1912
1768;1913
1769;1914
1770;1915
1771;1916
1772;1918
1773;1920
1774;1921
1775;1922
1776;1924
1777;1925
1778;1926
1779;1927
1780;1928
1781;1929
1782;1930
1783;1931
1784;1932
1785;1934
1786;1935
1787;1936
1788;1938
1789;1939
1790;1940
1791;1941
1792;1942
1793;1944
1794;1945
1795;1946
1796;1947
1797;1948
1798;1949
1799;1950
1800;1951
1801;1952
1802;1953
1803;1954
1804;1955
1805;1956
1806;1957
1807;1958
1808;1959
1809;1960
1810;1961
1811;1962
1812;1963
1813;1964
1814;1965
1815;1966
1816;1967
1817;1968
1818;1969
1819;1970
1820;1973
1821;1974
1822;1975
1823;1977
1824;1978
1825;1979
1826;1981
1827;1982
1828;1983
1829;1988
1830;1989
1831;1990
1832;1991
1833;1992
1834;1993
1835;1994
1836;1995
1837;1996
1838;1997
1839;1998
1840;1999
1841;2000
1842;2001
1843;2002
1844;2003
1845;2004
1846;2006
1847;2007
1848;2008
1849;2009
1850;2010
1851;2011
1852;2013
1853;2014
1854;2019
1855;2020
1856;2021
1857;2022
1858;2023
1859;2025
1860;2026
1861;2027
1862;2028
1863;2030
1864;2031
1865;2032
1866;2035
1867;2036
1868;2037
1869;2038
1870;2039
1871;2041
1872;2042
1873;2043
1874;2044
1875;2045
1876;2046
1877;2047
1878;2048
1879;2049
1880;2050
1881;2051
1882;2052
1883;2053
1884;2054
1885;2055
1886;2056
1887;2057
1888;2058
1889;2059
1890;2060
1891;2061
1892;2062
1893;2063
1894;2064
1895;2065
1896;2066
1897;2067
1898;2068
1899;2069
1900;2070
1901;2071
1902;2072
1903;2073
1904;2074
1905;2075
1906;2076
1907;2077
1908;2078
1909;2079
1910;2080
1911;2081
1912;2082
1913;2083
1914;2084
1915;2085
1916;2086
1917;2087
1918;2088
1919;2089
1920;2090
1921;2091
1922;2092
1923;2093
1924;2094
1925;2095
1926;2096
1927;2097
1928;2098
1929;2099
1930;2100
1931;2101
1932;2102
1933;2103
1934;2104
1935;2105
1936;2106
1937;2107
1938;2108
1939;2109
1940;2110
1941;2111
1942;2112
1943;2113
1944;2114
1945;2115
1946;2116
1947;2117
1948;2118
1949;2119
1950;2120
1951;2121
1952;2123
1953;2124
1954;2125
1955;2126
1956;2127
1957;2128
1958;2129
1959;2130
1960;2133
1961;2134
1962;2135
1963;2136
1964;2137
1965;2138
1966;2139
1967;2140
1968;2141
1969;2142
1970;2143
1971;2144
1972;2145
1973;2146
1974;2147
1975;2148
1976;2149
1977;2150
1978;2151
1979;2153
1980;2154
1981;2156
1982;2157
1983;2160
1984;2161
1985;2162
1986;2163
1987;2164
1988;2165
1989;2166
1990;2167
1991;2168
1992;2169
1993;2170
1994;2171
1995;2172
1996;2173
1997;2174
1998;2177
1999;2178
2000;2179
2001;2180
2002;2181
2003;2182
2004;2183
2005;2184
2006;2185
2007;2186
2008;2187
2009;2188
2010;2189
2011;2190
2012;2191
2013;2192
2014;2196
2015;2197
2016;2198
2017;2199
2018;2200
2019;2201
2020;2202
2021;2203
2022;2204
2023;2205
2024;2206
2025;2207
2026;2208
2027;2209
2028;2210
2029;2211
2030;2212
2031;2215
2032;2216
2033;2217
2034;2221
2035;2224
2036;2225
2037;2227
2038;2228
2039;2229
2040;2230
2041;2231
2042;2232
2043;2234
2044;2235
2045;2236
2046;2237
2047;2238
2048;2239
2049;2240
2050;2241
2051;2242
2052;2245
2053;2246
2054;2247
2055;2248
2056;2249
2057;2250
2058;2251
2059;2252
2060;2253
2061;2256
2062;2258
2063;2259
2064;2260
2065;2261
2066;2262
2067;2263
2068;2264
2069;2265
2070;2266
2071;2267
2072;2268
2073;2269
2074;2271
2075;2272
2076;2273
2077;2274
2078;2275
2079;2276
2080;2277
2081;2279
2082;2280
2083;2281
2084;2282
2085;2283
2086;2284
2087;2285
2088;2286
2089;2287
2090;2288
2091;2289
2092;2290
2093;2291
2094;2292
2095;2293
2096;2296
2097;2297
2098;2298
2099;2299
2100;2300
2101;2301
2102;2302
2103;2303
2104;2304
2105;2306
2106;2307
2107;2308
2108;2309
2109;2310
2110;2312
2111;2313
2112;2315
2113;2316
2114;2317
2115;2318
2116;2319
2117;2320
2118;2321
2119;2322
2120;2323
2121;2324
2122;2325
2123;2326
2124;2327
2125;2329
2126;2330
2127;2331
2128;2332
2129;2333
2130;2334
2131;2335
2132;2336
2133;2337
2134;2338
2135;2339
2136;2340
2137;2341
2138;2342
2139;2343
2140;2344
2141;2345
2142;2346
2143;2348
2144;2349
2145;2350
2146;2351
2147;2352
2148;2353
2149;2354
2150;2355
2151;2356
2152;2357
2153;2358
2154;2359
2155;2360
2156;2361
2157;2362
2158;2363
2159;2364
2160;2365
2161;2366
2162;2367
2163;2368
2164;2369
2165;2370
2166;2371
2167;2372
2168;2373
2169;2374
2170;2375
2171;2376
2172;2377
2173;2378
2174;2379
2175;2380
2176;2383
2177;2384
2178;2385
2179;2386
2180;2387
2181;2389
2182;2390
2183;2391
2184;2392
2185;2393
2186;2394
2187;2395
2188;2396
2189;2397
2190;2398
2191;2399
2192;2400
2193;2401
2194;2402
2195;2403
2196;2404
2197;2405
2198;2406
2199;2407
2200;2408
2201;2409
2202;2410
2203;2411
2204;2412
2205;2413
2206;2416
2207;2417
2208;2418
2209;2419
2210;2420
2211;2421
2212;2422
2213;2423
2214;2424
2215;2425
2216;2426
2217;2427
2218;2428
2219;2430
2220;2431
2221;2432
2222;2433
2223;2435
2224;2436
2225;2437
2226;2438
2227;2439
2228;2440
2229;2441
2230;2442
2231;2443
2232;2444
2233;2445
2234;2446
2235;2447
2236;2449
2237;2451
2238;2452
2239;2453
2240;2454
2241;2455
2242;2456
2243;2457
2244;2458
2245;2459
2246;2460
2247;2462
2248;2463
2249;2464
2250;2465
2251;2467
2252;2468
2253;2469
2254;2470
2255;2471
2256;2472
2257;2473
2258;2474
2259;2477
2260;2478
2261;2479
2262;2480
2263;2481
2264;2482
2265;2483
2266;2484
2267;2485
2268;2486
2269;2487
2270;2488
2271;2489
2272;2490
2273;2491
2274;2492
2275;2493
2276;2494
2277;2495
2278;2496
2279;2497
2280;2498
2281;2499
2282;2500
2283;2501
2284;2502
2285;2503
2286;2504
2287;2505
2288;2506
2289;2508
2290;2510
2291;2511
2292;2513
2293;2514
2294;2515
2295;2516
2296;2518
2297;2519
2298;2521
2299;2522
2300;2523
2301;2524
2302;2525
2303;2528
2304;2529
2305;2530
2306;2531
2307;2532
2308;2533
2309;2534
2310;2535
2311;2536
2312;2537
2313;2538
2314;2539
2315;2540
2316;2541
2317;2545
2318;2546
2319;2547
2320;2548
2321;2549
2322;2550
2323;2553
2324;2554
2325;2555
2326;2556
2327;2557
2328;2558
2329;2559
2330;2560
2331;2561
2332;2562
2333;2563
2334;2564
2335;2565
2336;2568
2337;2569
2338;2570
2339;2571
2340;2572
2341;2573
2342;2575
2343;2576
2344;2577
2345;2578
2346;2579
2347;2580
2348;2581
2349;2582
2350;2583
2351;2584
2352;2585
2353;2586
2354;2587
2355;2588
2356;2589
2357;2590
2358;2591
2359;2592
2360;2593
2361;2594
2362;2595
2363;2596
2364;2597
2365;2598
2366;2599
2367;2600
2368;2601
2369;2602
2370;2603
2371;2604
2372;2605
2373;2606
2374;2607
2375;2608
2376;2609
2377;2610
2378;2611
2379;2612
2380;2613
2381;2614
2382;2615
2383;2616
2384;2617
2385;2618
2386;2619
2387;2620
2388;2621
2389;2622
2390;2623
2391;2624
2392;2625
2393;2626
2394;2627
2395;2628
2396;2629
2397;2630
2398;2631
2399;2632
2403;2636
2404;2637
2405;2638
2406;2639
2407;2640
2408;2641
2409;2642
2410;2643
2411;2644
2412;2645
2413;2646
2414;2647
2415;2648
2416;2649
2417;2650
2418;2651
2419;2652
2420;2653
2421;2654
2422;2655
2423;2656
2424;2657
2425;2658
2426;2659
2427;2660
2428;2661
2429;2662
2430;2663
2431;2664
2432;2665
2433;2666
2434;2667
2435;2668
2436;2669
2437;2670
2438;2671
2439;2672
2440;2673
2441;2674
2442;2675
2443;2676
2444;2677
2445;2678
2446;2679
2447;2680
2448;2681
2449;2682
2450;2683
2451;2684
2452;2685
2453;2686
2454;2687
2455;2688
2456;2689
2457;2690
2458;2691
2459;2692
2460;2693
2461;2694
2462;2695
2463;2696
2464;2697
2465;2698
2466;2699
2467;2700
2468;2701
2469;2702
2470;2703
2471;2704
2472;2705
2473;2706
2474;2707
2475;2708
2476;2709
2477;2710
2478;2711
2479;2712
2480;2713
2481;2714
2482;2715
2483;2717
2484;2718
2485;2719
2486;2720
2487;2721
2488;2722
2489;2723
2490;2724
2491;2725
2492;2726
2493;2727
2494;2728
2495;2729
2496;2730
2497;2731
2498;2732
2499;2733
2500;2734
2501;2735
2502;2736
2503;2737
2504;2738
2505;2739
2506;2740
2507;2741
2508;2742
2509;2743
2510;2744
2511;2745
2512;2746
2513;2747
2514;2748
2515;2749
2516;2750
2517;2753
2518;2754
2519;2755
2520;2756
2521;2757
2522;2758
2523;2760
2524;2761
2525;2762
2526;2763
2527;2764
2528;2765
2529;2766
2530;2767
2531;2768
2532;2769
2533;2771
2534;2772
2535;2773
2536;2774
2537;2775
2538;2776
2539;2777
2540;2778
2541;2779
2542;2780
2543;2782
2544;2783
2545;2784
2546;2785
2547;2786
2548;2787
2549;2788
2550;2790
2551;2791
2552;2792
2553;2793
2554;2794
2555;2795
2556;2796
2557;2797
2558;2798
2559;2799
2560;2800
2561;2801
2562;2803
2563;2804
2564;2805
2565;2806
2566;2807
2567;2808
2568;2809
2569;2810
2570;2811
2571;2812
2572;2813
2573;2814
2574;2815
2575;2816
2576;2817
2577;2818
2578;2819
2579;2820
2580;2821
2581;2822
2582;2823
2583;2824
2584;2825
2585;2826
2586;2827
2587;2828
2588;2829
2589;2830
2590;2832
2591;2833
2592;2834
2593;2835
2594;2836
2595;2837
2596;2838
2597;2839
2598;2840
2599;2841
2600;2842
2601;2843
2602;2844
2603;2845
2604;2846
2605;2847
2606;2849
2607;2851
2608;2852
2609;2853
2610;2854
2611;2855
2612;2856
2613;2857
2614;2858
2615;2859
2616;2860
2617;2861
2618;2862
2619;2863
2620;2864
2621;2865
2622;2868
2623;2870
2624;2871
2625;2872
2626;2873
2627;2875
2628;2876
2629;2877
2630;2878
2631;2879
2632;2880
2633;2881
2634;2882
2635;2883
2636;2884
2637;2885
2638;2886
2639;2887
2640;2888
2641;2889
2642;2890
2643;2891
2644;2892
2645;2893
2646;2894
2647;2895
2648;2896
2649;2897
2650;2898
2651;2899
2652;2900
2653;2901
2654;2902
2655;2903
2656;2904
2657;2905
2658;2906
2659;2907
2660;2908
2661;2909
2662;2910
2663;2911
2664;2912
2665;2913
2666;2914
2667;2915
2668;2916
2669;2918
2670;2919
2671;2921
2672;2923
2673;2924
2674;2925
2675;2926
2676;2927
2677;2928
2678;2929
2679;2931
2680;2932
2681;2933
2682;2934
2683;2935
2684;2936
2685;2939
2686;2940
2687;2941
2688;2943
2689;2945
2690;2949
2691;2951
2692;2957
2693;2958
2694;2960
2695;2961
2696;2973
2697;2974
2698;2975
2699;2976
2700;2977
2701;2978
2702;2979
2703;2981
2704;2983
2705;2984
2706;2985
2707;2986
2708;2987
2709;2989
2710;2990
2711;2991
2712;2993
2713;2996
2714;2997
2715;2998
2716;2999
2717;3000
2718;3001
2719;3002
2720;3003
2721;3004
2722;3005
2723;3006
2724;3007
2725;3008
2726;3011
2727;3012
2728;3013
2729;3014
2730;3015
2731;3016
2732;3017
2733;3018
2734;3021
2735;3022
2736;3023
2737;3024
2738;3025
2739;3026
2740;3027
2741;3028
2742;3030
2743;3031
2744;3032
2745;3033
2746;3034
2747;3035
2748;3036
2749;3037
2750;3038
2751;3039
2752;3041
2753;3042
2754;3043
2755;3044
2756;3045
2757;3049
2758;3055
2759;3057
2760;3058
2761;3059
2762;3061
2763;3062
2764;3066
2765;3067
2766;3068
2767;3069
2768;3070
2769;3071
2770;3076
2771;3077
2772;3079
2773;3080
2774;3082
2775;3084
2776;3085
2777;3086
2778;3087
2779;3088
2780;3089
2781;3090
2782;3091
2783;3092
2784;3093
2785;3097
2786;3100
2787;3102
2788;3103
2789;3106
2790;3108
2791;3109
2792;3111
2793;3114
2794;3115
2795;3116
2796;3117
2797;3118
2798;3122
2799;3124
2800;3125
2801;3126
2802;3127
2803;3128
2804;3129
2805;3130
2806;3132
2807;3133
2808;3135
2809;3136
2810;3137
2811;3138
2812;3139
2813;3140
2814;3141
2815;3142
2816;3143
2817;3144
2818;3145
2819;3146
2820;3147
2821;3148
2822;3149
2823;3150
2824;3151
2825;3152
2826;3153
2827;3154
2828;3155
2829;3156
2830;3157
2831;3158
2832;3159
2833;3160
2834;3163
2835;3164
2836;3165
2837;3166
2838;3167
2839;3168
2840;3169
2841;3171
2842;3172
2843;3174
2844;3175
2845;3176
2846;3177
2847;3178
2848;3180
2849;3181
2850;3182
2851;3183
2852;3184
2853;3185
2854;3186
2855;3187
2856;3188
2857;3189
2858;3190
2859;3192
2860;3193
2861;3194
2862;3195
2863;3196
2864;3197
2865;3198
2866;3199
2867;3200
2868;3201
2869;3202
2870;3203
2871;3204
2872;3205
2873;3206
2874;3207
2875;3208
2876;3209
2877;3210
2878;3211
2879;3212
2880;3213
2881;3214
2882;3215
2883;3216
2884;3217
2885;3218
2886;3219
2887;3220
2888;3221
2889;3222
2890;3223
2891;3225
2892;3226
2893;3227
2894;3228
2895;3229
2896;3230
2897;3232
2898;3233
2899;3234
2900;3235
2901;3236
2902;3237
2903;3238
2904;3239
2905;3240
2906;3241
2907;3242
2908;3243
2909;3244
2910;3245
2911;3246
2912;3247
2913;3248
2914;3249
2915;3250
2916;3251
2917;3252
2918;3253
2919;3254
2920;3255
2921;3256
2922;3257
2923;3258
2924;3259
2925;3260
2926;3261
2927;3262
2928;3263
2929;3264
2930;3265
2931;3266
2932;3267
2933;3268
2934;3269
2935;3270
2936;3271
2937;3272
2938;3273
2939;3274
2940;3275
2941;3276
2942;3277
2943;3278
2944;3279
2945;3280
2946;3281
2947;3282
2948;3283
2949;3284
2950;3285
2951;3286
2952;3287
2953;3288
2954;3289
2955;3290
2956;3291
2957;3292
2958;3293
2959;3294
2960;3295
2961;3296
2962;3297
2963;3298
2964;3299
2965;3300
2966;3301
2967;3302
2968;3303
2969;3304
2970;3305
2971;3306
2972;3307
2973;3308
2974;3309
2975;3310
2976;3311
2977;3312
2978;3313
2979;3314
2980;3315
2981;3316
2982;3317
2983;3318
2984;3319
2985;3321
2986;3322
2987;3323
2988;3324
2989;3326
2990;3327
2991;3328
2992;3329
2993;3330
2994;3331
2995;3332
2996;3333
2997;3334
2998;3335
2999;3336
3000;3337
3001;3338
3002;3339
3003;3340
3004;3341
3005;3342
3006;3343
3007;3344
3008;3345
3009;3346
3010;3347
3011;3348
3012;3349
3013;3350
3014;3351
3015;3352
3016;3353
3017;3354
3018;3355
3019;3356
3020;3357
3021;3358
3022;3359
3023;3360
3024;3361
3025;3362
3026;3363
3027;3364
3028;3365
3029;3366
3030;3367
3031;3368
3032;3369
3033;3370
3034;3371
3035;3372
3036;3373
3037;3374
3038;3375
3039;3376
3040;3380
3041;3382
3042;3384
3043;3388
3044;3389
3045;3390
3046;3391
3047;3392
3048;3393
3049;3394
3050;3395
3051;3396
3052;3397
3053;3399
3054;3400
3055;3401
3056;3402
3057;3403
3058;3404
3059;3405
3060;3406
3061;3410
3062;3411
3063;3412
3064;3413
3065;3414
3066;3415
3067;3416
3068;3417
3069;3418
3070;3419
3071;3421
3072;3423
3073;3424
3074;3425
3075;3426
3076;3427
3077;3428
3078;3429
3079;3430
3080;3433
3081;3437
3082;3440
3083;3442
3084;3443
3085;3445
3086;3447
3087;3449
3088;3450
3089;3452
3090;3456
3091;3458
3092;3459
3093;3460
3094;3465
3095;3466
3096;3467
3097;3468
3098;3469
3099;3470
3100;3471
3101;3472
3102;3473
3103;3474
3104;3478
3105;3480
3106;3481
3107;3482
3108;3483
3109;3484
3110;3485
3111;3486
3112;3487
3113;3488
3114;3490
3115;3491
3116;3493
3117;3498
3118;3499
3119;3500
3120;3501
3121;3503
3122;3504
3123;3505
3124;3506
3125;3507
3126;3508
3127;3509
3128;3510
3129;3511
3130;3512
3131;3513
3132;3514
3133;3515
3134;3516
3135;3517
3136;3518
3137;3519
3138;3520
3139;3522
3140;3523
3141;3524
3142;3525
3143;3532
3144;3534
3145;3540
3146;3545
3147;3546
3148;3554
3149;3555
3150;3556
3151;3557
3152;3558
3153;3560
3154;3561
3155;3562
3156;3563
3157;3564
3158;3565
3159;3566
3160;3567
3161;3568
3162;3570
3163;3571
3164;3572
3165;3573
3166;3575
3167;3576
3168;3578
3169;3579
3170;3580
3171;3581
3172;3582
3173;3583
3174;3584
3175;3585
3176;3587
3177;3590
3178;3592
3179;3593
3180;3595
3181;3596
3182;3597
3183;3602
3184;3603
3185;3605
3186;3607
3187;3608
3188;3609
3189;3610
3190;3611
3191;3612
3192;3613
3193;3614
3194;3615
3195;3616
3196;3620
3197;3621
3198;3622
3199;3623
3200;3624
3201;3625
3202;3626
3203;3627
3204;3628
3205;3629
3206;3631
3207;3632
3208;3634
3209;3635
3210;3636
3211;3637
3212;3638
3213;3639
3214;3640
3215;3641
3216;3643
3217;3644
3218;3645
3219;3646
3220;3647
3221;3648
3222;3649
3223;3650
3224;3651
3225;3653
3226;3657
3227;3666
3228;3667
3229;3668
3230;3669
3231;3671
3232;3672
3233;3673
3234;3674
3235;3675
3236;3676
3237;3677
3238;3678
3239;3679
3240;3680
3241;3681
3242;3682
3243;3683
3244;3684
3245;3685
3246;3686
3247;3687
3248;3688
3249;3691
3250;3692
3251;3693
3252;3694
3253;3695
3254;3696
3255;3697
3256;3698
3257;3699
3258;3700
3259;3701
3260;3702
3261;3703
3262;3704
3263;3705
3264;3707
3265;3708
3266;3709
3267;3711
3268;3712
3269;3713
3270;3714
3271;3717
3272;3718
3273;3720
3274;3721
3275;3722
3276;3723
3277;3725
3278;3726
3279;3727
3280;3728
3281;3729
3282;3730
3283;3733
3284;3734
3285;3735
3286;3736
3287;3737
3288;3738
3289;3739
3290;3740
3291;3741
3292;3744
3293;3745
3294;3749
3295;3750
3296;3751
3297;3752
3298;3753
3299;3755
3300;3756
3301;3757
3302;3758
3303;3759
3304;3760
3305;3761
3306;3762
3307;3763
3308;3765
3309;3766
3310;3767
3311;3768
3312;3770
3313;3771
3314;3772
3315;3773
3316;3774
3317;3777
3318;3778
3319;3787
3320;3789
3321;3790
3322;3791
3323;3792
3324;3795
3325;3796
3326;3797
3327;3799
3328;3800
3329;3801
3330;3803
3331;3804
3332;3805
3333;3806
3334;3807
3335;3808
3336;3809
3337;3810
3338;3811
3339;3812
3340;3813
3341;3814
3342;3815
3343;3816
3344;3817
3345;3818
3346;3820
3347;3821
3348;3823
3349;3824
3350;3825
3351;3826
3352;3827
3353;3828
3354;3829
3355;3830
3356;3831
3357;3832
3358;3833
3359;3834
3360;3835
3361;3836
3362;3837
3363;3838
3364;3839
3365;3840
3366;3841
3367;3842
3368;3843
3369;3844
3370;3845
3371;3846
3372;3847
3373;3849
3374;3850
3375;3852
3376;3853
3377;3854
3378;3855
3379;3856
3380;3857
3381;3858
3382;3859
3383;3860
3384;3861
3385;3862
3386;3863
3387;3864
3388;3865
3389;3866
3390;3867
3391;3868
3392;3869
3393;3870
3394;3872
3395;3873
3396;3874
3397;3875
3398;3877
3399;3878
3400;3879
3401;3880
3402;3881
3403;3882
3404;3883
3405;3884
3406;3885
3407;3886
3408;3887
3409;3888
3410;3889
3411;3890
3412;3891
3413;3892
3414;3893
3415;3894
3416;3895
3417;3896
3418;3899
3419;3900
3420;3901
3421;3902
3422;3903
3423;3904
3424;3905
3426;3907
3427;3908
3428;3909
3429;3910
3430;3911
3431;3912
3432;3913
3433;3914
3434;3915
3435;3919
3436;3920
3437;3924
3438;3925
3439;3927
3440;3928
3441;3929
3442;3930
3443;3931
3444;3932
3445;3935
3446;3936
3447;3937
3448;3938
3449;3939
3450;3940
3451;3941
3452;3945
3453;3946
3454;3947
3455;3948
3456;3949
3457;3950
3458;3951
3459;3952
3460;3953
3461;3955
3462;3958
3463;3959
3464;3960
3465;3961
3466;3962
3467;3963
3468;3964
3469;3965
3470;3966
3471;3967
3472;3968
3473;3969
3474;3970
3475;3971
3476;3972
3477;3973
3478;3974
3479;3976
3480;3977
3481;3978
3482;3979
3483;3980
3484;3981
3485;3982
3486;3983
3487;3984
3488;3985
3489;3986
3490;3987
3491;3988
3492;3989
3493;3990
3494;3991
3495;3992
3496;3993
3497;3994
3498;3995
3499;3996
3500;3997
3501;3998
3502;3999
3503;4000
3504;4001
3505;4002
3506;4003
3507;4004
3508;4005
3509;4006
3510;4007
3511;4008
3512;4009
3513;4010
3514;4011
3515;4012
3516;4013
3517;4014
3518;4016
3519;4017
3520;4018
3521;4019
3522;4020
3523;4021
3524;4022
3525;4023
3526;4024
3527;4025
3528;4026
3529;4027
3530;4028
3531;4029
3532;4030
3533;4031
3534;4032
3535;4033
3536;4034
3537;4035
3538;4036
3539;4037
3540;4038
3541;4039
3542;4040
3543;4041
3544;4044
3545;4045
3546;4047
3547;4049
3548;4058
3549;4059
3550;4060
3551;4061
3552;4062
3553;4063
3554;4066
3555;4067
3556;4068
3557;4069
3558;4070
3559;4071
3560;4072
3561;4073
3562;4074
3563;4076
3564;4081
3565;4082
3566;4083
3567;4084
3568;4085
3569;4086
3570;4087
3571;4089
3572;4090
3573;4091
3574;4092
3575;4093
3576;4094
3577;4095
3578;4096
3579;4097
3580;4098
3581;4100
3582;4102
3583;4103
3584;4104
3585;4105
3586;4106
3587;4107
3588;4108
3589;4109
3590;4110
3591;4111
3592;4112
3593;4113
3594;4114
3595;4115
3596;4116
3597;4118
3598;4119
3599;4120
3600;4121
3601;4122
3602;4123
3603;4124
3604;4125
3605;4126
3606;4130
3607;4136
3608;4137
3609;4138
3610;4139
3611;4140
3612;4141
3613;4142
3614;4143
3615;4144
3616;4145
3617;4146
3618;4147
3619;4148
3620;4149
3621;4150
3622;4151
3623;4153
3624;4154
3625;4155
3626;4156
3627;4157
3628;4158
3629;4159
3630;4160
3631;4161
3632;4162
3633;4163
3634;4164
3635;4165
3636;4166
3637;4167
3638;4168
3639;4169
3640;4170
3641;4172
3642;4173
3643;4174
3644;4176
3645;4177
3646;4178
3647;4179
3648;4181
3649;4182
3650;4183
3651;4184
3652;4185
3653;4186
3654;4187
3655;4188
3656;4189
3657;4190
3658;4191
3659;4192
3660;4193
3661;4194
3662;4195
3663;4197
3664;4198
3665;4199
3666;4200
3667;4201
3668;4202
3669;4203
3670;4204
3671;4205
3672;4206
3673;4207
3674;4208
3675;4209
3676;4210
3677;4211
3678;4212
3679;4213
3680;4214
3681;4215
3682;4216
3683;4217
3684;4218
3685;4219
3686;4220
3687;4221
3688;4222
3689;4223
3690;4224
3691;4225
3692;4226
3693;4227
3694;4228
3695;4229
3696;4230
3697;4231
3698;4232
3699;4233
3700;4234
3701;4235
3702;4236
3703;4237
3704;4238
3705;4239
3706;4240
3707;4241
3708;4242
3709;4243
3710;4244
3711;4245
3712;4246
3713;4247
3714;4248
3715;4249
3716;4250
3717;4251
3718;4252
3719;4253
3720;4254
3721;4255
3722;4256
3723;4257
3724;4258
3725;4259
3726;4260
3727;4261
3728;4262
3729;4263
3730;4264
3731;4265
3732;4266
3733;4267
3734;4268
3735;4269
3736;4270
3737;4271
3738;4272
3739;4273
3740;4274
3741;4275
3742;4276
3743;4277
3744;4278
3745;4279
3746;4280
3747;4281
3748;4282
3749;4283
3750;4284
3751;4285
3752;4286
3753;4287
3754;4288
3755;4289
3756;4290
3757;4291
3758;4292
3759;4293
3760;4294
3761;4295
3762;4296
3763;4297
3764;4298
3765;4299
3766;4300
3767;4301
3768;4303
3769;4304
3770;4305
3771;4306
3772;4307
3773;4308
3774;4309
3775;4310
3776;4311
3777;4312
3778;4315
3779;4316
3780;4317
3781;4318
3782;4319
3783;4320
3784;4321
3785;4322
3786;4323
3787;4324
3788;4325
3789;4326
3790;4327
3791;4328
3792;4329
3793;4330
3794;4331
3795;4332
3796;4333
3797;4334
3798;4335
3799;4336
3800;4337
3801;4338
3802;4339
3803;4340
3804;4341
3805;4342
3806;4343
3807;4344
3808;4345
3809;4346
3810;4348
3811;4349
3812;4350
3813;4351
3814;4352
3815;4353
3816;4354
3817;4355
3818;4356
3819;4360
3820;4362
3821;4363
3822;4364
3823;4365
3824;4366
3825;4367
3826;4368
3827;4369
3828;4370
3829;4371
3830;4373
3831;4377
3832;4378
3833;4379
3834;4380
3835;4382
3836;4383
3837;4385
3838;4386
3839;4387
3840;4388
3841;4389
3842;4390
3843;4391
3844;4392
3845;4393
3846;4394
3847;4395
3848;4396
3849;4397
3850;4398
3851;4399
3852;4400
3853;4401
3854;4402
3855;4403
3856;4404
3857;4405
3858;4406
3859;4407
3860;4408
3861;4409
3862;4410
3863;4411
3864;4412
3865;4413
3866;4414
3867;4416
3868;4417
3869;4419
3870;4420
3871;4421
3872;4422
3873;4424
3874;4425
3875;4426
3876;4427
3877;4428
3878;4430
3879;4431
3880;4432
3881;4433
3882;4434
3883;4435
3884;4436
3885;4437
3886;4438
3887;4439
3888;4440
3889;4442
3890;4443
3891;4446
3892;4447
3893;4453
3894;4454
3895;4455
3896;4456
3897;4457
3898;4458
3899;4459
3900;4460
3901;4461
3902;4470
3903;4471
3904;4480
3905;4483
3906;4484
3907;4485
3908;4487
3909;4488
3910;4489
3911;4490
3912;4491
3913;4492
3914;4493
3915;4494
3916;4495
3917;4496
3918;4497
3919;4498
3920;4499
3921;4500
3922;4501
3923;4503
3924;4504
3925;4505
3926;4506
3927;4507
3928;4508
3929;4509
3930;4510
3931;4511
3932;4512
3933;4513
3934;4514
3935;4515
3936;4516
3937;4517
3938;4518
3939;4519
3940;4520
3941;4521
3942;4522
3943;4523
3944;4524
3945;4525
3946;4527
3947;4528
3948;4529
3949;4530
3950;4531
3951;4532
3952;4533
3953;4534
3954;4535
3955;4536
3956;4537
3957;4538
3958;4539
3959;4540
3960;4541
3961;4542
3962;4543
3963;4544
3964;4545
3965;4546
3966;4547
3967;4548
3968;4549
3969;4550
3970;4551
3971;4552
3972;4553
3973;4554
3974;4555
3975;4556
3976;4557
3977;4558
3978;4560
3979;4561
3980;4562
3981;4563
3982;4564
3983;4565
3984;4566
3985;4567
3986;4568
3987;4569
3988;4570
3989;4571
3990;4572
3991;4573
3992;4574
3993;4575
3994;4576
3995;4582
3996;4583
3997;4584
3998;4585
3999;4586
4000;4587
4001;4588
4002;4589
4003;4590
4004;4591
4005;4592
4006;4593
4007;4594
4008;4597
4009;4598
4010;4599
4011;4600
4012;4601
4013;4602
4014;4603
4015;4604
4016;4605
4017;4606
4018;4607
4019;4608
4020;4609
4021;4610
4022;4611
4023;4612
4024;4613
4025;4615
4026;4617
4027;4618
4028;4620
4029;4621
4030;4624
4031;4625
4032;4626
4033;4627
4034;4628
4035;4629
4036;4630
4037;4631
4038;4632
4039;4633
4040;4634
4041;4636
4042;4643
4043;4644
4044;4645
4045;4646
4046;4648
4047;4649
4048;4650
4049;4651
4050;4652
4051;4653
4052;4657
4053;4658
4054;4659
4055;4660
4056;4661
4057;4662
4058;4663
4059;4664
4060;4667
4061;4668
4062;4670
4063;4671
4064;4672
4065;4673
4066;4674
4067;4682
4068;4683
4069;4685
4070;4686
4071;4694
4072;4695
4073;4696
4074;4697
4075;4698
4076;4699
4077;4700
4078;4701
4079;4702
4080;4703
4081;4704
4082;4705
4083;4706
4084;4707
4085;4708
4086;4709
4087;4710
4088;4711
4089;4712
4090;4713
4091;4714
4092;4715
4093;4716
4094;4717
4095;4718
4096;4719
4097;4720
4098;4721
4099;4722
4100;4723
4101;4724
4102;4725
4103;4726
4104;4727
4105;4728
4106;4729
4107;4730
4108;4731
4109;4732
4110;4733
4111;4734
4112;4735
4113;4736
4114;4737
4115;4738
4116;4739
4117;4740
4118;4741
4119;4744
4120;4745
4121;4746
4122;4747
4123;4748
4124;4749
4125;4750
4126;4751
4127;4752
4128;4753
4129;4754
4130;4755
4131;4756
4132;4757
4133;4758
4134;4759
4135;4760
4136;4761
4137;4762
4138;4763
4139;4764
4140;4765
4141;4766
4142;4767
4143;4768
4144;4769
4145;4770
4146;4771
4147;4772
4148;4773
4149;4774
4150;4775
4151;4776
4152;4777
4153;4778
4154;4779
4155;4780
4156;4781
4157;4782
4158;4783
4159;4784
4160;4785
4161;4786
4162;4787
4163;4788
4164;4789
4165;4790
4166;4791
4167;4793
4168;4794
4169;4795
4170;4796
4171;4797
4172;4798
4173;4800
4174;4801
4175;4802
4176;4803
4177;4804
4178;4805
4179;4806
4180;4807
4181;4808
4182;4809
4183;4810
4184;4811
4185;4812
4186;4813
4187;4815
4188;4816
4189;4817
4190;4818
4191;4819
4192;4820
4193;4821
4194;4822
4195;4823
4196;4824
4197;4825
4198;4826
4199;4827
4200;4828
4201;4829
4202;4830
4203;4831
4204;4832
4205;4833
4206;4834
4207;4835
4208;4836
4209;4837
4210;4838
4211;4839
4212;4840
4213;4841
4214;4842
4215;4843
4216;4844
4217;4845
4218;4846
4219;4847
4220;4848
4221;4849
4222;4850
4223;4851
4224;4852
4225;4853
4226;4854
4227;4855
4228;4856
4229;4857
4230;4858
4231;4859
4232;4860
4233;4863
4234;4864
4235;4865
4236;4866
4237;4867
4238;4868
4239;4869
4240;4870
4241;4871
4242;4872
4243;4873
4244;4874
4245;4875
4246;4876
4247;4877
4248;4878
4249;4879
4250;4880
4251;4881
4252;4882
4253;4883
4254;4884
4255;4886
4256;4887
4257;4888
4258;4889
4259;4890
4260;4891
4261;4892
4262;4894
4263;4896
4264;4897
4265;4898
4266;4899
4267;4900
4268;4904
4269;4905
4270;4906
4271;4909
4272;4910
4273;4913
4274;4914
4275;4915
4276;4916
4277;4917
4278;4918
4279;4922
4280;4923
4281;4924
4282;4926
4283;4928
4284;4929
4285;4930
4286;4931
4287;4932
4288;4933
4289;4934
4290;4935
4291;4936
4292;4937
4293;4938
4294;4939
4295;4940
4296;4941
4297;4942
4298;4943
4299;4944
4300;4945
4301;4946
4302;4947
4303;4948
4304;4949
4305;4950
4306;4951
4307;4952
4308;4953
4309;4954
4310;4955
4311;4956
4312;4957
4313;4958
4314;4959
4315;4960
4316;4961
4317;4962
4318;4963
4319;4964
4320;4965
4321;4966
4322;4967
4323;4968
4324;4969
4325;4970
4326;4972
4327;4973
4328;4974
4329;4975
4330;4976
4331;4977
4332;4978
4333;4979
4334;4980
4335;4981
4336;4982
4337;4983
4338;4984
4339;4985
4340;4986
4341;4987
4342;4988
4343;4989
4344;4990
4345;4991
4346;4992
4347;4993
4348;4994
4349;4997
4350;4998
4351;4999
4352;5000
4353;5001
4354;5002
4355;5003
4356;5004
4357;5005
4358;5006
4359;5009
4360;5010
4361;5011
4362;5012
4363;5013
4364;5014
4365;5015
4366;5016
4367;5017
4368;5018
4369;5019
4370;5020
4371;5021
4372;5022
4373;5023
4374;5024
4375;5026
4376;5027
4377;5028
4378;5029
4379;5034
4380;5035
4381;5036
4382;5037
4383;5038
4384;5039
4385;5040
4386;5041
4387;5042
4388;5044
4389;5045
4390;5046
4391;5047
4392;5048
4393;5049
4394;5050
4395;5051
4396;5052
4397;5053
4398;5054
4399;5055
4400;5056
4401;5057
4402;5058
4403;5059
4404;5060
4405;5061
4406;5062
4407;5063
4408;5064
4409;5065
4410;5069
4411;5070
4412;5072
4413;5073
4414;5076
4415;5077
4416;5078
4417;5079
4418;5080
4419;5081
4420;5082
4421;5083
4422;5084
4423;5085
4424;5086
4425;5087
4426;5088
4427;5097
4428;5098
4429;5099
4430;5100
4431;5101
4432;5106
4433;5107
4434;5108
4435;5109
4436;5114
4437;5115
4438;5116
4439;5117
4440;5118
4441;5120
4442;5121
4443;5122
4444;5123
4445;5124
4446;5126
4447;5131
4448;5134
4449;5135
4450;5138
4451;5141
4452;5147
4453;5148
4454;5150
4455;5151
4456;5153
4457;5154
4458;5155
4459;5156
4460;5157
4461;5158
4462;5159
4463;5160
4464;5161
4465;5162
4466;5163
4467;5164
4468;5165
4469;5168
4470;5169
4471;5170
4472;5171
4473;5172
4474;5173
4475;5174
4476;5175
4477;5185
4478;5188
4479;5189
4480;5190
4481;5191
4482;5192
4483;5193
4484;5194
4485;5195
4486;5196
4487;5197
4488;5198
4489;5199
4490;5200
4491;5201
4492;5202
4493;5203
4494;5204
4495;5205
4496;5206
4497;5207
4498;5208
4499;5209
4500;5210
4501;5211
4502;5213
4503;5214
4504;5215
4505;5216
4506;5217
4507;5218
4508;5219
4509;5220
4510;5221
4511;5222
4512;5223
4513;5224
4514;5225
4515;5226
4516;5227
4517;5228
4518;5229
4519;5230
4520;5231
4521;5232
4522;5234
4523;5235
4524;5236
4525;5237
4526;5238
4527;5239
4528;5240
4529;5241
4530;5242
4531;5243
4532;5244
4533;5245
4534;5247
4535;5248
4536;5249
4537;5250
4538;5251
4539;5253
4540;5254
4541;5255
4542;5257
4543;5258
4544;5259
4545;5260
4546;5261
4547;5262
4548;5263
4549;5264
4550;5265
4551;5266
4552;5267
4553;5268
4554;5269
4555;5270
4556;5271
4557;5272
4558;5273
4559;5274
4560;5275
4561;5276
4562;5281
4563;5282
4564;5283
4565;5284
4566;5285
4567;5286
4568;5288
4569;5289
4570;5290
4571;5291
4572;5292
4573;5293
4574;5294
4575;5295
4576;5296
4577;5297
4578;5298
4579;5299
4580;5300
4581;5301
4582;5302
4583;5303
4584;5304
4585;5305
4586;5306
4587;5307
4588;5308
4589;5309
4590;5310
4591;5311
4592;5312
4593;5313
4594;5314
4595;5315
4596;5316
4597;5317
4598;5318
4599;5319
4600;5320
4601;5321
4602;5322
4603;5323
4604;5325
4605;5326
4606;5327
4607;5328
4608;5329
4609;5331
4610;5332
4611;5333
4612;5335
4613;5336
4614;5337
4615;5338
4616;5339
4617;5341
4618;5342
4619;5343
4620;5345
4621;5346
4622;5349
4623;5350
4624;5351
4625;5352
4626;5353
4627;5354
4628;5355
4629;5357
4630;5358
4631;5359
4632;5360
4633;5361
4634;5362
4635;5363
4636;5364
4637;5366
4638;5367
4639;5368
4640;5369
4641;5370
4642;5371
4643;5372
4644;5373
4645;5374
4646;5375
4647;5376
4648;5377
4649;5378
4650;5379
4651;5380
4652;5381
4653;5382
4654;5383
4655;5384
4656;5385
4657;5386
4658;5388
4659;5389
4660;5390
4661;5391
4662;5392
4663;5393
4664;5394
4665;5395
4666;5396
4667;5397
4668;5398
4669;5399
4670;5400
4671;5401
4672;5402
4673;5403
4674;5404
4675;5405
4676;5406
4677;5407
4678;5408
4679;5409
4680;5410
4681;5411
4682;5414
4683;5416
4684;5417
4685;5418
4686;5419
4687;5420
4688;5421
4689;5422
4690;5423
4691;5425
4692;5426
4693;5427
4694;5428
4695;5429
4696;5430
4697;5432
4698;5433
4699;5435
4700;5436
4701;5438
4702;5439
4703;5440
4704;5441
4705;5442
4706;5443
4707;5444
4708;5445
4709;5446
4710;5447
4711;5448
4712;5449
4713;5450
4714;5451
4715;5452
4716;5453
4717;5455
4718;5456
4719;5457
4720;5458
4721;5459
4722;5460
4723;5462
4724;5463
4725;5464
4726;5465
4727;5466
4728;5467
4729;5468
4730;5469
4731;5470
4732;5471
4733;5472
4734;5473
4735;5475
4736;5476
4737;5477
4738;5478
4739;5479
4740;5480
4741;5481
4742;5482
4743;5484
4744;5485
4745;5486
4746;5487
4747;5488
4748;5489
4749;5490
4750;5491
4751;5492
4752;5493
4753;5494
4754;5495
4755;5496
4756;5497
4757;5498
4758;5499
4759;5500
4760;5501
4761;5502
4762;5503
4763;5504
4764;5505
4765;5506
4766;5507
4767;5508
4768;5509
4769;5510
4770;5511
4771;5512
4772;5514
4773;5515
4774;5516
4775;5517
4776;5518
4777;5519
4778;5524
4779;5525
4780;5526
4781;5527
4782;5529
4783;5530
4784;5531
4785;5532
4786;5533
4787;5534
4788;5535
4789;5537
4790;5538
4791;5539
4792;5541
4793;5542
4794;5543
4795;5545
4796;5546
4797;5547
4798;5548
4799;5550
4800;5551
4801;5552
4802;5553
4803;5554
4804;5555
4805;5556
4806;5557
4807;5558
4808;5559
4809;5560
4810;5561
4811;5562
4812;5563
4813;5565
4814;5566
4815;5567
4816;5568
4817;5569
4818;5570
4819;5571
4821;5573
4823;5575
4824;5576
4827;5579
4828;5580
4829;5581
4830;5582
4831;5583
4832;5584
4833;5585
4834;5586
4835;5587
4836;5588
4837;5589
4838;5590
4839;5591
4840;5592
4841;5593
4842;5594
4843;5595
4844;5596
4845;5597
4846;5598
4847;5599
4848;5600
4849;5601
4850;5603
4851;5605
4852;5606
4853;5607
4854;5608
4855;5609
4856;5610
4857;5611
4858;5612
4859;5613
4860;5614
4861;5615
4862;5616
4863;5617
4864;5619
4865;5620
4866;5622
4867;5623
4868;5624
4869;5625
4870;5626
4871;5627
4872;5628
4873;5629
4874;5630
4875;5631
4876;5632
4877;5633
4878;5634
4879;5635
4880;5636
4881;5637
4882;5638
4883;5639
4884;5640
4885;5641
4886;5642
4887;5643
4888;5644
4889;5645
4890;5646
4891;5647
4892;5648
4893;5649
4894;5650
4895;5651
4896;5652
4897;5653
4898;5654
4899;5655
4900;5656
4901;5658
4902;5659
4903;5660
4904;5661
4905;5662
4906;5663
4907;5664
4909;5666
4910;5667
4911;5668
4912;5669
4913;5670
4914;5671
4915;5672
4916;5673
4917;5674
4918;5675
4919;5676
4920;5677
4921;5678
4922;5679
4924;5681
4925;5682
4926;5683
4952;5715
4953;5716
4954;5719
4955;5720
4956;5721
4957;5722
4958;5723
4959;5724
4960;5725
4961;5726
4962;5727
4963;5728
4964;5729
4965;5730
4966;5731
4967;5733
4968;5734
4969;5735
4970;5736
4971;5737
4989;5757
4993;5761
4994;5762
4995;5763
4996;5764
4997;5765
4998;5766
4999;5767
5023;5791
5029;5797
5030;5798
5031;5799
5032;5800
5033;5801
5034;5802
5035;5803
5036;5804
5037;5805
5038;5806
5039;5807
5040;5808
5041;5809
5042;5810
5043;5811
5044;5812
5045;5813
5046;5814
5047;5815
5048;5816
5049;5817
5050;5818
5051;5819
5052;5820
5053;5821
5054;5822
5055;5823
5056;5824
5057;5825
5058;5826
5059;5827
5060;5828
5061;5829
5062;5830
5063;5831
5064;5832
5065;5833
5066;5834
5067;5835
5068;5836
5069;5837
5070;5838
5071;5839
5072;5840
5073;5841
5074;5842
5075;5843
5076;5844
5077;5845
5078;5846
5079;5847
5080;5848
5081;5850
5082;5851
5083;5852
5084;5853
5085;5854
5086;5855
5087;5856
5088;5857
5089;5858
5090;5860
5091;5861
5092;5862
5093;5864
5094;5865
5095;5866
5096;5867
5097;5868
5098;5869
5099;5870
5100;5871
5101;5872
5102;5873
5103;5874
5104;5875
5105;5876
5106;5877
5107;5878
5108;5879
5109;5880
5110;5881
5111;5882
5112;5883
5113;5884
5114;5885
5115;5886
5116;5887
5117;5888
5118;5889
5119;5890
5120;5891
5121;5892
5122;5893
5123;5894
5124;5895
5125;5896
5126;5897
5127;5898
5128;5899
5129;5900
5130;5901
5131;5902
5132;5903
5133;5904
5134;5905
5135;5906
5136;5907
5137;5908
5138;5909
5139;5910
5140;5911
5141;5912
5142;5913
5143;5914
5144;5915
5145;5916
5146;5917
5147;5918
5148;5920
5149;5921
5150;5922
5151;5923
5152;5924
5153;5925
5154;5926
5155;5927
5156;5928
5157;5929
5158;5930
5159;5931
5160;5932
5161;5933
5162;5934
5163;5935
5164;5936
5165;5938
5166;5939
5167;5940
5168;5941
5169;5942
5170;5943
5171;5944
5172;5947
5173;5948
5174;5949
5175;5950
5176;5951
5178;5953
5179;5954
5180;5955
5181;5956
5182;5957
5183;5958
5184;5959
5185;5960
5186;5961
5187;5962
5188;5963
5189;5964
5190;5965
5191;5966
5192;5967
5193;5968
5194;5969
5195;5970
5196;5971
5197;5972
5198;5973
5199;5974
5200;5975
5201;5977
5202;5978
5203;5979
5204;5980
5205;5981
5206;5982
5207;5983
5208;5984
5209;5985
5210;5986
5211;5987
5212;5988
5213;5989
5214;5990
5215;5991
5216;5992
5217;5993
5218;5994
5219;5995
5220;5996
5221;5997
5222;5998
5223;5999
5224;6000
5225;6001
5226;6002
5227;6003
5228;6004
5229;6005
5230;6006
5231;6007
5232;6008
5233;6009
5234;6010
5235;6011
5236;6012
5237;6013
5238;6014
5239;6015
5240;6018
5241;6019
5242;6020
5243;6022
5244;6025
5245;6026
5246;6027
5247;6028
5248;6029
5249;6030
5250;6031
5251;6032
5252;6033
5253;6034
5254;6035
5255;6036
5256;6037
5257;6038
5258;6039
5259;6040
5260;6041
5261;6042
5262;6043
5263;6044
5264;6045
5265;6046
5266;6047
5267;6048
5268;6049
5269;6050
5270;6051
5271;6052
5272;6053
5273;6054
5274;6055
5275;6056
5276;6057
5277;6058
5278;6059
5279;6060
5280;6061
5281;6062
5282;6063
5283;6064
5284;6065
5285;6066
5286;6067
5287;6069
5288;6070
5289;6071
5290;6072
5291;6073
5292;6074
5293;6075
5294;6076
5295;6077
5296;6078
5297;6079
5298;6080
5299;6081
5300;6082
5301;6083
5302;6084
5303;6085
5304;6086
5305;6087
5306;6088
5307;6089
5308;6090
5309;6091
5310;6092
5311;6093
5312;6095
5313;6096
5314;6097
5315;6098
5316;6099
5317;6100
5318;6101
5319;6102
5320;6103
5321;6104
5322;6105
5323;6106
5324;6107
5325;6108
5326;6109
5327;6110
5328;6111
5329;6112
5330;6113
5331;6114
5332;6115
5333;6116
5334;6117
5335;6118
5336;6119
5337;6120
5338;6121
5339;6122
5340;6123
5341;6124
5342;6125
5343;6126
5344;6127
5345;6128
5346;6129
5347;6130
5348;6131
5349;6132
5350;6133
5351;6134
5352;6135
5353;6136
5354;6137
5355;6138
5356;6141
5357;6142
5358;6144
5359;6145
5360;6146
5361;6147
5362;6148
5363;6149
5364;6150
5365;6151
5366;6152
5367;6153
5368;6154
5369;6155
5370;6156
5371;6158
5372;6159
5373;6160
5374;6164
5375;6166
5376;6167
5377;6168
5378;6169
5379;6170
5380;6171
5381;6172
5382;6173
5383;6174
5384;6175
5385;6176
5386;6177
5387;6178
5388;6179
5389;6181
5390;6182
5391;6183
5392;6184
5393;6185
5394;6186
5395;6187
5396;6188
5397;6189
5398;6190
5399;6191
5400;6192
5401;6193
5402;6194
5403;6195
5404;6196
5405;6197
5406;6198
5407;6199
5408;6200
5409;6201
5410;6202
5411;6203
5412;6204
5413;6205
5414;6206
5415;6207
5416;6208
5417;6209
5418;6210
5419;6211
5420;6212
5421;6213
5422;6214
5423;6215
5424;6216
5425;6217
5426;6218
5427;6219
5428;6220
5429;6221
5430;6222
5431;6223
5432;6224
5433;6225
5434;6226
5435;6227
5436;6228
5437;6229
5438;6230
5439;6231
5440;6232
5441;6233
5442;6234
5443;6235
5444;6236
5445;6238
5446;6239
5447;6240
5448;6242
5449;6243
5450;6244
5451;6245
5452;6246
5453;6248
5454;6249
5455;6250
5456;6252
5457;6253
5458;6254
5459;6255
5460;6256
5461;6257
5462;6258
5463;6259
5464;6261
5465;6262
5466;6263
5467;6264
5468;6265
5469;6266
5470;6267
5471;6268
5472;6269
5473;6270
5474;6271
5475;6272
5476;6273
5477;6274
5478;6275
5479;6276
5480;6277
5481;6278
5482;6279
5483;6280
5484;6281
5485;6282
5486;6283
5487;6284
5488;6285
5489;6286
5490;6287
5491;6288
5492;6289
5493;6290
5494;6291
5495;6292
5496;6293
5497;6294
5498;6296
5499;6297
5500;6298
5501;6299
5502;6300
5503;6301
5504;6302
5505;6303
5506;6304
5507;6305
5508;6306
5509;6307
5510;6308
5511;6309
5512;6310
5513;6311
5514;6312
5515;6313
5516;6314
5517;6315
5518;6316
5519;6317
5520;6318
5521;6319
5522;6320
5523;6321
5524;6322
5525;6323
5526;6324
5527;6325
5528;6326
5529;6327
5530;6329
5531;6330
5532;6331
5533;6332
5534;6333
5535;6334
5536;6335
5537;6336
5538;6337
5539;6338
5540;6339
5541;6340
5542;6341
5543;6342
5544;6344
5545;6345
5546;6346
5547;6347
5548;6350
5549;6351
5550;6352
5551;6353
5552;6354
5553;6355
5554;6356
5555;6357
5556;6358
5557;6359
5558;6360
5559;6361
5560;6362
5561;6363
5562;6364
5563;6365
5564;6366
5565;6368
5566;6369
5567;6370
5568;6372
5569;6374
5570;6375
5571;6376
5572;6377
5573;6378
5574;6379
5575;6380
5576;6381
5577;6382
5578;6383
5579;6384
5580;6385
5581;6386
5582;6387
5583;6388
5584;6389
5585;6391
5586;6392
5587;6393
5588;6394
5589;6395
5590;6396
5591;6397
5592;6398
5593;6399
5594;6400
5595;6401
5596;6402
5597;6404
5598;6405
5599;6406
5600;6407
5601;6408
5602;6409
5603;6410
5604;6412
5605;6413
5606;6414
5607;6415
5608;6416
5609;6417
5610;6418
5611;6420
5612;6421
5613;6424
5614;6425
5615;6426
5616;6427
5617;6429
5618;6432
5619;6433
5620;6435
5621;6436
5622;6437
5623;6438
5624;6439
5625;6440
5626;6442
5627;6443
5628;6444
5629;6445
5630;6446
5631;6447
5632;6448
5633;6449
5634;6450
5635;6451
5636;6452
5637;6453
5638;6454
5639;6455
5640;6456
5641;6457
5642;6458
5643;6462
5644;6463
5645;6464
5646;6465
5647;6468
5648;6469
5649;6470
5650;6471
5651;6472
5652;6473
5653;6474
5654;6475
5655;6476
5656;6481
5657;6482
5658;6483
5659;6484
5660;6485
5661;6486
5662;6487
5663;6488
5664;6489
5665;6491
5666;6492
5667;6493
5668;6494
5669;6495
5670;6496
5671;6497
5672;6498
5673;6499
5674;6500
5675;6501
5676;6502
5677;6503
5678;6504
5679;6505
5680;6506
5681;6507
5682;6508
5683;6509
5684;6510
5685;6512
5686;6513
5687;6514
5688;6515
5689;6516
5690;6517
5691;6518
5692;6519
5693;6520
5694;6521
5695;6522
5696;6523
5697;6524
5698;6525
5699;6526
5700;6527
5701;6528
5702;6529
5703;6530
5704;6531
5705;6532
5706;6533
5707;6534
5708;6535
5709;6536
5710;6537
5711;6538
5712;6539
5713;6540
5714;6541
5715;6542
5716;6544
5717;6545
5718;6546
5719;6547
5720;6548
5721;6549
5722;6550
5723;6551
5724;6552
5725;6553
5726;6554
5727;6555
5728;6556
5729;6557
5730;6558
5731;6559
5732;6560
5733;6561
5734;6562
5735;6563
5736;6564
5737;6565
5738;6566
5739;6567
5740;6568
5741;6569
5742;6570
5743;6571
5744;6572
5745;6573
5746;6574
5747;6575
5748;6576
5749;6577
5750;6581
5751;6582
5752;6583
5753;6584
5754;6585
5755;6587
5756;6588
5757;6589
5758;6590
5759;6591
5760;6592
5761;6593
5762;6594
5763;6595
5764;6596
5765;6597
5766;6598
5767;6599
5768;6600
5769;6601
5770;6602
5771;6604
5772;6605
5773;6606
5774;6607
5775;6608
5776;6609
5777;6610
5778;6611
5779;6612
5780;6613
5781;6614
5782;6617
5783;6618
5784;6619
5785;6620
5786;6621
5787;6625
5788;6627
5789;6628
5790;6629
5791;6630
5792;6631
5793;6632
5794;6633
5795;6636
5796;6637
5797;6638
5798;6639
5799;6640
5800;6641
5801;6642
5802;6643
5803;6644
5804;6680
5805;6681
5806;6682
5807;6683
5808;6684
5809;6685
5810;6686
5811;6687
5812;6688
5813;6689
5814;6690
5815;6691
5816;6692
5817;6693
5818;6694
5819;6695
5820;6696
5821;6697
5822;6698
5823;6699
5824;6701
5825;6702
5826;6703
5827;6704
5828;6708
5829;6709
5830;6742
5831;6744
5832;6745
5833;6746
5834;6747
5835;6748
5836;6750
5837;6751
5838;6753
5839;6754
5840;6755
5841;6756
5842;6757
5843;6758
5844;6761
5845;6763
5846;6764
5847;6765
5848;6766
5849;6767
5850;6768
5851;6769
5852;6772
5853;6773
5854;6774
5855;6775
5856;6777
5857;6778
5858;6779
5859;6780
5860;6782
5861;6783
5862;6784
5863;6794
5864;6795
5865;6796
5866;6813
5867;6826
5868;6827
5869;6828
5870;6829
5871;6830
5872;6831
5873;6832
5874;6833
5875;6834
5876;6835
5877;6836
5878;6837
5879;6838
5880;6839
5881;6840
5882;6841
5883;6842
5884;6843
5885;6844
5886;6845
5887;6846
5888;6847
5889;6848
5890;6849
5891;6850
5892;6851
5893;6853
5894;6854
5895;6855
5896;6856
5897;6857
5898;6858
5899;6859
5900;6860
5901;6861
5902;6862
5903;6863
5904;6864
5905;6868
5906;6869
5907;6871
5908;6872
5909;6873
5910;6874
5911;6875
5912;6876
5913;6878
5914;6880
5915;6881
5916;6882
5917;6883
5918;6884
5919;6885
5920;6886
5922;6888
5923;6889
5924;6890
5925;6891
5926;6892
5927;6893
5928;6894
5929;6895
5930;6896
5931;6897
5932;6898
5933;6899
5934;6900
5935;6901
5936;6902
5937;6903
5938;6904
5939;6905
5940;6906
5941;6907
5942;6908
5945;6911
5946;6912
5947;6913
5948;6914
5950;6916
5951;6917
5952;6918
5953;6919
5954;6920
5956;6923
5957;6924
5958;6926
5959;6927
5961;6930
5962;6931
5963;6932
5964;6933
5965;6934
5966;6935
5967;6936
5968;6937
5969;6938
5970;6939
5971;6940
5972;6941
5973;6942
5974;6943
5975;6944
5976;6945
5978;6947
5979;6949
5980;6950
5981;6951
5982;6952
5984;6954
5985;6955
5986;6956
5987;6957
5988;6958
5989;6959
5990;6960
5991;6961
5992;6962
5993;6963
5994;6964
5995;6965
5996;6966
5997;6967
5998;6968
5999;6969
6000;6970
6001;6972
6002;6973
6003;6976
6004;6977
6005;6978
6006;6979
6007;6980
6008;6981
6009;6982
6010;6983
6011;6984
6012;6985
6013;6986
6014;6987
6015;6988
6016;6989
6017;6990
6018;6991
6019;6992
6020;6993
6021;6994
6022;6995
6023;6996
6024;6997
6025;6998
6027;7000
6028;7001
6029;7002
6030;7003
6057;7041
6058;7042
6059;7045
6060;7046
6061;7049
6062;7050
6063;7051
6064;7052
6065;7053
6066;7054
6067;7056
6068;7057
6069;7058
6070;7059
6071;7060
6072;7061
6073;7062
6074;7064
6075;7065
6076;7066
6077;7067
6078;7068
6079;7069
6080;7070
6081;7071
6082;7072
6083;7073
6084;7074
6085;7077
6086;7078
6087;7079
6088;7080
6089;7081
6090;7082
6091;7083
6092;7084
6093;7085
6094;7086
6095;7087
6096;7088
6097;7089
6098;7091
6099;7092
6100;7093
6101;7094
6102;7095
6103;7096
6104;7097
6105;7098
6106;7099
6107;7100
6108;7101
6109;7102
6110;7103
6111;7104
6112;7105
6113;7106
6114;7107
6115;7108
6116;7109
6117;7110
6118;7111
6119;7112
6120;7113
6121;7114
6122;7115
6123;7118
6124;7119
6125;7120
6126;7124
6127;7125
6128;7126
6129;7127
6130;7129
6131;7130
6132;7131
6133;7133
6134;7135
6135;7136
6136;7141
6137;7142
6138;7143
6139;7144
6140;7146
6141;7147
6142;7148
6143;7151
6144;7152
6145;7153
6146;7154
6147;7157
6148;7158
6149;7161
6150;7162
6151;7166
6152;7167
6153;7168
6154;7169
6155;7170
6156;7171
6157;7172
6158;7173
6159;7174
6160;7175
6161;7176
6162;7177
6163;7178
6164;7179
6165;7183
6166;7184
6167;7185
6168;7186
6169;7187
6170;7188
6171;7189
6172;7190
6173;7191
6174;7192
6175;7193
6176;7194
6177;7195
6178;7196
6179;7197
6180;7198
6181;7199
6182;7200
6183;7201
6184;7202
6185;7203
6186;7204
6187;7205
6188;7206
6189;7207
6190;7208
6191;7209
6192;7210
6193;7211
6194;7212
6195;7213
6196;7214
6197;7215
6198;7216
6199;7218
6200;7219
6201;7220
6202;7221
6203;7222
6204;7223
6205;7224
6206;7225
6207;7226
6208;7227
6209;7228
6210;7229
6211;7230
6212;7231
6213;7232
6214;7233
6215;7234
6216;7235
6217;7241
6218;7242
6219;7243
6220;7244
6221;7245
6222;7246
6223;7247
6224;7248
6225;7249
6226;7250
6227;7251
6228;7252
6229;7253
6230;7254
6231;7256
6232;7257
6233;7258
6234;7259
6235;7260
6236;7262
6237;7263
6238;7264
6239;7265
6240;7266
6241;7267
6242;7268
6243;7269
6244;7270
6245;7271
6246;7272
6247;7273
6248;7274
6249;7275
6250;7276
6251;7277
6252;7278
6253;7279
6254;7280
6255;7281
6256;7282
6257;7283
6258;7284
6259;7286
6260;7287
6261;7288
6262;7289
6263;7290
6264;7291
6265;7292
6266;7293
6267;7294
6268;7295
6269;7296
6270;7297
6271;7298
6272;7299
6273;7300
6274;7301
6275;7302
6276;7303
6277;7305
6278;7307
6279;7308
6280;7309
6281;7310
6282;7311
6283;7312
6284;7313
6285;7314
6286;7315
6287;7316
6288;7317
6289;7318
6290;7319
6291;7320
6292;7321
6293;7322
6294;7323
6295;7324
6296;7325
6297;7326
6298;7327
6299;7328
6300;7329
6301;7330
6302;7331
6303;7332
6304;7333
6305;7334
6306;7335
6307;7336
6308;7337
6309;7338
6310;7339
6311;7340
6312;7341
6313;7342
6314;7343
6315;7344
6316;7345
6317;7346
6318;7347
6319;7348
6320;7349
6321;7350
6322;7351
6323;7352
6324;7353
6325;7354
6326;7355
6327;7356
6328;7357
6329;7358
6330;7359
6331;7360
6332;7361
6333;7362
6334;7363
6335;7364
6336;7365
6337;7366
6338;7367
6339;7368
6340;7369
6341;7371
6342;7372
6343;7373
6344;7374
6345;7375
6346;7376
6347;7377
6348;7378
6349;7379
6350;7380
6351;7381
6352;7382
6353;7383
6354;7384
6355;7385
6356;7386
6357;7387
6358;7388
6359;7389
6360;7390
6361;7391
6362;7392
6363;7393
6364;7394
6365;7396
6366;7397
6367;7398
6368;7400
6369;7401
6370;7402
6371;7406
6372;7446
6373;7464
6374;7465
6375;7469
6376;7479
6377;7512
6378;7513
6379;7514
6380;7515
6381;7516
6382;7517
6383;7518
6384;7519
6385;7520
6386;7521
6387;7522
6388;7523
6389;7525
6390;7526
6391;7541
6392;7542
6393;7543
6394;7544
6395;7545
6396;7546
6397;7547
6398;7548
6399;7549
6400;7550
6401;7551
6402;7552
6403;7553
6404;7554
6405;7555
6406;7556
6407;7557
6408;7558
6409;7559
6410;7560
6411;7561
6412;7562
6413;7563
6414;7564
6415;7565
6416;7566
6417;7567
6418;7568
6419;7569
6420;7570
6421;7571
6422;7572
6423;7573
6424;7574
6425;7575
6426;7576
6427;7577
6428;7578
6429;7579
6430;7580
6431;7581
6432;7582
6433;7583
6434;7584
6435;7585
6436;7586
6437;7587
6438;7588
6439;7589
6440;7590
6441;7591
6442;7592
6443;7593
6444;7594
6445;7595
6446;7596
6447;7597
6448;7598
6449;7600
6450;7601
6451;7602
6452;7603
6453;7604
6454;7605
6455;7606
6456;7607
6457;7608
6458;7609
6459;7610
6460;7611
6461;7612
6462;7613
6463;7614
6464;7615
6465;7616
6466;7617
6467;7618
6468;7619
6469;7620
6470;7621
6471;7622
6472;7623
6473;7624
6474;7625
6475;7626
6476;7627
6477;7628
6478;7629
6479;7630
6480;7631
6481;7632
6482;7633
6483;7634
6484;7635
6485;7636
6486;7637
6487;7638
6488;7639
6489;7640
6490;7641
6491;7642
6492;7643
6493;7644
6494;7645
6495;7646
6496;7647
6497;7648
6498;7649
6499;7650
6500;7651
6501;7652
6502;7653
6503;7654
6504;7655
6505;7656
6506;7657
6507;7658
6508;7659
6509;7660
6510;7661
6511;7662
6512;7663
6513;7664
6514;7665
6515;7666
6516;7667
6517;7668
6518;7669
6519;7670
6520;7671
6521;7672
6522;7673
6523;7674
6524;7675
6525;7676
6526;7677
6527;7678
6528;7679
6529;7680
6530;7681
6531;7682
6532;7683
6533;7684
6534;7685
6535;7686
6536;7687
6537;7689
6538;7690
6539;7692
6540;7694
6541;7696
6542;7697
6543;7698
6544;7699
6545;7700
6546;7701
6547;7706
6548;7708
6549;7709
6550;7710
6551;7711
6552;7712
6553;7714
6554;7715
6555;7716
6556;7717
6557;7718
6558;7719
6559;7722
6560;7723
6561;7724
6562;7726
6563;7727
6564;7728
6565;7730
6566;7732
6567;7734
6568;7735
6569;7736
6570;7739
6571;7745
6572;7754
6573;7760
6574;7761
6575;7762
6576;7763
6577;7764
6578;7765
6579;7766
6580;7767
6581;7768
6582;7769
6583;7770
6584;7771
6585;7772
6586;7773
6587;7774
6588;7775
6589;7776
6590;7777
6591;7778
6592;7779
6593;7780
6594;7781
6595;7782
6596;7783
6597;7784
6598;7785
6599;7786
6600;7787
6601;7788
6602;7789
6603;7790
6604;7791
6605;7792
6606;7793
6607;7794
6608;7795
6609;7796
6610;7797
6611;7798
6612;7799
6613;7800
6614;7801
6615;7802
6616;7803
6617;7804
6618;7805
6619;7806
6620;7807
6621;7808
6622;7809
6623;7810
6624;7811
6625;7812
6626;7813
6627;7814
6628;7815
6629;7816
6630;7817
6631;7818
6632;7819
6633;7820
6634;7823
6635;7824
6636;7825
6637;7826
6638;7828
6639;7829
6640;7830
6641;7831
6642;7833
6643;7834
6644;7836
6645;7837
6646;7838
6647;7839
6648;7840
6649;7841
6650;7842
6651;7843
6652;7844
6653;7845
6654;7846
6655;7847
6656;7848
6657;7849
6658;7850
6659;7851
6660;7852
6661;7853
6662;7854
6663;7855
6664;7856
6665;7857
6666;7858
6667;7859
6668;7860
6669;7861
6670;7862
6671;7863
6672;7865
6673;7866
6674;7867
6675;7868
6676;7869
6677;7870
6678;7871
6679;7872
6680;7873
6681;7874
6682;7875
6683;7876
6684;7877
6685;7878
6686;7879
6687;7880
6688;7881
6689;7882
6690;7883
6691;7884
6692;7885
6693;7886
6694;7887
6695;7888
6696;7889
6697;7890
6698;7891
6699;7892
6700;7894
6701;7895
6702;7897
6703;7898
6704;7899
6705;7900
6706;7901
6707;7902
6708;7903
6709;7904
6710;7905
6711;7914
6712;7915
6713;7916
6714;7917
6715;7918
6716;7919
6717;7920
6718;7921
6719;7923
6720;7924
6721;7925
6722;7927
6723;7928
6724;7929
6725;7930
6726;7931
6727;7932
6728;7933
6729;7934
6730;7935
6731;7936
6732;7937
6733;7938
6734;7939
6735;7940
6736;7942
6737;7943
6738;7944
6739;7945
6740;7946
6741;7948
6742;7949
6743;7951
6744;7952
6745;7953
6746;7954
6747;7955
6748;7956
6749;7957
6750;7958
6751;7959
6752;7960
6753;7961
6754;7962
6755;7963
6756;7964
6757;7965
6758;7966
6759;7967
6760;7969
6761;7970
6762;7971
6763;7972
6764;7973
6765;7974
6766;7975
6767;7976
6768;7977
6769;7978
6770;7979
6771;7980
6772;7982
6773;7983
6774;7984
6775;7985
6776;7986
6777;7987
6778;7988
6779;7989
6780;7990
6781;7991
6782;7992
6783;7993
6784;7994
6785;7995
6786;7996
6787;7997
6788;7998
6789;7999
6790;8000
6791;8001
6792;8002
6793;8003
6794;8004
6795;8005
6796;8006
6797;8007
6798;8008
6799;8009
6800;8010
6801;8011
6802;8016
6803;8032
6804;8033
6805;8034
6806;8039
6807;8052
6808;8054
6809;8055
6810;8056
6811;8057
6812;8058
6813;8059
6814;8060
6815;8061
6816;8062
6817;8063
6818;8065
6819;8066
6820;8067
6821;8068
6822;8069
6823;8070
6824;8073
6825;8075
6826;8076
6827;8077
6828;8078
6829;8079
6830;8081
6831;8082
6832;8085
6833;8086
6834;8087
6835;8088
6836;8090
6837;8091
6838;8092
6839;8093
6840;8094
6841;8095
6842;8096
6843;8099
6844;8100
6845;8101
6846;8103
6847;8106
6848;8107
6849;8108
6850;8109
6851;8124
6852;8125
6853;8126
6854;8127
6855;8128
6856;8129
6857;8132
6858;8133
6859;8134
6860;8135
6861;8136
6862;8137
6863;8138
6864;8139
6865;8140
6866;8142
6867;8144
6868;8145
6869;8146
6870;8147
6871;8148
6872;8149
6873;8153
6874;8154
6875;8155
6876;8157
6877;8158
6878;8159
6879;8160
6880;8161
6881;8162
6882;8164
6883;8166
6884;8167
6885;8168
6886;8169
6887;8172
6888;8175
6889;8176
6890;8177
6891;8178
6892;8179
6893;8180
6894;8181
6895;8182
6896;8183
6897;8184
6898;8185
6899;8186
6900;8187
6901;8188
6902;8190
6903;8191
6904;8192
6905;8193
6906;8194
6907;8195
6908;8196
6909;8197
6910;8198
6911;8199
6912;8201
6913;8202
6914;8204
6915;8205
6916;8206
6917;8207
6918;8208
6919;8209
6920;8210
6921;8211
6922;8212
6923;8213
6924;8214
6925;8216
6926;8217
6927;8219
6928;8220
6929;8221
6930;8222
6931;8223
6932;8224
6933;8225
6934;8226
6935;8230
6936;8233
6937;8234
6938;8236
6939;8239
6940;8240
6941;8295
6942;8311
6943;8312
6944;8313
6945;8314
6946;8315
6947;8316
6948;8317
6949;8318
6950;8322
6951;8336
6952;8337
6953;8338
6954;8339
6955;8340
6956;8341
6957;8342
6958;8343
6959;8344
6960;8345
6961;8346
6962;8347
6963;8348
6964;8349
6965;8350
6966;8351
6967;8352
6968;8353
6969;8355
6970;8356
6971;8357
6972;8358
6973;8359
6974;8360
6975;8361
6976;8362
6977;8363
6978;8364
6979;8365
6980;8366
6981;8367
6982;8368
6983;8369
6984;8370
6985;8371
6986;8373
6987;8374
6988;8375
6989;8376
6990;8377
6991;8378
6992;8379
6993;8381
6994;8384
6995;8385
6996;8386
6997;8389
6998;8390
6999;8391
7000;8392
7001;8393
7002;8394
7003;8395
7004;8396
7005;8397
7006;8398
7007;8399
7008;8400
7009;8401
7010;8402
7011;8403
7012;8404
7013;8405
7014;8406
7015;8407
7016;8408
7017;8409
7018;8410
7019;8411
7020;8412
7021;8414
7022;8415
7023;8416
7024;8417
7025;8419
7026;8421
7027;8422
7028;8423
7029;8424
7030;8425
7031;8426
7032;8427
7033;8428
7034;8430
7035;8431
7036;8432
7037;8433
7038;8435
7039;8436
7040;8437
7041;8438
7042;8439
7043;8440
7044;8441
7045;8442
7046;8444
7047;8445
7048;8447
7049;8448
7050;8449
7051;8450
7052;8451
7053;8452
7054;8455
7055;8456
7056;8457
7057;8458
7058;8459
7059;8460
7060;8461
7061;8462
7062;8463
7063;8464
7064;8465
7065;8466
7066;8467
7067;8469
7068;8470
7069;8471
7070;8472
7071;8473
7072;8474
7073;8475
7074;8476
7075;8477
7076;8478
7077;8479
7078;8480
7079;8482
7080;8483
7081;8484
7082;8485
7083;8486
7084;8487
7085;8488
7086;8489
7087;8490
7088;8491
7089;8492
7090;8493
7091;8494
7092;8495
7093;8496
7094;8497
7095;8498
7096;8499
7097;8500
7098;8501
7099;8502
7100;8503
7101;8504
7102;8505
7103;8506
7104;8507
7105;8508
7106;8509
7107;8510
7108;8511
7109;8512
7110;8513
7111;8515
7112;8516
7113;8517
7114;8518
7115;8519
7116;8520
7117;8523
7118;8524
7119;8525
7120;8526
7121;8527
7122;8528
7123;8529
7124;8530
7125;8531
7126;8532
7127;8533
7128;8534
7129;8535
7130;8536
7131;8537
7132;8538
7133;8539
7134;8540
7135;8541
7136;8542
7137;8543
7138;8544
7139;8546
7140;8547
7141;8548
7142;8549
7143;8550
7144;8551
7145;8552
7146;8554
7147;8555
7148;8556
7149;8557
7150;8558
7151;8559
7152;8560
7153;8561
7154;8562
7155;8563
7156;8564
7157;8565
7158;8566
7159;8568
7160;8569
7161;8570
7162;8572
7163;8573
7164;8574
7165;8575
7166;8576
7167;8577
7168;8578
7169;8579
7170;8580
7171;8581
7172;8582
7173;8583
7174;8584
7175;8585
7176;8586
7177;8587
7178;8588
7179;8589
7180;8590
7181;8591
7182;8592
7183;8593
7184;8594
7185;8595
7186;8596
7187;8597
7188;8598
7189;8599
7190;8600
7191;8603
7192;8605
7193;8606
7194;8607
7195;8608
7196;8609
7197;8610
7198;8611
7199;8612
7200;8613
7201;8615
7202;8616
7203;8617
7204;8618
7205;8619
7206;8620
7207;8621
7208;8622
7209;8623
7210;8624
7211;8625
7212;8626
7213;8627
7214;8629
7215;8630
7216;8631
7217;8632
7218;8633
7219;8634
7220;8635
7221;8640
7222;8641
7223;8642
7224;8644
7225;8645
7226;8647
7227;8648
7228;8649
7229;8650
7230;8651
7231;8652
7232;8653
7233;8654
7234;8655
7235;8656
7236;8657
7237;8659
7238;8660
7239;8661
7240;8662
7241;8663
7242;8664
7243;8665
7244;8666
7245;8667
7246;8668
7247;8669
7248;8670
7249;8671
7250;8672
7251;8673
7252;8674
7253;8675
7254;8676
7255;8677
7256;8678
7257;8679
7258;8680
7259;8681
7260;8682
7261;8683
7262;8684
7263;8685
7264;8686
7265;8687
7266;8688
7267;8689
7268;8690
7269;8691
7270;8692
7271;8693
7272;8694
7273;8695
7274;8696
7275;8697
7276;8698
7277;8699
7278;8700
7279;8701
7280;8702
7281;8703
7282;8704
7283;8705
7284;8706
7285;8707
7286;8708
7287;8709
7288;8710
7289;8711
7290;8712
7291;8713
7292;8714
7293;8715
7294;8716
7295;8718
7296;8719
7297;8721
7298;8722
7299;8723
7300;8724
7301;8725
7302;8726
7303;8727
7304;8728
7305;8729
7306;8730
7307;8732
7308;8733
7309;8734
7310;8735
7311;8736
7312;8737
7313;8738
7314;8739
7315;8740
7316;8742
7317;8744
7318;8745
7319;8746
7320;8747
7321;8748
7322;8749
7323;8750
7324;8751
7325;8752
7326;8753
7327;8754
7328;8755
7329;8756
7330;8757
7331;8758
7332;8759
7333;8761
7334;8762
7335;8763
7336;8765
7337;8766
7338;8767
7339;8768
7340;8769
7341;8770
7342;8771
7343;8772
7344;8773
7345;8774
7346;8776
7347;8777
7348;8778
7349;8779
7350;8780
7351;8782
7352;8783
7353;8784
7354;8785
7355;8789
7356;8792
7357;8793
7358;8794
7359;8795
7360;8796
7361;8797
7362;8798
7363;8799
7364;8800
7365;8801
7366;8802
7367;8803
7368;8804
7369;8805
7370;8810
7371;8814
7372;8817
7373;8819
7374;8820
7375;8821
7376;8822
7377;8825
7378;8826
7379;8827
7380;8828
7381;8832
7382;8833
7383;8834
7384;8835
7385;8836
7386;8837
7387;8838
7388;8839
7389;8840
7390;8842
7391;8843
7392;8844
7393;8845
7394;8849
7395;8851
7396;8852
7397;8853
7398;8856
7399;8857
7400;8858
7401;8859
7402;8860
7403;8862
7404;8865
7405;8868
7406;8869
7407;8870
7408;8871
7409;8874
7410;8875
7411;8876
7412;8877
7413;8879
7414;8883
7415;8886
7416;8887
7417;8888
7418;8889
7419;8890
7420;8892
7421;8893
7422;8894
7423;8895
7424;8896
7425;8897
7426;8898
7427;8899
7428;8900
7429;8902
7430;8903
7431;8904
7432;8905
7433;8906
7434;8907
7435;8908
7436;8909
7437;8911
7438;8912
7439;8914
7440;8915
7441;8916
7442;8917
7443;8918
7444;8919
7445;8920
7446;8921
7447;8922
7448;8923
7449;8924
7450;8925
7451;8926
7452;8927
7453;8928
7454;8929
7455;8930
7456;8931
7457;8932
7458;8933
7459;8934
7460;8935
7461;8936
7462;8937
7463;8938
7464;8939
7465;8940
7466;8941
7467;8942
7468;8943
7469;8944
7470;8945
7471;8946
7472;8947
7473;8948
7474;8949
7475;8951
7476;8956
7477;8958
7478;8959
7479;8960
7480;8961
7481;8962
7482;8963
7483;8964
7484;8965
7485;8966
7486;8967
7487;8968
7488;8969
7489;8970
7490;8973
7491;8974
7492;8975
7493;8976
7494;8979
7495;8980
7496;8981
7497;8982
7498;8984
7499;8985
7500;8988
7501;8989
7502;8990
7503;8991
7504;8992
7505;8993
7506;8994
7507;8995
7508;8997
7509;8998
7510;8999
7511;9000
7512;9001
7513;9002
7514;9003
7515;9004
7516;9005
7517;9006
7518;9007
7519;9008
7520;9009
7521;9010
7522;9011
7523;9012
7524;9013
7525;9014
7526;9015
7527;9016
7528;9017
7529;9018
7530;9019
7531;9020
7532;9021
7533;9022
7534;9023
7535;9024
7536;9025
7537;9026
7538;9027
7539;9028
7540;9029
7541;9030
7542;9031
7543;9032
7544;9033
7545;9034
7546;9035
7547;9036
7548;9037
7549;9038
7550;9039
7551;9040
7552;9041
7553;9042
7554;9043
7555;9044
7556;9045
7557;9046
7558;9047
7559;9048
7560;9049
7561;9050
7562;9051
7563;9052
7564;9053
7565;9054
7566;9055
7567;9056
7568;9057
7569;9058
7570;9059
7571;9060
7572;9061
7573;9062
7574;9063
7575;9064
7576;9065
7577;9066
7578;9067
7579;9068
7580;9069
7581;9070
7582;9071
7583;9072
7584;9074
7585;9076
7586;9077
7587;9078
7588;9080
7589;9081
7590;9082
7591;9083
7592;9084
7593;9085
7594;9086
7595;9087
7596;9088
7597;9089
7598;9091
7599;9092
7600;9093
7601;9094
7602;9095
7603;9096
7604;9097
7605;9098
7606;9099
7607;9100
7608;9101
7609;9102
7610;9104
7611;9105
7612;9106
7613;9107
7614;9108
7615;9109
7616;9110
7617;9111
7618;9113
7619;9114
7620;9115
7621;9116
7622;9117
7623;9118
7624;9119
7625;9120
7626;9121
7627;9122
7628;9123
7629;9124
7630;9125
7631;9126
7632;9127
7633;9128
7634;9129
7635;9130
7636;9131
7637;9132
7638;9133
7639;9134
7640;9135
7641;9136
7642;9137
7643;9138
7644;9139
7645;9140
7646;9141
7647;9142
7648;9143
7649;9144
7650;9145
7651;9146
7652;9147
7653;9148
7654;9149
7655;9150
7656;9151
7657;9152
7658;9153
7659;9154
7660;9155
7661;9156
7662;9157
7663;9158
7664;9159
7665;9160
7666;9161
7667;9162
7668;9164
7669;9166
7670;9167
7671;9168
7672;9175
7673;9176
7674;9178
7675;9179
7676;9180
7677;9181
7678;9182
7679;9183
7680;9186
7681;9187
7682;9188
7683;9189
7684;9190
7685;9191
7686;9192
7687;9193
7688;9196
7689;9198
7690;9199
7691;9200
7692;9201
7693;9202
7694;9203
7695;9204
7696;9205
7697;9206
7698;9207
7699;9208
7700;9209
7701;9210
7702;9211
7703;9212
7704;9213
7705;9214
7706;9215
7707;9216
7708;9217
7709;9219
7710;9220
7711;9221
7712;9222
7713;9223
7714;9225
7715;9226
7716;9227
7717;9228
7718;9229
7719;9230
7720;9232
7721;9233
7722;9234
7723;9235
7724;9236
7725;9237
7726;9238
7727;9239
7728;9240
7729;9241
7730;9242
7731;9243
7732;9244
7733;9245
7734;9246
7735;9247
7736;9248
7737;9249
7738;9250
7739;9252
7740;9254
7741;9255
7742;9256
7743;9257
7744;9258
7745;9259
7746;9260
7747;9261
7748;9262
7749;9263
7750;9264
7751;9265
7752;9266
7753;9267
7754;9268
7755;9269
7756;9270
7757;9271
7758;9272
7759;9273
7760;9274
7761;9275
7762;9276
7763;9277
7764;9278
7765;9279
7766;9280
7767;9281
7768;9282
7769;9283
7770;9284
7771;9285
7772;9286
7773;9287
7774;9288
7775;9289
7776;9290
7777;9291
7778;9292
7779;9293
7780;9294
7781;9295
7782;9296
7783;9297
7784;9298
7785;9299
7786;9300
7787;9301
7788;9302
7789;9303
7790;9304
7791;9305
7792;9306
7793;9307
7794;9308
7795;9309
7796;9310
7797;9311
7798;9312
7799;9313
7800;9314
7801;9315
7802;9316
7803;9317
7804;9318
7805;9319
7806;9320
7807;9321
7808;9322
7809;9323
7810;9324
7811;9325
7812;9326
7813;9327
7814;9328
7815;9329
7816;9330
7817;9331
7818;9332
7819;9333
7820;9334
7821;9335
7822;9336
7823;9337
7824;9338
7825;9339
7826;9340
7827;9341
7828;9342
7829;9343
7830;9344
7831;9345
7832;9346
7833;9347
7834;9348
7835;9349
7836;9350
7837;9351
7838;9352
7839;9353
7840;9354
7841;9355
7842;9356
7843;9357
7844;9358
7845;9359
7846;9360
7847;9361
7848;9362
7849;9363
7850;9364
7851;9368
7852;9369
7853;9370
7854;9371
7855;9372
7856;9373
7857;9374
7858;9375
7859;9376
7860;9377
7861;9378
7862;9379
7863;9380
7864;9381
7865;9382
7866;9383
7867;9384
7868;9385
7869;9386
7870;9387
7871;9388
7872;9389
7873;9390
7874;9391
7875;9392
7876;9393
7877;9394
7878;9395
7879;9396
7880;9397
7881;9398
7882;9399
7883;9400
7884;9401
7885;9402
7886;9403
7887;9404
7888;9405
7889;9406
7890;9407
7891;9408
7892;9409
7893;9410
7894;9411
7895;9412
7896;9413
7897;9414
7898;9415
7899;9416
7900;9417
7901;9418
7902;9419
7903;9420
7904;9421
7905;9422
7906;9423
7907;9424
7908;9425
7909;9426
7910;9427
7911;9428
7912;9429
7913;9430
7914;9431
7915;9432
7916;9433
7917;9434
7918;9435
7919;9436
7920;9437
7921;9438
7922;9439
7923;9440
7924;9441
7925;9442
7926;9443
7927;9444
7928;9445
7929;9446
7930;9447
7931;9448
7932;9449
7933;9450
7934;9451
7935;9452
7936;9453
7937;9454
7938;9455
7939;9456
7940;9457
7941;9458
7942;9460
7943;9462
7944;9463
7945;9464
7946;9465
7947;9466
7948;9467
7949;9468
7950;9469
7951;9470
7952;9471
7953;9472
7954;9473
7955;9474
7956;9475
7957;9476
7958;9478
7959;9485
7960;9486
7961;9487
7962;9488
7963;9489
7964;9490
7965;9491
7966;9492
7967;9493
7968;9494
7969;9495
7970;9496
7971;9497
7972;9498
7973;9499
7974;9500
7975;9501
7976;9502
7977;9503
7978;9504
7979;9505
7980;9506
7981;9508
7982;9510
7983;9511
7984;9512
7985;9514
7986;9515
7987;9516
7988;9517
7989;9518
7990;9519
7991;9520
7992;9521
7993;9522
7994;9523
7995;9524
7996;9525
7997;9527
7998;9528
7999;9529
8000;9530
8001;9531
8002;9532
8003;9533
8004;9534
8005;9535
8006;9536
8007;9537
8008;9538
8009;9539
8010;9540
8011;9541
8012;9542
8013;9543
8014;9554
8015;9555
8016;9556
8017;9557
8018;9558
8019;9559
8020;9560
8021;9561
8022;9562
8023;9564
8024;9565
8025;9567
8026;9569
8027;9570
8028;9572
8029;9573
8030;9574
8031;9575
8032;9576
8033;9577
8034;9578
8035;9579
8036;9580
8037;9581
8038;9582
8039;9583
8040;9584
8041;9585
8042;9586
8043;9587
8044;9588
8045;9589
8046;9590
8047;9591
8048;9592
8049;9593
8050;9594
8051;9595
8052;9596
8053;9597
8054;9598
8055;9599
8056;9600
8057;9601
8058;9602
8059;9603
8060;9604
8061;9607
8062;9610
8063;9611
8064;9612
8065;9613
8066;9614
8067;9616
8068;9617
8069;9618
8070;9619
8071;9620
8072;9621
8073;9622
8074;9623
8075;9624
8076;9625
8077;9626
8078;9627
8079;9628
8080;9629
8081;9630
8082;9631
8083;9632
8084;9634
8085;9635
8086;9636
8087;9638
8088;9639
8089;9640
8090;9641
8091;9642
8092;9643
8093;9644
8094;9645
8095;9646
8096;9647
8097;9648
8098;9649
8099;9650
8100;9651
8101;9652
8102;9653
8103;9654
8104;9655
8105;9656
8106;9657
8107;9658
8108;9659
8109;9660
8110;9662
8111;9663
8112;9664
8113;9665
8114;9666
8115;9667
8116;9668
8117;9669
8118;9670
8119;9671
8120;9672
8121;9674
8122;9676
8123;9677
8124;9678
8125;9679
8126;9680
8127;9681
8128;9682
8129;9683
8130;9684
8131;9685
8132;9686
8133;9687
8134;9688
8135;9689
8136;9690
8137;9691
8138;9692
8139;9693
8140;9695
8141;9697
8142;9698
8143;9699
8144;9700
8145;9701
8146;9702
8147;9703
8148;9704
8149;9705
8150;9706
8151;9707
8152;9708
8153;9709
8154;9710
8155;9711
8156;9712
8157;9713
8158;9714
8159;9715
8160;9716
8161;9717
8162;9718
8163;9719
8164;9720
8165;9721
8166;9724
8167;9725
8168;9726
8169;9727
8170;9729
8171;9730
8172;9731
8173;9732
8174;9733
8175;9737
8176;9740
8177;9741
8178;9742
8179;9750
8180;9751
8181;9753
8182;9754
8183;9756
8184;9757
8185;9758
8186;9759
8187;9760
8188;9761
8189;9762
8190;9763
8191;9764
8192;9765
8193;9766
8194;9767
8195;9768
8196;9769
8197;9770
8198;9771
8199;9772
8200;9773
8201;9775
8202;9778
8203;9779
8204;9780
8205;9781
8206;9782
8207;9784
8208;9785
8209;9786
8210;9787
8211;9788
8212;9789
8213;9790
8214;9791
8215;9792
8216;9794
8217;9795
8218;9796
8219;9797
8220;9798
8221;9799
8222;9800
8223;9801
8224;9802
8225;9803
8226;9804
8227;9805
8228;9806
8229;9807
8230;9808
8231;9814
8232;9815
8233;9816
8234;9817
8235;9818
8236;9819
8237;9820
8238;9821
8239;9822
8240;9823
8241;9824
8242;9825
8243;9826
8244;9827
8245;9828
8246;9829
8247;9830
8248;9831
8249;9832
8250;9833
8251;9834
8252;9835
8253;9836
8254;9837
8255;9838
8256;9839
8257;9840
8258;9841
8259;9842
8260;9843
8261;9844
8262;9845
8263;9846
8264;9847
8265;9848
8266;9849
8267;9850
8268;9851
8269;9852
8270;9853
8271;9854
8272;9855
8273;9856
8274;9857
8275;9858
8276;9859
8277;9860
8278;9861
8279;9862
8280;9863
8281;9864
8282;9865
8283;9866
8284;9867
8285;9868
8286;9869
8287;9870
8288;9871
8289;9872
8290;9873
8291;9874
8292;9875
8293;9876
8294;9877
8295;9878
8296;9879
8297;9880
8298;9881
8299;9882
8300;9883
8301;9884
8302;9885
8303;9886
8304;9887
8305;9888
8306;9889
8307;9890
8308;9891
8309;9892
8310;9893
8311;9894
8312;9896
8313;9897
8314;9898
8315;9899
8316;9900
8317;9901
8318;9902
8319;9905
8320;9906
8321;9907
8322;9908
8323;9909
8324;9910
8325;9911
8326;9912
8327;9913
8328;9914
8329;9915
8330;9916
8331;9917
8332;9918
8333;9919
8334;9920
8335;9921
8336;9922
8337;9923
8338;9925
8339;9926
8340;9927
8341;9928
8342;9930
8343;9931
8344;9932
8345;9933
8346;9934
8347;9935
8348;9936
8349;9937
8350;9938
8351;9939
8352;9940
8353;9941
8354;9946
8355;9947
8356;9949
8357;9951
8358;9952
8359;9953
8360;9954
8361;9955
8362;9956
8363;9957
8364;9958
8365;9959
8366;9963
8367;9964
8368;9965
8369;9966
8370;9967
8371;9968
8372;9969
8373;9970
8374;9971
8375;9973
8376;9974
8377;9975
8378;9976
8379;9977
8380;9978
8381;9981
8382;9983
8383;9984
8384;9985
8385;9986
8386;9987
8387;9988
8390;9997
8391;9998
8392;9999
8393;10000
8394;10001
8395;10002
8396;10003
8397;10004
8398;10005
8399;10006
8400;10007
8401;10008
8402;10009
8403;10010
8404;10011
8405;10012
8406;10013
8407;10014
8408;10015
8409;10016
8410;10017
8411;10019
8412;10020
8413;10021
8414;10022
8415;10023
8416;10024
8417;10025
8418;10026
8419;10027
8420;10028
8421;10029
8422;10030
8423;10031
8424;10032
8425;10033
8426;10034
8427;10036
8428;10037
8429;10040
8430;10041
8431;10043
8432;10044
8433;10046
8434;10047
8435;10048
8436;10050
8437;10051
8438;10052
8439;10053
8440;10054
8441;10055
8442;10056
8443;10057
8444;10059
8445;10060
8446;10063
8447;10064
8448;10065
8449;10066
8450;10067
8451;10068
8452;10069
8453;10070
8454;10072
8455;10073
8456;10074
8457;10075
8458;10076
8459;10077
8460;10078
8461;10079
8462;10084
8463;10085
8464;10086
8465;10106
8466;10107
8467;10108
8468;10111
8469;10112
8470;10113
8471;10114
8472;10115
8473;10124
8474;10125
8475;10132
8476;10140
8477;10146
8478;10156
8479;10158
8480;10159
8481;10160
8482;10161
8483;10162
8484;10163
8485;10164
8486;10165
8487;10166
8488;10167
8489;10168
8490;10169
8491;10170
8492;10171
8493;10172
8494;10173
8495;10174
8496;10175
8497;10176
8498;10177
8499;10180
8500;10181
8501;10185
8502;10197
8503;10199
8504;10207
8505;10208
8506;10209
8507;10213
8508;10214
8509;10215
8510;10231
8511;10233
8512;10234
8513;10235
8514;10237
8515;10252
8516;10253
8517;10254
8518;10255
8519;10275
8520;10277
8521;10278
8522;10279
8523;10280
8524;10286
8525;10294
8526;10300
8527;10307
8528;10320
8529;10322
8530;10325
8531;10326
8532;10327
8533;10329
8534;10330
8535;10334
8536;10337
8537;10338
8538;10364
8539;10366
8540;10367
8541;10368
8542;10369
8543;10370
8544;10371
8545;10372
8546;10373
8547;10374
8548;10375
8549;10376
8550;10377
8551;10385
8552;10386
8553;10387
8554;10388
8555;10414
8556;10415
8557;10416
8558;10419
8559;10420
8560;10421
8561;10423
8562;10424
8563;10425
8564;10426
8565;10427
8566;10428
8567;10429
8568;10432
8569;10433
8570;10434
8571;10435
8572;10436
8573;10465
8574;10467
8575;10468
8576;10470
8577;10471
8578;10472
8579;10473
8580;10474
8581;10476
8582;10477
8583;10478
8584;10479
8585;10480
8586;10484
8587;10485
8588;10486
8589;10487
8590;10494
8591;10495
8592;10497
8593;10503
8594;11002
8595;11003
8596;11004
8597;11005
8598;11006
8599;11007
8600;11008
8601;11010
8602;11011
8603;11013
8604;11014
8605;11015
8606;11016
8607;11017
8608;11018
8609;11019
8610;11020
8611;11022
8612;11023
8613;11025
8614;11026
8616;11029
8617;11030
8618;11031
8619;11032
8620;11033
8621;11034
8622;11035
8623;11039
8624;11040
8625;11041
8626;11043
8627;11047
8628;11048
8629;11050
8630;11052
8631;11053
8632;11054
8633;11055
8634;11056
8635;11057
8636;11058
8637;11059
8638;11060
8639;11061
8640;11063
8641;11064
8642;11066
8643;11067
8644;11069
8645;11070
8646;11071
8647;11072
8648;11073
8649;11075
8650;11076
8651;11077
8652;11078
8653;11079
8654;11080
8655;11081
8656;11082
8657;11083
8658;11085
8659;11086
8662;11090
8663;11091
8664;11093
8665;11094
8666;11095
8667;11096
8668;11097
8669;11098
8670;11099
8671;11100
8672;11101
8673;11102
8674;11103
8675;11105
8676;11106
8677;11109
8678;11110
8679;11114
8680;11115
8681;11116
8682;11117
8683;11118
8684;11119
8685;11120
8686;11121
8687;11122
8688;11123
8689;11124
8690;11125
8691;11126
8692;11127
8693;11128
8694;11130
8695;11131
8696;11132
8697;11133
8698;11134
8699;11135
8700;11136
8701;11137
8702;11138
8703;11139
8704;11140
8705;11141
8706;11142
8707;11143
8708;11144
8709;11145
8710;11146
8711;11149
8712;11151
8713;11152
8714;11153
8715;11154
8716;11155
8717;11156
8718;11157
8719;11158
8720;11159
8721;11160
8722;11161
8723;11163
8724;11164
8725;11165
8726;11167
8727;11168
8728;11170
8729;11171
8730;11173
8731;11174
8732;11175
8733;11177
8734;11178
8735;11179
8736;11180
8737;11181
8738;11182
8739;11183
8740;11184
8741;11185
8742;11186
8743;11187
8744;11188
8745;11189
8746;11190
8747;11191
8748;11192
8749;11193
8750;11194
8751;11195
8752;11196
8753;11197
8754;11198
8755;11199
8756;11200
8757;11201
8758;11202
8759;11203
8760;11204
8761;11208
8762;11209
8763;11210
8764;11211
8765;11212
8766;11213
8767;11214
8768;11215
8769;11216
8770;11217
8771;11218
8772;11219
8773;11220
8774;11221
8775;11223
8776;11225
8777;11226
8778;11227
8779;11228
8780;11229
8781;11230
8782;11231
8783;11232
8784;11236
8785;11237
8786;11238
8787;11239
8788;11240
8789;11243
8790;11244
8791;11245
8792;11246
8793;11247
8794;11248
8795;11249
8796;11252
8797;11253
8798;11254
8799;11255
8800;11256
8801;11257
8802;11258
8803;11259
8804;11260
8805;11261
8806;11262
8807;11263
8808;11264
8809;11265
8810;11266
8811;11267
8812;11268
8813;11269
8814;11270
8815;11271
8816;11272
8817;11273
8818;11274
8819;11275
8820;11276
8821;11277
8822;11278
8823;11279
8824;11280
8825;11281
8826;11282
8827;11283
8828;11284
8829;11285
8830;11286
8831;11287
8832;11288
8833;11289
8834;11292
8835;11293
8836;11294
8837;11295
8838;11296
8839;11297
8840;11298
8841;11299
8842;11300
8843;11301
8844;11302
8845;11303
8846;11304
8847;11305
8848;11306
8849;11307
8850;11308
8851;11309
8852;11310
8853;11311
8854;11313
8855;11314
8856;11315
8857;11316
8858;11317
8859;11318
8860;11319
8861;11320
8862;11321
8863;11322
8864;11323
8865;11324
8866;11325
8867;11326
8868;11327
8869;11328
8870;11329
8871;11330
8872;11331
8873;11332
8874;11333
8875;11335
8876;11336
8877;11337
8878;11338
8879;11339
8880;11340
8881;11341
8882;11342
8883;11343
8884;11344
8885;11345
8886;11346
8887;11347
8888;11348
8889;11349
8890;11350
8891;11351
8892;11352
8893;11353
8894;11354
8895;11355
8896;11356
8897;11357
8898;11358
8899;11359
8900;11360
8901;11361
8902;11362
8903;11363
8904;11364
8905;11365
8906;11366
8907;11367
8908;11368
8909;11369
8910;11370
8911;11371
8912;11372
8913;11373
8914;11374
8915;11375
8916;11376
8917;11377
8918;11378
8919;11379
8920;11380
8921;11381
8922;11382
8923;11383
8924;11384
8925;11385
8926;11386
8927;11387
8928;11388
8929;11389
8930;11390
8931;11391
8932;11392
8933;11393
8934;11395
8935;11396
8936;11397
8937;11398
8938;11399
8939;11400
8940;11401
8941;11402
8942;11403
8943;11404
8944;11405
8945;11406
8946;11407
8947;11408
8948;11409
8949;11410
8950;11411
8951;11412
8952;11413
8953;11414
8954;11415
8955;11416
8956;11420
8957;11421
8958;11423
8959;11425
8960;11426
8961;11428
8962;11430
8963;11431
8964;11432
8965;11436
8966;11437
8967;11438
8968;11439
8969;11440
8970;11441
8971;11442
8972;11445
8973;11446
8974;11447
8975;11448
8976;11449
8977;11450
8978;11451
8979;11452
8980;11453
8981;11454
8982;11455
8983;11456
8984;11457
8985;11458
8986;11463
8987;11464
8988;11465
8989;11466
8990;11467
8991;11468
8993;11470
8994;11471
8995;11472
8996;11473
8997;11475
8998;11476
8999;11477
9000;11478
9001;11479
9002;11480
9003;11481
9004;11482
9005;11483
9006;11484
9007;11485
9008;11486
9009;11487
9010;11488
9012;11490
9013;11491
9014;11492
9015;11493
9016;11494
9017;11495
9018;11496
9019;11497
9020;11498
9021;11499
9022;11500
9023;11501
9024;11502
9025;11503
9026;11504
9027;11505
9028;11506
9029;11507
9030;11508
9031;11509
9032;11510
9033;11513
9034;11516
9035;11517
9036;11518
9037;11519
9038;11520
9039;11521
9040;11522
9041;11523
9042;11524
9043;11525
9044;11526
9045;11527
9046;11528
9047;11529
9048;11530
9049;11531
9050;11532
9051;11533
9052;11534
9057;11539
9058;11542
9059;11543
9060;11544
9061;11545
9062;11547
9071;11557
9074;11560
9075;11561
9076;11562
9077;11563
9079;11565
9080;11566
9081;11567
9082;11568
9085;11572
9086;11573
9087;11574
9088;11575
9089;11576
9090;11577
9091;11578
9092;11579
9093;11580
9094;11581
9095;11582
9096;11583
9097;11585
9098;11586
9099;11587
9100;11588
9101;11589
9102;11590
9103;11591
9104;11592
9105;11593
9106;11594
9107;11595
9108;11596
9109;11597
9110;11598
9111;11599
9112;11600
9113;11601
9114;11604
9115;11605
9116;11606
9117;11607
9118;11608
9119;11609
9120;11610
9121;11611
9122;11612
9123;11613
9124;11614
9125;11615
9126;11616
9127;11617
9128;11618
9129;11619
9130;11620
9131;11621
9132;11622
9133;11625
9134;11626
9135;11627
9136;11628
9137;11629
9138;11630
9139;11631
9140;11632
9141;11633
9142;11634
9143;11635
9144;11636
9145;11637
9146;11638
9147;11642
9148;11643
9149;11644
9150;11645
9151;11646
9152;11647
9153;11648
9154;11650
9155;11651
9156;11652
9157;11653
9158;11654
9159;11655
9160;11656
9161;11657
9162;11658
9163;11659
9164;11660
9165;11661
9166;11662
9167;11663
9168;11664
9169;11665
9170;11666
9171;11667
9172;11668
9173;11669
9174;11670
9175;11671
9176;11672
9177;11673
9178;11674
9179;11675
9180;11676
9181;11677
9182;11678
9183;11679
9184;11681
9185;11682
9186;11683
9187;11684
9188;11685
9189;11686
9190;11687
9191;11688
9192;11689
9193;11690
9194;11691
9195;11692
9196;11693
9197;11694
9198;11695
9199;11696
9200;11697
9201;11698
9202;11699
9203;11700
9204;11701
9205;11702
9206;11703
9207;11704
9208;11705
9209;11706
9210;11708
9211;11709
9212;11710
9213;11711
9214;11712
9215;11713
9216;11714
9217;11715
9218;11716
9219;11717
9220;11718
9221;11719
9222;11720
9223;11721
9224;11722
9225;11723
9226;11724
9227;11725
9228;11726
9229;11727
9230;11728
9231;11729
9232;11730
9233;11731
9234;11732
9235;11733
9236;11734
9237;11735
9238;11736
9239;11737
9240;11738
9241;11739
9242;11740
9243;11741
9244;11742
9245;11743
9246;11744
9247;11745
9248;11746
9249;11747
9250;11749
9251;11750
9252;11751
9253;11752
9254;11753
9255;11754
9256;11755
9257;11756
9258;11757
9259;11758
9260;11759
9261;11760
9262;11761
9263;11762
9264;11763
9265;11764
9267;11770
9268;11771
9269;11772
9270;11773
9271;11774
9272;11775
9273;11776
9274;11777
9275;11779
9276;11780
9277;11781
9278;11782
9279;11783
9280;11784
9281;11785
9282;11786
9283;11787
9284;11788
9285;11791
9286;11792
9287;11793
9288;11794
9289;11795
9290;11796
9291;11797
9292;11798
9293;11799
9294;11800
9295;11801
9296;11802
9297;11803
9298;11804
9299;11805
9300;11806
9301;11808
9302;11809
9303;11810
9304;11811
9305;11812
9308;11815
9309;11816
9310;11817
9311;11818
9312;11819
9313;11820
9314;11821
9315;11822
9316;11823
9319;11826
9320;11827
9321;11828
9322;11829
9324;11831
9325;11832
9326;11833
9327;11834
9328;11835
9329;11836
9330;11837
9331;11838
9332;11839
9334;11841
9335;11842
9336;11843
9337;11844
9338;11845
9339;11846
9340;11847
9341;11848
9342;11849
9343;11850
9344;11851
9347;11854
9348;11855
9349;11856
9350;11857
9351;11858
9352;11859
9353;11860
9355;11862
9356;11863
9357;11864
9358;11865
9359;11866
9360;11867
9361;11868
9362;11869
9363;11870
9364;11871
9365;11872
9366;11873
9367;11874
9368;11875
9369;11876
9370;11877
9371;11878
9372;11879
9373;11880
9374;11881
9375;11882
9376;11884
9377;11885
9378;11887
9379;11888
9380;11889
9381;11890
9382;11891
9383;11892
9384;11893
9385;11894
9386;11895
9387;11897
9388;11898
9389;11899
9390;11900
9391;11901
9392;11902
9393;11903
9394;11904
9395;11905
9396;11906
9397;11907
9398;11908
9399;11909
9400;11910
9401;11911
9402;11912
9403;11914
9404;11915
9405;11916
9406;11917
9407;11919
9408;11920
9409;11921
9410;11922
9411;11923
9412;11924
9413;11925
9414;11926
9415;11927
9416;11928
9417;11929
9418;11930
9419;11931
9420;11932
9421;11933
9422;11934
9423;11935
9424;11936
9425;11937
9426;11938
9427;11939
9428;11940
9429;11941
9430;11942
9431;11943
9432;11944
9433;11945
9434;11946
9435;11947
9436;11948
9437;11949
9438;11950
9439;11951
9440;11952
9441;11953
9442;11954
9443;11955
9444;11956
9445;11957
9446;11958
9447;11959
9448;11960
9449;11961
9450;11962
9451;11963
9452;11964
9453;11965
9454;11966
9455;11967
9456;11968
9457;11969
9458;11970
9459;11971
9460;11972
9461;11973
9462;11977
9463;11978
9464;11979
9465;11980
9466;11981
9467;11982
9468;11983
9469;11984
9470;11985
9471;11986
9472;11987
9473;11988
9474;11989
9475;11990
9476;11991
9477;11993
9478;11994
9479;11995
9480;11996
9481;11997
9482;11998
9483;11999
9484;12000
9485;12002
9486;12005
9487;12006
9488;12007
9489;12009
9490;12010
9491;12011
9492;12013
9493;12014
9494;12015
9495;12016
9496;12017
9497;12018
9498;12019
9499;12020
9500;12021
9501;12022
9502;12023
9503;12024
9504;12025
9505;12026
9506;12027
9507;12028
9508;12029
9509;12030
9510;12031
9511;12032
9512;12033
9513;12034
9514;12035
9515;12036
9516;12037
9517;12038
9518;12039
9519;12040
9520;12041
9521;12042
9522;12043
9523;12044
9524;12045
9525;12046
9526;12047
9527;12048
9528;12049
9529;12050
9530;12051
9531;12052
9532;12053
9533;12054
9534;12055
9535;12056
9536;12057
9537;12058
9538;12059
9539;12060
9540;12061
9541;12062
9542;12063
9543;12064
9544;12065
9545;12066
9546;12067
9547;12068
9548;12069
9549;12070
9550;12071
9551;12072
9552;12073
9553;12074
9554;12075
9555;12077
9556;12078
9557;12079
9558;12080
9559;12081
9560;12082
9561;12083
9562;12084
9563;12085
9564;12086
9565;12087
9566;12088
9567;12089
9568;12090
9569;12091
9570;12092
9571;12093
9572;12094
9573;12095
9574;12098
9575;12099
9576;12100
9577;0
9578;0
9579;0
9582;0
9583;0
9584;0
9585;0
9586;0
9587;0
9588;0
9589;0
9590;0
9591;0
9592;0
9593;0
9594;0
9595;0
9596;0
9597;0
9598;0
9599;0
9600;0
9601;0
9602;0
9603;0
9604;0
9605;0
9606;0
9607;0
9608;0
9609;0
9610;0
9611;0
9612;0
9613;0
9614;0
9615;0
9616;0
9617;0
9618;0
9619;0
9620;0
9621;0
9622;0
9623;0
9624;0
9625;0
9626;0
9627;0
9628;0
9629;0
9630;0
9631;0
9632;0
9633;0
9634;0
9635;0
9636;0
9637;0
9638;0
9639;0
9640;0
9641;0
9642;0
9643;0
9644;0
9645;0
9646;0
9647;0
9648;0
9649;0
9650;0
9651;0
9652;0
9653;0
9654;0
9655;0
9656;0
9657;0
9658;0
9659;0
9660;0
9661;0
9662;0
9665;0
9666;0
9667;0
9668;0
9669;0
9670;0
9671;0
9672;0
9673;0
9674;0
9675;0
9676;0
9677;0
9678;0
9679;0
9680;0
9681;0
9683;0
9686;0
9687;12636
9688;12637
9689;12638
9690;12639
9691;12651
9692;12653
9693;12652
9694;12654
9695;12655
9696;12656
9697;12657
9698;12661
9699;12658
9700;12667
9701;12663
9702;12662
9703;12668
9704;12649
9705;12650
9706;12646
9707;12647
9708;12640
9709;12641
9710;12642
9711;12643
9712;12644
9713;12645
9714;0
9716;0
9717;0
9718;0
9719;0
9720;0
9722;0
9723;0
9724;0
9725;0
9726;0
9727;0
9728;0
9729;0
9730;0
9731;0
9732;0
9733;0
9734;0
9735;0
9736;0
9737;0
9738;0
9739;0
9740;0
9741;0
9742;0
9743;0
9744;0
9745;0
9746;0
9747;0
9748;0
9749;0
9750;0
9751;0
9752;0
9753;0
9754;0
9755;0
9756;0
9757;0
9758;12640
9759;12977
9760;12978
9761;13297
9762;13298
9763;13237
9764;13293
9765;13294
9766;10059
9768;12103
9769;13368
9770;13367
9771;13272
9772;13273
9773;13270
9774;13271
9775;13283
9776;13282
9777;13302
9778;13303
9779;13243
9780;13244
