ID;LIGNE;NOM;PKD;PKF
0;216410;J0063;6327;6387
1;752000;4T;161700;161828
2;216410;J0092;9235;9341
3;752000;6;624320;624835
4;752000;VS2;612573;613108
5;752000;7;624131;624748
6;752000;VS1;596401;596555
7;752000;VS;595518;595679
8;752000;VS2;557231;557393
9;752000;VS1;556378;556540
10;752000;VS;541668;541833
11;752000;VS;516073;516253
12;752000;VS;496163;496625
13;752000;VS1;496167;496425
14;752000;VS1;476594;476735
15;752000;VS;475766;475907
16;752000;VS;454929;455080
17;752000;VS1;410419;410573
18;752000;VS2;410419;410500
19;752000;VS;408673;408991
20;752000;VS;388563;388901
21;752000;VS;293823;294600
22;752000;J2937;293773;293956
23;752000;VS;247220;247332
24;752000;VS;203350;203390
25;752000;VS;202281;202402
26;431000;V???;161618;161749
27;431000;V???;113600;113730
28;431000;V???;67070;67173
29;272000;VS;249368;249400
30;216410;J0090;9033;9141
31;10000;VS1;53165;53970
32;10000;VS;53425;53744
33;226310;VS;47113;47298
34;226310;VS;26296;26483
35;226000;V???;110393;110518
36;226000;V???;39538;39650
37;226000;V???;38703;38852
38;226000;VS;111125;111250
39;752356;V?????;1160;1398
40;752000;J2472;247286;247365
41;752000;J2023;202361;202452
42;752000;8;93403;93507
43;752000;6;92452;92511
44;752000;VS;494700;495170
45;752000;V???;409994;410080
46;752000;V???;409300;409415
47;752000;V???;408855;408991
48;752000;3T;625576;626000
49;752000;4T;625490;625900
50;752000;5;656803;657374
51;752000;3;643370;643696
52;752000;3;674789;675119
53;752000;7;658096;658766
54;752000;6;699465;699980
55;752000;5;699465;700080
56;752100;VS;21326;21473
57;752100;VS1;28935;29118
58;810000;J0800;83067;83277
59;767300;RM2;0;364
60;767300;RM1;-503;364
61;216000;5T;31213;31300
62;5000;5;280484;280905
63;5000;5T;212754;213175
64;5000;VS2;165751;165945
65;5000;5T;113000;113243
66;1000;V1;709;491088
67;1000;V2;682;490977
68;10000;UNIQUE;0;53000
69;100000;UNIQUE;21273;34534
70;110000;UNIQUE;45170;86242
71;110000;V1;0;45170
72;110000;V2;0;45170
73;110306;1S-2S;1938;2851
74;111000;VU;-182;33267
75;111000;VU;63900;64840
76;115000;V1;0;136923
77;115000;V2;0;136923
78;115306;RACCO;764;1303
79;116000;VU;74;11300
80;119000;UNIQUE;-111;24271
81;12000;UNIQUE;170007;207300
82;120000;VU;370;18800
83;121000;VU;3771;27499
84;121000;VU;27510;28410
85;122000;VU;530;9450
86;123000;UNIQUE;-377;491
87;123000;UNIQUE;15059;24957
88;124000;VU;1379;17672
89;125306;1R-2R;245;1632
90;13000;UNIQUE;45;32954
91;130000;VU;-351;32171
92;1306;UNIQUE;2348;2544
93;1306;UNIQUE;0;337
94;134000;UNIQUE;941;2280
95;135000;UNIQUE;16785;20885
96;136000;UNIQUE;100;2783
97;1379;V1;0;1510
98;1379;V2;0;1510
99;139301;H;0;344
100;139302;K;0;730
101;140000;V1;66897;153910
102;140000;V2;66897;153900
103;142000;UNIQUE;7467;7743
104;142000;V1;0;7467
105;142000;V2;0;7467
106;145000;VU;55875;56840
107;145000;V1;0;55875
108;145000;V2;0;55875
109;146000;UNIQUE;24955;57858
110;146000;UNIQUE;58740;60026
111;146000;V1;1517;24955
112;146000;V2;1146;24955
113;15000;UNIQUE;201910;207650
114;150000;UNIQUE;382;26134
115;153000;UNIQUE;12042;20600
116;159000;UNIQUE;-382;-274
117;159000;UNIQUE;3875;83257
118;159000;V1;-274;3825
119;159000;V1;83257;125502
120;159000;V2;-274;3875
121;159000;V2;83257;125502
122;160000;UNIQUE;17950;33443
123;161000;UNIQUE;9118;10402
124;161000;V1;-145;9118
125;161000;V1;10402;73515
126;161000;V2;-440;9118
127;161000;V2;10402;73470
128;163000;UNIQUE;285;1045
129;167000;UNIQUE;1357;19990
130;168000;UNIQUE;807;26850
131;169000;UNIQUE;820;7760
132;169000;V1;82;820
133;169000;V2;82;820
134;169306;UNIQUE;0;705
135;170000;UNIQUE;3677;11771
136;172000;V1;1086;51363
137;172000;V2;-390;51363
138;174000;V1;29620;55170
139;174000;V2;29620;55170
140;176000;UNIQUE;250;7716
141;177000;V1;170;29620
142;177000;V2;218;29620
143;178000;V1;1215;22168
144;178000;V2;1265;22168
145;180000;V1;154320;177056
146;180000;V1;181300;203756
147;180000;V2;154320;177056
148;180000;V2;181300;203756
149;180611;UNIQUE;0;10540
150;186000;UNIQUE;11049;12214
151;194000;UNIQUE;7983;12850
152;198300;V1R;2035;4336
153;198300;V2R;2035;4336
154;2000;UNIQUE;41023;91160
155;2000;UNIQUE;116100;131400
156;20000;V1;219750;304663
157;20000;V2;216490;304796
158;202000;V1;227865;249079
159;202000;V2;227839;249079
160;202100;UNIQUE;247994;248640
161;203000;UNIQUE;244700;247160
162;204000;V1;-58;925
163;204000;V1;140606;276123
164;204000;V2;-58;969
165;204000;V2;140650;228610
166;204000;V2;228802;276123
167;205000;UNIQUE;543;10650
168;205000;UNIQUE;16953;23136
169;205000;V1;23136;140579
170;205000;V2;23136;140579
171;206950;VU20;72069;74120
172;207000;UNIQUE;2423;34570
173;210000;VU6;168;41600
174;212000;VU6;60000;60995
175;212000;V1;779;27640
176;212000;V2;826;27590
177;214000;UNIQUE;85;5630
178;216000;V1;0;115220
179;216000;V2;0;114836
180;216302;V1BL;0;3099
181;216302;V2BL;0;2762
182;216308;UNIQUE;0;1412
183;216310;V2R;285331;286575
184;216312;UNIQUE;113388;114014
185;218000;UNIQUE;4450;20995
186;218000;V1;770;4450
187;218000;V2;840;4450
188;220000;UNIQUE;348080;363180
189;220000;V1;339800;346990
190;220000;V2;339800;346990
191;222000;V1;27640;50986
192;222000;V2;27590;50986
193;226000;V1;215;210577
194;226000;V2;410;210577
195;226303;UNIQUE;0;977
196;226305;UNIQUE;0;654
197;226306;V1A;0;10687
198;226306;V2A;0;9626
199;226309;UNIQUE;0;1268
200;228000;UNIQUE;140474;174150
201;229000;UNIQUE;94168;96009
202;229000;UNIQUE;115970;117287
203;229000;UNIQUE;140462;195664
204;229000;V1;2688;94168
205;229000;V1;96009;115970
206;229000;V1;117287;138880
207;229000;V2;2688;94168
208;229000;V2;96009;115970
209;229000;V2;117287;138880
210;232000;UNIQUE;90090;146926
211;232000;V1;55385;76189
212;232000;V2;55400;76179
213;236000;UNIQUE;140695;177940
214;238000;UNIQUE;180715;201185
215;240000;UNIQUE;120870;124652
216;242000;V1;50991;239563
217;242000;V2;50960;239563
218;242626;UNIQUE;0;22193
219;243301;UNIQUE;76189;77316
220;247000;V1;225001;233100
221;247000;V2;224880;233085
222;247306;VUD;81708;82687
223;247306;VDU;81708;82687
224;250000;V1;181278;231409
225;250000;V2;181280;231437
226;250306;UNIQUE;0;1250
227;250311;UNIQUE;0;1240
228;253000;UNIQUE;48064;48600
229;253000;UNIQUE;68675;81589
230;254000;V1;223927;241680
231;254000;V2;223927;242658
232;255000;UNIQUE;48730;49814
233;256000;UNIQUE;243835;245285
234;257000;UNIQUE;34167;42950
235;258000;UNIQUE;218224;222605
236;259000;UNIQUE;118175;148760
237;259000;UNIQUE;170984;220064
238;259000;V1;220064;223948
239;259000;V2;220064;223965
240;26000;UNIQUE;-421;56200
241;26000;UNIQUE;88100;94770
242;261000;V1;0;107450
243;261000;V2;187;107409
244;261306;V1;128590;130646
245;261306;V2;128635;129602
246;262000;UNIQUE;250251;260928
247;262000;V1;216970;246994
248;262000;V2;216970;246994
249;263300;UNIQUE;246560;246972
250;263300;UNIQUE;248168;250603
251;263300;V1;246972;248168
252;263300;V2;246972;248168
253;266300;UNIQUE;1327;3228
254;267000;V1;2085;81455
255;267000;V1;82504;123392
256;267000;V2;2085;81455
257;267000;V2;82504;123436
258;267306;V1;0;1044
259;267306;V2;0;1044
260;268000;UNIQUE;246512;262916
261;268000;UNIQUE;271375;275109
262;268000;UNIQUE;276832;287924
263;269000;V1;2156;14619
264;269000;V2;2220;14619
265;27000;UNIQUE;-174;35937
266;271000;UNIQUE;17070;18555
267;272000;V1;742;250908
268;272000;V2;742;250908
269;272311;V1;400;740
270;272311;V2;450;730
271;272326;V1;215342;216957
272;272326;V2;215331;216957
273;273300;V1;0;3707
274;273300;V2;0;3717
275;278000;V1;0;14620
276;278000;V2;0;14620
277;278306;RB1;0;952
278;278306;RB2;0;952
279;281000;UNIQUE;225600;230547
280;284000;V1;210230;224555
281;284000;V2;210230;224554
282;284306;UNIQUE;0;1203
283;284311;V1;223405;224589
284;284311;V2;223380;224598
285;286000;V1;210334;227483
286;286000;V2;210334;227551
287;289000;UNIQUE;18700;40862
288;289000;UNIQUE;44882;72144
289;289000;V1;21;18632
290;289000;V2;21;18700
291;289306;RT;0;798
292;289306;TR;0;798
293;290000;UNIQUE;36780;39369
294;292000;V1;10944;19592
295;292000;V2;10936;19592
296;292306;V1;18519;19562
297;292306;V2;18519;19562
298;293000;UNIQUE;238640;243100
299;294000;UNIQUE;20284;37740
300;294000;UNIQUE;54309;60076
301;294000;UNIQUE;68000;75718
302;295000;V1;0;45557
303;295000;V1;47685;105198
304;295000;V2;0;45552
305;295000;V2;47685;105203
306;296000;UNIQUE;6395;20500
307;298000;UNIQUE;20838;21547
308;299000;UNIQUE;740;1440
309;3000;UNIQUE;88360;111700
310;30000;UNIQUE;48895;77350
311;30000;V1;94156;98373
312;30000;V2;94156;98373
313;300000;UNIQUE;304226;319405
314;301000;V1;192454;305060
315;301000;V2;192495;305200
316;301301;UNIQUE;209141;210259
317;301306;V1;0;1303
318;301306;V2;0;1280
319;302506;UNIQUE;2450;6039
320;302506;V1;0;2400
321;302506;V2;0;2450
322;302511;UNIQUE;10219;16588
323;302521;UNIQUE;15650;19410
324;302526;V1;304715;310835
325;302526;V2;304713;310835
326;302536;V1;310835;312413
327;302536;V2;310835;312413
328;304000;UNIQUE;10500;43156
329;304000;V1;206;10500
330;304000;V1;43156;43710
331;304000;V2;208;10500
332;304000;V2;43156;43710
333;305000;UNIQUE;2106;10791
334;306000;UNIQUE;74390;78142
335;307000;UNIQUE;192195;229263
336;308000;UNIQUE;73142;134235
337;309000;UNIQUE;219465;234620
338;310000;UNIQUE;64337;81930
339;310000;UNIQUE;101850;117039
340;311000;V1;124274;251685
341;311000;V1;252285;254006
342;311000;V2;123904;251685
343;311000;V2;252285;254006
344;312300;UNIQUE;248804;254150
345;314000;V1;254006;295310
346;314000;V2;254006;295732
347;314306;V5R;291889;292582
348;314306;V6R;291889;292582
349;315000;UNIQUE;24917;35578
350;316000;UNIQUE;53822;84217
351;316000;V1;50320;53822
352;316000;V2;50156;53822
353;317000;UNIQUE;7015;19337
354;317000;UNIQUE;27910;41670
355;317000;UNIQUE;48999;62560
356;317000;UNIQUE;63352;86100
357;319000;UNIQUE;95035;101800
358;32000;V1;-40;112780
359;32000;V2;0;112755
360;321000;V1;1812;114600
361;321000;V2;1812;114600
362;323000;UNIQUE;175825;210296
363;325000;UNIQUE;59392;64560
364;325000;UNIQUE;78905;80102
365;325000;UNIQUE;91396;125807
366;325000;UNIQUE;127350;182015
367;325000;V1;9203;35897
368;325000;V1;36695;59392
369;325000;V1;64560;78905
370;325000;V1;80102;91396
371;325000;V2;9219;35897
372;325000;V2;36695;59392
373;325000;V2;64560;78733
374;325000;V2;80102;91396
375;326000;V1;28249;39090
376;326000;V2;28249;39090
377;328000;V1;13748;29067
378;328000;V2;13688;29067
379;329000;V1;26920;67100
380;329000;V2;26920;67100
381;33000;UNIQUE;747;16860
382;330000;V1;30095;118760
383;330000;V1;6441;30900
384;330000;V2;30095;118912
385;330000;V2;6502;30900
386;332000;UNIQUE;1848;12200
387;333000;UNIQUE;6230;23000
388;334000;V1;22;57335
389;334000;V2;22;57645
390;334301;V1;0;585
391;334301;V2;60;585
392;334302;V1;0;480
393;334302;V2;3;480
394;334900;V1;40;14168
395;334900;V2;37;14168
396;336000;V1;24890;27542
397;336000;V2;24876;27578
398;336306;V1;0;590
399;336306;V2;0;590
400;337300;V1;30436;33098
401;337300;V2;30396;33098
402;338000;V1;18096;32895
403;338000;V2;18409;32895
404;340000;V1;36;227918
405;340000;V2;36;227918
406;340306;V1;0;1371
407;340306;V2;0;1371
408;340309;V1;133570;135260
409;340309;V2;133700;135260
410;340311;V1;136772;137980
411;340311;V2;136786;137838
412;341116;UNIQUE;477;2894
413;341116;UNIQUE;23623;26930
414;341116;V1;2894;23623
415;341116;V2;2894;23623
416;341300;UNIQUE;225850;226050
417;341300;V1R;222120;225850
418;341300;V1R;226050;230660
419;341300;V2R;222170;225850
420;341300;V2R;226050;227050
421;342000;UNIQUE;15380;52906
422;35000;V1;31257;87841
423;35000;V2;31300;87841
424;350000;UNIQUE;161194;199509
425;350000;V1;150035;161194
426;350000;V2;149995;161194
427;351000;UNIQUE;156692;184940
428;353300;UNIQUE;266;6584
429;354000;UNIQUE;232;35546
430;356000;UNIQUE;3380;15750
431;357000;UNIQUE;28000;40370
432;357000;UNIQUE;70650;71274
433;358000;UNIQUE;170025;200000
434;359000;UNIQUE;202151;221950
435;361000;UNIQUE;222990;233597
436;362000;UNIQUE;203045;218200
437;365000;UNIQUE;4629;8400
438;365000;V1;0;4629
439;365000;V2;0;4629
440;366000;V1;56531;370287
441;366000;V2;56586;370275
442;366311;UNIQUE;214393;214979
443;367300;V1;0;718
444;367300;V2;0;718
445;368300;V1;136735;137104
446;368300;V2;136735;137104
447;368301;V1;115420;115829
448;368301;V2;115420;115829
449;369000;V1;134150;135333
450;369000;V2;134060;135333
451;370000;UNIQUE;64714;70632
452;370000;UNIQUE;87270;107509
453;371000;UNIQUE;336;3750
454;371000;UNIQUE;21661;22274
455;372000;V1;-103;57414
456;372000;V2;111;57414
457;374300;UNIQUE;0;1751
458;375000;UNIQUE;155587;187378
459;376000;UNIQUE;106497;113659
460;377000;UNIQUE;220700;231011
461;379000;UNIQUE;27067;49362
462;380000;UNIQUE;0;2365
463;39000;V1;397;43729
464;39000;V2;397;43661
465;390000;UNIQUE;189528;219243
466;39306;R;0;579
467;395000;V1;21264;181638
468;395000;V2;21267;181840
469;395306;VR1;85;2965
470;395306;VR2;76;2980
471;396000;V1;33572;51792
472;396000;V2;33510;52036
473;396306;V1;50612;51445
474;396306;V2;50612;51443
475;397000;UNIQUE;1861;3841
476;397000;UNIQUE;24715;37243
477;4000;UNIQUE;0;25860
478;40000;UNIQUE;32743;57131
479;40000;V1;60;32743
480;40000;V2;60;32743
481;40306;V1TER;0;467
482;40306;V2TER;0;467
483;405000;UNIQUE;2194;130736
484;409000;UNIQUE;252;42295
485;41000;UNIQUE;100;15300
486;412000;UNIQUE;273080;300307
487;414000;UNIQUE;232;11780
488;415000;UNIQUE;567;75650
489;415000;UNIQUE;75876;93623
490;415000;UNIQUE;138000;205777
491;415000;V1;93623;136781
492;415000;V2;93623;136235
493;418000;UNIQUE;313109;356200
494;42000;UNIQUE;93795;125504
495;42000;V1;545;93795
496;42000;V2;530;93795
497;420000;V1;1186;622408
498;420000;V2;1153;622408
499;420306;V1R;208920;210414
500;420306;V2R;209842;210414
501;421300;UNIQUE;618526;620722
502;422000;UNIQUE;446;13262
503;422000;UNIQUE;54365;82134
504;428000;UNIQUE;2240;13500
505;429000;V1;130459;179646
506;429000;V2;0;179321
507;429310;V1;179646;181968
508;429310;V2;179321;182931
509;430000;V1;4025;142079
510;430000;V2;3951;141974
511;431000;V1;1250;222994
512;431000;V2;1216;222994
513;431300;UNIQUE;0;1043
514;431300;V1R;1043;1859
515;431300;V2R;1043;1859
516;431302;UNIQUE;65900;66442
517;431305;UNIQUE;128861;130409
518;431310;UNIQUE;177905;178461
519;431315;V1R;214699;217033
520;431315;V2R;214699;217389
521;431320;UNIQUE;215685;217688
522;432000;UNIQUE;582;46200
523;439000;UNIQUE;412;33300
524;441000;V1;375682;454097
525;441000;V2;375681;454097
526;445000;UNIQUE;475589;480654
527;446000;UNIQUE;531252;547146
528;447000;UNIQUE;2645;28203
529;450000;V1;210046;306257
530;450000;V2;210366;306257
531;450306;V1;3950;4913
532;450306;V2;3955;4913
533;451300;V1;812;3950
534;451300;V2;812;3955
535;451311;V1;2510;2992
536;451311;V2;2510;2992
537;457000;UNIQUE;383710;392739
538;457000;V1;392830;393988
539;457000;V2;392739;393988
540;459300;UNIQUE;429978;432569
541;460000;UNIQUE;260143;290341
542;460000;UNIQUE;352060;359200
543;460000;UNIQUE;429257;439777
544;466000;UNIQUE;0;58316
545;468000;V1;373810;443518
546;468000;V2;373780;443521
547;468306;UNIQUE;442770;443291
548;470000;UNIQUE;685116;768334
549;470000;V1;469760;685116
550;470000;V2;469737;685116
551;472000;UNIQUE;53921;74397
552;473000;UNIQUE;585758;612213
553;474000;UNIQUE;588986;639906
554;475000;UNIQUE;475125;546976
555;476000;UNIQUE;665302;679969
556;477000;UNIQUE;685890;695000
557;485000;UNIQUE;507572;558183
558;486000;UNIQUE;507221;541722
559;499500;UNIQUE;0;3397
560;500000;UNIQUE;88536;163598
561;500000;UNIQUE;183400;216246
562;500000;UNIQUE;327067;414200
563;500000;UNIQUE;415456;487407
564;500000;V1;487407;488522
565;500000;V1;491569;608214
566;500000;V2;487412;488522
567;500000;V2;491569;608200
568;500306;V1;300;595
569;500306;V2;350;715
570;503300;V1;2304;3171
571;503300;V2;1868;3236
572;508000;UNIQUE;318025;336465
573;508000;UNIQUE;349400;359254
574;509000;UNIQUE;336465;357991
575;51000;UNIQUE;230;23700
576;510000;UNIQUE;36660;44101
577;512300;UNIQUE;301962;304611
578;514300;V1;1061;5136
579;514300;V2;1059;5136
580;514316;V1;3328;3828
581;514316;V2;3328;3828
582;515000;V1;235720;494005
583;515000;V2;235720;494005
584;516000;UNIQUE;494005;519816
585;518000;UNIQUE;342220;349388
586;518000;UNIQUE;349950;351000
587;518325;UNIQUE;349388;350008
588;519000;UNIQUE;431110;491225
589;523000;UNIQUE;0;73520
590;523000;UNIQUE;151800;165033
591;524000;UNIQUE;0;36250
592;526000;UNIQUE;67700;72173
593;527000;UNIQUE;180;38029
594;529000;UNIQUE;350;19470
595;5300;UNIQUE;1420;2957
596;530000;V1;0;251222
597;530000;V2;0;251289
598;534000;UNIQUE;696;68427
599;534311;UNIQUE;515;1310
600;535000;UNIQUE;1310;12715
601;536000;UNIQUE;482;29731
602;537000;UNIQUE;331;27427
603;538000;UNIQUE;22554;49314
604;538000;V1;-133;22554
605;538000;V1;49314;138992
606;538000;V2;-133;22554
607;538000;V2;49314;139188
608;539000;UNIQUE;502;8100
609;54000;UNIQUE;94835;103200
610;544000;UNIQUE;358;37257
611;546000;UNIQUE;9800;36864
612;547000;UNIQUE;500;24204
613;55000;UNIQUE;435740;443061
614;550000;UNIQUE;56277;234013
615;550000;V1;31508;56277
616;550000;V2;31585;56277
617;553000;UNIQUE;66885;84948
618;553000;V1;1102;6018
619;553000;V2;1252;4866
620;555000;UNIQUE;43;1450
621;555000;UNIQUE;20162;22470
622;556000;UNIQUE;25562;73525
623;557000;UNIQUE;24470;29120
624;558000;UNIQUE;19271;47415
625;559000;UNIQUE;8025;27704
626;559000;UNIQUE;32470;45106
627;559000;UNIQUE;50602;65947
628;561000;V1;237390;333261
629;561000;V2;237390;333261
630;561311;V1;275;1757
631;561311;V2;275;1757
632;561316;V1;125;560
633;561316;V2;65;560
634;562300;V1;233254;235437
635;562300;V2;233254;235437
636;563300;V1;233646;235715
637;563300;V2;233646;235712
638;564300;UNIQUE;235763;237742
639;568000;UNIQUE;578442;580802
640;569000;V1;118031;121050
641;569000;V2;118160;121050
642;569300;UNIQUE;121597;122352
643;569301;UNIQUE;121557;122078
644;570000;V1;661;583844
645;570000;6;240;825
646;570000;J0006;601;654
647;570000;V2;654;583844
648;570000;J0013;1384;1488
649;570000;J006E;655;714
650;570306;UNIQUE;0;337
651;570321;V1;0;950
652;570321;V2;101;741
653;571000;UNIQUE;14900;15920
654;571000;UNIQUE;36390;50885
655;573000;UNIQUE;430;9662
656;573000;UNIQUE;47690;49872
657;574000;UNIQUE;5801;17310
658;574000;UNIQUE;40875;62160
659;578000;UNIQUE;0;4500
660;579000;UNIQUE;855;61950
661;579000;V1;-252;855
662;579000;V1;61950;64667
663;579000;V2;-211;855
664;579000;V2;61950;64532
665;580000;UNIQUE;53500;68656
666;583000;UNIQUE;577627;593865
667;584000;UNIQUE;2180;102018
668;584000;V1;921;2180
669;584000;V2;917;2180
670;586000;V1;4012;14900
671;586000;V2;3943;14900
672;587300;UNIQUE;13501;14736
673;590000;V1;117735;120495
674;590000;V1;122158;663143
675;590000;V2;118002;120437
676;590000;V2;122078;663143
677;590306;UNIQUE;399629;402034
678;591000;UNIQUE;124063;130937
679;593000;V1;199455;304437
680;593000;V2;199455;304437
681;594000;UNIQUE;240770;352222
682;598000;UNIQUE;281632;331652
683;598000;UNIQUE;383000;383869
684;6000;UNIQUE;7000;88680
685;6000;UNIQUE;90292;131700
686;6000;V1;0;7000
687;6000;V2;0;7000
688;60000;UNIQUE;11513;27607
689;60000;V1;3687;11700
690;60000;V2;3687;11513
691;600000;UNIQUE;178687;245800
692;601000;UNIQUE;341140;361400
693;604000;UNIQUE;347480;419630
694;604000;UNIQUE;445900;451967
695;606000;UNIQUE;419630;474115
696;607000;UNIQUE;433800;439546
697;610000;UNIQUE;401800;406486
698;610000;UNIQUE;402256;518824
699;611000;UNIQUE;421337;499246
700;611000;V1;402752;421337
701;611000;V2;402752;421337
702;613000;UNIQUE;421387;501827
703;62000;UNIQUE;234;48688
704;621000;UNIQUE;86593;146244
705;621000;UNIQUE;147980;173570
706;621000;V1;100;75107
707;621000;V2;277;75667
708;628000;UNIQUE;564770;590427
709;629000;UNIQUE;546543;643691
710;63000;UNIQUE;170;16700
711;631000;UNIQUE;511246;557761
712;631000;UNIQUE;564910;651565
713;631000;V1;557761;564910
714;631000;V2;557704;564910
715;632000;UNIQUE;608571;610826
716;634000;UNIQUE;625244;643250
717;637000;UNIQUE;2634;4890
718;64000;UNIQUE;-366;3380
719;640000;V1;-328;406117
720;640000;V2;-324;406117
721;640100;UNIQUE;336;10250
722;640311;V1;254530;255349
723;640311;V2;254641;255378
724;641000;UNIQUE;42016;44300
725;642000;UNIQUE;79770;104390
726;642000;UNIQUE;152760;176289
727;643000;UNIQUE;115443;155086
728;643000;UNIQUE;188868;230388
729;644000;UNIQUE;134297;148900
730;647000;UNIQUE;140304;204675
731;648000;UNIQUE;5928;88938
732;649000;UNIQUE;186847;212860
733;65000;UNIQUE;34000;54073
734;650000;UNIQUE;270586;319400
735;650000;V1;400;270586
736;650000;V2;444;270489
737;652000;UNIQUE;108183;245120
738;652000;UNIQUE;248976;267600
739;653000;UNIQUE;198594;210690
740;654000;UNIQUE;192223;210937
741;655000;V1;0;233250
742;655000;V2;0;233047
743;656000;V1;270523;300311
744;656000;V2;270432;300380
745;657000;V1;42159;58198
746;657000;V2;42073;58202
747;658000;UNIQUE;200286;204286
748;660000;UNIQUE;199597;249664
749;661000;UNIQUE;238538;243345
750;662000;UNIQUE;270654;271250
751;664000;UNIQUE;215937;251080
752;665000;UNIQUE;235463;241223
753;666000;UNIQUE;177363;177721
754;667000;UNIQUE;120030;139900
755;668000;UNIQUE;104349;139522
756;669000;UNIQUE;-218;62561
757;67000;UNIQUE;386003;435924
758;670000;UNIQUE;67977;68800
759;672000;UNIQUE;12070;164724
760;676000;UNIQUE;347930;402000
761;676000;UNIQUE;409600;470315
762;677000;UNIQUE;509152;510536
763;677000;V1;404728;509152
764;677000;V2;404674;509152
765;677306;UNIQUE;0;620
766;678300;UNIQUE;497704;498403
767;679000;UNIQUE;467858;513514
768;680000;UNIQUE;480827;504500
769;681000;UNIQUE;469;18049
770;682000;UNIQUE;42035;85303
771;682000;UNIQUE;129875;135030
772;683000;UNIQUE;117300;175172
773;684000;UNIQUE;56053;57919
774;684000;UNIQUE;79109;93328
775;684000;UNIQUE;95789;114198
776;685000;UNIQUE;0;8700
777;686000;UNIQUE;117840;188820
778;687000;UNIQUE;122644;161942
779;689000;VU;239532;241850
780;689000;VU;289696;299414
781;690000;V1;204612;291806
782;690000;V2;204618;291760
783;690306;UNIQUE;225918;231886
784;692100;VU;0;1175
785;694000;UNIQUE;491600;517900
786;695000;VU;225640;226700
787;695000;VU;239456;420662
788;695000;VU;495415;537398
789;695000;V1;226700;239456
790;695000;V2;226700;239456
791;696000;UNIQUE;263269;299324
792;696000;UNIQUE;364090;364800
793;698000;UNIQUE;299241;300347
794;699000;UNIQUE;342732;348732
795;7000;UNIQUE;0;815
796;70000;V1;8426;502000
797;70000;V2;8665;502000
798;701000;UNIQUE;243460;309737
799;702000;VU;326566;448630
800;703000;UNIQUE;428835;448466
801;70331;V2R;0;1624
802;70346;S;-180;706
803;705000;VU;341375;408179
804;705000;V1;328403;341480
805;705000;V2;328237;341536
806;707000;VU;359147;394457
807;707000;V1;341480;359147
808;707000;V2;341536;359147
809;709000;UNIQUE;359170;414808
810;70953;V1R;0;2363
811;71000;UNIQUE;55;9945
812;710000;VU;443158;456780
813;711000;VU;420662;486513
814;711000;V1;486513;506820
815;711000;V2;486513;506820
816;712000;UNIQUE;389135;423650
817;712000;UNIQUE;466050;467317
818;713000;UNIQUE;392810;514628
819;716000;UNIQUE;597626;651122
820;718000;UNIQUE;148011;396018
821;719000;VU;637507;698338
822;72000;V1;52262;124248
823;72000;V2;51904;124248
824;720000;VU;237672;408110
825;721000;UNIQUE;454792;525600
826;722000;VU;433030;708103
827;723000;UNIQUE;614717;692658
828;724000;UNIQUE;660268;728876
829;725000;UNIQUE;579222;624277
830;731000;UNIQUE;526;5600
831;640000;UNIQUE;448720;449300
832;732000;UNIQUE;450179;501350
833;734000;UNIQUE;407548;427069
834;736000;UNIQUE;311400;337730
835;736000;UNIQUE;358710;366560
836;736000;UNIQUE;408300;494995
837;737000;UNIQUE;366180;385470
838;737000;UNIQUE;440371;457400
839;738000;UNIQUE;206808;209000
840;738000;UNIQUE;249710;297067
841;739000;UNIQUE;373980;374005
842;74000;VU;146455;164697
843;741000;UNIQUE;339167;354912
844;742000;UNIQUE;414792;422460
845;74306;V1R;0;697
846;74306;V2R;0;697
847;745000;UNIQUE;77271;123707
848;745000;V1;14919;76361
849;745000;V2;14991;76279
850;746000;V1;33012;92712
851;746000;V2;33011;92708
852;747000;UNIQUE;0;25430
853;747306;V1;0;730
854;747306;V2;70;730
855;748000;UNIQUE;118130;140550
856;749000;UNIQUE;140034;155050
857;750000;V1;66492;539021
858;750000;V2;66500;539021
859;750306;V1;262905;263480
860;750306;V2;262905;263480
861;750316;V1;17;752
862;750316;V2;14;752
863;752000;V1;-62;711163
864;752000;V2;-168;711007
865;752330;V1;380500;394715
866;752330;V2;380540;394719
867;752340;V1PG;416648;418531
868;752340;V2GP;417939;419962
869;752342;V1R;493427;495995
870;752342;V2R;493427;496340
871;752350;V1LV;415863;419081
872;752350;V2VL;416385;418723
873;753000;UNIQUE;163374;252200
874;753000;V1;154471;163374
875;753000;V2;154370;163374
876;753306;V1RACC;999;2213
877;753306;V2RACC;999;2156
878;754000;UNIQUE;229030;229200
879;754000;UNIQUE;259031;298614
880;755000;UNIQUE;192091;307648
881;757000;UNIQUE;249345;282200
882;76000;V1;14150;29406
883;76000;V2;14710;29406
884;760000;V1;1101;162100
885;760000;V2;1101;162042
886;760311;V1;-19;673
887;760311;V2;-19;673
888;761000;UNIQUE;383;22374
889;761000;V1;14298;15028
890;762000;UNIQUE;226954;310459
891;764000;UNIQUE;2435;4220
892;768300;V1R;1255;16421
893;768300;V2R;0;16446
894;769000;UNIQUE;2983;18289
895;769000;V1;58610;109247
896;769000;V2;58643;109251
897;770000;UNIQUE;320;36545
898;770000;UNIQUE;141250;143352
899;770000;V1;36545;66485
900;770000;V2;36545;66516
901;772000;UNIQUE;109000;115650
902;774000;UNIQUE;0;5250
903;775000;UNIQUE;444;93272
904;775000;UNIQUE;97210;134756
905;775000;V1;93272;95210
906;775000;V2;93272;95208
907;775311;UNIQUE;133680;134542
908;776000;UNIQUE;5;1100
909;777300;V1R;147;6028
910;777300;V2R;0;6426
911;778300;UNIQUE;0;2523
912;779300;UNIQUE;0;1003
913;779300;VRN1;1003;1957
914;779300;VRN2;1003;2216
915;78000;UNIQUE;347807;352435
916;780000;UNIQUE;470;3489
917;782000;UNIQUE;2012;42514
918;782000;V1;0;2012
919;782000;V2;0;2012
920;783000;V1;423165;496040
921;783000;V2;423163;496344
922;784000;VU;1516;132238
923;785000;VU;365813;386057
924;785000;VU;493960;514544
925;785000;V1;356266;365705
926;785000;V2;356266;365813
927;786000;UNIQUE;408;4231
928;787000;V1;365705;405763
929;787000;V2;365813;405777
930;789000;VU;332674;343430
931;789000;VU;349100;367245
932;790000;VU;377767;403700
933;790000;VU;478954;673465
934;790000;V1;354845;377767
935;790000;V1;403700;478954
936;790000;V1;673465;721155
937;790000;V2;354776;377767
938;790000;V2;403700;478954
939;790000;V2;673972;721097
940;792000;UNIQUE;687;3696
941;793606;VU;0;5340
942;795000;VU;0;580
943;795000;VU;31150;66455
944;796000;UNIQUE;-151;1900
945;797000;UNIQUE;405;28000
946;797306;UNIQUE;0;1052
947;797311;UNIQUE;0;528
948;798000;VU;148;123324
949;798000;VU;130136;132355
950;798000;V1;123324;130136
951;798000;V1;132355;137955
952;798000;V2;123324;130136
953;798000;V2;132355;137957
954;800000;V1;530479;784936
955;800000;V2;530481;784978
956;800306;UNIQUE;0;481
957;805000;UNIQUE;665540;674440
958;805000;UNIQUE;736249;764444
959;808000;UNIQUE;-200;2455
960;810000;V1;0;106000
961;810000;V2;0;106000
962;811000;UNIQUE;101291;102474
963;812306;UNIQUE;0;886
964;813000;UNIQUE;2500;10162
965;813000;UNIQUE;47857;67525
966;814000;UNIQUE;683856;689054
967;814000;UNIQUE;742930;746505
968;815000;UNIQUE;690514;697710
969;817000;UNIQUE;84872;88127
970;819000;UNIQUE;4517;45370
971;820000;UNIQUE;1414;35797
972;820000;UNIQUE;43000;44991
973;821000;UNIQUE;135;873
974;824000;V1;1318;3690
975;824000;V2;1334;4211
976;824301;V1;28;871
977;824301;V2;28;845
978;824306;V1;2726;5085
979;824306;V2;2724;5085
980;830000;V1;387;862100
981;830000;V2;377;862100
982;830306;V1;1628;2120
983;830306;V2;1631;2120
984;830331;UNIQUE;91;942
985;830341;V1;0;788
986;830341;V2;0;788
987;830346;UNIQUE;0;704
988;830351;V1RN;761350;762872
989;830351;V2RN;761771;762872
990;830356;V1RS;0;1454
991;830356;V2RS;0;1454
992;830366;V1;512499;513383
993;830366;V2;512575;513398
994;831000;UNIQUE;95047;122070
995;832000;UNIQUE;169672;220945
996;833300;V1RACC;0;1900
997;833300;V2RACC;0;1546
998;838000;UNIQUE;169848;305119
999;839000;UNIQUE;200;33873
1000;840000;UNIQUE;-45;42708
1001;843000;V1;346806;390517
1002;843000;V2;346806;390468
1003;845950;VA;10;1628
1004;846000;UNIQUE;308046;352164
1005;847000;UNIQUE;144;52724
1006;849000;V1;318255;346806
1007;849000;V2;318255;346806
1008;85000;UNIQUE;187030;316400
1009;85000;V1;316544;344870
1010;85000;V2;317743;344690
1011;850000;UNIQUE;361263;385164
1012;850000;UNIQUE;393025;410982
1013;850000;UNIQUE;417135;428341
1014;850000;UNIQUE;437679;459614
1015;850000;V1;314680;361263
1016;850000;V1;385164;393025
1017;850000;V1;410982;417135
1018;850000;V1;428341;437679
1019;850000;V2;314655;361263
1020;850000;V2;385164;393025
1021;850000;V2;410982;417135
1022;850000;V2;428341;437679
1023;851000;UNIQUE;-294;33977
1024;851000;UNIQUE;39188;54191
1025;852000;V1;361174;501395
1026;852000;V2;361328;501454
1027;854000;UNIQUE;444248;464574
1028;856000;UNIQUE;406113;419300
1029;857000;UNIQUE;484355;484448
1030;858000;UNIQUE;1785;5880
1031;859000;UNIQUE;725;16000
1032;86000;UNIQUE;317672;326000
1033;86000;UNIQUE;341474;344760
1034;860000;V1;316013;424891
1035;860000;V2;316013;424881
1036;861300;V1;91;1462
1037;861300;V2;104;1462
1038;861301;UNIQUE;0;794
1039;862300;V1;0;1090
1040;862300;V2;0;1090
1041;862301;V1;1462;1830
1042;862301;V2;1462;1830
1043;863300;V1;0;1223
1044;863300;V2;0;1223
1045;865000;UNIQUE;23913;27825
1046;865000;UNIQUE;71950;80124
1047;867000;UNIQUE;87273;106186
1048;867000;V2;100910;102787
1049;868000;UNIQUE;347043;357900
1050;869000;UNIQUE;361562;381000
1051;871000;V1;492;27425
1052;871000;V2;477;27425
1053;872000;UNIQUE;407303;481752
1054;875000;UNIQUE;437412;464840
1055;877301;UNIQUE;32891;34092
1056;878000;VU;242;116170
1057;878301;UNIQUE;115490;116490
1058;88000;UNIQUE;53915;142833
1059;880000;UNIQUE;393242;472593
1060;880000;V1;392120;393242
1061;880000;V1;474140;506164
1062;880000;V2;392120;393242
1063;880000;V2;474133;506164
1064;882000;UNIQUE;780;5510
1065;883000;V1;734;68635
1066;883000;V2;862;68635
1067;883306;V1R;-30;976
1068;883306;V2R;-30;976
1069;884000;UNIQUE;491;65079
1070;886000;UNIQUE;13731;64664
1071;887000;UNIQUE;6757;24800
1072;888000;UNIQUE;19;1300
1073;889000;VCIR;800;12995
1074;89000;V1;289115;353900
1075;89000;V2;289110;353900
1076;890000;V1;8120;152345
1077;890000;V2;8128;152345
1078;890306;UNIQUE;0;606
1079;891000;VU;142628;173080
1080;892000;VU;139970;211700
1081;893000;V1;499752;511600
1082;893000;V2;499752;511400
1083;89306;V1R;0;972
1084;89306;V2R;0;972
1085;893306;V1RACC;22;2431
1086;893306;V2RACC;56;2447
1087;894000;VU;458;6056
1088;895000;UNIQUE;561;47017
1089;896000;VU;-45;36615
1090;897000;VU;335;94295
1091;898000;VU;31205;45062
1092;899000;VU;24165;80227
1093;90000;V1;342293;376460
1094;90000;V2;342293;376500
1095;900000;V1;100845;247316
1096;900000;V2;100845;247316
1097;900903;UNIQUE;0;2134
1098;903000;VU;63496;105884
1099;904000;VU;97835;119670
1100;905000;VU;133682;232968
1101;905000;VU;244131;375434
1102;905000;VU;375989;408400
1103;905000;V1;4009;133770
1104;905000;V1;232968;240048
1105;905000;V2;3834;133682
1106;905000;V2;232968;240048
1107;905306;UNIQUE;0;637
1108;906000;V1;1220;3861
1109;906000;V2;1220;3996
1110;907000;UNIQUE;-207;22000
1111;908000;VU;20318;79134
1112;908000;V1;1179;20259
1113;908000;V2;1215;20318
1114;909000;V1;6852;50034
1115;909000;V2;6852;50005
1116;909306;22;49463;50315
1117;909903;V1;133770;141998
1118;909903;V2;133682;141998
1119;912000;UNIQUE;321;108608
1120;912000;V1;108608;109410
1121;912000;V2;108608;109452
1122;913000;UNIQUE;788;4712
1123;915000;UNIQUE;240048;299168
1124;915000;UNIQUE;300400;349345
1125;920000;UNIQUE;306460;329093
1126;922000;UNIQUE;510;2339
1127;923000;UNIQUE;36673;76833
1128;925000;V1;547;68536
1129;925000;V2;547;68536
1130;926000;UNIQUE;1464;2700
1131;926000;UNIQUE;21855;23602
1132;927000;UNIQUE;0;16497
1133;928000;UNIQUE;0;24607
1134;928106;UNIQUE;0;984
1135;929300;V1;370;2065
1136;929300;V2;0;1969
1137;930000;V1;25;259155
1138;930000;V2;25;259155
1139;934100;UNIQUE;0;2410
1140;935000;V1;809284;870081
1141;935000;V2;809284;870081
1142;935111;UNIQUE;224;1068
1143;935306;UNIQUE;0;874
1144;935311;UNIQUE;0;1358
1145;935606;UNIQUE;0;4613
1146;935901;UNIQUE;5031;8887
1147;935901;V1;81;5031
1148;935901;V2;0;5031
1149;935902;UNIQUE;12667;16946
1150;935902;V1;4564;12667
1151;935902;V2;4564;12667
1152;935903;UNIQUE;12775;23779
1153;935903;V1;11524;12775
1154;935903;V2;11530;12775
1155;935904;UNIQUE;19641;25859
1156;935905;UNIQUE;22911;25515
1157;935906;UNIQUE;23313;25379
1158;935907;UNIQUE;23779;26181
1159;936300;V1;860257;861566
1160;936300;V2;860364;861442
1161;939306;UNIQUE;856472;857444
1162;940100;UNIQUE;45;1129
1163;942000;UNIQUE;362;10849
1164;94300;V1R;0;1680
1165;94300;V2R;20;1680
1166;943000;UNIQUE;483;4990
1167;944000;UNIQUE;2520;19200
1168;945000;UNIQUE;2791;43452
1169;945000;V1;204;2791
1170;945000;V2;277;2791
1171;946000;UNIQUE;37648;84648
1172;947000;UNIQUE;412;78199
1173;948000;UNIQUE;304;16613
1174;95000;V1;845;73680
1175;95000;V2;845;73680
1176;955000;UNIQUE;31950;32401
1177;955000;V1;18874;31950
1178;955000;V2;18874;31950
1179;955000;V2;636;857
1180;957000;V1;0;21218
1181;957000;V2;0;21218
1182;958000;J0077A;7759;7805
1183;958000;V1TT;-159;7910
1184;958000;V2TT;47;7910
1185;962000;V1;2463;20805
1186;962000;V2;2463;20805
1187;963000;V1;3440;6327
1188;963000;V2;3440;6327
1189;967300;V1;8468;12080
1190;967300;V2;8485;12081
1191;968300;V1;6570;6938
1192;968300;V2;6570;6928
1193;968301;V1;10;1250
1194;968301;V2;15;1250
1195;97000;UNIQUE;78700;82500
1196;971000;V3;7469;9078
1197;973000;V1;58;22896
1198;973000;V2;56;22896
1199;973306;V1;0;506
1200;973306;V2;108;506
1201;974000;V1;14804;30115
1202;974000;V2;14782;29980
1203;975000;V1;50;10268
1204;975000;V2;46;10067
1205;975900;V1;10268;12985
1206;975900;V1;12000;14594
1207;975900;V2;10067;12985
1208;975900;V2;12000;14592
1209;977000;V1;15;14677
1210;977000;V1;15545;17611
1211;977000;V2;15;17611
1212;978300;V1;19281;21522
1213;978300;V2;19714;21564
1214;979000;V1;0;2223
1215;979000;V2;0;2223
1216;980000;UNIQUE;10933;18874
1217;981000;V1S;2547;5236
1218;981000;V2S;2567;5236
1219;983000;V1;-15;691
1220;983000;V2;-15;757
1221;984000;V1;691;4535
1222;984000;V2;757;4554
1223;985000;V1;9186;25421
1224;985000;V2;9245;25436
1225;988000;V1RACC;0;10697
1226;988000;V2RACC;440;10694
1227;99000;UNIQUE;2030;6200
1228;990000;UNIQUE;74440;75551
1229;990000;VS1;0;229
1230;990000;V1;0;120754
1231;5000;J3307;330775;331063
1232;5000;J3311;331163;331452
1233;5000;3;357369;358373
1234;5000;J3569;356951;357239
1235;990000;V2;0;120754
1236;5000;J3585;358503;358791
1237;5000;J3076;307618;307907
1238;5000;J3072;307231;307520
1241;990306;V1M;1720;3350
1242;990306;V1M;19900;21440
1243;990306;V2M;1682;3350
1244;990306;V2M;19900;21443
1245;990311;V1RN;61206;62187
1246;990311;V2RN;61206;62283
1247;990316;V1;79985;82317
1248;990316;V1;11646;12545
1249;990316;V2;80144;82350
1250;990316;V2;11679;14180
1251;990321;UNIQUE;82532;83770
1252;990331;UNIQUE;-20;6203
1253;1000;VV;5100;6493
1254;1000;V1B1;5249;8285
1255;1000;V1B4;5595;16510
1256;1000;V1BIS;665;5249
1257;1000;V1BIS;27014;30260
1258;1000;V1EO;1510;6570
1259;1000;V1L1;5249;8426
1260;1000;V2B4;8452;16510
1261;1000;V2BIS;662;8698
1262;1000;V2BIS;26985;30255
1263;1000;V2EO;1510;8668
1264;1000;V2TER;722;1840
1265;1000;VK;682;1944
1266;110311;V1L;0;975
1267;110311;V2L;0;975
1268;114300;V1R;277;3420
1269;114300;V2R;277;3420
1270;125000;V1M;373;10679
1271;125000;V2M;215;10679
1272;1379;V53;82;718
1273;1379;V54;70;653
1274;138000;V1BIS3;2142;8940
1275;138000;V2BIS3;2142;8850
1276;141000;V1R;1434;4210
1277;141000;V2R;2107;4210
1278;141306;V1N;0;1771
1279;141306;V2N;0;1771
1280;145306;V1R;900;2113
1281;145306;V2R;900;1910
1282;168000;V1(13);-262;807
1283;168000;V2(13);-335;807
1284;180000;V1BIS;160245;177056
1285;180000;V1BIS;181300;187400
1286;180000;V2BIS;160245;177056
1287;180000;V2BIS;181300;187375
1288;191300;V1M;20;3789
1289;191300;V2M;-40;3782
1290;192000;V1BIS;153585;161800
1291;192000;V1R;152398;153585
1292;192000;V2BIS;153585;161800
1293;192000;V2R;152359;153585
1294;2000;V1;38395;41023
1295;2000;V2;38450;41359
1296;204000;V1BIS;140645;144724
1297;204000;V2BIS;140684;144552
1298;205311;V1TER;139667;140645
1299;205311;V2TER;139667;140684
1300;205316;V1R;141993;142535
1301;205316;V2R;141993;142535
1302;22300;V1R;0;2617
1303;223000;V1EST;142519;150521
1304;223000;V2EST;142519;150521
1305;226000;V2M;0;1767
1306;226301;VR1B;0;2309
1307;226301;VR2B;0;1098
1308;226310;V1B;0;56813
1309;226310;V2B;0;56830
1310;229000;V1BIS;2910;25970
1311;229000;V2BIS;3320;26510
1312;229000;3;26510;26870
1313;229000;4;60400;61430
1314;229000;5;26510;26870
1315;229000;6;60370;61000
1316;229000;8;60580;60950
1317;229000;VC;2688;3770
1318;229000;VJ;9840;10420
1319;229000;VK;9752;10420
1320;229000;VL1;9752;10630
1321;229000;VN;9400;9752
1322;229000;VO;9366;9772
1323;229000;VP;9316;9818
1324;229000;VR;9731;13087
1325;229306;V1B;55736;57737
1326;229306;V2B;55686;57737
1327;229306;VE;55652;56110
1328;229306;VF;55600;56000
1329;229606;VZ;0;4860
1330;242000;VR;83900;84490
1331;242000;VR2;51023;52610
1332;242000;VR6;50985;51023
1333;243300;VR2;76179;77740
1334;245300;VR1;76189;78535
1335;272000;VM;35985;42325
1336;272000;V4;28933;29800
1337;272000;VAR;2360;2688
1338;272000;VC;1080;2688
1339;272000;VDA;585;2688
1340;272000;VDM;660;6544
1341;272000;VDO;0;7806
1342;272000;VDR;0;2910
1343;272000;VDV;580;6441
1344;272000;VLC1;742;1960
1345;272000;VLC2;742;1900
1346;272000;VMO;920;1825
1347;272953;VR;6544;7700
1348;272000;R;249818;250385
1349;272000;VRA;620;2688
1350;272000;VRD;925;1540
1351;272000;VRM;665;6462
1352;272000;VRO;0;7892
1353;272000;VRR;0;3320
1354;272000;VRT;2688;5452
1355;272000;VRV;580;6502
1356;272000;VSD;4080;5865
1357;272311;V36;730;1280
1358;272311;V41;740;1350
1359;272321;V1R;301;1367
1360;272321;V2R;0;1367
1361;325000;V3;78361;78730
1362;325000;V5;78338;78905
1363;325000;V7;78355;78707
1364;326000;V4;38122;38874
1365;330000;V1C;28263;29362
1366;330000;VDM;6544;9203
1367;330000;VRM;6462;9219
1368;331300;V1R;0;1386
1369;331300;V2R;0;1386
1370;335300;V2J;21668;22304
1371;335301;V2R;0;491
1372;335302;V1J;21470;21928
1373;340000;V1BIS;17058;26066
1374;340000;V1BIS;55850;56879
1375;340000;V1TER;23178;25107
1376;340000;V2BIS;15176;26039
1377;340000;3;14379;15825
1378;340000;3;34295;40105
1379;340000;3;80865;92694
1380;340000;3;125523;134180
1381;340000;4;14379;15889
1382;340000;4;34296;40106
1383;340000;4;80820;92663
1384;340000;4;125460;135068
1385;340000;C;12123;14379
1386;340000;VC;15650;17058
1387;340000;CLE;39865;40692
1388;340000;VCLE;44700;52916
1389;340000;GA;9432;10677
1390;340000;J1;57400;57792
1391;340000;J2;57356;57775
1392;340000;CIRC;35605;37310
1393;341306;V1O;0;427
1394;341306;V2O;0;427
1395;341311;V1E;224700;225137
1396;341311;V2E;224710;225137
1397;405000;VB;25200;46086
1398;405000;VB;65040;76224
1399;420000;10;210695;210921
1400;420000;V1BIS;410020;411010
1401;420000;V1BIS;1136;32605
1402;420000;V1BIS;41351;47979
1403;420000;V1BIS;60427;68155
1404;420000;V2BIS;1154;32566
1405;420000;V2BIS;42248;47869
1406;420000;V2BIS;60795;68168
1407;420000;V2M;371470;372210
1408;420000;6;185965;186967
1409;420000;6;210610;211369
1410;420000;7;210610;211357
1411;420000;VCE;370800;371260
1412;420000;VCS;370250;372600
1413;420000;VCT;370800;371470
1414;420000;VUC;371245;372413
1415;420000;V;1014;1432
1416;430000;A;141974;143330
1417;430000;B;142079;143585
1418;450000;V3T;212103;212620
1419;450000;V4T;212143;212625
1420;450000;VA;258670;259790
1421;457306;V3;428250;429053
1422;457306;V4;428200;428925
1423;485000;VCX;505129;507572
1424;486000;VPL;505947;507221
1425;515000;3;429836;430587
1426;515000;V3;425740;428254
1427;515000;2;429865;430606
1428;515000;5;429860;430648
1429;515000;52;430000;430278
1430;515000;53;430089;430278
1431;515000;6;430420;430593
1432;515000;7;430420;430664
1433;515000;8;429847;430522
1434;515000;9;429877;430494
1435;515000;VCM;427452;429326
1436;515000;SM3;429342;429582
1437;523000;V3;-281;0
1438;523000;V5;-172;545
1439;561000;4;283270;284190
1440;570000;V1BIS;1384;88910
1441;570000;V1BIS;97450;101890
1442;570000;V1BIS;111673;118238
1443;570000;V1S;0;1384
1444;570000;V2BIS;721;57382
1445;570000;V2BIS;69944;74013
1446;570000;V2BIS;87960;118238
1447;570000;V2S;-12;1343
1448;570000;VEV1;16045;21078
1449;570000;VEV2;16045;20760
1450;640000;VBANAL;246815;254530
1451;640000;VCE;2729;6390
1452;640000;VCO;2723;6390
1453;640000;VCR;4913;5164
1454;640306;V1R;15;754
1455;640306;V2R;110;765
1456;70000;V1B1;8285;27800
1457;70000;V1BIS;264664;276905
1458;70000;V1BIS;370688;377050
1459;70000;V1BIS;492580;502000
1460;70000;V1TER;9242;10116
1461;70000;V2B1;8698;27858
1462;70000;V2BIS;276954;290436
1463;70000;V2BIS;370603;377050
1464;70000;V2BIS;492538;493740
1465;74000;V1;142160;146455
1466;74000;V2;142160;146455
1467;745000;V1BISC;14977;17390
1468;745000;V1M;14983;21395
1469;745000;V2BISC;15001;17422
1470;745000;V2M;14910;21523
1471;745306;V2M2BC;16320;17069
1472;750000;1B;537704;537996
1473;752000;3;408680;410731
1474;752000;3;475754;476747
1475;752000;4;408680;410731
1476;752000;6;409182;410226
1477;752100;V1C;0;39405
1478;752100;V2C;0;39405
1479;752308;VR1C;51080;56680
1480;753000;L;154522;155131
1481;76000;V23;27150;27800
1482;76000;V24;27150;27800
1483;760306;V1BIS;153;4153
1484;760306;V2BIS;708;4191
1485;775000;A;125114;125407
1486;800000;1BIS;574185;575229
1487;800000;1BIS;632526;633578
1488;800000;2BIS;574179;575199
1489;800000;2BIS;605969;606978
1490;800000;2BIS;665477;667054
1491;800000;2BIS;686603;687641
1492;81000;V1;169930;224126
1493;81000;V2;169945;224126
1494;81311;V1R3;0;1131
1495;81311;V2R3;0;1131
1496;81316;V1R1;0;1378
1497;81316;V2R1;0;1378
1498;82000;V1EST;2813;51543
1499;82000;V2EST;2813;51584
1500;830000;V;834;1333
1501;830000;V1BIS;378;44258
1502;830000;V1BIS;86663;173889
1503;830000;V1BIS;224365;225440
1504;830000;V1BIS;256102;288262
1505;830000;V1BIS;350480;351550
1506;830000;V1BIS;406270;407283
1507;830000;V1BIS;439371;440469
1508;830000;V1BIS;488321;499752
1509;830000;1BIS;505935;506740
1510;830000;V1BIS;511578;532252
1511;830000;1BIS;544062;545034
1512;830000;V1BIS;621183;625819
1513;830000;1BIS;660056;661039
1514;830000;1BIS;682295;683537
1515;830000;V1BISH;44258;45577
1516;830000;V1BISH;84396;86663
1517;830000;1MBIS;511759;512429
1518;830000;V1CIRC;512393;513245
1519;830000;V1H;78066;86719
1520;830000;V1M;398;14983
1521;830000;V1M;510452;516230
1522;830000;V1S;0;1187
1523;830000;1TER;1078;1536
1524;830000;V1TER;366033;366617
1525;830000;V1TER;521334;526091
1526;830000;V2BIS;367;44425
1527;830000;V2BIS;86788;173774
1528;830000;V2BIS;256414;288262
1529;830000;V2BIS;350772;351851
1530;830000;V2BIS;381600;382710
1531;830000;V2BIS;398610;399619
1532;830000;2BIS;415430;416678
1533;830000;V2BIS;439437;440597
1534;830000;V2BIS;488075;499752
1535;830000;2BIS;505912;506683
1536;830000;V2BIS;510710;532295
1537;830000;2BIS;543321;544660
1538;830000;V2BIS;621183;625819
1539;830000;2BIS;682240;683228
1540;830000;V2BISH;44425;45577
1541;830000;V2BISM;84660;86788
1542;830000;2MBIS;511731;512489
1543;830000;V2CIRC;512377;513279
1544;830000;V2H;78062;86788
1545;830000;V2M;402;14910
1546;830000;V2M;510578;516134
1547;830000;V2S;0;1145
1548;830000;V2TER;523863;525822
1549;830000;2BIS;44503;45524
1550;830000;ACIRC;10581;11820
1551;830000;CCIRC;12002;12765
1552;830311;UNIQUE;1628;2120
1553;830321;V2RACC;170003;172689
1554;830336;V1RACC;130;1682
1555;830336;V2RACC;0;1682
1556;830900;V1BIS;0;6892
1557;830900;V1BIS;315435;318940
1558;830900;V1TER;1106;6700
1559;830900;V1TER;317550;318940
1560;830900;V2BIS;0;6377
1561;830900;V2BIS;317450;318940
1562;850000;V1BIS;331898;332938
1563;850000;V1BIS;360306;360992
1564;850000;V1BIS;436608;437411
1565;850000;V2BIS;333099;334160
1566;850000;V2BIS;360245;360970
1567;852306;V1R;50;1239
1568;852306;V2R;75;1239
1569;85306;V1R;15;1060
1570;85306;V2R;7;1100
1571;860000;V1BIS;344483;345272
1572;860000;V1BIS;381014;382013
1573;860000;V1TER;318940;320167
1574;860000;V2BIS;344482;345216
1575;860000;V2BIS;382395;383410
1576;880000;V1BIS;476237;477155
1577;880000;V1LONS;472593;474140
1578;880000;V2BIS;475723;476662
1579;880000;V2LONS;472593;473876
1580;880000;V2V2LO;473917;474133
1581;886000;1BIS;13180;13983
1582;89000;V1BIS;338920;350470
1583;89000;V2BIS;338900;351307
1584;890000;1E;23770;24940
1585;890000;2E;24480;25490
1586;893000;V1BIS;504407;510213
1587;893000;V2BIS;504416;510247
1588;90000;V1BIS;349043;351886
1589;90000;V1BIS;375350;376500
1590;90000;V2BIS;351436;355618
1591;90000;V2BIS;375350;376460
1592;900000;1BIS;185861;186883
1593;900000;1BIS;198737;200055
1594;900000;2BIS;185527;186545
1595;905000;V1BIS;4277;6613
1596;905000;V2BIS;4183;6613
1597;975900;VDC1;10555;10911
1598;975900;VDC2;10555;10911
1599;979000;V33;1744;2223
1600;979000;V34;1795;2223
1601;990000;VR;56000;57300
1602;991301;VN1;0;514
1603;991301;VN2;0;514
1604;991302;VS1;0;538
1605;991302;VS2;0;538
1606;992300;VR1;0;2313
1607;992300;VR2;0;2271
1608;1000;1S;262;396
1609;1000;10;72;682
1610;1000;11;72;424
1611;1000;12;90;510
1612;1000;13;90;550
1613;1000;14;90;428
1614;1000;15;90;465
1615;1000;16;90;490
1616;1000;17;90;682
1617;1000;18;90;488
1618;1000;19;90;440
1619;1000;1BIS;307069;308100
1620;1000;1BIS;261298;262285
1621;1000;1BIS;295950;297192
1622;1000;1BIS;473270;474336
1623;1000;1FB;7286;7953
1624;1000;1M;7670;8580
1625;1000;1RF;3430;4305
1626;1000;1T;933;2277
1627;1000;2;72;364
1628;1000;2;442414;442971
1629;1000;20;90;470
1630;1000;21;90;682
1631;1000;22;90;550
1632;1000;23;90;407
1633;1000;24;72;416
1634;1000;25;72;616
1635;1000;26;72;662
1636;1000;27;72;587
1637;1000;28;90;722
1638;1000;29;90;443
1639;1000;2BIS;307069;308072
1640;1000;2BIS;261420;262000
1641;1000;2BIS;296330;297414
1642;1000;2BIS;473200;474331
1643;1000;2BIS-R;893;2207
1644;1000;2FB;7085;7953
1645;1000;2M;7295;8698
1646;1000;2R;715;2272
1647;1000;2RF;3435;4326
1648;1000;2T;674;933
1649;1000;2TER;307208;307820
1650;1000;3;72;445
1651;1000;VL;1125;7085
1652;1000;3;37850;38450
1653;1000;3;128474;129525
1654;1000;30;90;435
1655;1000;4;72;715
1656;1000;4;37440;38350
1657;1000;4;52030;53080
1658;1000;4;442380;442945
1659;1000;5;72;674
1660;1000;5;128516;129440
1661;1000;5;442440;442844
1662;1000;1BIS;218214;219250
1663;1000;2BIS;218214;219250
1664;1000;6;72;665
1665;1000;7;72;709
1666;1000;8;72;500
1667;1000;9;72;458
1668;1000;A;15875;16162
1669;1000;A;20520;21010
1670;1000;A;165490;166459
1671;1000;A;380227;381244
1672;1000;A;409955;411135
1673;1000;A;442735;442960
1674;1000;A4;986;1200
1675;1000;A5;962;1060
1676;1000;B;15832;16162
1677;1000;B;165587;166409
1678;1000;C;1155;1558
1679;1000;C;15370;15870
1680;1000;C;295060;295950
1681;1000;E;7085;7500
1682;1000;J0000E;95;150
1683;1000;J0000B;95;150
1684;1000;J0000C;95;150
1685;1000;J0000D;95;150
1686;1000;J0001N;115;170
1687;1000;J0001M;115;173
1688;1000;J0001P;133;173
1689;1000;J0003A;340;398
1690;1000;J0003;332;605
1691;1000;J0003C;370;415
1692;1000;J0003B;365;410
1693;1000;J0005C;552;640
1694;1000;J0004;474;530
1695;1000;J0004B;490;587
1696;1000;J0004C;490;550
1697;1000;J0004D;490;555
1698;1000;J0005;500;586
1699;1000;J0005A;505;593
1700;1000;J0006;616;682
1701;1000;J0005D;557;682
1702;1000;J0004A;490;556
1703;1000;J0005F;588;709
1704;1000;J0005G;595;682
1705;1000;J0005B;510;715
1706;1000;J0006A;662;722
1707;1000;J0004E;492;538
1708;1000;J0007;750;962
1709;1000;J0007A;750;933
1710;1000;J0007B;758;890
1711;1000;J0008;800;891
1712;1000;J0008A;822;885
1713;1000;J0009;900;975
1714;1000;J0009A;932;995
1715;1000;J0007C;756;812
1716;1000;J0009C;947;995
1717;1000;J0009D;980;1025
1718;1000;J0010;1075;1155
1719;1000;J0010A;1075;1130
1720;1000;J0011A;1111;1163
1721;1000;J0011;1108;1157
1722;1000;J0011C;1159;1281
1723;1000;J0014A;1470;1687
1724;1000;J0014;1466;1547
1725;1000;J0014B;1492;1541
1726;1000;J0015A;1594;1638
1727;1000;J0016;1641;1738
1728;1000;J0016A;1656;1780
1729;1000;J0017;1716;1837
1730;1000;J0021;2126;2190
1731;1000;J0020;2030;2110
1732;1000;J0037;3744;3983
1733;1000;J0039;3959;4130
1734;1000;J0043;4343;4427
1735;1000;J0050;5033;5231
1736;1000;J0052;5214;5474
1737;1000;J0053;5335;5409
1738;1000;J0063;6397;6476
1739;1000;J0064;6400;6515
1740;1000;J0069;6927;7015
1741;1000;J0071;7100;7333
1742;1000;J0082;8208;8377
1743;1000;J0082A;8249;8484
1744;1000;J0082B;8285;8443
1745;1000;J0083;8392;8665
1746;1000;J0084;8426;8575
1747;1000;J0082C;8285;8387
1748;1000;J0090;9050;9215
1749;1000;J0104;10460;10700
1750;1000;J0108;10843;10954
1751;1000;J0149;14919;15160
1752;1000;J0151;15186;15288
1753;1000;J0152;15315;15548
1754;1000;J0157;15715;15780
1755;1000;J0157B;15765;15832
1756;1000;J0158;15832;15926
1757;1000;J0158A;15780;15832
1758;1000;J0159;15936;16044
1759;1000;J0163;16323;16410
1760;1000;J0204;20405;20490
1761;1000;J0205;20512;20640
1762;1000;J0208;20860;20950
1763;1000;J0212;21275;21357
1764;1000;J0259;25960;26015
1765;1000;J0266;26605;26740
1766;1000;J0269;26910;26990
1767;1000;J0303;30370;30500
1768;1000;J0305;30550;30680
1769;1000;J0361;36180;36308
1770;1000;J0376;37601;37720
1771;1000;J0378;37835;37928
1772;1000;J0379A;37928;37968
1773;1000;J0383;38353;38426
1774;1000;J0383A;38340;38385
1775;1000;J0383B;38385;38475
1776;1000;J0519;51988;52030
1777;1000;J0518;51860;51920
1778;1000;J0531;53085;53145
1779;1000;J0615;61531;61605
1780;1000;J0622;62260;62320
1781;1000;J0631;63195;63255
1782;1000;J0637;63760;63840
1783;1000;J0690;69070;69100
1784;1000;J0878;87850;87907
1785;1000;A;87910;88434
1786;1000;J0884A;88435;88516
1787;1000;J0943;94319;94380
1788;1000;J0954;95463;95571
1789;1000;J1103;110290;110345
1790;1000;J1107;110728;110798
1791;1000;J1107A;110966;111027
1792;1000;J1283;128315;128381
1793;1000;J1294;129439;129494
1794;1000;J1295;129613;129679
1795;1000;J1357;135730;135927
1796;1000;J1470;147057;147121
1797;1000;J1606;160656;160714
1798;1000;J1632;163237;163300
1799;1000;J1635;163595;163654
1800;1000;J1647;164787;164834
1801;1000;J1655;165549;165600
1802;1000;J1663;166362;166459
1803;1000;J1664;166409;166459
1804;1000;J1665;166541;166601
1805;1000;J1691;169143;169205
1806;1000;J1694;169465;169547
1807;1000;J1696;169620;169702
1808;1000;J1886;188619;188677
1809;1000;J1986;198623;198670
1810;1000;J2198;219839;219898
1811;1000;J2503;250310;250385
1812;1000;J2611;261115;261203
1813;1000;J2612;261205;261290
1814;1000;J2622;262248;262332
1815;1000;J2940;294003;294057
1816;1000;J2950;295060;295135
1817;1000;J2959;295950;296032
1818;1000;J2960;296031;296140
1819;1000;J2972A;297278;297375
1820;1000;J3078;307820;307850
1821;1000;J3078A;307828;307860
1822;1000;J3079;307912;307955
1823;1000;J3115;311536;311598
1824;1000;J3461;346155;346230
1825;1000;J3600;360048;360113
1826;1000;J3783;378302;378363
1827;1000;J3800;380010;380080
1828;1000;J3812;381245;381313
1829;1000;J4098;409802;409890
1830;1000;J4111;411136;411225
1831;1000;J4269;426988;427080
1832;1000;J4363;436317;436362
1833;1000;J4363A;436394;436453
1834;1000;J4410;440995;441073
1835;1000;J4420;442059;442120
1836;1000;J4421;442121;442201
1837;1000;J4423;442309;442380
1838;1000;J4423A;442387;442435
1839;1000;J4428;442876;442970
1840;1000;J4429;443030;443250
1841;1000;J4429A;442960;442997
1842;1000;J4429B;442997;443150
1843;1000;J4440;444059;444119
1844;1000;J4441;444145;444233
1845;1000;J4563;456322;456381
1846;1000;J4650;465002;465066
1847;1000;J4731;473168;473228
1848;1000;J4744;474416;474485
1849;1000;J4744A;474489;474547
1850;1000;J4902;490232;490290
1851;1000;M;682;8355
1852;1000;N;3655;4985
1853;1000;N2;6693;7045
1854;1000;SASM1;442905;443115
1855;1000;SASM2;442898;443115
1856;1000;SAS;442169;442387
1857;10000;A;53000;54120
1858;10000;B;53025;54060
1859;10000;D;32957;33710
1860;110000;3;42164;42700
1861;110000;3;44568;45040
1862;110000;B;18159;19055
1863;110000;J0003;303;400
1864;110000;J0001;163;365
1865;110000;J0004;465;550
1866;110000;J0133;13350;13410
1867;110000;J0180;18015;18095
1868;110000;J0190;19001;19095
1869;110000;J0191;19181;19273
1870;110000;J0310;31050;31098
1871;110000;J0422;42200;42266
1872;110000;J0444;44482;44559
1873;110000;B;51740;52594
1874;110000;B;61387;62200
1875;111000;J0000;74;142
1876;111000;J0001;172;267
1877;111000;11;-182;172
1878;111000;A;16913;17610
1879;111000;E;24520;25099
1880;111000;E;29618;30323
1881;114300;A;630;860
1882;114300;J0007;700;811
1883;114300;J0010;1023;1080
1884;115000;1;107904;108482
1885;115000;1BIS;18667;19708
1886;115000;1BIS;30893;31933
1887;115000;1BIS;42877;44210
1888;115000;1BIS;51676;52714
1889;115000;1BIS;66012;67076
1890;115000;1BIS;77550;78609
1891;115000;1BIS;91274;92330
1892;115000;1BIS;134822;135730
1893;115000;1BIS3;108393;109871
1894;115000;1M;107800;108750
1895;115000;2BIS;11223;20699
1896;115000;2BIS;30650;31672
1897;115000;2BIS;42806;44210
1898;115000;2BIS;52901;54020
1899;115000;2BIS;66011;67074
1900;115000;2BIS;78835;79882
1901;115000;2BIS;90637;91770
1902;115000;2BIS;134819;135822
1903;115000;2BIS3;108504;109874
1904;115000;2M;107794;108778
1905;115000;3;65364;66276
1906;115000;3;107878;108466
1907;115000;4;65457;66273
1908;115000;5;65497;66025
1909;115000;6;107886;108504
1910;115000;8;107922;108497
1911;115000;C;134640;134939
1912;115000;J0004;425;465
1913;115000;J0004A;425;465
1914;115000;J0063;6375;6506
1915;115000;J0065;6561;6696
1916;115000;J0182;18280;18412
1917;115000;J0185;18523;18654
1918;115000;J0304;30471;30602
1919;115000;J0307;30747;30878
1920;115000;J0425;42524;42612
1921;115000;J0427;42667;42770
1922;115000;J0442;44218;44378
1923;115000;J0445;44524;44614
1924;115000;J0537;53783;53914
1925;115000;J0540;54088;54218
1926;115000;J0648;64830;64957
1927;115000;J0651;65163;65294
1928;115000;J0660;66000;66065
1929;115000;J0660A;66025;66077
1930;115000;J0671;67134;67280
1931;115000;J0674;67439;67567
1932;115000;J0796;79653;79784
1933;115000;J0799;79953;80085
1934;115000;J0904;90482;90550
1935;115000;J0915;91542;91674
1936;115000;J0917;91789;91921
1937;115000;J0974;97461;97521
1938;115000;J0978;97815;97877
1939;115000;J0988;98880;98983
1940;115000;J0990;99008;99094
1941;115000;J1022;102228;102357
1942;115000;J1026;102676;102808
1943;115000;J1030;103047;103177
1944;115000;J1043;104315;104368
1945;115000;J1077;107703;107794
1946;115000;J1077A;107708;107830
1947;115000;J1078;107810;107897
1948;115000;J1079;107943;108007
1949;115000;J1084;108467;108611
1950;115000;J1085;108570;108660
1951;115000;J1086;108631;108697
1952;115000;J1098;109885;109980
1953;115000;J1100;110066;110161
1954;115000;J1146;114655;114844
1955;115000;J1149;114928;115118
1956;115000;J1333;133304;133514
1957;115000;J1338;133850;134047
1958;115000;J1344;134640;134770
1959;115000;J1358;135868;135953
1960;119000;E;23996;24229
1961;119000;E;5738;6147
1962;119000;E;18196;18639
1963;124000;J0013;1379;1500
1964;124000;J0016;1647;1762
1965;124000;A;6165;7382
1966;124000;B;13307;14505
1967;125000;C;1471;4398
1968;125000;J0004;432;536
1969;125000;J0012;1280;1377
1970;125000;J0017;1745;1780
1971;125000;J0021;2198;2239
1972;125000;J0026;2675;2740
1973;125000;J0027;2760;2820
1974;125000;J0032;3290;3344
1975;125000;J0042;4265;4369
1976;125000;J0072;7271;7300
1977;125306;1R;0;245
1978;125306;2R;0;245
1979;130000;A;8919;9655
1980;130000;J0001;198;316
1981;130000;1;27049;27590
1982;130000;2;14157;14517
1983;1379;J0005;506;567
1984;1379;J0005A;576;637
1985;1379;J0006;683;764
1986;1379;J0007;773;855
1987;1379;J0012;1293;1375
1988;1379;J0014;1498;1745
1989;1379;T3;1189;1985
1990;138000;J0077;7775;7850
1991;140000;1BIS;146711;147660
1992;140000;1BIS3;150605;152200
1993;140000;2BIS;130920;132246
1994;140000;2BIS;146774;147766
1995;140000;J0670;67038;67190
1996;140000;J0774;77449;77508
1997;140000;J0776;77618;77680
1998;140000;J1004;100452;100509
1999;140000;J1018;101890;101948
2000;140000;J1019;101956;102013
2001;140000;J1085;108506;108617
2002;140000;J1310;131025;131100
2003;140000;J1320;132033;132107
2004;140000;J1328;132800;132920
2005;140000;J1417;141787;141925
2006;140000;J1419;141974;142105
2007;140000;J1502;150295;150426
2008;140000;J1520;152045;152130
2009;140000;J1523;152360;152480
2010;140000;J1522;152227;152359
2011;140000;J1525;152505;152565
2012;140000;J1537;153679;153710
2013;140000;J1538;153870;153900
2014;141000;J0063;6349;6430
2015;142000;1B-2B;6964;7592
2016;142000;3;2322;3569
2017;142000;J0004A;405;475
2018;142000;J0003;325;425
2019;142000;J0004;465;560
2020;142000;25;228;725
2021;142000;J0018;1809;1893
2022;142000;J0035;3537;3608
2023;142000;J0036;3616;3681
2024;142000;J0068;6848;6915
2025;145000;1B-2B;21232;21877
2026;145000;3;54825;55810
2027;145000;6ATEL;3595;4116
2028;145000;J0003;300;370
2029;145000;J0004;410;560
2030;145000;J0005;548;588
2031;145000;J0034;3450;3595
2032;145000;J0035;3595;3683
2033;145000;J0076;7685;7730
2034;145000;J0208;20890;20980
2035;145000;J0358;35846;35912
2036;145000;J0546;54674;54750
2037;145306;J0016;1630;1720
2038;145306;J0017;1730;1820
2039;146000;J0000;32;200
2040;146000;J0001;190;256
2041;146000;J0002;286;316
2042;146000;J0173;17303;17362
2043;146000;J0240;24023;24114
2044;146000;E;40246;41260
2045;146000;B;57289;57777
2046;146000;C;57191;57818
2047;15000;CIRCU;207300;214701
2048;15000;EVIT;207300;208219
2049;159000;B;44516;45113
2050;159000;B;61803;62245
2051;159000;B;72230;72828
2052;159000;J0005;521;900
2053;159000;J0028;2868;2900
2054;159000;J0038;3825;3875
2055;159000;J0830;83009;83308
2056;159000;J0832;83236;83345
2057;159000;J0841;84162;84272
2058;159000;J1057;105727;105765
2059;159000;J1060;106055;106087
2060;159000;J1068;106948;106976
2061;159000;J1209;120926;120974
2062;159000;J1216;121670;121710
2063;159000;J1217;121744;121772
2064;159000;J1226;122665;122704
2065;159000;B;18122;18588
2066;159000;B;10343;11013
2067;159000;B;21300;21825
2068;160000;1BIS;18427;19382
2069;161000;A;73470;74486
2070;161000;B;73515;74486
2071;161000;J0002;240;360
2072;161000;J0132;13200;13256
2073;161000;J0132A;13256;13297
2074;161000;J0141;14102;14157
2075;161000;J0210;21034;21098
2076;161000;J0303;30353;30405
2077;161000;J0484;48404;48501
2078;161000;J0487;48727;48779
2079;161000;J0617;61772;61832
2080;161000;J0731;73140;73210
2081;168000;A;26850;27546
2082;168000;B;26850;27546
2083;168000;B;17275;18214
2084;169000;A;7760;7985
2085;169000;B;7760;7985
2086;172000;A;16627;17615
2087;172000;B;16675;17580
2088;172000;J0165;16485;16579
2089;172000;J0176;17616;17675
2090;172000;J0272;27215;27343
2091;172000;J0281;28165;28225
2092;172000;J0382;38294;38350
2093;172000;J0383;38362;38460
2094;172000;J0394;39350;39414
2095;172000;J0394A;39420;39483
2096;172000;J0465;46543;46605
2097;172000;J0466;46643;46699
2098;172000;J0473;47332;47420
2099;172000;J0475;47560;47615
2100;172000;J0485;48509;48585
2101;174000;J0362;36200;36247
2102;174000;J0374;37419;37471
2103;174000;J0498;49818;49873
2104;174000;J0500;50018;50070
2105;174000;J0508;50830;50893
2106;174000;J0508A;50893;50937
2107;177000;J0002;282;362
2108;177000;J0013;1395;1515
2109;177000;J0063;6354;6417
2110;177000;J0096;9620;9680
2111;177000;J0165;16508;16550
2112;177000;M;85;1305
2113;178000;J0205;20536;20614
2114;178000;J0206;20665;20747
2115;178000;J0212;21274;21331
2116;178000;J0218;21897;21960
2117;178000;J0220;22083;22135
2118;180000;1BIST;162198;163480
2119;180000;1M;161240;164903
2120;180000;1M;187335;188089
2121;180000;1T;162115;163547
2122;180000;2M;187335;188089
2123;180000;2T;162350;164550
2124;180000;3;171700;172052
2125;180000;S;165951;166262
2126;180000;A;187400;187900
2127;180000;J1612;161290;161577
2128;180000;D;187284;188222
2129;180000;DO;162980;163613
2130;180000;C;187375;188283
2131;180000;F;187290;188140
2132;180000;FE;164500;164830
2133;180000;1BIS-S;163900;165270
2134;180000;J1549;154960;155029
2135;180000;J1584;158490;158620
2136;180000;J1597;159795;159943
2137;180000;J1598;159825;159969
2138;180000;J1600;160042;160185
2139;180000;J1610;161053;161150
2140;180000;J1614;161430;161536
2141;180000;J1611;161195;161275
2142;180000;J1618A;162085;162320
2143;180000;J1628;162895;162970
2144;180000;FO;164650;165220
2145;180000;J1659;165954;166048
2146;180000;J1667;166727;166910
2147;180000;J1667A;166762;166930
2148;180000;J1669;166973;167108
2149;180000;J1669A;166977;167111
2150;180000;J1705;170562;170615
2151;180000;J1710;171067;171150
2152;180000;J1711;171180;171290
2153;180000;J1713;171323;171405
2154;180000;J1720;172095;172180
2155;180000;J1720A;172052;172228
2156;180000;J1723;172300;172380
2157;180000;J1724;172430;172530
2158;180000;J1725;172560;172640
2159;180000;J1735;173538;173612
2160;180000;J1827;182725;182755
2161;180000;13;183830;184045
2162;180000;J1838A;183945;183990
2163;180000;J1849;184955;185030
2164;180000;J1862;186275;186406
2165;180000;J1863;186347;186490
2166;180000;J1863A;186365;186505
2167;180000;J1865;186528;186693
2168;180000;J1867;186746;186890
2169;180000;J1874;187430;187515
2170;180000;J1881;188172;188258
2171;180000;J1891;189140;189180
2172;180000;MA1;161570;162115
2173;180000;RE;163415;163850
2174;180000;REN;161425;162220
2175;180000;RO;163480;164038
2176;192000;J1533;153352;153400
2177;192000;J1535;153585;153610
2178;192000;J1535A;153585;153610
2179;192000;J1539;153907;153970
2180;192000;J1588;158890;158980
2181;2000;A;40460;40905
2182;2000;B;70722;71738
2183;2000;C;70815;71575
2184;2000;E;48708;50150
2185;2000;E;55727;56855
2186;2000;J0386;38610;38680
2187;2000;J0403;40310;40379
2188;2000;J0404;40407;40503
2189;2000;J0409;40940;41023
2190;20000;1B-2B;233970;234610
2191;20000;1T-2T;234055;234450
2192;20000;J2333;233310;233325
2193;20000;J2339;233905;233960
2194;20000;J2344;234490;234530
2195;20000;J2346;234610;234660
2196;20000;J2378;237810;237905
2197;20000;J2396;239698;239753
2198;20000;J2628;262890;262950
2199;20000;J2761;276170;276220
2200;20000;J2935;293565;293761
2201;202000;1B;243533;243947
2202;202000;1IV;243545;243952
2203;202000;2B;243590;243995
2204;202000;J2279;227920;228051
2205;202000;J2420;242020;242078
2206;202000;J2430A;243108;243148
2207;202000;J2435A;243512;243545
2208;202000;J2435;243505;243610
2209;202000;J2436;243620;243690
2210;202000;J2439;243926;243984
2211;202000;J2440;244060;244115
2212;202000;J2469;246957;246985
2213;203000;2T;243470;244020
2214;203000;J2435;243550;243575
2215;203000;J2438;243845;243888
2216;203000;J2439;243970;244020
2217;204000;1BIS;207122;208197
2218;204000;1BIS;157898;158680
2219;204000;1MB2MB;145785;146322
2220;204000;1TER;158014;158780
2221;204000;2BIS;206960;208211
2222;204000;2BIS;158084;158758
2223;204000;A;38;890
2224;204000;C;227771;228880
2225;204000;D;227802;228701
2226;204000;J1408;140819;140881
2227;204000;J1445;144508;144567
2228;204000;J1445A;144552;144688
2229;204000;J1458;145837;145912
2230;204000;J1459;145920;146010
2231;204000;J1463;146370;146432
2232;204000;J1537;153797;153908
2233;204000;J1576;157692;157758
2234;204000;J1579;157926;157981
2235;204000;J1589;158900;158952
2236;204000;J1621;162189;162248
2237;204000;J1805;180512;180575
2238;204000;J1887;188780;188860
2239;204000;J2082;208229;208292
2240;204000;J2276;227600;227661
2241;204000;J2277A;227786;227871
2242;204000;J2287;228753;228800
2243;204000;J2291;229143;229228
2244;204000;J2522;252235;252295
2245;204000;J2538;253840;253949
2246;204000;J2541;254121;254182
2247;204000;J2683;268317;268352
2248;204000;J2686;268624;268660
2249;204000;J2692;269216;269260
2250;205000;B;54580;55229
2251;205000;D;54637;55195
2252;205000;3;70987;72069
2253;205000;3;101085;102125
2254;205000;1;142350;143194
2255;205000;4;142207;142809
2256;205000;F;54637;55197
2257;205000;5;142298;142840
2258;205000;G;54595;55230
2259;205000;A;54580;55195
2260;205000;EVIT;9648;10425
2261;205000;J0278;27850;27940
2262;205000;J0285;28563;28600
2263;205000;J0462;46262;46303
2264;205000;J0512;51234;51270
2265;205000;J0544;54485;54530
2266;205000;J0545;54550;54580
2267;205000;J0552;55231;55294
2268;205000;J0552A;55230;55465
2269;205000;J0553;55363;55407
2270;205000;J0554;55465;55510
2271;205000;J0561;56106;56160
2272;205000;J0572;57207;57276
2273;205000;J0709;70913;70975
2274;205000;J0709A;70987;71070
2275;205000;J0720;72069;72098
2276;205000;J0721;72145;72227
2277;205000;J0940;94066;94140
2278;205000;J0946;94603;94743
2279;205000;J1009;100990;101060
2280;205000;J1023;102300;102405
2281;205000;J1265;126567;126629
2282;205000;J1394;139484;139515
2283;205000;J1406;140683;140751
2284;205000;J1428;142897;142950
2285;205000;J1429;142950;143004
2286;205000;J1430;143070;143114
2287;205000;J1492;149207;149245
2288;205000;J1496;149677;149714
2289;205000;J1599;159920;159980
2290;205000;J1750;175085;175120
2291;205000;J1755;175560;175600
2292;205000;J1830;183087;183114
2293;205000;J1949;194973;195001
2294;205000;J1957;195786;195848
2295;205000;J2057;205750;205911
2296;205311;J1404;140460;140650
2297;205311;J1405;140550;140684
2298;207000;2;15913;16773
2299;210000;2;28040;28621
2300;210000;A;40259;41036
2301;212000;1B-2B;26560;27590
2302;212000;1T-2T;26610;27550
2303;212000;J0265;26500;26559
2304;212000;J0275;27590;27640
2305;216000;3;55694;57340
2306;216000;3TGV;112104;113187
2307;216000;4TGV;112104;113187
2308;216000;43;11292;12190
2309;216000;44;11292;12190
2310;216000;45;11361;12122
2311;216000;46;11361;12122
2312;216000;5;30870;31213
2313;216000;5;55694;55844
2314;216000;5;81500;81915
2315;216000;7;56882;57340
2316;216000;7;81500;81558
2317;216000;J0080;8069;8287
2318;216000;J0083;8314;8532
2319;216000;J0109;10957;11113
2320;216000;J0111;11182;11268
2321;216000;J0122;12215;12301
2322;216000;J0145;14539;14758
2323;216000;J0167;16756;16973
2324;216000;J0312A;31220;31507
2325;216000;J0316;31607;31894
2326;216000;J0555;55502;55789
2327;216000;J0558;55866;56020
2328;216000;J0567;56706;56860
2329;216000;J0569;56937;57224
2330;216000;J0808;80834;81121
2331;216000;J0812;81221;81508
2332;216000;J0813;81378;81615
2333;216000;J0998;99801;100083
2334;216000;J1001;100188;100475
2335;220000;1B;361860;362870
2336;220000;J3624;362480;362520
2337;222000;J0501;50167;50207
2338;223000;J1425;142587;142652
2339;223000;J1426;142655;142707
2340;223000;J1502;150231;150279
2341;226000;3;38698;39692
2342;226000;3;142623;143303
2343;226000;3;182219;182905
2344;226000;3;208321;209007
2345;226000;4;110175;111469
2346;226000;5;74680;75006
2347;226000;5;142300;142623
2348;226000;5;181892;182219
2349;226000;5;207994;208321
2350;226000;7;143303;143960
2351;226000;7;182905;183581
2352;226000;7;209007;209657
2353;226000;J0013;1358;1631
2354;226000;J0591;59107;59394
2355;226000;J0594;59494;59781
2356;226000;J0748;74877;75164
2357;226000;J0752;75264;75551
2358;226000;J0874;87459;87746
2359;226000;J0878;87846;88133
2360;226000;J1095;109582;109868
2361;226000;J1118;111817;112104
2362;226000;J1277;127744;128031
2363;226000;J1281;128131;128418
2364;226000;J1421;142105;142392
2365;226000;J1424;142469;142623
2366;226000;J1433;143303;143463
2367;226000;J1435;143540;143827
2368;226000;J1620;162021;162307
2369;226000;J1671;167179;167466
2370;226000;J1675;167566;167853
2371;226000;J1817;181701;181988
2372;226000;J1820;182065;182219
2373;226000;J1829;182905;183059
2374;226000;J1831;183136;183423
2375;226000;J1936;193646;193933
2376;226000;J1940;194032;194319
2377;226000;J2078;207803;208090
2378;226000;J2081;208167;208321
2379;226000;J2090;209007;209161
2380;226000;J2092;209238;209525
2381;226310;3;6963;8011
2382;226310;3MLV;30524;32677
2383;226310;3T;32304;33116
2384;226310;4;6963;8011
2385;226310;4MLV;30477;32660
2386;226310;4T;32304;33116
2387;226310;5;7059;7915
2388;226310;5MLV;30538;32162
2389;226310;5T;31938;33000
2390;226310;6;7059;7915
2391;226310;J0030;3034;3195
2392;226310;VS;3235;3600
2393;226310;J0066;6603;6877
2394;226310;J0080;8051;8212
2395;226310;J0257;25731;26004
2396;226310;J0260;26091;26364
2397;226310;J0306;30697;30917
2398;226310;J0316;31608;31816
2399;226310;J0316A;31654;31898
2400;10000;UNIQUE;53890;72856
2401;70000;V2LGV;21581;22703
2402;70000;J0222;22246;22470
2403;226310;J0436;43650;43923
2404;226310;J0440;44010;44283
2405;226310;J0062;6243;6517
2406;229000;V18;2550;3360
2407;229000;V19;2500;3280
2408;229000;4;104030;104600
2409;229000;CM1;9772;10796
2410;229000;CM2;9818;10760
2411;229000;CM3;10796;11734
2412;229000;CM4;10760;11886
2413;229000;CM5;11886;12330
2414;229000;CM7;12330;13157
2415;272316;DB;3475;3922
2416;229000;E;163306;164215
2417;229000;FSASR;9452;9731
2418;229000;J0028;2852;2965
2419;229000;J0033;3340;3360
2420;229000;J0033A;3320;3450
2421;229000;J0033B;3340;3360
2422;229000;J0033C;3380;3400
2423;229000;J0037;3720;3860
2424;229000;J0037A;3720;3860
2425;229000;J0038;3830;4000
2426;229000;J0039;3900;3988
2427;229000;J0039A;3923;3990
2428;229000;J0051;5180;5250
2429;229000;J0088;8860;8920
2430;229000;J0091;9140;9180
2431;229000;J0093;9316;9452
2432;229000;J0095;9506;9570
2433;229000;J0095A;9508;9626
2434;229000;J0096;9695;9820
2435;229000;J0096A;9663;9752
2436;229000;J0097;9772;9818
2437;229000;J0103;10300;10360
2438;229000;J0106;10630;10677
2439;229000;J0107;10721;10796
2440;229000;J0112;11200;11250
2441;229000;J0112A;11250;11283
2442;229000;J0116;11638;11707
2443;229000;J0117;11705;11741
2444;229000;J0119;11995;12250
2445;229000;J0132;13230;13280
2446;229000;J0139;13904;13984
2447;229000;J0139A;13904;13987
2448;229000;J0139B;13988;14070
2449;229000;J0139C;13985;14085
2450;229000;J0140;14086;14184
2451;229000;J0141;14190;14270
2452;229000;J0141A;14195;14321
2453;229000;J0147;14761;14849
2454;229000;J0147A;14790;14884
2455;229000;J0148;14850;14940
2456;229000;J0148A;14870;14955
2457;229000;J0148B;14885;15004
2458;229000;J0157;15722;15820
2459;229000;J0157A;15722;15824
2460;229000;J0158;15825;15920
2461;229000;J0158A;15870;15935
2462;229000;J0230;23020;23105
2463;229000;J0230A;23015;23100
2464;229000;J0232;23232;23450
2465;229000;J0260;26082;26280
2466;229000;J0260A;26095;26176
2467;229000;J0262;26281;26350
2468;229000;J0263;26380;26510
2469;229000;J0271;27140;27183
2470;229000;J0275;27515;27575
2471;229000;J0336;33650;33672
2472;229000;J0347;34730;34788
2473;229000;J0419;41945;42000
2474;229000;C;55143;55490
2475;229000;J0561;56110;56152
2476;229000;J0602;60240;60320
2477;229000;J0603;60370;60400
2478;229000;J0603A;60384;60410
2479;229000;J0604;60420;60500
2480;229000;J0605;60500;60557
2481;229000;J0613;61370;61430
2482;229000;J0614;61430;61471
2483;229000;J0623;62308;62480
2484;229000;J0677;67718;67770
2485;229000;J0766;76620;76750
2486;229000;J0775;77515;77564
2487;229000;J0932;93209;93300
2488;229000;J1039;103982;104030
2489;229000;J1040;104084;104142
2490;229000;J1049;104926;104973
2491;229000;J1084;108490;108518
2492;229000;J1092;109255;109335
2493;229000;LIA.F;9467;9550
2494;229000;MB;13035;14135
2495;229000;RE;3280;3815
2496;229000;SA;3190;3700
2497;229000;SA/SC;11417;11932
2498;229000;SASJ;9180;9467
2499;229000;SE;3280;3850
2500;229306;I;55965;56080
2501;229306;J0557;55792;56010
2502;229306;J0558;55830;56080
2503;229306;J0559;55901;56150
2504;229306;J0561;56135;56175
2505;229306;J0572A;57270;57460
2506;229306;J0572;57220;57385
2507;229306;J0575;57550;57757
2508;232000;EVIT;90141;91033
2509;232000;EVIT;114740;115780
2510;232000;EVIT;132541;133405
2511;232000;J0554;55490;55540
2512;232000;J0555;55540;55580
2513;232000;J0562;56183;56370
2514;232000;J0565;56588;56634
2515;232000;J0725;72575;72680
2516;232000;J0740;74070;74140
2517;242000;10;215180;215845
2518;242000;3;70280;71364
2519;242000;3;83230;83900
2520;242000;3;107377;108495
2521;242000;3;130895;131623
2522;242000;3;152251;153220
2523;242000;3;227932;228698
2524;242000;3;237333;238235
2525;242000;4;70204;71182
2526;242000;4;106744;107836
2527;242000;4;130915;131692
2528;242000;4;152180;153132
2529;242000;4;215180;215950
2530;242000;4;237355;237695
2531;242000;5;83400;83855
2532;242000;5;152806;153193
2533;242000;5;228180;228646
2534;242000;6;130915;131730
2535;242000;6;152636;153213
2536;242000;6;215180;216005
2537;242000;7;83430;83810
2538;242000;7;152806;153170
2539;242000;7;180046;181107
2540;242000;7;228156;228630
2541;242000;8;215276;215910
2542;242000;9;83120;83950
2543;242000;AM;215800;216545
2544;242000;ATTENT;215170;215400
2545;242000;B;215920;216490
2546;242000;C;215920;216480
2547;242000;CM1;130730;131558
2548;242000;CM2;130895;132040
2549;242000;CM3;131558;132107
2550;242000;D1;216490;216735
2551;242000;D3;216735;217620
2552;242000;N;132040;132624
2553;242000;DM;215775;216545
2554;242000;E;215860;216410
2555;242000;E1;237473;238410
2556;242000;E2;237247;238250
2557;242000;EC1;151057;152251
2558;242000;F;215845;216390
2559;242000;F2;130636;132699
2560;242000;SAS;132384;132835
2561;242000;F3;132643;134047
2562;242000;GA;85244;86230
2563;242000;M;132107;132384
2564;242000;J0509;50955;50985
2565;242000;J0510;51023;51127
2566;242000;J0555;55552;55615
2567;242000;J0613;61386;61425
2568;242000;J0617;61794;61842
2569;242000;J0702;70209;70275
2570;242000;J0712;71202;71261
2571;242000;J0713;71377;71458
2572;242000;J0830;83037;83101
2573;242000;J0838;83824;83935
2574;242000;J0839;83950;83985
2575;242000;J0844;84490;84555
2576;242000;J0847;84753;84835
2577;242000;J0916;91681;91730
2578;242000;J0968;96861;96915
2579;242000;J0973;97350;97390
2580;242000;J1066;106655;106714
2581;242000;J1078;107882;107934
2582;242000;J1235;123490;123562
2583;242000;J1246;124630;124699
2584;242000;J1304;130503;130600
2585;242000;J1306;130640;130859
2586;242000;J1306A;130903;131015
2587;242000;J1306B;130636;130895
2588;242000;J1307;130700;130915
2589;242000;J1308;130815;130900
2590;242000;J1312;131226;131287
2591;242000;J1313;131371;131432
2592;242000;J1318;131817;131970
2593;242000;J1319;131978;132039
2594;242000;J1320;132040;132107
2595;242000;J1322;132245;132321
2596;242000;J1339;133908;134047
2597;242000;J1339A;133914;134007
2598;242000;J1342;134292;134395
2599;242000;J1343;134416;134496
2600;242000;J1383;138320;138479
2601;242000;J1436;143684;143815
2602;242000;J1438;143855;143986
2603;242000;J1519;151942;152078
2604;242000;J1520;152028;152108
2605;242000;J1521;152115;152183
2606;242000;J1531;153133;153350
2607;242000;J1532;153220;153350
2608;242000;J1533;153365;153530
2609;242000;J1536;153660;153795
2610;242000;J1576;157600;157706
2611;242000;J1620;162036;162167
2612;242000;J1624;162400;162532
2613;242000;J1695;169520;169565
2614;242000;J1701;170170;170240
2615;242000;J1712;171230;171361
2616;242000;J1714;171380;171512
2617;242000;J1800;179965;180045
2618;242000;J1810;181040;181140
2619;242000;J1811;181180;181350
2620;242000;J1812;181100;181338
2621;242000;J1890;189000;189067
2622;242000;J2008;200816;200894
2623;242000;J2148;214893;215166
2624;242000;J2148A;214891;215000
2625;242000;J2152;215211;215276
2626;242000;J2154;215475;215545
2627;242000;J2158;215835;215910
2628;242000;J2158A;215860;215935
2629;242000;J2157;215775;215935
2630;242000;J2160;216035;216075
2631;242000;J2162;216215;216265
2632;242000;J2163;216360;216415
2633;242000;J2167;216735;216890
2634;242000;J2192;219270;219400
2635;242000;J2194;219420;219460
2636;242000;J2236;223619;223681
2637;242000;J2246;224686;224757
2638;242000;J2274;227409;227456
2639;242000;J2280;228005;228080
2640;242000;J2289;228868;228928
2641;242000;J2341;234192;234235
2642;242000;J2367;236752;236814
2643;242000;J2370;237043;237085
2644;242000;J2372;237267;237355
2645;242000;J2373;237380;237537
2646;242000;J2374;237417;237530
2647;242000;J2381;238136;238174
2648;242000;J2384;238410;238485
2649;242000;K;216545;216890
2650;242000;L;132500;134046
2651;242000;L2;216480;216775
2652;242000;L4;216775;217620
2653;242000;M1;132384;132835
2654;242000;M1;180260;181350
2655;242000;M2;132835;133568
2656;242000;M2;152130;153223
2657;242000;M2;180477;181552
2658;242000;M3;133568;133914
2659;242000;N1;132624;133689
2660;242000;J;133300;134046
2661;242000;O;215050;215800
2662;242000;P;215000;215775
2663;242000;R;152251;152806
2664;242000;R;216245;217340
2665;242000;RM;217620;219395
2666;242000;SASM;151762;152141
2667;242000;SM;217340;220500
2668;243300;J0761;76179;76259
2669;248000;J0844;84430;84490
2670;250000;3;180220;181280
2671;250000;5;180230;181278
2672;250000;C;205097;206173
2673;250000;C;222880;224034
2674;250000;J1898;189800;189845
2675;250000;J1905;190544;190577
2676;250000;J2043;204395;204522
2677;250000;J2050;205067;205097
2678;250000;J2061;206173;206208
2679;250000;J2204;220475;220521
2680;250000;J2227;222740;222880
2681;250000;J2230;223030;223075
2682;250000;J2238;223800;223923
2683;250000;J2305;230541;230648
2684;250000;J2305A;230536;230648
2685;250000;J2308;230813;230875
2686;250000;J2308A;230876;230973
2687;250000;J2308B;230874;230923
2688;250000;J2309;230993;231054
2689;253000;2;80659;81589
2690;253000;J0810;81050;81105
2691;254000;F;241903;242605
2692;254000;J2350;235045;235090
2693;254000;J2357;235814;235860
2694;254000;J2382;238248;238295
2695;254000;J2391;239155;239235
2696;258000;CM1;222605;223881
2697;258000;CM2;222605;223816
2698;258000;CM3;223881;224047
2699;258000;CM4;223816;224096
2700;258000;EVIT;219142;219610
2701;259000;1;193793;194900
2702;259000;2;193878;194719
2703;259000;4;194173;194672
2704;259000;5;194238;194835
2705;259000;EVIT;208133;209091
2706;259000;EVT;118720;119570
2707;259000;J1939;193960;194049
2708;259000;7;194064;194435
2709;259000;J2207;220726;220770
2710;259000;J2229;222974;223061
2711;259000;J2229A;222953;223012
2712;259000;J2237;223700;223768
2713;26000;B;17490;18242
2714;261000;3/5;106665;107515
2715;261000;12;78240;79025
2716;261000;4;106666;106966
2717;261000;7/9;106720;107500
2718;261000;A;106754;107120
2719;261000;B1;106595;107160
2720;261000;B2;107160;107552
2721;261000;J0020;2020;2075
2722;261000;J0020A;2080;2155
2723;261000;J0023;2376;2640
2724;261000;J0055;5520;5584
2725;261000;J0056;5602;5660
2726;261000;J0373;37330;37500
2727;261000;J0374;37483;37530
2728;261000;J0385;38504;38551
2729;261000;J0459;45952;46014
2730;261000;J0473;47392;47454
2731;261000;J0585;58572;58613
2732;261000;J0587;58719;58746
2733;261000;J0597;59737;59765
2734;261000;J0779;77955;78010
2735;261000;J0781;78000;78140
2736;261000;J0781A;78153;78240
2737;261000;J0790;79025;79044
2738;261000;J0792;79256;79340
2739;261000;J0969;96964;97007
2740;261000;J0977;97700;97742
2741;261000;J1059;105974;106015
2742;261000;J1064;106471;106534
2743;261000;J1065;106546;106592
2744;261000;J1065A;106592;106754
2745;261000;J1066;106666;106720
2746;261000;J1066A;106595;106787
2747;261000;J1070;107046;107160
2748;261000;J1070A;107067;107119
2749;261000;J1070B;107067;107119
2750;261000;J1074;107409;107552
2751;261000;SAS-G;106373;106595
2752;261000;11/13;106754;107515
2753;262000;CM;227077;228102
2754;262000;EVIT;259416;260340
2755;262000;H;229143;229795
2756;262000;J2170;217095;217149
2757;262000;J2260;226066;226123
2758;262000;J2290;229002;229042
2759;262000;J2296;229637;229703
2760;262000;J2296A;229680;229785
2761;262000;J2336;233669;233731
2762;262000;J2440;244022;244075
2763;262000;J2556;255682;255695
2764;262000;Q;228202;229204
2765;262000;X;226913;228202
2766;262000;Y;226274;227082
2767;262000;Z;226223;227077
2768;263300;CM1;250603;251450
2769;263300;CM2;251450;251975
2770;266300;J0013;1327;1492
2771;267000;3;21842;22470
2772;267000;3;109521;110485
2773;267000;5;22071;22420
2774;267000;7;21928;22871
2775;267000;A;47022;47847
2776;267000;A;122340;123436
2777;267000;B;46816;48010
2778;267000;B;122453;123039
2779;267000;J0024;2420;2502
2780;267000;J0061;6151;6212
2781;267000;J0215;21581;21660
2782;267000;J0217;21742;21842
2783;267000;J0223;22360;22408
2784;267000;J0228;22871;22909
2785;267000;J0353;35220;35347
2786;267000;J0451;45138;45198
2787;267000;J0464;46445;46572
2788;267000;J0467;46709;46788
2789;267000;J0469;46972;47103
2790;267000;J0478;47860;47948
2791;267000;J0480;48010;48080
2792;267000;J0511;51118;51164
2793;267000;J0655;65585;65619
2794;267000;J0666;66672;66719
2795;267000;J0788;78832;78860
2796;267000;J0788A;78885;78913
2797;267000;J0794;79470;79528
2798;267000;J0835;83598;83659
2799;267000;J0930;93017;93077
2800;267000;J0939;93985;94050
2801;267000;J1093;109341;109395
2802;267000;J1101;110180;110245
2803;267000;J1104;110485;110502
2804;267000;J1146;114627;114681
2805;267000;J1222;122236;122296
2806;268000;EVIT;279380;280082
2807;268000;EVIT;287497;287906
2808;269000;J0038;3868;3952
2809;269000;J0071;7161;7205
2810;269000;J0075;7518;7550
2811;269000;J0123;12372;12437
2812;27000;2;4298;4859
2813;27000;1TER;-34;763
2814;272000;1;311;412
2815;272000;1;191705;192426
2816;272000;10;125430;127430
2817;272000;10;250496;250815
2818;272000;10;0;742
2819;272000;11;50055;50509
2820;272000;11;250317;250815
2821;272000;11;0;742
2822;272000;12;0;620
2823;272000;12;250510;250862
2824;272000;13;0;450
2825;272000;13;250521;250862
2826;272000;14;250268;250862
2827;272000;14;0;742
2828;272000;15;0;360
2829;272000;15;250564;250862
2830;272000;16;0;400
2831;272000;16;250538;250862
2832;272000;17;0;450
2833;272000;18;0;605
2834;272000;19;0;745
2835;272000;1M;215432;216720
2836;272000;2;160;438
2837;272000;2;191806;192413
2838;272000;2;250307;250908
2839;272000;20;0;660
2840;272000;21;0;665
2841;272000;3;78522;80030
2842;272000;3;93996;95098
2843;272000;3;138896;140024
2844;272000;3;154732;155895
2845;272000;3;192197;192636
2846;272000;3;217135;217728
2847;272000;3;238419;239595
2848;272000;30;0;660
2849;272000;31;0;585
2850;272000;32;0;620
2851;272000;33;0;620
2852;272000;34;0;580
2853;272000;35;0;580
2854;272000;36;0;580
2855;272000;3;0;745
2856;272000;4;0;465
2857;272000;4;64783;66234
2858;272000;4;94917;96112
2859;272000;4;154733;155890
2860;272000;4;173641;174856
2861;272000;4;217000;217927
2862;272000;4;238562;239471
2863;272000;C;50475;50789
2864;272000;5;125232;126250
2865;272000;5;217078;217739
2866;272000;5;0;742
2867;272000;6;0;450
2868;272000;6;217068;217730
2869;272000;7;0;585
2870;272000;7;49908;50527
2871;272000;7;217498;217705
2872;272000;8;0;742
2873;272000;9;50090;50447
2874;272000;9;191810;192380
2875;272000;9;217498;217927
2876;272000;9;0;742
2877;272000;A;14258;14870
2878;272000;A;217092;218628
2879;272000;AL4;50040;51722
2880;272000;B;14372;14870
2881;272000;B;217090;218607
2882;272000;CIH;127306;128158
2883;272000;CIL;127306;127760
2884;272000;CM;45607;49340
2885;272000;D/K;3280;3860
2886;272000;DCE;745;2975
2887;272000;DL3;50040;51728
2888;272000;DLN;3125;3710
2889;272000;DLO;742;3125
2890;272000;DM;49405;50720
2891;272000;EJ;6670;7383
2892;272000;EV;3445;3800
2893;272000;G1;190335;191755
2894;272000;GM;49575;50662
2895;272000;GP;249482;249728
2896;272000;H;128670;130550
2897;272000;J0002;255;390
2898;272000;J0002A;255;365
2899;272000;J0003;310;445
2900;272000;J0003A;310;390
2901;272000;J0003B;310;390
2902;272000;J0003C;330;415
2903;272000;J0003D;330;415
2904;272000;J0003E;365;470
2905;272000;J0003F;365;440
2906;272000;J0003G;366;445
2907;272000;J0003H;380;470
2908;272000;J0003I;380;470
2909;272000;J0004;405;485
2910;272000;J0004A;405;485
2911;272000;J0004B;435;515
2912;272000;J0004C;435;515
2913;272000;J0004D;445;530
2914;272000;J0004E;446;530
2915;272000;J0004F;460;550
2916;272000;J0004G;460;550
2917;272000;J0004H;475;560
2918;272000;J0004I;475;560
2919;272000;J0004J;475;560
2920;272000;J0004K;475;560
2921;272000;J0004L;475;560
2922;272000;J0004M;475;560
2923;272000;J0004N;475;560
2924;272000;J0004O;475;560
2925;272000;J0005;500;580
2926;272000;J0005A;500;665
2927;272000;J0005B;500;585
2928;272000;J0005C;516;605
2929;272000;J0005D;516;605
2930;272000;J0005E;570;655
2931;272000;J0005F;570;655
2932;272000;J0005G;570;655
2933;272000;J0005H;570;655
2934;272000;J0005I;570;655
2935;272000;J0006;645;740
2936;272000;J0006A;645;730
2937;272000;J0006B;660;742
2938;272000;J0006C;660;742
2939;272000;J0006D;660;742
2940;272000;J0006E;660;742
2941;272000;J0006F;660;742
2942;272000;J0006G;660;742
2943;272000;J0006H;670;806
2944;272000;J0006I;670;806
2945;272000;J0007;710;785
2946;272000;J0007A;745;830
2947;272000;J0007B;745;830
2948;272000;J0007C;745;830
2949;272000;J0007D;745;830
2950;272000;J0007E;745;830
2951;272000;J0007F;745;830
2952;272000;J0007G;745;830
2953;272000;J0007H;745;830
2954;272000;J0009;915;1010
2955;272000;J0009A;980;1040
2956;272000;J0010;1020;1245
2957;272000;J0010A;1020;1210
2958;272000;J0011;1180;1310
2959;272000;J0012;1230;1315
2960;272000;J0013;1300;1385
2961;272000;J0013A;1325;1450
2962;272000;J0017A;1600;1890
2963;272000;J0016A;1670;1800
2964;272000;J0016B;1680;1815
2965;272000;J0017;1720;1815
2966;272000;ML;1845;2620
2967;272000;J0018A;1860;1990
2968;272000;J0021;2165;2250
2969;272000;J0023;2390;2500
2970;272000;AC;2080;2470
2971;272000;J0024;2465;2555
2972;272000;J0024A;2471;2615
2973;272000;J0024B;2480;2688
2974;272000;J0026;2688;2850
2975;272000;J0027;2740;2814
2976;272000;J0028;2835;2910
2977;272000;J0030;3080;3300
2978;272000;J0031;3125;3280
2979;272000;J0032;3260;3345
2980;272000;J0033;3330;3630
2981;272000;J0035;3590;3651
2982;272000;J0036;3646;3709
2983;272000;J0036A;3656;3738
2984;272000;J0037;3710;3780
2985;272000;J0038;3835;3992
2986;272000;J0039;3940;4080
2987;272000;J0043;4340;4466
2988;272000;J0049;4935;4996
2989;272000;J0054;5415;5578
2990;272000;J0054A;5455;5574
2991;272000;J0054B;5465;5560
2992;272000;J0054C;5488;5619
2993;272000;J0055;5571;5662
2994;272000;J0055A;5590;5752
2995;272000;J0056;5612;5694
2996;272000;J0056A;5655;5787
2997;272000;J0062;6241;6334
2998;272000;J0062A;6261;6364
2999;272000;J0064;6462;6534
3000;272000;J0064A;6441;6502
3001;272000;J0065;6525;6585
3002;272000;J0067A;6701;6870
3003;272000;J0067;6740;6803
3004;272000;J0071;7182;7353
3005;272000;J0078;7806;7892
3006;272000;J0079;7921;8019
3007;272000;J0080;8049;8128
3008;272000;J0084;8466;8530
3009;272000;J0087;8715;8777
3010;272000;J0101;10147;10372
3011;272000;J0106;10615;10695
3012;272000;J0107;10712;10817
3013;272000;J0107A;10740;10817
3014;272000;J0143;14320;14400
3015;272000;J0144;14430;14580
3016;272000;J0155;15555;15688
3017;272000;J0155A;15555;15740
3018;272000;J0169;16900;17150
3019;272000;J0182;18246;18500
3020;272000;J0185;18530;18658
3021;272000;J0187;18726;18754
3022;272000;J0189;18900;18989
3023;272000;J0190;19028;19110
3024;272000;J0195A;19560;19670
3025;272000;J0289;28870;28933
3026;272000;J0290;28966;29136
3027;272000;J0290A;29001;29060
3028;272000;J0298;29800;29820
3029;272000;J0337;33705;33942
3030;272000;J0340;34009;34166
3031;272000;J0341;34120;34360
3032;272000;J0342;34180;34339
3033;272000;J0352;35260;35489
3034;272000;J0354;35429;35681
3035;272000;J0357;35779;35945
3036;272000;J0357A;35785;35985
3037;272000;J0413;41320;41387
3038;272000;J0457;45780;45966
3039;272000;J0492;49296;49390
3040;272000;J0498;49820;49881
3041;272000;J0500;50055;50095
3042;272000;J0504;50414;50475
3043;272000;J0507;50736;50857
3044;272000;J0507A;50756;50788
3045;272000;J0508;50835;50898
3046;272000;J0519;51905;52036
3047;272000;J0521;52169;52300
3048;272000;J0646;64603;64686
3049;272000;J0662;66265;66396
3050;272000;J0784;78403;78486
3051;272000;J0800;80078;80161
3052;272000;J0935;93528;93610
3053;272000;J0952;95213;95344
3054;272000;J1110;111043;111125
3055;272000;J1111;111174;111254
3056;272000;J1227;122791;122875
3057;272000;J1229;122897;122981
3058;272000;J1253;125392;125454
3059;272000;J1254;125490;125622
3060;272000;J1262;126250;126340
3061;272000;J1273;127340;127430
3062;272000;P;128500;129020
3063;272000;R;128500;129000
3064;272000;J1307;130718;130829
3065;272000;J1308;130830;130941
3066;272000;J1387;138792;138854
3067;272000;J1401;140119;140187
3068;272000;J1545;154533;154614
3069;272000;J1559;155927;156009
3070;272000;J1735;173522;173605
3071;272000;J1747;174857;174939
3072;272000;J1827;182764;182827
3073;272000;J1839;183942;183992
3074;272000;J1896;189607;189755
3075;272000;J1897;189715;189790
3076;272000;J1899;189919;190003
3077;272000;J1898;189800;189950
3078;272000;J1902;190244;190335
3079;272000;J1915;191563;191720
3080;272000;J1915A;191517;191623
3081;272000;J1923;192377;192565
3082;272000;J1925;192520;192636
3083;272000;J1991;199105;199340
3084;272000;J2046;204607;204651
3085;272000;J2119;211891;211925
3086;272000;J2152;215234;215295
3087;272000;J2166;216635;216779
3088;272000;J2129;212956;213015
3089;272000;J2183;218380;218422
3090;272000;J2316;231624;231658
3091;272000;J2385;238530;238642
3092;272000;J2394;239492;239543
3093;272000;J2395;239595;239631
3094;272000;J2483;248300;248400
3095;272000;J2485;248502;248703
3096;272000;J2487;248703;248812
3097;272000;J2488;248885;248989
3098;272000;J2489;248963;249047
3099;272000;J2502;250269;250339
3100;272000;J2502A;250269;250343
3101;272000;J2501;250179;250272
3102;272000;J2503;250346;250537
3103;272000;J2504;250446;250493
3104;272000;J2508;250822;250880
3105;272000;J2507;250779;250837
3106;272000;K;189715;191778
3107;272000;K;218479;220390
3108;272000;L;1800;3230
3109;272000;M;10136;17480
3110;272000;M;35501;35985
3111;272000;M1;191810;192477
3112;272000;M2;191720;192468
3113;272000;MAL;3230;3700
3114;272000;MG;19016;19646
3115;272000;MOC;3450;3840
3116;272000;P;216720;217000
3117;272000;RCE;742;2385
3118;272000;RJ;7107;7478
3119;272000;RLN;3170;3710
3120;272000;RLO;745;3170
3121;272000;SJ;6701;7478
3122;272000;SM;249818;250317
3123;272311;AE;80;450
3124;272311;DE;0;400
3125;272311;J0000;-350;-130
3126;272311;J0000A;40;120
3127;272311;J0000B;30;100
3128;272311;J0000C;-130;140
3129;272311;IA;250;450
3130;272311;J0003;340;450
3131;272311;J0006;670;730
3132;272311;J0006A;670;730
3133;272311;J0007;740;810
3134;278000;A;11969;12347
3135;278000;B;12482;12725
3136;278000;C;12134;12766
3137;278000;F;12086;12717
3138;278000;G;11778;12888
3139;278000;J0020;2096;2156
3140;278000;J0023;2381;2462
3141;278000;J0025;2506;2586
3142;278000;J0047;4730;4812
3143;278000;J0113;11393;11472
3144;278000;J0115;11524;11606
3145;278000;J0120;12090;12198
3146;278000;J0127;12766;12812
3147;278000;J0128;12888;12925
3148;284000;J2102;210245;210327
3149;284000;J2118;211848;211942
3150;284000;J2176;217697;217744
3151;284000;J2186;218649;218711
3152;284000;J2204;220444;220478
3153;284000;J2209;220974;221212
3154;286000;J2113;211370;211455
3155;286000;J2138;213888;213952
3156;286000;J2155;215598;215641
3157;286000;C;216760;217095
3158;289000;6;18750;19460
3159;289000;8;18917;19746
3160;289000;C;72144;73100
3161;289000;E;27164;28199
3162;289000;E;57639;58363
3163;289000;J0000;49;106
3164;289000;J0004;350;530
3165;289000;J0006;641;823
3166;289000;J0018;1881;2036
3167;289000;J0018A;1898;1959
3168;289000;J0021;2138;2181
3169;289000;J0027;2787;2883
3170;289000;J0029;2971;3391
3171;289000;J0030;3050;3132
3172;289000;J0031;3148;3300
3173;289000;J0064;6371;6411
3174;289000;J0100;10022;10073
3175;289000;J0108;10821;10861
3176;289000;J0186;18632;18690
3177;289000;M;1700;2927
3178;289000;N;1075;1915
3179;289000;P;1700;2924
3180;289000;O;1264;1896
3181;289000;SA;21;1075
3182;289000;AM;495;1264
3183;292000;AM;13885;16720
3184;292000;J0138;13819;13879
3185;292000;DM;13885;14560
3186;292000;J0164;16460;16600
3187;292000;J0165;16580;16638
3188;292000;CMB;16230;16550
3189;292000;J0171;17156;17213
3190;292000;CMC;16180;16580
3191;294000;EVIT;68025;68728
3192;294000;EVIT;36789;37485
3193;294000;J0370;37005;37072
3194;294000;ROQ;35544;36106
3195;295000;4;65834;66830
3196;295000;J0006;657;740
3197;295000;J0020;2092;2148
3198;295000;J0021;2149;2291
3199;295000;J0021A;2149;2291
3200;295000;J0023A;2321;2588
3201;295000;J0023;2319;2588
3202;295000;J0026;2616;2702
3203;295000;J0054;5422;5455
3204;295000;J0060;6060;6145
3205;295000;J0063;6358;6448
3206;295000;RS;8656;8904
3207;295000;J0089;8915;9046
3208;295000;J0097;9788;9868
3209;295000;RN;9892;10125
3210;295000;J0193;19301;19360
3211;295000;J0195;19538;19637
3212;295000;J0202;20268;20380
3213;295000;J0203;20397;20494
3214;295000;J0453;45375;45480
3215;295000;J0656;65654;65765
3216;295000;J0670;67000;67080
3217;295000;J0851;85145;85227
3218;295000;J0853;85301;85383
3219;295000;J0944;94320;94380
3220;295000;J1034;103443;103528
3221;295000;J1035;103564;103645
3222;295000;M;19538;20383
3223;295000;O;19363;20343
3224;3000;B;94420;95060
3225;3000;2;110715;111130
3226;3000;J0949;94965;95044
3227;300000;EVIT;316505;317182
3228;301000;1;304698;305085
3229;301000;3;210895;211698
3230;301000;3;229730;230430
3231;301000;4;210835;211185
3232;301000;4;248464;249273
3233;301000;4;263300;263838
3234;301000;4;304694;305047
3235;301000;5;191724;192454
3236;301000;5;210965;211667
3237;301000;5;229661;230340
3238;301000;5;304713;305020
3239;301000;6;191737;192495
3240;301000;6;210855;211185
3241;301000;6;263580;264412
3242;301000;8;263560;264412
3243;301000;A;263570;264780
3244;301000;B;263550;264757
3245;301000;D;218270;219370
3246;301000;RD;209460;210565
3247;301000;SD;209460;210565
3248;301000;J1923;192374;192432
3249;301000;J2089;208948;209040
3250;301000;J2106;210608;210760
3251;301000;J2107;210792;210835
3252;301000;J2108;210850;210895
3253;301000;J2112;211230;211288
3254;301000;J2115;211580;211650
3255;301000;J2119;211923;211985
3256;301000;J2121;212177;212288
3257;301000;J2182;218206;218270
3258;301000;J2193;219370;219440
3259;301000;J2293;219440;219465
3260;301000;J2294;229472;229550
3261;301000;J2295;229555;229625
3262;301000;J2111;211105;211140
3263;301000;J2296;229625;229661
3264;301000;J2305;230575;230627
3265;301000;J2308;230845;230965
3266;301000;J2338;233812;233890
3267;301000;J2356;235628;235672
3268;301000;J2425;242535;242585
3269;301000;J2431;243172;243212
3270;301000;J2483;248386;248450
3271;301000;J2492;249295;249354
3272;301000;J2494;249380;249485
3273;301000;J2636;263250;263300
3274;301000;J2634;263450;263550
3275;301000;J2634A;263450;263550
3276;301000;J2634B;263450;263550
3277;301000;J2647A;264780;264838
3278;301000;J2648;264840;264975
3279;301000;J2649;264980;265061
3280;301000;J2658;265844;265958
3281;301000;J2725;272850;273060
3282;301000;J2873;287306;287364
3283;301000;J2876;287631;287716
3284;301000;J3016;301679;301760
3285;301000;J3044;304455;304495
3286;301000;J3045;304532;304578
3287;301000;R;264840;265843
3288;301000;S;264412;264840
3289;301000;SASP;263000;263450
3290;302511;J0102;10235;10439
3291;302526;AT;307136;307800
3292;302526;J3054;305498;305580
3293;302526;J3055;305500;305580
3294;304000;C;5710;6595
3295;304000;CE;7850;8010
3296;304000;EVIT;22928;23756
3297;304000;J0003A;345;430
3298;304000;J0003B;387;487
3299;304000;J0052A;5231;5285
3300;304000;J0052B;5290;5670
3301;304000;J0055;5550;5710
3302;304000;J0056;5647;5770
3303;304000;J0057;5771;5829
3304;304000;J0064;6400;6545
3305;304000;J0071;7160;7218
3306;304000;J0076;7672;7758
3307;304000;J0083;8348;8380
3308;304000;J0092;9150;9348
3309;304000;J0093;9350;9425
3310;304000;R1;5670;6500
3311;304000;R3;6500;8000
3312;304000;SA;7835;8207
3313;304000;SASC;8000;8342
3314;304000;SASP;6595;7127
3315;305000;EVT;4326;4957
3316;305000;EVT;10120;10696
3317;307000;E;210198;211181
3318;307000;E;201691;202468
3319;308000;4;134235;134720
3320;308000;6;134235;134819
3321;308000;EVIT;82630;83460
3322;308000;EVIT;100968;101719
3323;308000;EVIT;122576;123315
3324;308000;EVIT;112310;113050
3325;308000;J1347;134708;134750
3326;309000;2;225327;225979
3327;310000;EVIT;66846;67582
3328;310000;EVIT;81140;81671
3329;310000;EVIT;102207;102825
3330;311000;10;130238;130560
3331;311000;11;130128;130600
3332;311000;12;130330;130499
3333;311000;3;174612;175919
3334;311000;3;253159;253778
3335;311000;4;253150;253764
3336;311000;5;130263;130746
3337;311000;5;174910;175680
3338;311000;5;253207;253744
3339;311000;6;130006;130415
3340;311000;7;130415;130773
3341;311000;7;174980;175650
3342;311000;7;253202;253395
3343;311000;8;129900;130621
3344;311000;9;129900;130611
3345;311000;9;253550;253735
3346;311000;J1252;125229;125325
3347;311000;J1253;125326;125535
3348;311000;J1262;126247;126304
3349;311000;J1286;128615;128680
3350;311000;J1289;129069;129100
3351;311000;J1289A;128986;129040
3352;311000;J1290;129040;129069
3353;311000;J1298A;129828;129900
3354;311000;J1298;129820;130006
3355;311000;4;130263;130650
3356;311000;3;130076;130746
3357;311000;J1299;129920;130097
3358;311000;J1297;129760;130000
3359;311000;J1300;130000;130050
3360;311000;J1307;130746;130770
3361;311000;J1300B;130076;130133
3362;311000;J1300A;130097;130210
3363;311000;J1303;130365;130439
3364;311000;J1303A;130395;130445
3365;311000;J1304;130495;130551
3366;311000;J1305;130500;130565
3367;311000;J1305A;130527;130597
3368;311000;J1306;130615;130750
3369;311000;J1306A;130667;130736
3370;311000;J1307A;130768;130836
3371;311000;J1322;132290;132351
3372;311000;J1397;139748;139810
3373;311000;J1583;158347;158390
3374;311000;J1745;174530;174595
3375;311000;J1759;175939;176000
3376;311000;J1891;189180;189243
3377;311000;J1996;199642;199704
3378;311000;J2089;208950;208995
3379;311000;J2151;215140;215180
3380;311000;J2268;226847;226909
3381;311000;J2340;234035;234082
3382;311000;J2502;250212;250245
3383;311000;J2515;251572;251685
3384;311000;J2522;252295;252356
3385;311000;J2529;252967;253038
3386;311000;J2530;253005;253067
3387;311000;J2530A;253068;253128
3388;311000;J2531;253104;253150
3389;311000;J2537;253745;253810
3390;311000;J2538;253877;254006
3391;311000;K;129100;130195
3392;311000;M;225870;226840
3393;311000;R1;250822;251685
3394;311000;R3;252285;253150
3395;312300;A1;250790;251950
3396;312300;J2501;250130;250212
3397;312311;5;253850;254338
3398;314000;11;288960;290098
3399;314000;12;289018;290140
3400;314000;13;288740;290590
3401;314000;14;288900;290075
3402;314000;18;289010;290060
3403;314000;19;288680;290529
3404;314000;1C;288937;291724
3405;314000;20;289015;290100
3406;314000;21;288900;290145
3407;314000;22;288945;290110
3408;314000;2C;288800;290600
3409;314000;3;293485;293855
3410;314000;3R;287559;288937
3411;314000;4;269939;270715
3412;314000;4R;287128;288800
3413;314000;A;294153;294770
3414;314000;B;294111;294835
3415;314000;C;294235;294800
3416;314000;D;294290;294735
3417;314000;E;293855;294237
3418;314000;J2698;269860;269920
3419;314000;J2707;270732;270794
3420;314000;J2776;277606;277686
3421;314000;J2787;278763;278825
3422;314000;J2853;285320;285403
3423;314000;J2855;285418;285500
3424;314000;J2941;294185;294345
3425;70000;2R;17941;21997
3426;314000;J2949;294950;295013
3427;314000;J2950;295014;295066
3428;314000;TA1;293877;294478
3429;315000;UEVIT;29016;29641
3430;315000;UEVIT;35085;35578
3431;316000;EVIT;58964;59780
3432;316000;EVIT;65604;66454
3433;316000;EVIT;73199;73973
3434;316000;EVIT;79683;80512
3435;316000;J0504;50434;50494
3436;316000;J0508;50820;50895
3437;317000;EV;39908;40302
3438;317000;EVIT;13960;14454
3439;317000;J0076;7691;7760
3440;317000;J0632;63298;63352
3441;32000;1BIS;30154;31300
3442;32000;1BIS;70242;70975
3443;32000;2BIS;30154;31257
3444;32000;2BIS;70325;71224
3445;32000;J0313;31300;31384
3446;32000;J0503;50316;50376
3447;32000;J0703;70325;70352
3448;32000;J0712;71235;71300
3449;32000;J0714;71463;71512
3450;32000;J0960;96038;96096
3451;321000;J0020;2073;2120
3452;321000;J0070;7052;7100
3453;321000;J0078;7865;7950
3454;321000;J0122;12252;12300
3455;321000;J0298;29810;29869
3456;321000;J0300;30084;30146
3457;321000;J0305;30567;30624
3458;321000;J0504;50422;50504
3459;321000;J0505;50551;50658
3460;321000;J0515;51380;51602
3461;321000;J0709;70925;70988
3462;321000;J0883;88341;88403
3463;321000;J0894;89435;89468
3464;321000;J1149;114945;115008
3465;321000;J1150;115049;115127
3466;322000;EVT;37516;38040
3467;325000;4;23970;24917
3468;325000;5;125250;125807
3469;325000;A;125044;125807
3470;325000;A;182170;182548
3471;325000;B;182015;182548
3472;325000;C;182170;182548
3473;325000;D;182015;182548
3474;325000;EVT;111490;112473
3475;325000;EVT;135620;136460
3476;325000;EVT;158240;159040
3477;325000;EVT;165855;166620
3478;325000;EVT;171046;171900
3479;325000;J0144;14493;14637
3480;325000;J0149;14982;15040
3481;325000;J0235;23545;23626
3482;325000;J0239;23978;24105
3483;325000;J0245;24562;24637
3484;325000;J0246;24618;24755
3485;325000;J0246A;24638;24706
3486;325000;J0247;24735;24770
3487;325000;J0247A;24770;24818
3488;325000;J0248;24855;24917
3489;325000;J0355;35585;35665
3490;325000;J0385;38530;38590
3491;325000;J0523;52337;52418
3492;325000;J0525;52501;52582
3493;325000;J0529;52966;53047
3494;325000;J0754;75418;75481
3495;325000;J0776;77674;77720
3496;325000;J0782;78288;78338
3497;325000;J0784;78400;78464
3498;325000;J1121;112180;112240
3499;325000;J1824;182455;182505
3500;325000;M;14460;15073
3501;325000;M;52451;53112
3502;326000;J0322;32203;32386
3503;326000;J0323;32396;32561
3504;326000;J0364;36412;36497
3505;326000;J0379;37906;37988
3506;326000;J0379A;37995;38077
3507;326000;J0387;38705;38766
3508;326000;J0364A;36413;36497
3509;326000;J0385;38565;38656
3510;326000;J0387A;38775;38845
3511;328000;4;28973;29281
3512;328000;6;28990;29281
3513;328000;8;28885;29281
3514;328000;J0142;14270;14315
3515;328000;J0144;14422;14470
3516;328000;J0183;18353;18513
3517;328000;J0188;18816;18905
3518;328000;J0287;28770;28850
3519;328000;J0288;28890;28960
3520;328000;M;18371;18928
3521;329000;10;45666;46000
3522;329000;3;45600;46465
3523;329000;4;45528;46159
3524;329000;5;45679;46127
3525;329000;6;45480;46000
3526;329000;7;45400;46115
3527;329000;8;45548;46000
3528;329000;C;61970;65200
3529;329000;D;62945;64760
3530;329000;H;64760;65200
3531;329000;J0283;28316;28378
3532;329000;J0286;28636;28679
3533;329000;J0296;29630;29692
3534;329000;J0364;36405;36450
3535;329000;J0396;39600;39645
3536;329000;J0452;45257;45305
3537;329000;J0454;45375;45412
3538;329000;J0454B;45412;45450
3539;329000;J0454A;45400;45450
3540;329000;J0454C;45450;45480
3541;329000;J0455;45516;45609
3542;329000;J0462;46280;46342
3543;329000;J0464;46465;46511
3544;329000;J0628;62851;62945
3545;329000;J0651;65138;65250
3546;329000;J0653;65300;65382
3547;329000;J0664;66470;66544
3548;329000;R;66101;66740
3549;329000;RA;62841;63385
3550;329000;RC;64367;64760
3551;329000;S;65427;66101
3552;329000;SASM;45142;45528
3553;329000;T;65200;66101
3554;330000;13;29101;29572
3555;330000;14;28801;29571
3556;330000;16;29100;29660
3557;330000;17;28950;29752
3558;330000;18;29112;29661
3559;330000;19;28950;29752
3560;330000;20;29155;29663
3561;330000;3;34626;34951
3562;330000;3;68166;68830
3563;330000;4;68185;68740
3564;330000;CE;11710;13801
3565;330000;J0065;6555;6650
3566;330000;J0066;6642;6729
3567;330000;J0068;6880;6965
3568;330000;J0084;8482;8617
3569;330000;J0085;8529;8661
3570;330000;J0092;9203;9400
3571;330000;J0115;11500;11710
3572;330000;J0135;13572;13699
3573;330000;J0135A;13550;13686
3574;330000;J0137;13701;13782
3575;330000;J0138;13803;13925
3576;330000;J0142;14250;14422
3577;330000;J0143;14315;14450
3578;330000;J0149;14995;15072
3579;330000;J0150A;15088;15150
3580;330000;J0201;20145;20232
3581;330000;J0206A;20626;20765
3582;330000;J0267;26712;26774
3583;330000;J0283;28338;28404
3584;330000;J0289;28948;29038
3585;330000;J0281;28948;29033
3586;330000;J0289B;28950;29038
3587;330000;J0289A;28948;29038
3588;330000;J0289C;28950;29038
3589;330000;J0291;29122;29186
3590;330000;J0291A;29160;29248
3591;330000;J0291C;29163;29248
3592;330000;J0291B;29160;29248
3593;330000;J0291D;29163;29248
3594;330000;J0291E;29193;29256
3595;330000;J0297;29770;29829
3596;330000;J0298;29831;29891
3597;330000;J0479;47980;48010
3598;330000;J0601;60120;60162
3599;330000;J0680;68060;68120
3600;330000;J0680A;68058;68120
3601;330000;J0686;68655;68740
3602;330000;J0690;69017;69078
3603;330000;J0764;76493;76538
3604;330000;J0937;93735;93772
3605;330000;J1180;118032;118078
3606;330000;J1180A;118087;118260
3607;330000;M;20110;20794
3608;331300;J0009;90;172
3609;331300;J0018;180;262
3610;333000;EVIT;15498;16290
3611;334000;17;27;315
3612;334000;18;26;420
3613;334000;19;25;380
3614;334000;1BIS;24253;24755
3615;334000;20;24;289
3616;334000;21;22;317
3617;334000;22;22;515
3618;334000;23;22;501
3619;334000;24;22;439
3620;334000;27;22;331
3621;334000;2BIS;24055;24818
3622;334000;2X;1805;2084
3623;334000;4;24128;24973
3624;334000;1BIS;9657;10210
3625;334000;CLE;15985;16614
3626;334000;J0000;52;108
3627;334000;J0002;242;363
3628;334000;J0003;334;536
3629;334000;J0003A;332;386
3630;334000;J0003B;331;387
3631;334000;J0003C;345;389
3632;334000;J0004;422;471
3633;334000;J0005D;515;559
3634;334000;J0005;533;586
3635;334000;J0005A;558;599
3636;334000;J0005B;595;678
3637;334000;J0007;728;785
3638;334000;J0007A;739;848
3639;334000;J0008;853;931
3640;334000;J0015;1587;1668
3641;334000;J0019;1945;2025
3642;334000;J0019A;1948;2041
3643;334000;J0020;2093;2136
3644;334000;J0035;3518;3554
3645;334000;J0035A;3554;3590
3646;334000;J0055;5557;5673
3647;334000;J0056;5688;5768
3648;334000;J0119;11958;11993
3649;334000;J0159;15918;15969
3650;334000;J0241;24143;24238
3651;334000;J0247;24780;24870
3652;334000;J0296;29655;29681
3653;334000;J0429;42989;43071
3654;334000;J0493;49350;49383
3655;334000;J0512;51222;51250
3656;334000;J0551;55120;55168
3657;334000;J0562;56280;56410
3658;334000;J0049;4910;5001
3659;334000;J0049A;4910;4997
3660;334000;J0050A;4998;5032
3661;334000;J0050;5008;5037
3662;334000;J0423;42340;42385
3663;334000;J0572;57209;57325
3664;334000;J0078;7873;7947
3665;334000;J0096;9719;9836
3666;334000;J0101;10129;10238
3667;334000;J0160;16066;16143
3668;334000;J0243;24308;24381
3669;334000;J0246;24674;24760
3670;334000;J0570;57023;57091
3671;334000;M4;1668;1981
3672;334000;M6;1550;1981
3673;334000;U;331;2163
3674;334900;12;37;288
3675;334900;A;7948;8490
3676;334900;B;7900;8485
3677;334900;9;41;339
3678;334900;CLE;5540;5999
3679;334900;J0002;240;280
3680;334900;J0002A;280;319
3681;334900;J0003;334;426
3682;334900;J0004;487;541
3683;334900;J0004A;488;587
3684;334900;J0005;535;589
3685;334900;J0005A;589;689
3686;334900;J0036;3657;3687
3687;334900;J0042;4276;4362
3688;334900;J0043;4392;4442
3689;334900;J0055;5578;5685
3690;334900;J0055A;5579;5674
3691;334900;J0056;5674;5755
3692;334900;J0079;7929;8032
3693;334900;J0080;8032;8076
3694;334900;J0005B;597;643
3695;334900;J0078;7816;7899
3696;334900;J0083;8373;8528
3697;334900;J0096;9680;9758
3698;335300;J0216;21603;21750
3699;335302;J0213;21370;21695
3700;335302;J0215;21508;21660
3701;338000;2S;18650;19652
3702;338000;EVIT;21385;23370
3703;338000;J0189;18944;19100
3704;338000;J0246;24635;24690
3705;338000;J0256;25665;25747
3706;338000;J0267;26797;26879
3707;338000;J0269;26999;27081
3708;338000;J0289;28924;29003
3709;338000;J0292;29207;29270
3710;338000;J0197;19776;19840
3711;338000;J0231;23159;23289
3712;338000;SAS;18986;19647
3713;340000;15;32;268
3714;340000;16;31;307
3715;340000;1C;130480;134150
3716;340000;1L;168303;169605
3717;340000;2B;132720;133740
3718;340000;2C;129913;134060
3719;340000;2L;168230;169491
3720;340000;3;57714;58987
3721;340000;3;139265;139685
3722;340000;2;227530;227918
3723;340000;4;57892;59332
3724;340000;4;139250;139665
3725;340000;4;169595;170000
3726;340000;4;227555;227918
3727;340000;5;125653;126057
3728;340000;5;227570;227830
3729;340000;6;25598;26611
3730;340000;6;125568;126048
3731;340000;6;133410;133710
3732;340000;6;139290;139650
3733;340000;6;169445;170025
3734;340000;8;25728;26611
3735;340000;8;133570;133950
3736;340000;8;139310;139628
3737;340000;A;48324;48903
3738;340000;C;110844;112038
3739;340000;DP;131560;131880
3740;340000;ET;130090;130480
3741;340000;EVIMP;143640;144624
3742;340000;2L;146856;148175
3743;340000;F2;132770;133189
3744;340000;F4;132900;133210
3745;340000;FB;131640;132940
3746;340000;J0002;235;278
3747;340000;J0002C;255;330
3748;340000;J0002A;268;308
3749;340000;J0002B;311;345
3750;340000;J0003;380;419
3751;340000;J0004;471;501
3752;340000;J0005;501;533
3753;340000;J0005A;541;587
3754;340000;J0005B;592;685
3755;340000;J0005C;592;689
3756;340000;J0006;678;721
3757;340000;J0006B;691;739
3758;340000;J0009;931;977
3759;340000;J0015;1546;1587
3760;340000;J0020;2024;2093
3761;340000;J0035;3554;3657
3762;340000;J0035A;3590;3692
3763;340000;J0077;7731;7811
3764;340000;J0083;8314;8361
3765;340000;J0107;10746;10802
3766;340000;J0163;16372;16604
3767;340000;J0183;18396;18607
3768;340000;J0249;24973;25141
3769;340000;J0250;25075;25122
3770;340000;J0254;25456;25561
3771;340000;J0260;26068;26117
3772;340000;J0261;26196;26279
3773;340000;J0339;33907;33990
3774;340000;J0259;25933;25978
3775;340000;J0373;37345;37465
3776;340000;J0405;40560;40642
3777;340000;J0420;42060;42123
3778;340000;J0466;46652;46763
3779;340000;J0480;48078;48323
3780;340000;J0565;56595;56718
3781;340000;J0591;59136;59196
3782;340000;J0630;63076;63134
3783;340000;J0693;69335;69412
3784;340000;J0808;80800;80850
3785;340000;J0823;82367;82468
3786;340000;J0926;92685;92725
3787;340000;J0933;93340;93390
3788;340000;J1063;106293;106336
3789;340000;J1071;107104;107148
3790;340000;J1071A;107010;107104
3791;340000;J1108;110890;110973
3792;340000;J1119;111912;111992
3793;340000;J1179;117935;117993
3794;340000;J1188;118860;118922
3795;340000;J1242;124203;124287
3796;340000;J1249;124900;124986
3797;340000;J1255;125521;125568
3798;340000;J1255A;125568;125653
3799;340000;J1255B;125588;125653
3800;340000;J1260;126057;126119
3801;340000;J1260A;126057;126124
3802;340000;J1261;126185;126223
3803;340000;J1262;126223;126252
3804;340000;J1262A;126252;126277
3805;340000;J1265;126510;126584
3806;340000;J1280;128078;128132
3807;340000;J1297;129730;129912
3808;340000;J1300;130019;130090
3809;340000;J1301;130130;130266
3810;340000;J1313;131373;131490
3811;340000;J1330;133060;133120
3812;340000;J1331;133130;133160
3813;340000;J1332;133290;133335
3814;340000;J1333;133336;133408
3815;340000;J1337;133710;133750
3816;340000;J1340;134020;134082
3817;340000;J1340A;134060;134300
3818;340000;J1345;134503;134600
3819;340000;J1368;136835;137006
3820;340000;J1372;137215;137344
3821;340000;J1391;139153;139214
3822;340000;J1392;139230;139265
3823;340000;J1396;139665;139720
3824;340000;J1397;139744;139801
3825;340000;J1427;142706;142825
3826;340000;J1428;142830;142960
3827;340000;J1446;144630;144660
3828;340000;J1449;144936;144991
3829;340000;J1481;148188;148230
3830;340000;J1684;168410;168482
3831;340000;J1701;170199;170245
3832;340000;J1769;176975;177005
3833;340000;J2004;200415;200475
3834;340000;J2018;201853;201935
3835;340000;J2020;202075;202130
3836;340000;J2219;221901;221960
3837;340000;J2230;223000;223067
3838;340000;J2263;226334;226412
3839;340000;J2265;226528;226568
3840;340000;J2267;226765;226835
3841;340000;J2273;227325;227370
3842;340000;J2274;227460;227505
3843;340000;J2275;227520;227555
3844;340000;J0170;17058;17188
3845;340000;J0171A;17158;17345
3846;340000;J0048;4858;4910
3847;340000;J0048A;4858;4910
3848;340000;J0050;5037;5142
3849;340000;J0050A;5032;5095
3850;340000;J0173;17326;17508
3851;340000;J0151A;15136;15299
3852;340000;J0156A;15639;15826
3853;340000;J0156;15640;15882
3854;340000;J0122;12244;12425
3855;340000;J0144;14409;14598
3856;340000;J0146;14611;14791
3857;340000;J0146A;14624;14804
3858;340000;J0148;14835;15053
3859;340000;J0150;15074;15387
3860;340000;J0151;15181;15362
3861;340000;J0171;17143;17353
3862;340000;J0184;18462;18638
3863;340000;J0192;19246;19422
3864;340000;J0253;25393;25534
3865;340000;J0255;25586;25691
3866;340000;J0398;39865;40118
3867;340000;J0483;48366;48485
3868;340000;J0487;48720;48873
3869;340000;J0566;56659;56810
3870;340000;J0487A;48724;48839
3871;340000;J0578;57818;57880
3872;340000;J0578A;57894;57970
3873;340000;J0466A;46621;46770
3874;340000;J0448;44840;45050
3875;340000;J0525;52597;52804
3876;340000;RA;132580;133055
3877;340000;SAS155;131600;131780
3878;340000;SAS534;131580;131910
3879;340000;CP;131375;131500
3880;340000;TC;130680;131550
3881;340000;UC;133130;133570
3882;340000;UH;134150;134710
3883;340309;J1337;133750;133770
3884;340309;J1339;133970;134007
3885;340309;J1341;134160;134200
3886;340309;J1351;135190;135230
3887;341300;J2231;223140;223190
3888;341300;J2232;223220;223260
3889;341300;J2246;224620;224660
3890;341300;J2246A;224680;224710
3891;341300;J2256;225665;225690
3892;341300;J2265;226570;226620
3893;35000;J0312;31257;31300
3894;35000;J0477;47796;47848
3895;35000;J0630;62967;63014
3896;35000;J0633;63334;63394
3897;35000;J0664;66365;66411
3898;35000;J0682;68280;68320
3899;35000;J0689;68935;69000
3900;350000;EVIT;174167;175100
3901;350000;EVIT;183210;184059
3902;358000;EVIT;181640;182103
3903;358000;EVIT;189210;189610
3904;365000;J0000;0;30
3905;365000;J0016;1649;1688
3906;365000;J0020;2038;2080
3907;365000;J0020A;2047;2080
3908;365501;ANG;0;982
3909;365501;BET;0;989
3910;365501;COU;0;915
3911;365501;EVANG;0;277
3912;365501;GOR;0;1424
3913;365501;GRO;0;2089
3914;365501;PA1;0;497
3915;365501;PA2;0;470
3916;365501;QDEF;0;605
3917;366000;2BIS;157557;158450
3918;366000;3;148463;149177
3919;366000;4;295036;295717
3920;366000;A;106807;107723
3921;366000;A;369996;370230
3922;366000;B;238505;239190
3923;366000;C;238604;239165
3924;366000;B;369864;370282
3925;366000;D;107078;107658
3926;366000;D;238640;239095
3927;366000;E;106810;107749
3928;366000;E;189381;190347
3929;366000;E;238672;239035
3930;366000;EVIT;79921;80696
3931;366000;F;238580;239170
3932;366000;G;188957;190417
3933;366000;J0568;56863;56957
3934;366000;J0573;57353;57548
3935;366000;J0593;59314;59445
3936;366000;J0594;59453;59586
3937;366000;J0697;69727;69858
3938;366000;J0698;69869;70000
3939;366000;J0797;79781;79912
3940;366000;J0807;80716;80847
3941;366000;J0935;93566;93696
3942;366000;J0937;93726;93857
3943;366000;J1016;101651;101710
3944;366000;J1065;106581;106670
3945;366000;J1064;106490;106571
3946;366000;J1069;106990;107077
3947;366000;J1071;107106;107155
3948;366000;J1077;107787;107920
3949;366000;J1079;107923;107966
3950;366000;J1261;126170;126301
3951;366000;J1263;126331;126462
3952;366000;J1470;147029;147161
3953;366000;J1472;147201;147330
3954;366000;J1492;149222;149351
3955;366000;J1494;149447;149577
3956;366000;J1496;149642;149773
3957;366000;J1573;157397;157528
3958;366000;J1584;158455;158587
3959;366000;J1755;175501;175632
3960;366000;J1756;175661;175794
3961;366000;J1891;189172;189307
3962;366000;J1893;189382;189506
3963;366000;J1902;190220;190345
3964;366000;J1904;190443;190539
3965;366000;J2030;203029;203160
3966;366000;J2031;203190;203321
3967;366000;J2141;214180;214311
3968;366000;J2147;214723;215008
3969;366000;J2165;216475;216606
3970;366000;J2245;224501;224563
3971;366000;J2275;227500;227629
3972;366000;J2276;227662;227791
3973;366000;J2344;234420;234482
3974;366000;J2379;237986;238071
3975;366000;J2381;238174;238258
3976;366000;J2384;238465;238579
3977;366000;J2385;238514;238630
3978;366000;J2393;239307;239372
3979;366000;J2394;239409;239490
3980;366000;J2682;268236;268318
3981;366000;J2948;294820;294902
3982;366000;J2955;295541;295621
3983;366000;J2956;295651;295761
3984;366000;J2960;296097;296182
3985;366000;J3430;343035;343120
3986;366000;J3695;369550;369588
3987;366000;J3696;369639;369685
3988;366000;J3697;369766;369828
3989;366000;J3698;369834;369896
3990;366000;J3701;370180;370243
3991;366000;J0576;57661;57720
3992;366000;1S;56970;57395
3993;366000;2S;56965;57353
3994;366000;3S;56882;57550
3995;370000;EVIT;70050;70550
3996;370000;EVIT;89959;90570
3997;372000;J0010;1000;1082
3998;372000;J0013;1300;1365
3999;372000;J0194;19442;19465
4000;372000;J0333;33340;33384
4001;372000;J0488;48885;48940
4002;372000;J0492;49250;49316
4003;372000;J0496;49608;49671
4004;372000;J0562;56215;56335
4005;372000;SP;49395;49708
4006;375000;EVIT;170581;170931
4007;375000;EVIT;183521;183915
4008;39000;J0282;28217;28263
4009;39000;J0356;35661;35718
4010;39000;J0365;36547;36592
4011;39000;J0430;43063;43122
4012;390000;A;218846;219198
4013;390000;B;189720;190285
4014;390000;B;218765;219194
4015;390000;C;189620;190325
4016;390000;C;218862;219243
4017;390000;D;218822;219243
4018;390000;E;207023;207842
4019;390000;F;218575;219243
4020;390000;G;218651;219240
4021;390000;J2184;218492;218575
4022;390000;J2186;218609;218675
4023;390000;J2191;219156;219211
4024;395000;4;80882;81449
4025;395000;J0220;22023;22182
4026;395000;J0229;22956;23037
4027;395000;J0230;23051;23132
4028;395000;J0318;31856;32018
4029;395000;J0322;32267;32360
4030;395000;J0438;43800;43880
4031;395000;J0444;44442;44476
4032;395000;J0614;61470;61542
4033;395000;J0615;61589;61669
4034;395000;J0798;79856;79936
4035;395000;J0807;80716;80801
4036;395000;J0808;80803;80862
4037;395000;J0815;81501;81589
4038;395000;J1168;116884;116953
4039;395000;J1404;140462;140521
4040;395000;C;31847;32358
4041;396000;J0505;50528;50596
4042;40000;1BIS;13545;14006
4043;40000;1T;-450;690
4044;40000;2;56821;57131
4045;40000;2T;-100;172
4046;40000;J0006;608;683
4047;40000;J0006A;635;690
4048;40000;J0135;13571;13660
4049;40000;J0138;13874;13932
4050;40000;J0147;14706;14752
4051;40000;J0187;18716;18773
4052;405000;A;130222;130736
4053;405000;C;130365;130736
4054;405000;D;130410;130736
4055;405000;E;100747;101910
4056;405000;J1306;130650;130700
4057;409000;EVIT;14239;14726
4058;409000;EVIT;23308;23896
4059;409000;EVIT;34450;35055
4060;415000;A;30;567
4061;415000;4;18000;18702
4062;415000;1;47554;48329
4063;415000;EVIT;165742;166258
4064;415000;J0944;94450;94500
4065;415000;J1153;115375;115430
4066;415000;J1209;120995;121040
4067;42000;B;93987;94797
4068;42000;E;107621;108730
4069;42000;J0254;25419;25462
4070;42000;J0298;29872;29915
4071;42000;J0690;69097;69142
4072;42000;J0803;80372;80435
4073;420000;1;459;1029
4074;420000;10;430;883
4075;420000;11;446;1249
4076;420000;12;446;1154
4077;420000;12;87021;87353
4078;420000;12;147266;148372
4079;420000;13;446;1040
4080;420000;14;446;805
4081;420000;14;147448;148162
4082;420000;15;446;1034
4083;420000;16;446;757
4084;420000;17;435;1064
4085;420000;18;435;1064
4086;420000;19;435;1136
4087;420000;1BIS;86735;87714
4088;420000;1G;372570;373525
4089;420000;1TER;3190;3660
4090;420000;2;459;1207
4091;420000;20;435;1097
4092;420000;21;435;1153
4093;420000;22;435;1216
4094;420000;23;435;1035
4095;420000;24;435;973
4096;420000;25;820;1339
4097;420000;26;820;1301
4098;420000;27;820;1557
4099;420000;28;820;1279
4100;420000;2G;372625;373841
4101;420000;3;430;998
4102;420000;3;146934;147919
4103;420000;3;300190;300362
4104;420000;3;335730;336467
4105;420000;3;504012;505129
4106;420000;3;530583;531170
4107;420000;3;562860;563139
4108;420000;3;617900;618526
4109;420000;4;430;1250
4110;420000;4;299650;300430
4111;420000;4;336020;336303
4112;420000;4;453777;454352
4113;420000;4;562629;563253
4114;420000;4;603377;604047
4115;420000;4G;87279;88429
4116;420000;4G;372890;373722
4117;420000;5;430;998
4118;420000;5;504696;504893
4119;420000;6;430;1252
4120;420000;6;86925;87376
4121;420000;6;299315;300473
4122;420000;6G;372846;373530
4123;420000;7;430;998
4124;420000;7G;372413;373450
4125;420000;8;430;1186
4126;420000;8;86985;87338
4127;420000;8G;372950;373450
4128;420000;9;430;1136
4129;420000;9G;372915;373533
4130;420000;A;23493;24292
4131;420000;A;474254;474913
4132;420000;A;622005;622315
4133;420000;B;23439;24296
4134;420000;B;621850;622408
4135;420000;C;16394;17032
4136;420000;D;474275;474977
4137;420000;DR1;373640;373810
4138;420000;E;336546;337530
4139;420000;E;474315;475125
4140;420000;E;621935;622408
4141;420000;3G;85665;86653
4142;420000;ECI;123920;125104
4143;420000;ECI;169263;170512
4144;420000;ECP;123664;125002
4145;420000;F;621868;622365
4146;420000;G;16377;16919
4147;420000;J0006;675;745
4148;420000;J0006A;676;747
4149;420000;J0007;744;802
4150;420000;J0008;871;934
4151;420000;J0008A;871;1096
4152;420000;J0008B;873;966
4153;420000;J0009;928;990
4154;420000;J0009A;974;1098
4155;420000;J0009B;999;1090
4156;420000;J0010;1048;1127
4157;420000;J0010A;1052;1186
4158;420000;J0010B;1065;1135
4159;420000;J0011;1153;1216
4160;420000;J0011A;1154;1216
4161;420000;J0011B;1167;1250
4162;420000;J0011C;1189;1252
4163;420000;J0012;1240;1352
4164;420000;J0012A;1272;1437
4165;420000;J0013;1341;1407
4166;420000;J0013A;1352;1440
4167;420000;J0014;1432;1509
4168;420000;J0014A;1440;1473
4169;420000;J0014B;1473;1505
4170;420000;J0015;1505;1571
4171;420000;J0015A;1527;1586
4172;420000;J0015B;1571;1618
4173;420000;J0039;3960;4090
4174;420000;J0042;4252;4391
4175;420000;J0042A;4252;4391
4176;420000;J0044;4458;4598
4177;420000;J0099;9997;10182
4178;420000;J0126;12675;12874
4179;420000;J0144;14432;14616
4180;420000;J0149;14902;15067
4181;420000;J0149A;14914;15064
4182;420000;J0149C;14986;15209
4183;420000;J0150;15023;15179
4184;420000;J0151;15181;15398
4185;420000;J0160;16021;16147
4186;420000;J0160A;16071;16297
4187;420000;J0162;16200;16318
4188;420000;J0163;16375;16494
4189;420000;J0163A;16380;16458
4190;420000;J0168;16804;16885
4191;420000;J0168A;16824;16919
4192;420000;J0169;16939;17055
4193;420000;J0170;17007;17137
4194;420000;J0170A;17030;17166
4195;420000;J0170B;17070;17205
4196;420000;J0176;17634;17796
4197;420000;J0176A;17635;17765
4198;420000;J0176B;17647;17782
4199;420000;J0177;17782;17957
4200;420000;J0177A;17790;17977
4201;420000;J0178;17826;17960
4202;420000;J0214;21458;21537
4203;420000;J0217;21740;21867
4204;420000;J0217A;21749;21879
4205;420000;J0218;21883;22022
4206;420000;J0219;21934;22154
4207;420000;J0226;22629;22859
4208;420000;J0226A;22633;22814
4209;420000;J0228;22832;23062
4210;420000;J0228A;22876;23060
4211;420000;J0235;23589;23702
4212;420000;J0235A;23589;23702
4213;420000;J0257;25783;25991
4214;420000;J0267;26736;26800
4215;420000;J0272;27226;27365
4216;420000;J0272A;27231;27409
4217;420000;J0275;27536;28100
4218;420000;J0286;28648;28927
4219;420000;J0288;28788;29080
4220;420000;J0301;30167;30232
4221;420000;J0300;30058;30278
4222;420000;J0302;30238;30342
4223;420000;J0317;31704;31986
4224;420000;J0317A;31796;31963
4225;420000;J0319;31964;32134
4226;420000;J0319A;31992;32134
4227;420000;J0320;32010;32072
4228;420000;J0320A;32074;32134
4229;420000;B;32431;32825
4230;420000;J0324;32453;32513
4231;420000;A;32491;32825
4232;420000;J0325;32514;32577
4233;420000;J0467;46792;47012
4234;420000;J0469;46932;47094
4235;420000;J0470;47038;47136
4236;420000;J0471;47108;47171
4237;420000;J0471A;47141;47216
4238;420000;J0471B;47187;47300
4239;420000;J0472;47220;47443
4240;420000;J0473;47360;47446
4241;420000;J0473A;47360;47446
4242;420000;J0477;47786;47869
4243;420000;J0670;67017;67175
4244;420000;J0672;67259;67388
4245;420000;J0675;67520;67601
4246;420000;J0675A;67560;67627
4247;420000;J0777;77720;77805
4248;420000;J0778;77848;77930
4249;420000;J0864;86486;86615
4250;420000;J0866;86654;86787
4251;420000;J0876;87651;87784
4252;420000;J0884;88443;88525
4253;420000;J1048;104817;104898
4254;420000;J1053;105339;105400
4255;420000;J1236;123631;123701
4256;420000;J1238;123810;123917
4257;420000;J1406;140600;140660
4258;420000;J1466;146681;146762
4259;420000;J1483;148383;148429
4260;420000;J1588;158844;158892
4261;420000;J1688;168896;168955
4262;420000;J1861;186162;186205
4263;420000;J1869;186961;187043
4264;420000;J1870;187047;187123
4265;420000;J1993;199347;199416
4266;420000;J2000;200008;200218
4267;420000;J2002;200268;200478
4268;420000;J2100;210061;210271
4269;420000;J2102;210295;210403
4270;420000;J2103;210352;210558
4271;420000;J2114;211446;211528
4272;420000;J2115;211533;211616
4273;420000;J2116;211697;211779
4274;420000;J2118;211882;211964
4275;420000;J2148;214849;214910
4276;420000;J2342;234254;234313
4277;420000;J2348;234850;234932
4278;420000;J2460;246027;246090
4279;420000;J2997;299773;299836
4280;420000;J3005;300511;300594
4281;420000;J3172;317221;317283
4282;420000;J3222;322229;322312
4283;420000;J3356;335685;335730
4284;420000;J3362;336235;336303
4285;420000;J3364;336400;336546
4286;420000;J3364A;336468;336546
4287;420000;J3373;337370;337463
4288;420000;J3374;337413;337555
4289;420000;J3528;352821;352956
4290;420000;J3529;352969;353100
4291;420000;J3701;370154;370195
4292;420000;J3701A;370195;370250
4293;420000;J3712;371230;371300
4294;420000;J3712A;371245;371410
4295;420000;J3712B;371260;371558
4296;420000;J3714;371410;371430
4297;420000;J3714A;371410;371505
4298;420000;J3714B;371430;371445
4299;420000;J3714C;371445;371470
4300;420000;J3715;371540;371635
4301;420000;J3716;371670;371735
4302;420000;J3717;371735;371780
4303;420000;J3717A;371780;371810
4304;420000;J3718;371810;371876
4305;420000;J3724;372409;372495
4306;420000;J3724A;372413;372490
4307;420000;J3724B;372492;372570
4308;420000;J3726;372600;372670
4309;420000;J3726A;372675;372730
4310;420000;J3727;372740;372810
4311;420000;J3728;372841;372950
4312;420000;J3728A;372855;372990
4313;420000;J3729;372930;372970
4314;420000;J3729A;372990;373054
4315;420000;J3734;373450;373470
4316;420000;J3734A;373470;373533
4317;420000;J3734B;373500;373555
4318;420000;J3735;373530;373589
4319;420000;J3735A;373533;373590
4320;420000;J3735B;373590;373630
4321;420000;J3736;373650;373750
4322;420000;J3736A;373687;373810
4323;420000;J3737;373700;373740
4324;420000;J3737A;373740;373785
4325;420000;J3737B;373760;373848
4326;420000;J3777;377760;377823
4327;420000;J3848;384875;384946
4328;420000;J3954;395472;395530
4329;420000;J3955;395560;395644
4330;420000;J4100;410070;410150
4331;420000;J4101;410180;410230
4332;420000;J4102;410230;410280
4333;420000;J4282;428228;428330
4334;420000;J4280;428072;428134
4335;420000;J4383;438394;438451
4336;420000;J4537;453777;453825
4337;420000;J4538;453825;453852
4338;420000;J4538A;453840;453886
4339;420000;J4543;454352;454387
4340;420000;J4544;454443;454476
4341;420000;J4651;465187;465232
4342;420000;J4740;474006;474094
4343;420000;J4741;474110;474192
4344;420000;J4749;474946;474995
4345;420000;J4750;475003;475062
4346;420000;J4750A;475092;475160
4347;420000;J4751;475125;475222
4348;420000;J4752;475225;475305
4349;420000;J5038;503842;503924
4350;420000;J5049;504955;505019
4351;420000;J5050;505024;505129
4352;420000;J5050A;505060;505142
4353;420000;J5304;530489;530571
4354;420000;J5311;531171;531251
4355;420000;J5391;539105;539167
4356;420000;J5537;553759;553820
4357;420000;J5622;562210;562294
4358;420000;J5634;563426;563509
4359;420000;J5885;588589;588671
4360;420000;J5887;588772;588854
4361;420000;J6031;603123;603260
4362;420000;J6032;603272;603335
4363;420000;J6040;604056;604156
4364;420000;J6177;617777;617839
4365;420000;J6178;617860;617944
4366;420000;J6185;618526;618632
4367;420000;J6216;621660;621750
4368;420000;J6218;621830;621868
4369;420000;J6223;622315;622373
4370;420000;S;147824;148209
4371;420000;TI;147854;148074
4372;420000;1;210631;211486
4373;420306;J2097A;209707;209787
4374;420306;J2097B;209798;209883
4375;429000;3;148954;149918
4376;429000;J1337;133738;134012
4377;429000;J1340;134092;134366
4378;429000;J1486;148640;148914
4379;429000;J1499;149958;150232
4380;429000;J1724;172482;172756
4381;429000;J1728;172836;173110
4382;430000;3;55728;56130
4383;430000;A;98465;99223
4384;430000;B;98532;99230
4385;430000;J0048;4844;4901
4386;430000;J0404;40472;40532
4387;430000;J0408;40802;40874
4388;430000;J0555;55538;55594
4389;430000;J0555A;55595;55642
4390;430000;J0557;55747;55806
4391;430000;J0564;56495;56570
4392;430000;J0816;81678;81746
4393;430000;J0817;81765;81850
4394;430000;J0842;84296;84440
4395;430000;J0848;84847;85184
4396;430000;J0980;98047;98130
4397;430000;J0985;98517;98595
4398;430000;J0985A;98596;98667
4399;430000;J0992;99278;99338
4400;430000;J0994;99440;99494
4401;430000;J1009;100941;101134
4402;430000;J1135;113531;113614
4403;430000;J1294;129442;129502
4404;430000;J1299;129961;130024
4405;430000;J1412;141226;141302
4406;430000;J1419;141980;142079
4407;430000;J1431;143169;143229
4408;431000;2BIS;3160;3984
4409;431000;3;13954;14775
4410;431000;4;13954;14775
4411;431000;4;161421;162663
4412;431000;7;67829;68538
4413;431000;7;162335;163187
4414;431000;J0016;1617;1687
4415;431000;J0023;2359;2407
4416;431000;J0024;2416;2562
4417;431000;J0024A;2464;2544
4418;431000;J0027;2791;2917
4419;431000;J0032;3230;3353
4420;431000;J0040;4002;4129
4421;431000;J0041;4132;4266
4422;431000;J0042;4268;4315
4423;431000;J0054;5432;5582
4424;431000;J0060;6022;6131
4425;431000;J0115;11571;11836
4426;431000;J0119;11916;12181
4427;431000;J0257;25775;26049
4428;431000;J0261;26129;26403
4429;431000;J0439;43955;44229
4430;431000;J0443;44309;44583
4431;431000;J0667;66705;66979
4432;431000;J0680;68023;68297
4433;431000;J0922;92243;92517
4434;431000;J0925;92597;92871
4435;431000;J1132;113262;113536
4436;431000;J1145;114580;114854
4437;431000;J1378;137886;138160
4438;431000;J1382;138240;138514
4439;431000;J1611;161134;161408
4440;431000;J1627;162709;162983
4441;431000;J1879;187914;188189
4442;431000;J1882;188269;188543
4443;431000;J2131;213113;213387
4444;431000;J2134;213467;213741
4445;431000;J2177;217733;217895
4446;432000;EVIT;27035;27445
4447;441000;3;401776;402266
4448;441000;B;453528;454097
4449;441000;D;453505;454097
4450;441000;J4016;401602;401683
4451;441000;J4306;430660;430741
4452;441000;J4531;453124;453206
4453;441000;J4534;453408;453498
4454;446000;EVIT B;546827;547146
4455;447000;4;27729;28203
4456;450000;J2105A;210548;210610
4457;450000;J2105;210505;210631
4458;450000;J2113;211379;211462
4459;450000;J2114;211482;211573
4460;450000;J2119;211932;212022
4461;450000;J2116;211628;211930
4462;450000;J2141;214184;214265
4463;450000;J2142;214273;214354
4464;450000;J2297;229743;229826
4465;450000;J2299;229900;229982
4466;450000;J2467;246728;246810
4467;450000;J2468;246826;246909
4468;450000;J2585;258544;258669
4469;450000;J2597A;259793;259876
4470;450000;J2873;287341;287422
4471;450000;J2875;287580;287641
4472;450000;J3017;301710;301794
4473;450000;J3018;301850;301932
4474;450000;J3047;304700;304781
4475;450000;J3060;306015;306075
4476;451300;J0008;850;884
4477;460000;EVIT;289572;290108
4478;466000;EVIT;26465;26911
4479;466000;EVIT;36090;36604
4480;466000;EVIT;50227;50638
4481;468000;4;409616;410701
4482;468000;J3762;376240;376282
4483;468000;J3786;378628;378690
4484;468000;J3834;383480;383540
4485;468000;J3841;384110;384190
4486;468000;J3842;384200;384280
4487;468000;J4095;409504;409590
4488;468000;J4109;410920;411003
4489;468000;J4262;426289;426381
4490;468000;J4264;426476;426559
4491;468000;J4423;442368;442450
4492;470000;3;511084;511988
4493;470000;3;585005;585405
4494;470000;4;511170;511300
4495;470000;4;565256;566053
4496;470000;4;584713;585397
4497;470000;5;511190;511825
4498;470000;B;684530;685090
4499;470000;C;619280;620234
4500;470000;D;684304;685050
4501;470000;E;684417;685020
4502;470000;EVIT;715031;715819
4503;470000;EVIT;721649;722382
4504;470000;EVIT;740146;740908
4505;470000;EVIT;757872;758672
4506;470000;J4698;469886;470020
4507;470000;J4830;483019;483082
4508;470000;J4942;494265;494297
4509;470000;J5094;509481;509566
4510;470000;J5106;510633;510715
4511;470000;J5120;512095;512226
4512;470000;J5399;539979;540062
4513;470000;J5411;541105;541161
4514;470000;J5650;565030;565113
4515;470000;J5664;566486;566568
4516;470000;J5845;584557;584639
4517;470000;J5856;585647;585734
4518;470000;J6115;611584;611667
4519;470000;J6121;612160;612243
4520;470000;J6190;619040;619122
4521;470000;J6204;620486;620569
4522;470000;J6398;639825;639922
4523;470000;J6399;639949;640048
4524;470000;J6401;640150;640204
4525;470000;J6642;664230;664312
4526;470000;J6651;665190;665272
4527;470000;J6839;683923;683984
4528;470000;J6841;684118;684203
4529;470000;J6843;684382;684476
4530;473000;EVIT;597828;598119
4531;473000;EVIT;611856;612213
4532;473000;J6121;612110;612190
4533;474000;EVIT;639693;639906
4534;475000;EVIT;523190;523874
4535;475000;EVIT;546777;546976
4536;485000;EVIT;515761;516085
4537;485000;EVIT;537585;538051
4538;485000;EVIT;557684;558097
4539;486000;EVIT;526157;526595
4540;486000;EVIT;541321;541625
4541;500000;2;369765;370543
4542;500000;2B;290340;292688
4543;500000;3;487457;488522
4544;500000;3;491569;491856
4545;500000;4;488163;488522
4546;500000;4;491569;491927
4547;500000;4B;306710;308215
4548;500000;5;369945;370428
4549;500000;6;488376;488522
4550;500000;6;491569;491867
4551;500000;B;284916;285902
4552;500000;B1;316735;317930
4553;500000;E;336850;337840
4554;500000;E;349080;349922
4555;500000;E;462642;463432
4556;500000;EVIT;278040;278525
4557;500000;EVIT;102648;103432
4558;500000;EVIT;111637;112459
4559;500000;EVIT;124008;124641
4560;500000;EVIT;140830;141190
4561;500000;EVIT;162545;163295
4562;500000;J4918;491856;491927
4563;500000;J4918A;491875;491957
4564;500000;J5007;500760;500818
4565;500000;J5723;572274;572407
4566;500000;J5904;590487;590530
4567;500000;J5988;598850;598932
4568;500000;J6079;607990;608076
4569;510000;EVIT;36710;37268
4570;515000;1BIS;375848;376866
4571;515000;2B;270520;271542
4572;515000;2BIS;385168;386340
4573;515000;3;343298;344372
4574;515000;A;468661;469736
4575;515000;A;493588;494005
4576;515000;B;342500;343355
4577;515000;CIR;429477;430698
4578;515000;D;342568;343298
4579;515000;D;468661;469744
4580;515000;D;493597;494005
4581;515000;E;342857;343275
4582;515000;G;235735;236292
4583;515000;H;235755;236253
4584;515000;I;235755;236238
4585;515000;J2357;235750;235797
4586;515000;J2357A;235750;235810
4587;515000;J2358;235783;235828
4588;515000;J2359;235990;236050
4589;515000;J2361;236173;236330
4590;515000;J2362;236292;236454
4591;515000;J2376;237652;237798
4592;515000;J2376A;237654;237798
4593;515000;J2396;239640;239701
4594;515000;J2412;241274;241357
4595;515000;J2441;244112;244175
4596;515000;J2600;260068;260131
4597;515000;J2604;260469;260532
4598;515000;J2811;281198;281256
4599;515000;J2824;282444;282507
4600;515000;J2987;298700;298829
4601;515000;J2988;298755;298849
4602;515000;J2998;299853;299902
4603;515000;J2998A;299867;299970
4604;515000;J3203;320324;320384
4605;515000;J3205;320552;320634
4606;515000;J3415;341524;341595
4607;515000;J3424;342436;342499
4608;515000;J3425;342520;342624
4609;515000;J3431;343124;343171
4610;515000;J3431A;343180;343302
4611;515000;J3432;343208;343330
4612;515000;J3433;343298;343415
4613;515000;J3440;344063;344112
4614;515000;J3442;344235;344286
4615;515000;J3452;345258;345321
4616;515000;J3455;345549;345630
4617;515000;J3585;358575;358670
4618;515000;J3811;381119;381200
4619;515000;J3812;381201;381282
4620;515000;J3977;397716;397796
4621;515000;J3978;397798;397877
4622;515000;J4239;423918;423995
4623;515000;J4240;424045;424126
4624;515000;J4267;426791;426835
4625;515000;J4268;426836;426866
4626;515000;J4274;427450;427495
4627;515000;J4280;428095;428205
4628;515000;J4282;428262;428343
4629;515000;J4305;430509;430586
4630;515000;J4306;430606;430706
4631;515000;J4309;430930;431010
4632;515000;J4349;434950;435007
4633;515000;J4359;435971;436112
4634;515000;J4361;436133;436259
4635;515000;J4363;436300;436360
4636;515000;J4364;436414;436496
4637;515000;J4399;439917;439980
4638;515000;J4424;442435;442497
4639;515000;J4472;447205;447337
4640;515000;J4473;447358;447490
4641;515000;J4587;458775;458896
4642;515000;J4588;458907;459028
4643;515000;J4684;468476;468559
4644;515000;J4700;470073;470156
4645;515000;J4791;479137;479183
4646;515000;J4805;480590;480636
4647;515000;J4810;481003;481050
4648;515000;J4841;484186;484271
4649;515000;J4874;487410;487454
4650;515000;J4878;487855;487939
4651;515000;J4886;488628;488677
4652;515000;J4924;492479;492537
4653;515000;J4935;493520;493572
4654;515000;J4935A;493520;493585
4655;515000;K;235755;236186
4656;515000;L;235755;236072
4657;515000;SM1;429150;429415
4658;515000;2BIS;396500;397360
4659;515000;J4297;429701;429834
4660;515000;J4297A;429702;429835
4661;516000;2;519375;519816
4662;516000;3;519360;519710
4663;516000;4;519240;519816
4664;516000;A;494005;494521
4665;516000;B;494005;494461
4666;516000;D;494005;494452
4667;516000;EVIT;505956;506600
4668;516000;EVIT;509902;510668
4669;516000;EVIT;513256;513808
4670;516000;J5193;519304;519360
4671;516000;J5197;519729;519796
4672;519000;EVIT;444810;445136
4673;523000;3;42045;42650
4674;523000;1;42090;42840
4675;523000;EVI;5087;5908
4676;523000;EVI;19933;20620
4677;523000;EVI;31538;32138
4678;525000;1;69606;70498
4679;525000;2;-22;220
4680;525000;1;121751;122688
4681;525000;5;200748;201430
4682;525000;B;-19;337
4683;525000;E;177529;178228
4684;525000;EVIT;16508;17086
4685;525000;EVIT;92939;93446
4686;525000;1;200770;201395
4687;525000;EVIT;224429;224947
4688;525000;EVIT;240491;241000
4689;525000;J2449;244901;244958
4690;525000;J2449A;244971;245027
4691;530000;3;207953;208730
4692;530000;4N;75776;75977
4693;530000;4S;76040;76359
4694;530000;C;178567;179940
4695;530000;D;178624;179451
4696;530000;E;178659;179397
4697;530000;J0390;38972;39015
4698;530000;J0486;48623;48705
4699;530000;J0751;75164;75233
4700;530000;J0756;75600;75665
4701;530000;J0763;76357;76400
4702;530000;J0764;76400;76439
4703;530000;J0763A;76399;76430
4704;530000;J0764B;76430;76468
4705;530000;J1126;112699;112735
4706;530000;J1131;113180;113220
4707;530000;J1372;137250;137300
4708;530000;J1780;178061;178150
4709;530000;J1784;178492;178563
4710;530000;J1801;180140;180224
4711;530000;J1802;180230;180312
4712;530000;J1805;180549;180692
4713;530000;J2078;207814;207874
4714;530000;J2088;208840;208901
4715;530000;J2358;235872;235940
4716;530000;J2510;251024;251106
4717;534000;2;26215;26922
4718;534000;4;26250;26850
4719;534000;EVIT;14471;14968
4720;534000;EVIT;58818;59239
4721;534000;EVIT;1595;2058
4722;534000;EVIT;39708;40164
4723;535000;2;12312;12715
4724;535000;4;12381;12695
4725;535000;J0126;12646;12690
4726;536000;2;29250;29755
4727;536000;J0044;4442;4506
4728;536000;J0294;29455;29570
4729;538000;4;73525;73938
4730;538000;C;73171;74080
4731;538000;E;27247;27997
4732;538000;E;34838;35880
4733;538000;E;42013;42908
4734;538000;J0000;-16;65
4735;538000;J0727;72756;72885
4736;538000;J0728;72903;72987
4737;538000;J0739;73970;74047
4738;538000;J0743;74314;74400
4739;538000;J0948;94838;94908
4740;538000;J1078;107842;107923
4741;538000;J1079;107946;108029
4742;538000;J1229;122973;123030
4743;544000;2;36800;37159
4744;544000;4;36857;37159
4745;544000;6;36895;37159
4746;544000;8;36903;37159
4747;544000;A;27564;28426
4748;544000;E;15178;15900
4749;546000;3;24279;24650
4750;547000;E;23370;23920
4751;55000;1BIS;435755;436030
4752;550000;13;56297;56665
4753;550000;2BIS;55365;55752
4754;550000;Z;133020;133495
4755;550000;E;76378;77199
4756;550000;2;98662;99448
4757;550000;4;119019;119730
4758;550000;3;132995;133554
4759;550000;4;158784;159577
4760;550000;4;165128;165850
4761;550000;E;190209;190917
4762;550000;B;205817;206445
4763;550000;E;219455;220150
4764;550000;E;227440;228110
4765;550000;2;175860;176385
4766;550000;Z;175810;176320
4767;550000;J0315;31570;31679
4768;550000;J0320;32023;32070
4769;550000;J0323;32367;32772
4770;550000;J0327;32725;32776
4771;550000;J0328;32850;32994
4772;550000;J0330;33022;33126
4773;550000;J0366;36683;36724
4774;550000;J0463;46311;46371
4775;550000;J0551;55167;55251
4776;550000;J0552;55269;55351
4777;550000;J0553;55363;55449
4778;553000;M3;3911;4456
4779;556000;E;40453;40960
4780;556000;B;51637;52247
4781;558000;EVIT;37825;38461
4782;559000;EVIT;44803;45065
4783;559000;EVIT;54723;54975
4784;561000;J2395;239535;239620
4785;561000;J2465;246570;246630
4786;561000;J2466;246653;246728
4787;561000;J2636;263664;263709
4788;561000;J2831;283103;283189
4789;561000;J2845;284524;284604
4790;561000;J2942;294160;294204
4791;561000;J2950;295021;295077
4792;561000;J3115;311593;311655
4793;561000;J3250;325042;325100
4794;561000;J3255;325584;325642
4795;561000;J3296;329670;329698
4796;561000;J3313;331330;331392
4797;561000;J3323;332305;332365
4798;561000;J3331;333146;333207
4799;561000;2;283579;284430
4800;562300;J2340;234020;234149
4801;563300;A;235305;235678
4802;563300;J2342;234213;234271
4803;563300;J2352;235298;235369
4804;563300;J2356;235637;235693
4805;563300;Z;235443;235668
4806;569000;1OR;120517;121050
4807;569000;2OR;120480;121050
4808;569000;3OR;120490;121050
4809;569000;6OR;120780;121050
4810;569000;7OR;120793;121050
4811;569000;J1182;118230;118360
4812;569000;J1192;119198;119250
4813;569000;J1204;120450;120480
4814;569000;J1205;120510;120565
4815;569000;J1205A;120585;120640
4816;569000;J1207;120730;120780
4817;569000;J1208;120794;120850
4818;569000;J1209;120930;120993
4819;569000;J1209A;120935;121000
4820;570000;J007A;714;825
4821;570000;10;31669;32100
4822;570000;J0015;1573;1605
4823;570000;11;449449;449641
4824;570000;115;118280;119020
4825;570000;J007;713;766
4826;570000;J0014;1430;1567
4827;570000;14;0;661
4828;570000;15;0;661
4829;570000;16;0;654
4830;570000;17;204;721
4831;570000;18;155;922
4832;570000;19;129;721
4833;570000;1B;137430;138467
4834;570000;1B;211045;212045
4835;570000;1B;229000;233945
4836;570000;1B;260273;261395
4837;570000;1M;6007;8392
4838;570000;1MBIS;7504;7885
4839;570000;V1TER;825;3470
4840;570000;1TER;17056;18754
4841;570000;2;202;750
4842;570000;20;129;713
4843;570000;21;129;813
4844;570000;2B;163349;164392
4845;570000;2B;212354;213511
4846;570000;2B;229000;233950
4847;570000;2B;256446;257524
4848;570000;2M;6046;6847
4849;570000;V2TER;859;1430
4850;570000;2TER;17185;18805
4851;570000;3;159000;160121
4852;570000;3;193748;194822
4853;570000;3;280084;281055
4854;570000;3;387743;388705
4855;570000;3;402158;403090
4856;570000;3;421200;422214
4857;570000;3;448785;449310
4858;570000;3;466967;467940
4859;570000;3;483891;484910
4860;570000;3;505280;506378
4861;570000;3;530782;531460
4862;570000;3;546787;547664
4863;570000;3;564007;565005
4864;570000;33;531460;532449
4865;570000;35;531452;532380
4866;570000;3S;-31;447
4867;570000;4;178;775
4868;570000;4;79911;81919
4869;570000;4;179385;180625
4870;570000;4;195167;196088
4871;570000;4;233060;233431
4872;570000;4;304150;305100
4873;570000;4;336126;336784
4874;570000;4;401535;402675
4875;570000;4;420308;421383
4876;570000;4;449010;449700
4877;570000;4;466943;467925
4878;570000;4;483891;484888
4879;570000;4;505344;506378
4880;570000;4;531183;532407
4881;570000;4;546913;547489
4882;570000;4;564872;565949
4883;570000;41;336656;336896
4884;570000;43;336646;336867
4885;570000;4S;-12;447
4886;570000;5;636;750
4887;570000;5;31156;31692
4888;570000;5;370147;371227
4889;570000;5;530880;531452
4890;570000;5;546833;547847
4891;570000;5;18609;19365
4892;570000;6;30926;31647
4893;570000;6;55525;56200
4894;570000;6;148140;149049
4895;570000;6;179490;180000
4896;570000;6;280334;281418
4897;570000;6;336181;336746
4898;570000;6;370302;371318
4899;570000;6;448506;449540
4900;570000;6;545814;546757
4901;570000;6;18720;19260
4902;570000;7;190;756
4903;570000;7;530964;531452
4904;570000;7;18868;19289
4905;570000;8;129;775
4906;570000;8;31103;31489
4907;570000;8;336197;336704
4908;570000;1J;6111;7000
4909;570000;A;302714;303811
4910;570000;A;325846;326592
4911;570000;A2;574470;577690
4912;570000;AM;3835;5251
4913;570000;B;325846;326606
4914;570000;C;302835;303706
4915;570000;C1;228445;233064
4916;570000;C2;2185;3835
4917;570000;C2;228575;229910
4918;570000;C3;228523;229900
4919;570000;C4;3398;3835
4920;570000;C4;231025;233509
4921;570000;C5;230891;233509
4922;570000;C7;233420;233800
4923;570000;1T;6140;6772
4924;570000;VCI;1573;2480
4925;570000;VCP;1430;2482
4926;570000;DTA;15746;16557
4927;570000;J006C;641;810
4928;570000;J0063;6396;6465
4952;570000;J0029;2917;2975
4953;570000;J0029A;2991;3053
4954;570000;J0050;5040;5121
4955;570000;J0057;5738;5869
4956;570000;J0058;5842;5925
4957;570000;J0079;7922;8105
4958;570000;J0080;8050;8233
4959;570000;J0090;9068;9149
4960;570000;J0090A;9096;9178
4961;570000;J0092;9265;9343
4962;570000;J0092A;9285;9366
4963;570000;J0098;9877;9961
4964;570000;J0098A;9880;9963
4965;570000;J0098B;9883;9980
4966;570000;J0098C;9886;9966
4967;570000;J0099;9981;10178
4968;570000;J0100;10004;10085
4969;570000;J0101;10153;10336
4970;570000;J0101A;10156;10238
4971;570000;J0154;15441;15524
4989;570000;J0189;18962;19116
4993;570000;J0192;19226;19353
4994;570000;J0192A;19288;19413
4995;570000;J0194;19499;19559
4996;570000;J0195;19521;19602
4997;570000;J0195A;19573;19635
4998;570000;J0196;19638;19738
4999;570000;J0196A;19686;19749
5023;570000;J0560;56053;56102
5029;570000;J0649;64939;65176
5030;570000;J0649A;64942;65134
5031;570000;J0722;72293;72535
5032;570000;J0740;74066;74157
5033;570000;J0748;74858;74943
5034;570000;J0752;75239;75481
5035;570000;J0876;87645;87728
5036;570000;J0877;87748;87827
5037;570000;J0878;87860;87960
5038;570000;J0888;88818;88965
5039;570000;J0891;89195;89297
5040;570000;J0985;98505;98660
5041;570000;J1030;103030;103180
5042;570000;J1114;111434;111593
5043;570000;J1138;113826;113983
5044;570000;J1165;116551;116615
5045;570000;J1167;116739;116798
5046;570000;J1177;117705;117850
5047;570000;J1182;118252;118598
5048;570000;J1190;119094;119423
5049;570000;J1192;119240;119332
5050;570000;J1192A;119252;119648
5051;570000;J1195;119540;119671
5052;570000;J1197;119723;119804
5053;570000;J1227;122713;122778
5054;570000;J1340;134008;134093
5055;570000;J1341;134144;134228
5056;570000;J1406;140610;140661
5057;570000;J1460;146095;146179
5058;570000;J1462;146221;146305
5059;570000;J1483;148360;148425
5060;570000;J1577;157715;157795
5061;570000;J1579;157904;157985
5062;570000;J1600;160011;160076
5063;570000;J1695;169511;169596
5064;570000;J1696;169638;169722
5065;570000;J1791;179154;179236
5066;570000;J1792;179246;179280
5067;570000;J1806;180649;180734
5068;570000;J1923;192318;192400
5069;570000;J1924;192451;192535
5070;570000;J1947;194737;194798
5071;570000;J2036;203695;203775
5072;570000;J2038;203800;203884
5073;570000;J2123;212397;212458
5074;570000;J2163;216378;216460
5075;570000;J2165;216513;216597
5076;570000;J2269;226956;227086
5077;570000;J2283;228437;228725
5078;570000;J2285;228589;228673
5079;570000;J2289;228942;229153
5080;570000;J2296;229669;229864
5081;570000;J2312B;231260;231409
5082;570000;J2311A;231134;231261
5083;570000;J2313;231360;231404
5084;570000;J2313A;231393;231437
5085;570000;J2314;231425;231629
5086;570000;J2314A;231445;231636
5087;570000;J2324;232422;232449
5088;570000;J2326;232652;232747
5089;570000;J2326A;232606;232653
5090;570000;J2331;233105;233161
5091;570000;J2332;233263;233391
5092;570000;J2334;233462;233508
5093;570000;J2337;233760;233818
5094;570000;J2337B;233766;233893
5095;570000;J2337C;233770;233846
5096;570000;J2340;234023;234119
5097;570000;J2341;234135;234230
5098;570000;J2349;234985;235025
5099;570000;J2349;237600;237749
5100;570000;J2378;237837;237968
5101;570000;J2405;240510;240656
5102;570000;J2409;241007;241197
5103;570000;J2484;248440;248653
5104;570000;J2487;248710;248923
5105;570000;J2600;260025;260219
5106;570000;J2603;260367;260561
5107;570000;J2696;269639;269702
5108;570000;J2764;276411;276606
5109;570000;J2766;276672;276867
5110;570000;J2801;280164;280247
5111;570000;J2814;281419;281474
5112;570000;J2921;292129;292321
5113;570000;J2923;292397;292591
5114;570000;J2954;295474;295526
5115;570000;J3025;302598;302697
5116;570000;J3029;302861;302992
5117;570000;J3035;303590;303674
5118;570000;J3038;303834;303921
5119;570000;J3166;316684;316878
5120;570000;J3169;316927;317119
5121;570000;J3307;330775;330838
5122;570000;J3358;335877;335925
5123;570000;J3361;336196;336233
5124;570000;J3367;336784;336869
5125;570000;J3369;336970;337031
5126;570000;J3410;341055;341138
5127;570000;J3549;354945;355139
5128;570000;J3551;355189;355382
5129;570000;J3699;369923;369980
5130;570000;J3729;372966;373159
5131;570000;J3732;373226;373420
5132;570000;J3873;387332;387524
5133;570000;J3875;387591;387786
5134;570000;J4011;401191;401382
5135;570000;J4028;402787;402870
5136;570000;J4198;419783;419972
5137;570000;J4484;448417;448495
5138;570000;J4486;448642;448675
5139;570000;J4488;448855;448920
5140;570000;J4495;449515;449585
5141;570000;J4497;449760;449818
5142;570000;J4522;452210;452292
5143;570000;J4527;452747;452936
5144;570000;J4667;466751;466943
5145;570000;J4679;467998;468190
5146;570000;J4826;482672;482861
5147;570000;J4828;482897;483087
5148;570000;J5176;517600;517792
5149;570000;J5178;517828;518020
5150;570000;J5306;530651;530734
5151;570000;J5307;530758;530877
5152;570000;J5307A;530782;530891
5153;570000;J5309;530905;530986
5154;570000;J5313;531362;531460
5155;570000;J5324;532419;532481
5156;570000;J5326;532650;532783
5157;570000;J5454;545440;545630
5158;570000;J5467;546757;546787
5159;570000;J5468;546806;546888
5160;570000;J5475;547517;547613
5161;570000;J5489;548984;549174
5162;570000;J5589;558960;559150
5163;570000;J5591;559188;559378
5164;570000;J5684;568420;568503
5165;570000;J5747;574778;574859
5166;570000;J5748;574860;574939
5167;570000;J5783;578315;578441
5168;570000;J5785;578540;578671
5169;570000;J5813;581318;581447
5170;570000;J5814;581496;581628
5171;570000;J5834;583460;583590
5172;570000;J5835A;583593;583649
5173;570000;M1;119020;120320
5174;570000;M2;118290;120280
5175;570000;M4;118930;119864
5176;570000;M4;232446;232605
5178;570000;MVI;16861;18032
5179;570000;MVP;741;1548
5180;570000;MVP;17192;18200
5181;570000;TAC;17024;17877
5182;570000;TIR;117920;118174
5183;570000;XLA;119060;119236
5184;570000;YLA;119060;119435
5185;570000;Z;336100;336830
5186;570000;Z;448830;449663
5187;570000;ZLA;119060;119280
5188;570000;ZSP;232633;233371
5189;573000;E;47715;47972
5190;574000;4;16930;17310
5191;579000;E;16974;17871
5192;579000;E;23875;24735
5193;579000;E;31030;32041
5194;579000;E;44012;45095
5195;579000;E;52575;53465
5196;583000;3;588317;589030
5197;583000;3;591812;592608
5198;584000;3;17047;18015
5199;584000;3;23922;24524
5200;584000;3;99594;99998
5201;584000;B;45951;46628
5202;584000;C;45680;46570
5203;584000;E;7659;8326
5204;584000;E;66118;66954
5205;584000;J009;940;989
5206;584000;J009A;1235;1282
5207;586000;J0046;4642;4690
5208;586000;J0090;9076;9120
5209;586000;J0097;9710;9740
5210;590000;1;200761;201380
5211;590000;11;200870;201398
5212;590000;1BIS;330654;331842
5213;590000;2;200815;201498
5214;590000;2B;200845;201450
5215;590000;3;600184;600413
5216;590000;4;558785;559676
5217;590000;4;599438;600351
5218;590000;7;200586;201568
5219;590000;9;200835;201438
5220;590000;A;263860;264560
5221;590000;A;294290;295327
5222;590000;A;367358;368610
5223;590000;A;400865;401125
5224;590000;A;499592;500265
5225;590000;B;400780;401560
5226;590000;B;499632;500222
5227;590000;C;400760;401505
5228;590000;D;263905;264555
5229;590000;D;367394;368442
5230;590000;D;400710;401612
5231;590000;E;400820;401544
5232;590000;E;499581;500256
5233;590000;ECI;262121;263167
5234;590000;ECI;541354;542336
5235;590000;F;499531;500188
5236;590000;G;400754;401638
5237;590000;G;498643;500225
5238;590000;H;498715;500287
5239;590000;I;400870;401485
5240;590000;J1193;119327;119430
5241;590000;J1203;120495;122095
5242;590000;J1332;133280;133340
5243;590000;J1601;160128;160210
5244;590000;J1999;199928;200012
5245;590000;J2002;200297;200403
5246;590000;J2005;200541;200586
5247;590000;J2005A;200569;200634
5248;590000;J2006;200637;200698
5249;590000;J2006A;200677;200835
5250;590000;J2007;200773;200840
5251;590000;J2007A;200773;200829
5252;590000;J2008;200801;200866
5253;590000;J2013;201327;201651
5254;590000;J2013A;201380;201433
5255;590000;J2014;201450;201506
5256;590000;J2015;201556;201621
5257;590000;J2015A;201568;201621
5258;590000;J2043;204383;204445
5259;590000;J2203;220321;220404
5260;590000;J2205;220565;220621
5261;590000;J2366;236610;236672
5262;590000;J2367;236740;236802
5263;590000;J2487;248790;248852
5264;590000;J2490;249010;249093
5265;590000;J2586;258752;258802
5266;590000;J2635;263526;263613
5267;590000;J2636;263679;263742
5268;590000;J2646;264690;264752
5269;590000;J2648;264863;264929
5270;590000;J2808;280870;280953
5271;590000;J2812;281210;281293
5272;590000;J2919;294204;294265
5273;590000;J2953;295350;295432
5274;590000;J3054;305486;305568
5275;590000;J3161;316183;316278
5276;590000;J3164;316385;316472
5277;590000;J3302;330267;330347
5278;590000;J3408;340833;340916
5279;590000;J3412;341234;341296
5280;590000;J3419;341982;342090
5281;590000;J3515;351548;351606
5282;590000;J3670;367099;367180
5283;590000;J3672;367255;367320
5284;590000;J3677;367795;367857
5285;590000;J3684;368400;368462
5286;590000;J3684A;368442;368470
5287;590000;J3685;368515;368572
5288;590000;J3832;383216;383270
5289;590000;J3834;383488;383580
5290;590000;J3927;392748;392833
5291;590000;J3929;392887;392972
5292;590000;J3970;397073;397133
5293;590000;J3993;399300;399325
5294;590000;J3993A;399335;399390
5295;590000;J3994;399435;399520
5296;590000;J4004;400436;400564
5297;590000;J4005;400580;400780
5298;590000;J4006;400658;400754
5299;590000;J4006A;400683;400850
5300;590000;J4008;400837;400920
5301;590000;J4010;401030;401080
5302;590000;J4010A;401030;401080
5303;590000;J4012;401200;401250
5304;590000;J4012A;401200;401250
5305;590000;J4012B;401200;401250
5306;590000;J4016;401637;401721
5307;590000;J4017;401729;401809
5308;590000;J4026;402687;402751
5309;590000;J4046;404634;404717
5310;590000;J4126;412603;412667
5311;590000;J4128;412819;412902
5312;590000;J4216;421618;421700
5313;590000;J4370;437034;437124
5314;590000;J4371;437131;437224
5315;590000;J4476;447699;447783
5316;590000;J4484;448430;448519
5317;590000;J4590;459098;459160
5318;590000;J4599;459948;460014
5319;590000;J4680;468040;468123
5320;590000;J4681;468125;468184
5321;590000;J4830;483081;483173
5322;590000;J4835;483570;483658
5323;590000;J4982;498213;498297
5324;590000;J4988;498823;498931
5325;590000;J4992;499207;499295
5326;590000;J4994;499470;499627
5327;590000;J5003;500303;500342
5328;590000;J5003A;500344;500391
5329;590000;J5080;508000;508088
5330;590000;J5197;519736;519822
5331;590000;J5198;519840;519928
5332;590000;J5367;536746;536777
5333;590000;J5382;538230;538313
5334;590000;J5486;548631;548691
5335;590000;J5595;559507;559630
5336;590000;J5597;559750;559812
5337;590000;J5773;577337;577456
5338;590000;J5776;577628;577743
5339;590000;J5992;599223;599310
5340;590000;J5993;599372;599451
5341;590000;J6004;600425;600508
5342;590000;J6178;617849;617930
5343;590000;J6179;617938;618016
5344;590000;J6392;639258;639340
5345;590000;J6393;639345;639427
5346;590000;J6405;640560;640642
5347;590000;J6629;662940;663022
5348;590000;K;400605;401595
5349;590000;M;397145;398200
5350;590000;M1;398058;400605
5351;590000;M2;398287;400757
5352;590000;Z;341234;342122
5353;591000;4;130501;130886
5354;593000;4;223675;224072
5355;593000;J1994;199455;199523
5356;593000;J2232;223257;223339
5357;593000;J2244;224442;224493
5358;593000;J2406;240655;240695
5359;593000;J2545;254495;254582
5360;593000;J2867;286782;286817
5361;594000;EVIT;269261;269778
5362;594000;EVIT;282340;282853
5363;594000;EVIT;327742;328252
5364;594000;EVIT;347797;348292
5365;598000;EVIT;330850;331402
5366;6000;1;110070;110580
5367;6000;A;130554;131105
5368;6000;D;33050;34030
5369;6000;D;52796;53712
5370;6000;D;25335;26140
5371;6000;J0017;1740;1780
5372;6000;J0338;33873;33900
5373;60000;B;27080;27607
5374;60000;3;10905;11634
5375;60000;J0108;10863;10905
5376;60000;J0115;11513;11568
5377;600000;A;218452;218619
5378;600000;EVIT;178687;178870
5379;600000;J1787;178756;178811
5380;600000;TIROI;178759;178870
5381;604000;4;418947;419560
5382;604000;3;347530;348223
5383;604000;E;376811;377343
5384;604000;E;389586;390389
5385;604000;EVIT;418990;419593
5386;604000;4;447000;447503
5387;606000;EVIT;431393;431891
5388;606000;EVIT;449500;449813
5389;610000;E;454832;455391
5390;610000;E;459251;459821
5391;610000;E;467137;467812
5392;610000;E;480025;480621
5393;610000;E;491865;492454
5394;610000;E;513527;514285
5395;610000;EVIT;402256;402450
5396;610000;EVIT;406130;406486
5397;610000;EVIT;412494;413055
5398;610000;EVIT;418945;419506
5399;610000;EVIT;429699;430226
5400;610000;EVIT;438530;439255
5401;610000;EVIT;446393;446967
5402;611000;E;448385;449206
5403;611000;E;462862;463942
5404;611000;E;472940;473763
5405;611000;E;483751;484559
5406;611000;E;490552;491398
5407;611000;EVIT;429192;430043
5408;611000;EVIT;438220;439180
5409;611000;J4028;402830;402888
5410;611000;J4209;420947;421030
5411;613000;EVIT;442444;442878
5412;613000;EVIT;451475;451906
5413;613000;EVIT;468567;468956
5414;613000;EVIT;484474;484888
5415;62000;B;7449;7915
5416;62000;E;19164;19895
5417;621000;4;39251;40046
5418;621000;B;75135;75667
5419;621000;C;75096;75712
5420;621000;E;75107;75740
5421;621000;E;108403;109000
5422;621000;E;122318;123186
5423;621000;E;128038;128795
5424;621000;EVIT;157728;158384
5425;621000;EVIT;172760;173530
5426;621000;J0004;463;551
5427;621000;J0241;24023;24079
5428;621000;J0391;39190;39248
5429;621000;J0405;40574;40656
5430;621000;J0579;57903;57952
5431;621000;J0734;73468;73510
5432;621000;J0746;74611;74643
5433;621000;J0746A;74690;74816
5434;621000;J0749;74979;75064
5435;621000;J0758;75834;75912
5436;621000;J0859;85958;86018
5437;621000;J1728;172840;172905
5438;621000;J1730;173065;173190
5439;628000;E;589995;590253
5440;629000;E;575934;576562
5441;629000;B;607280;607668
5442;629000;C;607215;607630
5443;629000;E;554559;555124
5444;629000;E;564218;565090
5445;629000;E;585426;586120
5446;629000;E;594207;594755
5447;629000;E;627755;628409
5448;631000;2;557195;557704
5449;631000;2;608612;609129
5450;631000;2;625260;625942
5451;631000;3;608690;609199
5452;631000;4;557167;557565
5453;631000;E;540294;540906
5454;631000;6;556874;557600
5455;631000;E;569658;570369
5456;631000;J5568;556816;556874
5457;631000;J5577;557704;557761
5458;631000;J5646;564680;564758
5459;631000;Z;557040;557635
5460;632000;31;610185;610750
5461;634000;2;633735;634286
5462;637000;2;2664;3196
5463;637000;4;3848;4638
5464;640000;1;255985;256850
5465;640000;11;-264;279
5466;640000;11;235396;236797
5467;640000;12;-112;495
5468;640000;13;235542;236666
5469;640000;14;-112;409
5470;640000;16;-260;1425
5471;640000;17;-393;1503
5472;640000;1BIS;371560;372578
5473;640000;1BIS;451410;452376
5474;640000;1BIS;254530;255940
5475;640000;2;255936;256715
5476;640000;20G;345233;346330
5477;640000;2BIS;451405;452324
5478;640000;2BIS;254321;255936
5479;640000;3;40872;41816
5480;640000;3;78427;79016
5481;640000;3;135215;135932
5482;640000;3;255936;256805
5483;640000;3;310880;311771
5484;640000;3CIRC;346803;347980
5485;640000;4;41143;41840
5486;640000;4;78023;78745
5487;640000;4;114861;115848
5488;640000;4;135147;135416
5489;640000;4;205664;206556
5490;640000;4;310685;311702
5491;640000;4;346572;347210
5492;640000;4;423360;425017
5493;640000;4E;383166;384505
5494;640000;5;-264;417
5495;640000;5;78023;79173
5496;640000;5;135262;135970
5497;640000;5;160537;161526
5498;640000;6;-233;315
5499;640000;6;41267;41550
5500;640000;6;205518;206665
5501;640000;6;255940;256690
5502;640000;6;310649;311772
5503;640000;7;-225;290
5504;640000;7;135153;136110
5505;640000;7;255900;256675
5506;640000;8;-151;260
5507;640000;8;256110;256493
5508;640000;9;-183;334
5509;640000;9;256043;256520
5510;640000;A;255975;256298
5511;640000;A;346732;348057
5512;640000;A;405814;406606
5513;640000;B;256000;256298
5514;640000;C;405787;406642
5515;640000;C;431208;432139
5516;640000;C1;404769;405814
5517;640000;C3;244330;246800
5518;640000;C4;245718;246815
5519;640000;D;431283;432025
5520;640000;E;405832;406602
5521;640000;E;431331;431895
5522;640000;EC1;260322;262299
5523;640000;EC2;265370;267380
5524;640000;H;405814;406029
5525;640000;J0001;-205;-75
5526;640000;J0002;241;309
5527;640000;J0002A;256;307
5528;640000;J0003;334;485
5529;640000;J0003A;381;422
5530;640000;J0013;1355;1425
5531;640000;J0014;1405;1450
5532;640000;J0014A;1491;1560
5533;640000;J0015;1583;1642
5534;640000;J0025;2555;2638
5535;640000;J0025A;2555;2638
5536;640000;J0026;2667;2723
5537;640000;J0026A;2697;2784
5538;640000;J0036;3702;3977
5539;640000;J0047;4700;4757
5540;640000;J0047A;4760;4950
5541;640000;J0059;5902;5960
5542;640000;J0059A;5973;6045
5543;640000;J0062;6250;6308
5544;640000;J0175;17575;17641
5545;640000;J0278;27854;27910
5546;640000;J0406;40666;40797
5547;640000;J0418;41867;41946
5548;640000;J0613;61318;61400
5549;640000;J0614;61418;61500
5550;640000;J0779;77921;78006
5551;640000;J0792;79226;79311
5552;640000;J0954;95460;95510
5553;640000;J1076;107688;107749
5554;640000;J1158;115848;115886
5555;640000;J1351;135116;135153
5556;640000;J1361;136110;136145
5557;640000;J1361A;136110;136158
5558;640000;J1410;141078;141169
5559;640000;J1411;141176;141244
5560;640000;J1604;160438;160522
5561;640000;J1608;160848;160893
5562;640000;J1616;161693;161775
5563;640000;J1682;168275;168337
5564;640000;J1772;177248;177305
5565;640000;J1867;186773;186860
5566;640000;J1868;186896;186983
5567;640000;J1875;187524;187585
5568;640000;J2054;205409;205517
5569;640000;J2056;205642;205695
5570;640000;J2065;206557;206638
5571;640000;J2067;206723;206806
5572;640000;J2070;207022;207103
5573;640000;J2201;220165;220247
5574;640000;J2202;220285;220368
5575;640000;J2317;231710;231792
5576;640000;J2318;231831;231913
5577;640000;J2352;235214;235340
5578;640000;J2365;236482;236538
5579;640000;J2368;236803;236888
5580;640000;J2430;242943;242988
5581;640000;J2441;244181;244262
5582;640000;J2443;244378;244459
5583;640000;J2457;245760;245795
5584;640000;J2466;246677;246730
5585;640000;J2467;246780;246902
5586;640000;J2468;246800;246895
5587;640000;J2524;252400;252515
5588;640000;J2541;254122;254205
5589;640000;J2542;254215;254276
5590;640000;J2544;254499;254562
5591;640000;J2545;254568;254641
5592;640000;J2557;255730;256110
5593;640000;J2557A;255720;255956
5594;640000;J2557B;255785;255980
5595;640000;J2557C;255790;255900
5596;640000;J2557D;255730;255936
5597;640000;J2562;256210;256275
5598;640000;J2562A;256280;256340
5599;640000;J2566;256690;256850
5600;640000;J2567;256718;256843
5601;640000;J2695;269524;269612
5602;640000;J2699;269902;269944
5603;640000;J2797;279700;279756
5604;640000;J3105;310555;310642
5605;640000;J3107;310791;310869
5606;640000;J3118;311860;311951
5607;640000;J3267;326702;326790
5608;640000;J3276;327670;327727
5609;640000;J3390;339074;339157
5610;640000;J3392;339226;339309
5611;640000;J3465;346572;346661
5612;640000;J3466;346643;346693
5613;640000;J3483;348311;348393
5614;640000;J3548;354836;354915
5615;640000;J3656;365683;365766
5616;640000;J3657;365783;365866
5617;640000;J3720;372066;372137
5618;640000;J3832;383212;383270
5619;640000;J3832A;383272;383357
5620;640000;J3966;396616;396692
5621;640000;J3967;396726;396847
5622;640000;J4033;403332;403431
5623;640000;J4047;404705;404785
5624;640000;J4052;405252;405308
5625;640000;J4053;405311;405381
5626;640000;J4054;405438;405521
5627;640000;J4054A;405467;405563
5628;640000;J4055;405566;405712
5629;640000;J4056;405632;405714
5630;640000;J4065;406552;406642
5631;640000;J4066;406652;406729
5632;640000;J4212;421279;421359
5633;640000;J4215;421516;421600
5634;640000;J4243;424378;424440
5635;640000;J4244;424453;424530
5636;640000;J4250;425017;425085
5637;640000;J4307;430760;430840
5638;640000;J4312;431247;431311
5639;640000;J4321;432194;432274
5640;640000;J4339;433991;434070
5641;640000;J4484;448499;448580
5642;640000;J4486;448635;448715
5643;640000;J4523;452324;452376
5644;640000;J4524;452433;452495
5645;640000;J4624;462436;462516
5646;640000;J4625;462585;462665
5647;640000;TIR6;1425;2723
5648;643000;4;127964;128580
5649;643000;4;154380;154980
5650;643000;EVIT;188964;189497
5651;647000;4;180165;180739
5652;648000;EVIT;26429;26738
5653;648000;EVIT;62639;63128
5654;648000;EVIT1;88269;88890
5655;648000;EVIT;40767;41270
5656;65000;EVIT;47070;47530
5657;650000;G;176445;177029
5658;650000;13;176430;176745
5659;650000;3;103471;104197
5660;650000;A;176202;177040
5661;650000;3;269844;270586
5662;650000;E;287536;288246
5663;650000;4;65480;66258
5664;650000;D;176190;177123
5665;650000;5;103560;104133
5666;650000;5;215428;215935
5667;650000;5;269783;270421
5668;650000;E;176380;177089
5669;650000;7;176367;176775
5670;650000;F;176420;177055
5671;650000;9;176385;176775
5672;650000;A;155942;156574
5673;650000;D;155942;156838
5674;650000;E;156015;156838
5675;650000;E;304758;305409
5676;650000;J0056;5644;5718
5677;650000;J0057;5725;5805
5678;650000;J0120;12066;12201
5679;650000;J0212;21210;21271
5680;650000;J0418;41841;41923
5681;650000;J0561;56141;56201
5682;650000;J0584;58468;58548
5683;650000;J0663;66328;66411
5684;650000;J0679;67928;67977
5685;650000;J0899;89964;90002
5686;650000;J1033;103379;103441
5687;650000;J1034;103405;103525
5688;650000;J1041;104112;104171
5689;650000;J1042;104295;104357
5690;650000;J1199;119945;120000
5691;650000;J1206;120614;120686
5692;650000;J1261;126162;126226
5693;650000;J1388;138896;138956
5694;650000;J1390;139054;139135
5695;650000;J1557;155709;155790
5696;650000;J1566;156625;156705
5697;650000;J1568;156838;156898
5698;650000;J1761;176165;176202
5699;650000;J1761A;176156;176230
5700;650000;J1763;176370;176515
5701;650000;J1770;177040;177082
5702;650000;J1771;177125;177181
5703;650000;J1871;187144;187205
5704;650000;J1985;198535;198568
5705;650000;J1991;199150;199186
5706;650000;J2151;215195;215257
5707;650000;J2153;215338;215392
5708;650000;J2158;215885;215947
5709;650000;J2160;216040;216100
5710;650000;J2226;222664;222714
5711;650000;J2351;235177;235234
5712;650000;J2362;236282;236317
5713;650000;J2406;240693;240743
5714;650000;J2409;240974;241031
5715;650000;J2413;241391;241423
5716;650000;J2550;255016;255058
5717;650000;J2696;269645;269690
5718;650000;J2698;269800;269844
5719;650000;J2704;270470;270554
5720;650000;Y;215342;216005
5721;652000;2;146724;147132
5722;652000;3;179002;179631
5723;652000;4;146440;147294
5724;652000;5;194380;195580
5725;652000;B;108342;108880
5726;652000;E;124315;125283
5727;652000;EVIT;249115;249670
5728;652000;EVIT;194334;194937
5729;652000;EVITD;267164;267577
5730;652000;J1950;195045;195580
5731;655000;101;232680;233250
5732;655000;102;232680;233043
5733;655000;1B;37983;38900
5734;655000;1TER;165;497
5735;655000;3;42250;43298
5736;655000;3;147003;147720
5737;655000;3;232345;232687
5738;655000;4;13132;13402
5739;655000;4;42304;43384
5740;655000;4;146668;147598
5741;655000;6;232337;233012
5742;655000;A;197235;197709
5743;655000;A;206635;207550
5744;655000;D;197198;197758
5745;655000;E;197310;197727
5746;655000;J0002;241;381
5747;655000;J0003;337;395
5748;655000;J0005;497;536
5749;655000;J0006;603;670
5750;655000;J0130;13084;13145
5751;655000;J0287;28759;28815
5752;655000;J0378;37877;37960
5753;655000;J0387;38750;38809
5754;655000;J0418;41866;41969
5755;655000;J0438;43887;43970
5756;655000;J0513;51360;51430
5757;655000;J0626;62664;62716
5758;655000;J0749;74984;75025
5759;655000;J0896;89610;89675
5760;655000;J0953;95303;95370
5761;655000;J1080;108081;108141
5762;655000;J1089;108923;108964
5763;655000;J1091;109173;109245
5764;655000;J1092;109246;109308
5765;655000;J1332;133284;133350
5766;655000;J1401;140119;140182
5767;655000;J1465;146598;146660
5768;655000;J1467;146797;146861
5769;655000;J1476;147627;147690
5770;655000;J1479;147906;147968
5771;655000;J1716;171620;171668
5772;655000;J1956;195694;195745
5773;655000;J1971;197140;197198
5774;655000;J1971A;197139;197198
5775;655000;J1977;197725;197801
5776;655000;J1979;197970;198053
5777;655000;J1993;199338;199465
5778;655000;J1996;199628;199690
5779;655000;J2065;206535;206606
5780;655000;J2068;206880;206938
5781;655000;J2075;207598;207682
5782;655000;J2306;230665;230747
5783;655000;J2319;231936;231998
5784;655000;J2320;232032;232092
5785;655000;J2323;232300;232345
5786;655000;J2328;232871;232918
5787;657000;4;57597;57923
5788;657000;J0573;57390;57432
5789;657000;J0575;57567;57597
5790;657000;J0580;58072;58135
5791;658000;3;202118;202866
5792;660000;3;216354;216849
5793;660000;3;249218;249664
5794;660000;3;238160;238602
5795;664000;2;250300;250765
5796;664000;E;235080;235463
5797;665000;4;240560;241000
5798;667000;EVIT3;137918;138228
5799;668000;5;138956;139468
5800;668000;EVIT3;123795;124258
5801;668000;3;138909;139497
5802;669000;Y;102;285
5803;669000;E;-169;214
5804;67000;E;395681;396613
5805;67000;E;403636;404472
5806;67000;E;408792;409634
5807;67000;E;418104;418956
5808;67000;E;423575;424332
5809;67000;B;435320;435962
5810;67000;C;435360;435962
5811;672000;6;162590;163670
5812;672000;A;163072;164724
5813;672000;B;163116;163376
5814;672000;C;81585;82381
5815;672000;C;122755;123539
5816;672000;E;22536;23256
5817;672000;E;33173;33707
5818;672000;E;47861;48572
5819;672000;E;73172;73699
5820;672000;E;97568;98192
5821;672000;E;114732;115159
5822;672000;E;143725;144208
5823;672000;E;63810;64498
5824;672000;E;152127;152618
5825;672000;4;162667;163120
5826;672000;B;81787;82345
5827;672000;B;122915;123511
5828;676000;EVIT;411784;412255
5829;676000;EVIT;437254;437564
5830;677000;1BIS;425302;426358
5831;677000;4;458890;459767
5832;677000;A;424862;425969
5833;677000;A;497014;497773
5834;677000;B;467228;467858
5835;677000;C;467258;467832
5836;677000;D;508568;509123
5837;677000;E;468562;469730
5838;677000;F;468695;469642
5839;677000;J4047;404728;404815
5840;677000;J4055;405548;405629
5841;677000;J4160;416051;416131
5842;677000;J4161;416180;416261
5843;677000;J4245;424560;424620
5844;677000;J4259;425989;426072
5845;677000;J4349;434980;435062
5846;677000;J4352;435232;435315
5847;677000;J4495;449582;449664
5848;677000;J4497;449751;449844
5849;677000;J4586;458615;458746
5850;677000;J4587;458752;458890
5851;677000;J4596;459610;459682
5852;677000;J4677;467784;467866
5853;677000;J4678;467858;467912
5854;677000;J4679;467915;467975
5855;677000;J4685;468573;468663
5856;677000;J4697;469789;469871
5857;677000;J4805;480585;480670
5858;677000;J4814;481466;481576
5859;677000;J4968;496856;496938
5860;677000;J4980;498030;498162
5861;677000;J5084;508476;508528
5862;677000;J5084A;508486;508540
5863;679000;A;512868;513443
5864;679000;B;512904;513312
5865;679000;E;489212;489856
5866;680000;EVIT;504013;504427
5867;681000;EVIT;17392;18003
5868;682000;EVIT;82725;83284
5869;683000;EVIT;158675;159470
5870;684000;1TER;56981;57334
5871;690000;3;232177;233191
5872;690000;4;232181;233196
5873;690000;4;253173;254075
5874;690000;4B;254075;254602
5875;690000;J2047;204718;204860
5876;690000;J2152;215299;215385
5877;690000;J2154;215473;215558
5878;690000;J2254;225430;225564
5879;690000;J2256;225600;225683
5880;690000;J2318;231896;231978
5881;690000;J2320;232098;232180
5882;690000;J2333;233319;233401
5883;690000;J2336;233621;233703
5884;690000;J2394;239462;239520
5885;690000;J2530;253019;253103
5886;690000;J2531;253133;253210
5887;690000;J2540;254075;254178
5888;690000;J2541;254193;254257
5889;690000;J2701;270150;270205
5890;690000;J2809;280902;280955
5891;690000;J2812;281258;281320
5892;690000;J2911;291173;291230
5893;695000;A;327313;327786
5894;695000;B;327340;327887
5895;695000;EVIT;245614;246489
5896;695000;EVIT;255475;256382
5897;695000;EVIT;263633;264521
5898;695000;EVIT;277470;278329
5899;695000;EVIT;293022;293916
5900;695000;E;304164;305038
5901;695000;C;327127;328237
5902;695000;B;355343;355993
5903;695000;B;372858;373480
5904;695000;A;390758;391331
5905;695000;EVIT;513007;513410
5906;695000;I;327343;327760
5907;695000;J2268;226830;226959
5908;695000;J2386;238637;238696
5909;695000;J3272;327223;327303
5910;695000;J3278;327893;327978
5911;695000;J3281;328150;328237
5912;695000;J4203;420349;420415
5913;695000;Z;420326;420662
5914;696000;EVIT;275058;275507
5915;696000;EVIT;298525;298900
5916;70000;11;501595;501840
5917;70000;11;352515;352960
5918;70000;12;501880;502000
5919;70000;13;501840;502000
5920;70000;13;352550;352736
5921;70000;4;13300;13387
5922;70000;1B-2B;43868;44365
5923;70000;1BIS;39885;41890
5924;70000;1BIS;82300;83660
5925;70000;1BIS;235872;239360
5926;70000;1BIS;252704;254438
5927;70000;1BIS;287666;290436
5928;70000;1BIS;319404;319936
5929;70000;1BIS;344376;347621
5930;70000;1BIS;408603;409865
5931;70000;1BIS;63647;64809
5932;70000;1BIS;93750;94924
5933;70000;1BIS;112875;114030
5934;70000;1BIS;145980;147290
5935;70000;1BIS;187838;188985
5936;70000;1BIS;194392;195568
5937;70000;1BIS;447315;448054
5938;70000;1BIS;474735;475705
5939;70000;1B-2B;140510;142294
5940;70000;1B-2B;204440;205785
5941;70000;1B/2B;434832;436616
5942;70000;1B-2B;457808;458515
5943;70000;TIROIR;15375;15737
5944;834311;VS;611;2000
5945;70000;1M;352543;353650
5946;70000;1M;372750;376220
5947;70000;1M;496849;499090
5948;70000;1M-2M;140580;141500
5949;810000;J0134;13501;13693
5950;70000;1IV2IV;375139;375620
5951;70000;1Q-2Q;140950;141550
5952;70000;1R;17881;23168
5953;70000;G;14600;15592
5954;70000;1T;353650;355340
5955;800000;J5519;551998;552108
5956;70000;1TER;374540;376100
5957;70000;1TER;216867;218248
5958;70000;1TER;495192;496900
5959;70000;1T-2T;140980;141580
5960;800000;J5530;553040;553147
5961;70000;2BIS;39890;41890
5962;70000;2BIS;52142;53876
5963;70000;2BIS;82300;83667
5964;70000;2BIS;235891;239403
5965;70000;2BIS;252518;254400
5966;70000;2BIS;319404;319936
5967;70000;2BIS;344376;346932
5968;70000;2BIS;408608;409930
5969;70000;2BIS;63491;64626
5970;70000;2BIS;94000;95105
5971;70000;2BIS;112890;114080
5972;70000;2BIS;145980;147220
5973;70000;2BIS;187845;188988
5974;70000;2BIS;193641;194693
5975;70000;2BIS;474614;475695
5976;70000;2BIS;495126;499200
5977;5000;J3791;379180;379468
5978;70000;2C;353720;354373
5979;70000;2M;352530;353585
5980;70000;2M;372740;376100
5981;70000;2M;496816;498265
5982;70000;2QUAT;496390;497973
5983;5000;J3795;379568;379856
5984;70000;2T;353585;355240
5985;70000;2TER;43740;44084
5986;70000;2TER;374937;375994
5987;70000;2TER;13387;14600
5988;70000;2TER;495367;496390
5989;70000;3;172016;172712
5990;70000;3;431280;432176
5991;70000;3;434980;435761
5992;70000;3;458500;459716
5993;70000;31;501668;501800
5994;70000;32;501552;501812
5995;70000;33;501537;501856
5996;70000;C;352960;353630
5997;70000;3;352210;352824
5998;70000;4;172045;172675
5999;70000;4;458450;459652
6000;70000;5;172045;172393
6001;70000;30;501673;501853
6002;70000;5;352285;352925
6003;70000;6;352110;352800
6004;70000;7;501730;502000
6005;70000;7;352178;352530
6006;70000;8;431660;432265
6007;70000;8;501682;502000
6008;70000;8;352290;352440
6009;70000;9;501840;502000
6010;70000;9;352515;352760
6011;70000;A;93966;95040
6012;70000;A;253160;253802
6013;70000;A;351949;352260
6014;70000;A;458100;458500
6015;70000;B;351949;352135
6016;70000;C;384995;386003
6017;70000;D;385080;385520
6018;70000;D;493740;502000
6019;70000;E;347385;348740
6020;70000;E;385050;385867
6021;70000;H1;351808;351949
6022;70000;J0091;9143;9443
6023;70000;J0094;9484;9567
6024;70000;J0099;9950;10026
6025;70000;J0101;10116;10213
6026;140370;5;1104;1552
6027;70000;J0105;10547;10652
6028;70000;J0107;10783;10854
6029;70000;J0106A;10680;10779
6030;70000;J0106;10681;10782
6031;140000;J1245;124568;124788
6057;70000;J0352;35280;35361
6058;70000;J0354;35433;35514
6059;70000;J0359;35920;35980
6060;70000;J0416;41684;41770
6061;70000;J0419;41980;42055
6062;70000;J0435;43578;43659
6063;70000;J0436;43692;43726
6064;70000;J0439;43927;43977
6065;70000;J0442;44280;44334
6066;70000;J0502;50252;50310
6067;70000;J0649;64952;65032
6068;70000;J0839;83930;83990
6069;70000;J0935;93591;93768
6070;70000;J0940;94063;94180
6071;70000;J0942;94223;94283
6072;70000;J0949;94943;95036
6073;70000;J0951;95193;95277
6074;70000;J1028A;102862;102916
6075;70000;J1044;104421;104556
6076;70000;J1045;104575;104702
6077;70000;J1141;114182;114265
6078;70000;J1143;114325;114412
6079;70000;J1167;116720;116780
6080;70000;J1392;139299;139380
6081;70000;J1406;140625;140686
6082;70000;J1407;140780;140915
6083;70000;J1416;141615;141680
6084;70000;J1416A;141690;141750
6085;70000;J1486;148650;148720
6086;70000;J1703;170369;170427
6087;70000;J1716;171655;171735
6088;70000;J1719;171905;171952
6089;70000;J1725;172566;172693
6090;70000;J1726;172675;172708
6091;70000;J1727;172745;172806
6092;70000;J1869;186944;187040
6093;70000;J1875;187520;187563
6094;70000;J2043;204309;204438
6095;70000;J2045;204541;204760
6096;70000;J2055;205540;205700
6097;70000;J2058;205885;205945
6098;70000;J2181;218110;218197
6099;70000;J2369;236924;237050
6100;70000;J2378;237812;237878
6101;70000;J2378A;237815;237915
6102;70000;J2376;237620;237696
6103;70000;J2530;253017;253078
6104;70000;J2530A;253092;253147
6105;70000;J2531;253130;253198
6106;70000;J2531B;253164;253247
6107;70000;J2536;253681;253760
6108;70000;J2537;253711;253790
6109;70000;J2537A;253763;253821
6110;70000;J2538;253850;253927
6111;70000;J2633;263361;263461
6112;70000;J2887;288792;288904
6113;70000;J2889;288905;288970
6114;70000;J2889A;288971;289048
6115;70000;J2890;289007;289085
6116;70000;J2891;289117;289364
6117;70000;J2891A;289138;289350
6118;70000;J2936;293664;293722
6119;70000;J3078;307832;308018
6120;70000;J3089;308959;309019
6121;70000;J3181;318163;318218
6122;70000;J3181A;318173;318221
6123;70000;J3182;318221;318245
6124;70000;J3182A;318264;318360
6125;70000;J3182B;318269;318360
6126;70000;J3459;345940;346185
6127;70000;J3474;347450;347545
6128;70000;J3474A;347489;347604
6129;70000;J3486;348600;348703
6130;70000;J3505;350587;350817
6131;70000;J3508;350843;351075
6132;70000;J3519;351925;351991
6133;70000;J3522;352260;352314
6134;70000;J3522B;352240;352290
6135;70000;J3524;352459;352513
6136;70000;J3527;352770;352832
6137;70000;J3528;352800;352905
6138;70000;J3528A;352843;352903
6139;70000;J3528B;352878;352937
6140;70000;J3529;352925;352973
6141;70000;J3529A;352960;353037
6142;70000;J3529B;352995;353148
6143;70000;J3533;353310;353413
6144;70000;J3533A;353375;353459
6145;70000;J3533B;353395;353525
6146;70000;J3534;353425;353502
6147;70000;J3535A;353580;353720
6148;70000;J3535B;353585;353720
6149;70000;J3547;354760;354830
6150;70000;J3551;355130;355235
6151;70000;J3599;359995;360060
6152;70000;J3650;365096;365178
6153;70000;J3655;365506;365564
6154;70000;J3663;366324;366360
6155;70000;J3704;370454;370500
6156;70000;J3729;372900;372960
6157;70000;J3735;373534;373594
6158;70000;J3738;373899;373964
6159;70000;J3743;374317;374387
6160;70000;J3744;374403;374800
6161;70000;J3746;374621;374657
6162;70000;J3756;375630;375675
6163;70000;J3758;375821;375881
6164;70000;J3760;376032;376097
6165;70000;J3861;386150;386210
6166;70000;J4097;409770;409895
6167;70000;J4238;423893;423952
6168;70000;J4314;431470;431535
6169;70000;J4315;431558;431620
6170;70000;J4323;432330;432410
6171;70000;J4347;434776;434845
6172;70000;J4348;434889;434968
6173;70000;J4351;435132;435212
6174;70000;J4355;435595;435659
6175;70000;J4366;436642;436733
6176;70000;J4385;438572;438700
6177;70000;J4387;438725;438856
6178;70000;J4442;444293;444420
6179;70000;J4445;444537;444667
6180;70000;J4479;447921;447982
6181;70000;J4508;450850;450980
6182;70000;J4510;451019;451148
6183;70000;J4574;457455;457584
6184;70000;J4577;457735;457884
6185;70000;J4585;458500;458560
6186;70000;J4585A;458530;458595
6187;70000;J4586;458604;458706
6188;70000;J4586A;458606;458715
6189;70000;J4687;468765;468892
6190;70000;J4689;468941;469070
6191;70000;J4746;474662;474724
6192;70000;J4794;479465;479540
6193;70000;J4799;479972;480138
6194;70000;J4908;490811;490944
6195;70000;J4911;491131;491260
6196;70000;J4922;492206;492290
6197;70000;J4926;492680;492726
6198;70000;J4936;493661;493740
6199;70000;J4951;495161;495244
6200;70000;J4975;497530;497560
6201;70000;J4977;497788;497850
6202;70000;J4982;498273;498350
6203;70000;J4987;498782;498844
6204;70000;J4988;498930;499230
6205;70000;J5015A;501530;501605
6206;70000;J5012;501212;501390
6207;70000;J5012A;501238;501340
6208;70000;J5014;501404;501537
6209;70000;J5014A;501434;501564
6210;70000;J5014B;501442;501557
6211;70000;J5015;501540;501676
6212;70000;J5016;501630;501807
6213;70000;J5016A;501624;501730
6214;70000;J5016B;501676;501857
6215;70000;J5017;501732;501840
6216;70000;J5018;501840;501913
6217;70000;T;352885;353365
6218;701000;5;309480;309737
6219;701000;EVIT;257954;258847
6220;701000;EVIT;264621;265174
6221;701000;EVIT;278858;279411
6222;701000;EVIT;290689;291245
6223;701000;3;309515;309737
6224;702000;5;389645;390240
6225;702000;E;337490;338183
6226;702000;EVIT;355464;356135
6227;702000;EVIT;371518;372175
6228;702000;EVIT;389620;390270
6229;702000;2;404161;405005
6230;702000;EVIT;428279;429019
6231;702000;Z;404415;404865
6232;703000;EVIT;448016;448343
6233;70346;J0000;-80;-40
6234;705000;B;340700;341375
6235;705000;EVIT;356912;357577
6236;705000;EVIT;394146;394655
6237;705000;J3405;340590;340671
6238;705000;J3410;341075;341137
6239;705000;J3413;341375;341457
6240;707000;A;358548;359223
6241;707000;E;366780;367397
6242;707000;E;375212;375725
6243;707000;J3414;341480;341536
6244;707000;J3584;358424;358478
6245;709000;EVIT;367199;367688
6246;709000;EVIT;384651;385051
6247;709000;EVIT;398917;399352
6248;70908;1C;2220;6005
6249;70908;2A4;0;2220
6250;70908;2C;2220;5804
6251;70908;J0022;2228;2395
6252;70908;J0024;2412;2470
6253;70908;J0023;2394;2504
6254;70908;J0030;3033;3068
6255;70908;J0041;4140;4230
6256;70908;J0040;4126;4236
6257;70908;J0037;3741;3777
6258;70908;J0036;3617;3652
6259;71000;B.;9565;9900
6260;710000;A;451332;451736
6261;710000;2;456444;456788
6262;710000;J4566;456684;456760
6263;711000;3;442182;442889
6264;711000;4;486375;487098
6265;711000;E;429386;429904
6266;711000;2;442296;443034
6267;711000;E;461457;462046
6268;711000;E;468136;468856
6269;711000;E;474727;475263
6270;711000;J4424;442448;442532
6271;711000;J4863;486322;486375
6272;711000;J4863A;486382;486438
6273;711000;J4871;487122;487179
6274;711000;J4984;498430;498490
6275;711000;J5062;506296;506379
6276;711000;J5066;506678;506738
6277;712000;EVIT;422805;423257
6278;713000;4;496275;496810
6279;713000;4;514441;514628
6280;713000;6;496142;496770
6281;713000;D;483075;483682
6282;713000;EVIT;392950;393360
6283;713000;EVIT;407340;407866
6284;713000;EVIT;424562;424992
6285;713000;EVIT;433746;434126
6286;713000;EVIT;458311;458760
6287;713000;E;483123;483641
6288;713000;1;496390;496850
6289;713000;EVIT;507550;508163
6290;713000;J4830;483075;483198
6291;713000;J4961;496168;496230
6292;713000;Z;514465;514628
6293;716000;EVIT;613749;614316
6294;716000;EVIT;632152;632680
6295;718000;A;243010;243378
6296;718000;A;338378;338982
6297;718000;A;365628;366334
6298;718000;C;365698;366398
6299;718000;C1;395041;395980
6300;718000;D;243020;243460
6301;718000;D;365772;366658
6302;718000;EVIT;162531;163198
6303;718000;EVIT;174930;175545
6304;718000;EVIT;193771;194458
6305;718000;EVIT;256846;257526
6306;718000;EVIT;289051;289676
6307;718000;EVIT;319141;319779
6308;718000;EVIT;342420;343222
6309;718000;EVIT;370743;371676
6310;718000;EVIT;376171;376991
6311;718000;E;380043;380828
6312;718000;EVIT;388536;389321
6313;718000;EVIT;308151;308796
6314;718000;EVIT;201663;202312
6315;718000;EVIT;218368;219055
6316;718000;EVIT;272968;273617
6317;718000;EVIT;351360;352183
6318;718000;EVIT;358968;359754
6319;718000;C;242935;243570
6320;718000;C;338198;339052
6321;718000;EVITE;237135;237780
6322;718000;F;379967;380784
6323;718000;J3383;338318;338377
6324;718000;J3656;365628;365688
6325;718000;Z;174955;175480
6326;719000;B;653163;653705
6327;719000;B;663100;663531
6328;719000;B;672162;672512
6329;719000;A;687958;688468
6330;72000;2BIS;79295;80065
6331;72000;J0593;59390;59435
6332;72000;J0792;79210;79275
6333;72000;J0799;79966;80047
6334;72000;J0920;92070;92105
6335;72000;J0976;97624;97660
6336;72000;J0986;98605;98630
6337;72000;J1094;109440;109485
6338;72000;J1101;110105;110158
6339;72000;J1209;120990;121110
6340;72000;J1216;121625;121662
6341;720000;9;359445;360018
6342;720000;B;302416;302862
6343;720000;C;339126;339555
6344;720000;E;257245;257747
6345;720000;2;277776;278271
6346;720000;E;288408;289148
6347;720000;A;302306;302890
6348;720000;A;321975;322428
6349;720000;B;339225;339521
6350;720000;A;349973;350518
6351;720000;5;359525;360071
6352;720000;B;384711;385275
6353;720000;EVIT;237732;238121
6354;720000;EVIT;251494;251956
6355;720000;J3600;360018;360071
6356;720000;J3600A;360006;360071
6357;722000;1;483249;483831
6358;722000;1;499717;500392
6359;722000;1;524100;524969
6360;722000;1;531474;532063
6361;722000;1;548962;549715
6362;722000;1;578960;580060
6363;722000;1;605302;605886
6364;722000;1;641589;642129
6365;722000;A;473903;474740
6366;722000;A;549015;549621
6367;722000;B;619945;620777
6368;722000;C;619990;620725
6369;722000;EVIT;449922;450551
6370;722000;EVIT;464240;465107
6371;722000;2;689410;690135
6372;723000;EVIT;644270;644975
6373;725000;5;624130;624277
6374;725000;3;624114;624277
6375;731000;EVIT;4644;5078
6376;732000;EVIT;467163;467810
6377;736000;6;413038;413552
6378;736000;B;429530;429890
6379;736000;E;414958;415663
6380;736000;E;458741;459139
6381;736000;E;473210;473615
6382;736000;4;413103;413518
6383;736000;E;484715;485042
6384;736000;A;429438;430104
6385;736000;B;365980;366308
6386;736000;C;365950;366387
6387;736000;J3654;365440;365490
6388;736000;J3658;365887;365949
6389;737000;B;384884;385337
6390;737000;E;373580;374142
6391;738000;EVITE;263999;264817
6392;738000;EVITE;279489;280271
6393;738000;EVITE;290456;291050
6394;74000;A;148091;150048
6395;74000;B;155286;156890
6396;74000;B;160447;162146
6397;74000;V1;164697;171506
6398;74000;V2;164697;171506
6399;74000;J1426;142659;142819
6400;74000;J1431;143131;143194
6401;74000;J1432;143225;143350
6402;741000;EVITE;346001;346655
6403;745000;A;32042;33092
6404;745000;A;52141;52755
6405;745000;A;76361;77023
6406;745000;B;32039;32756
6407;745000;B;76279;77023
6408;745000;C;32200;33092
6409;745000;C;76227;77271
6410;745000;EVIT;87897;88832
6411;745000;EVIT;107302;108070
6412;745000;EVIT;113937;114774
6413;745000;J0149;14983;15163
6414;745000;J0159;15965;16161
6415;745000;J0159A;15974;16118
6416;745000;J0161;16127;16284
6417;745000;J0204;20427;20508
6418;745000;J0205;20509;20595
6419;745000;J0206;20642;20925
6420;745000;J0213;21396;21521
6421;745000;J0217;21701;21746
6422;745000;J0232;23298;23378
6423;745000;J0234;23422;23502
6424;745000;J0243;24390;24492
6425;745000;J0309;30954;31034
6426;745000;J0318;31888;32042
6427;745000;J0319;31901;32039
6428;745000;J0320;32014;32194
6429;745000;J0320A;32028;32096
6430;745000;J0320B;32044;32137
6431;745000;J0321;32143;32232
6432;745000;J0322;32235;32319
6433;745000;J0330;33096;33203
6434;745000;J0332;33205;33287
6435;745000;J0519;51907;51990
6436;745000;J0520;52073;52198
6437;745000;J0527;52757;52835
6438;745000;J0639;63956;64016
6439;745000;J0761;76133;76216
6440;745000;J0762;76279;76361
6441;746000;J0330;33096;33203
6442;746000;J0332;33205;33289
6443;746000;J0477;47774;47830
6444;746000;J0562;56224;56303
6445;746000;J0563;56320;56518
6446;746000;J0580;58085;58149
6447;746000;J0730;73026;73090
6448;746000;J0873;87386;87441
6449;747000;EVIT;9045;9774
6450;748000;EVIT;139554;140273
6451;748000;EVIT;152925;153404
6452;749000;EVIT;153905;154473
6453;750000;12;353687;354670
6454;750000;2BIS;263141;264424
6455;750000;2BIS;331574;332845
6456;750000;3;194660;195622
6457;750000;31;354520;354736
6458;750000;A;66837;67451
6459;750000;A;117402;118189
6460;750000;A;153702;154521
6461;750000;A;252538;253323
6462;750000;A;501944;502064
6463;750000;A;537544;538064
6464;750000;B;66458;67550
6465;750000;B;117384;118213
6466;750000;B;354138;354842
6467;750000;B;537467;538106
6468;750000;C;117445;118128
6469;750000;C;312489;313416
6470;750000;B;420120;420720
6471;750000;D;252504;253186
6472;750000;D;312585;313264
6473;750000;D;353968;354865
6474;750000;D;501885;502474
6475;750000;E;252535;253156
6476;750000;E;501935;502302
6477;750000;F;501878;502347
6478;750000;J0675;67563;67623
6479;750000;J0676;67695;67778
6480;750000;J0781;78110;78168
6481;750000;J0857;85722;85784
6482;750000;J0860;86026;86106
6483;750000;J0971;97184;97267
6484;750000;J0973;97377;97418
6485;750000;J1164;116448;116506
6486;750000;J1172;117202;117284
6487;750000;J1173;117310;117401
6488;750000;J1182;118203;118286
6489;750000;J1183;118321;118405
6490;750000;J1345;134530;134592
6491;750000;J1347;134734;134820
6492;750000;J1536;153638;153695
6493;750000;J1545;154528;154590
6494;750000;J1691;169169;169253
6495;750000;J1694;169450;169512
6496;750000;J1823;182364;182424
6497;750000;J1944;194498;194588
6498;750000;J1957;195732;195817
6499;750000;J2141;214126;214208
6500;750000;J2142;214214;214274
6501;750000;J2266;226662;226744
6502;750000;J2270;227010;227092
6503;750000;J2463;246385;246447
6504;750000;J2514;251498;251559
6505;750000;J2519;251944;251980
6506;750000;J2523;252316;252403
6507;750000;J2524;252432;252505
6508;750000;J2525;252523;252588
6509;750000;J2532;253292;253356
6510;750000;J2533;253357;253413
6511;750000;J2630;263049;263129
6512;750000;J2634;263405;263465
6513;750000;J2642;264224;264308
6514;750000;J2653;265362;265424
6515;750000;J2655;265512;265644
6516;750000;J2805;280528;280584
6517;750000;J2810;281095;281226
6518;750000;J2812;281276;281408
6519;750000;J2974;297446;297578
6520;750000;J2975;297590;297721
6521;750000;J3123;312392;312475
6522;750000;J3132;313260;313320
6523;750000;J3132A;313292;313372
6524;750000;J3133;313353;313416
6525;750000;J3142;314252;314313
6526;750000;J3313;331333;331465
6527;750000;J3331;333127;333260
6528;750000;J3535;353594;353657
6529;750000;J3537;353798;353880
6530;750000;J3538;353856;353917
6531;750000;J3539;353918;354013
6532;750000;J3546;354670;354732
6533;750000;J3547;354737;354806
6534;750000;J3549;354958;355041
6535;750000;J3718;371845;371912
6536;750000;J3883;388334;388396
6537;750000;J4197;419732;419789
6538;750000;J4198;419878;419928
6539;750000;J4207;420734;420812
6540;750000;J4226;422643;422719
6541;750000;J4519;451962;452013
6542;750000;J4617;461748;461777
6543;750000;J4729;472938;472981
6544;750000;J4820;482055;482113
6545;750000;J4835;483510;483575
6546;750000;J4895;489532;489613
6547;750000;J5017;501717;501785
6548;750000;J5018;501845;501910
6549;750000;J5019;501905;501944
6550;750000;J5024;502490;502553
6551;750000;J5025;502554;502638
6552;750000;J5028;502880;502923
6553;750000;J5030;503012;503066
6554;750000;J5037;503784;503872
6555;750000;J5039;503957;504041
6556;750000;J5057;505710;505765
6557;750000;J5140;514034;514115
6558;750000;J5142;514218;514277
6559;750000;J5221;522110;522174
6560;750000;J5232;523213;523295
6561;750000;J5234;523463;523546
6562;750000;J5287;528700;528757
6563;750000;J5288;528859;528919
6564;750000;J5373;537397;537459
6565;750000;J5380;538064;538185
6566;750000;J5401;540140;540172
6567;750000;J5413;541392;541436
6568;750000;J5546;554637;554670
6569;750000;J5570;557084;557130
6570;750316;J0000;36;107
6571;752000;3T;273035;273617
6572;752000;5T;274057;274570
6573;752000;J0018;1891;2097
6574;752000;J0021;2151;2357
6575;752000;J0257;25739;26013
6576;752000;J0260;26092;26366
6577;752000;J0486;48600;48875
6578;752000;J0501;50190;50465
6579;752000;J0707;70788;71062
6580;752000;J0712;71271;71545
6581;752000;J0918;91817;92092
6582;752000;J0939;93907;94182
6583;752000;J1152;115247;115521
6584;752000;J1176;117664;118609
6585;752000;J1384;138424;138697
6586;752000;J1404;140482;140872
6587;752000;J1618;161846;162119
6588;752000;J1622;162288;162562
6589;752000;J1816;181680;182069
6590;752000;J1821;182143;182532
6591;752000;J2018;201824;202210
6592;752000;J2036;203620;203894
6593;752000;J2251;225165;225440
6594;752000;J2258;225853;226129
6595;752000;J2474;247417;247691
6596;752000;J2477;247773;248047
6597;752000;J2714;271429;271703
6598;752000;J2753;275332;275608
6599;752000;J2926;292609;292997
6600;752000;J2931;293121;293509
6601;752000;J3131;313174;313564
6602;752000;J3136;313639;314029
6603;752000;J3313;331344;331732
6604;752000;J3321;332194;332582
6605;752000;J3352;335229;335617
6606;752000;J3609;360938;361214
6607;752000;J3612;361291;361567
6608;752000;J3887;388773;389059
6609;752000;J3891;389162;389447
6610;752000;J4083;408305;408591
6611;752000;J4108;410819;411104
6612;752000;J4112;411205;411491
6613;752000;J4275;427584;427871
6614;752000;J4279;427971;428258
6615;752000;J4549;454950;455237
6616;752000;J4553;455337;455624
6617;752000;J4753;475390;475676
6618;752000;J4768;476825;477112
6619;752100;J0069;6951;7205
6620;752100;J0073;7305;7559
6621;752100;J0207;20789;21063
6622;752100;J0211;21152;21426
6623;752100;J0283;28370;28644
6624;752100;J0287;28730;29004
6625;752305;VARV;-349;1756
6626;752305;VBRV;-182;1764
6627;752308;VR2C;52182;55992
6628;752330;A;389172;389987
6629;752330;J3892;389203;389286
6630;752330;J3898;389852;389955
6631;752330;J3899;389956;390059
6632;752330;J3945;394579;394718
6633;752330;J3945A;394596;394727
6634;753000;B;173919;174570
6635;753000;C;174097;174468
6636;753000;E;168103;168563
6637;753000;1;173315;174455
6638;753000;2;191084;192010
6639;753000;E;209618;210465
6640;753000;1;225987;226954
6641;753000;J1544;154486;154598
6642;753000;J1554;155471;155532
6643;753000;J1625;162531;162593
6644;755000;5;228635;228842
6645;755000;E;213753;214384
6646;755000;2;228119;228798
6647;755000;EVIT;249236;249902
6648;755000;EVIT;256481;256970
6649;755000;EVIT;270414;271142
6650;755000;EVIT;279548;280107
6651;755000;EVIT;291196;291683
6652;755000;EVIT;302482;302967
6653;757000;EVIT;262184;262806
6654;76000;J0147R;14768;14874
6655;76000;J0148R;14875;14990
6656;76000;J0271;27107;27239
6657;76000;J0271A;27107;27239
6658;76000;J0272;27240;27313
6659;76000;J0272A;27240;27313
6660;76000;J0276;27653;27738
6661;76000;J0276A;27653;27738
6662;76000;J0283;28316;28398
6663;76000;J0284;28416;28497
6664;76000;J0288;28868;29034
6665;76000;J0288A;28868;29034
6666;76000;J0290;29039;29161
6667;76000;M;29039;29406
6668;760000;2CI;162042;162743
6669;760000;A;132919;133645
6670;760000;C;162100;162720
6671;760000;J0013;1350;1410
6672;760000;J0151;15180;15237
6673;760000;J0155;15473;15619
6674;760000;J0377;37700;37745
6675;760000;J0385;38558;38613
6676;760000;J0516;51659;51722
6677;760000;J0526;52628;52675
6678;760000;J0674;67465;67510
6679;760000;J0827;82780;82826
6680;760000;J1042;104231;104293
6681;760000;J1049;104917;104972
6682;760000;J1049A;104974;105032
6683;760000;J1326;132686;132743
6684;760000;J1336;133645;133699
6685;760000;J1489;148935;148996
6686;760000;J1607;160779;160836
6687;760000;J1620;162042;162100
6688;760000;SPA;104585;104805
6689;760306;A;4153;4940
6690;760306;B;4191;4795
6691;760306;J0020;2075;2135
6692;760306;J0031;3141;3201
6693;760306;J0041;4153;4255
6694;760306;J0042;4235;4308
6695;760311;J0002;235;320
6696;761000;A;14368;15060
6697;768300;J0077;7774;8048
6698;769000;A;58685;59632
6699;769000;B;58610;59535
6700;769000;J0587;58725;58785
6701;769000;J0596;59652;59708
6702;769000;J0950;95025;95082
6703;770000;E;12753;13720
6704;770000;E;27489;28480
6705;770000;J0662;66268;66350
6706;775000;A;112908;114064
6707;775000;B;64681;65922
6708;775000;E;107144;107701
6709;775000;J0957;95758;95805
6710;778300;EVIT;1884;2450
6711;782000;E;0;220
6712;782000;E;3703;4300
6713;782000;D;5489;5937
6714;782000;A;8250;8877
6715;782000;E;14345;14894
6716;782000;B;22553;22992
6717;782000;EVIT;33626;34010
6718;782000;EVIT;41987;42398
6719;783000;J4366;436646;436706
6720;783000;J4490;449086;449139
6721;783000;J4625;462510;462569
6722;783000;J4792;479286;479386
6723;783000;J4794;479403;479484
6724;783000;J4858;485805;485844
6725;783000;J4944;494469;494619
6726;784000;103;1797;2260
6727;784000;E;14873;15538
6728;784000;E;23631;24361
6729;784000;E;33492;34228
6730;784000;B;45408;46071
6731;784000;EVIT;67762;68403
6732;784000;EVIT;93644;94239
6733;784000;EVIT;111346;111979
6734;784000;EVIT;117733;118342
6735;784000;EVIT;126289;127047
6736;785000;A;364735;365575
6737;785000;D;364715;365430
6738;785000;EVIT;372971;373433
6739;785000;EVIT;385177;386038
6740;785000;DEDOUB;410807;411464
6741;785000;DEDOUB;448260;448815
6742;785000;EVIT;463784;464455
6743;785000;J3644;364437;364515
6744;785000;J3645;364554;364616
6745;785000;J3656;365617;365699
6746;785000;J3657;365705;365765
6747;787000;J3805;380539;380598
6748;787000;J3968;396870;396933
6749;790000;1BIS;417490;418905
6750;790000;2;606426;607199
6751;790000;25C;418985;419545
6752;790000;2BIS;417651;418568
6753;790000;3;512768;513205
6754;790000;3I;453970;454463
6755;790000;A;378100;378837
6756;790000;A;405185;405760
6757;790000;A;419070;419605
6758;790000;A;436919;437476
6759;790000;A;478254;479037
6760;790000;C;419027;419540
6761;790000;C;673866;674369
6762;790000;D;418912;419510
6763;790000;D;673930;674583
6764;790000;E;418812;419605
6765;790000;B;377886;379095
6766;790000;EVIT;388560;389890
6767;790000;B;488449;489229
6768;790000;E;512545;513386
6769;790000;B;520140;520874
6770;790000;E;544373;545208
6771;790000;E;567581;568342
6772;790000;EVIT;626516;627126
6773;790000;EVIT;639528;640137
6774;790000;EVIT;646699;647208
6775;790000;2;660070;660956
6776;790000;G;418817;419536
6777;790000;I;418861;419150
6778;790000;J3549;354990;355069
6779;790000;J3550;355090;355170
6780;790000;J3779;377963;378060
6781;790000;J4049;404970;405045
6782;790000;J4050;405079;405185
6783;790000;J4059;405910;405976
6784;790000;J4061;406140;406215
6785;790000;J4123;412320;412405
6786;790000;J4171;417169;417248
6787;790000;RACCO;417250;417490
6788;790000;J4178;417811;417893
6789;790000;J4185;418556;418647
6790;790000;J4185A;418594;418687
6791;790000;J4186;418689;418781
6792;790000;J4196;419689;419750
6793;790000;J4206;420640;420720
6794;790000;J4266;426697;426760
6795;790000;J4274;427397;427479
6796;790000;J4369;436976;437058
6797;790000;J4375;437565;437628
6798;790000;J4536;453621;453703
6799;790000;J4545;454525;454587
6800;790000;J4780;478005;478067
6801;790000;J4781;478113;478246
6802;790000;J6069;606932;607061
6803;790000;J6743;674381;674442
6804;790000;J6745;674583;674633
6805;790000;J6746;674644;674708
6806;790000;J6960;696053;696111
6807;797000;EVIT;26972;27480
6808;798000;3;31255;31512
6809;798000;B;52158;52796
6810;798000;C;52323;52744
6811;798000;EVIT;31032;31540
6812;798000;EVIT;72567;73275
6813;798000;E;84861;85542
6814;798000;E;102613;103213
6815;798000;E;113554;114175
6816;798000;J1239;123968;124050
6817;798000;J1240;124079;124125
6818;800000;1BIS;722745;723778
6819;800000;1BIS;754345;755512
6820;800000;2BIS;722745;723778
6821;800000;2BIS;754844;755869
6822;800000;A;552000;553146
6823;800000;J5306;530626;530689
6824;800000;J5309;530992;531054
6825;800000;J5520;552031;552152
6826;800000;J5529;552917;552993
6827;800000;J5529A;552994;553100
6828;800000;J5740;574039;574122
6829;800000;J5754;575432;575513
6830;800000;J6030;603046;603114
6831;800000;J6158;615816;615878
6832;800000;J6340;634034;634097
6833;800000;J6348;634846;634929
6834;800000;J6353;635381;635440
6835;800000;J6406;640687;640747
6836;800000;J6640;664054;664112
6837;800000;J6654;665420;665475
6838;800000;J6683;668358;668389
6839;800000;J6697;669780;669814
6840;800000;J6876;687642;687728
6841;800000;J7025;702556;702644
6842;800000;J7144;714476;714545
6843;800000;J7239;723914;723976
6844;800000;J7251;725181;725263
6845;800000;J7449;744962;745042
6846;800000;J7553;755313;755375
6847;800000;J7677;767700;767763
6848;800000;J7846;784652;784754
6849;800000;J7848;784804;784885
6850;805000;EVIT;744877;745229
6851;81000;J1700;170014;170069
6852;81000;J1701;170153;170253
6853;81000;J1701A;170193;170276
6854;81000;J1705;170580;170600
6855;81000;J1724;172493;172541
6856;81000;J1742;174180;174248
6857;81000;J1953;195363;195409
6858;81000;J1960;196037;196095
6859;81000;J2116;211686;211748
6860;81000;J2122;212271;212300
6861;81000;J2147;214760;214800
6862;81000;J2159;215901;215948
6863;81000;J2216;221627;221689
6864;81000;J2229;222925;222950
6865;81000;J2229A;222996;223034
6866;810000;104;25432;25967
6867;810000;1BIS;54190;55237
6868;810000;1BIS;78000;78951
6869;810000;1EXT;26942;27352
6870;810000;2BIS;23927;24742
6871;810000;2BIS;31565;32630
6872;810000;2BIS;53008;54102
6873;810000;3RC;22398;23538
6874;810000;4;77509;79167
6875;810000;4CIRC;24812;25432
6876;810000;5RC;22578;23445
6877;810000;8;23565;24704
6878;810000;A;1101;2072
6879;810000;A;23843;24949
6880;810000;A;76690;77427
6881;810000;A;104022;104813
6882;810000;C;76735;77400
6883;810000;D;104022;104813
6884;810000;E;26888;27444
6885;810000;J0011;1110;1193
6886;810000;J0019;1989;2082
6887;810000;J0029;2925;2987
6888;810000;J0156;15654;15844
6889;810000;J0159;15908;16096
6890;810000;J0219;21903;21984
6891;810000;J0221;22139;22214
6892;810000;J0222;22215;22296
6893;810000;J0223;22399;22484
6894;810000;J0235;23538;23565
6895;810000;J0246;24638;24700
6896;810000;J0246A;24686;24747
6897;810000;J0247;24704;24780
6898;810000;J0249;24991;25072
6899;810000;J0251;25182;25278
6900;810000;J0255;25548;25600
6901;810000;J0256;25608;25670
6902;810000;J0263;26351;26430
6903;810000;J0264;26448;26527
6904;810000;J0268;26849;26928
6905;810000;J0274;27404;27483
6906;810000;J0274A;27490;27568
6907;810000;J0275;27588;27670
6908;810000;J0305;30521;30604
6909;810000;J0306;30643;30728
6910;810000;J0314;31443;31489
6911;810000;J0408;40852;40934
6912;810000;J0426;42681;42761
6913;810000;J0526;52657;52737
6914;810000;J0541;54104;54187
6915;810000;J0557;55758;55839
6916;810000;J0559;55947;56037
6917;810000;J0654;65407;65490
6918;810000;J0656;65632;65712
6919;810000;J0701;70185;70246
6920;810000;J0764;76483;76562
6921;810000;J0765;76586;76665
6922;810000;J0772;77278;77371
6923;810000;J0774;77437;77531
6924;810000;J0777;77760;77842
6925;810000;J0778;77849;77929
6926;810000;J0779;77931;77976
6927;810000;J0791;79180;79262
6928;810000;J0867;86719;86848
6929;810000;J0870;87006;87137
6930;810000;J0979;97944;98039
6931;810000;J0981;98119;98249
6932;810000;J1010;101018;101101
6933;810000;J1016;101605;101687
6934;810000;J1022;102288;102369
6935;810000;J1037;103706;103786
6936;810000;J1052;105286;105368
6937;810000;J1054;105436;105518
6938;810000;RCIRC;22156;23960
6939;813000;EVIT;48370;48802
6940;813000;EVIT;75668;76285
6941;819000;EVIT;20802;21476
6942;82000;J0028;2844;2880
6943;82000;J0194;19495;19620
6944;82000;J0211;21134;21170
6945;82000;J0218;21836;21887
6946;82000;J0341;34164;34226
6947;82000;J0349;34934;34978
6948;82000;J0402;40248;40315
6949;82000;J0512;51254;51439
6950;82000;SAS-S;51439;51579
6951;830000;11;95;531
6952;830000;13;95;560
6953;830000;15;95;588
6954;830000;17;95;620
6955;830000;19;95;663
6956;830000;1BIS;712406;713748
6957;830000;1BIS;740598;741623
6958;830000;1BIS;775947;776799
6959;830000;1BIS;827678;828677
6960;830000;1BIS;835058;836066
6961;830000;1BIS;843155;844108
6962;830000;1BIS;65551;66483
6963;830000;1BIS2M;8978;9492
6964;830000;1BISC;9200;13270
6965;830000;1CI;316310;318786
6966;830000;1CIRC;9388;10581
6967;830000;1EST;78062;79234
6968;830000;1EXT;78116;79043
6969;830000;1MS;0;882
6970;830000;1RACC;44260;45532
6971;830000;1TER;806707;808109
6972;830000;1TER;154573;155173
6973;830000;21;95;605
6974;830000;23;95;572
6975;830000;2BIS;805809;808579
6976;830000;2BISC;11820;13721
6977;830000;2BIS;713772;714304
6978;830000;2BIS;731611;732528
6979;830000;2BIS;740597;741623
6980;830000;2BIS;775707;776626
6981;830000;2M2BIS;8194;9262
6982;830000;2CIRC;9194;10581
6983;830000;2EST;78066;79234
6984;830000;2EVIT;828682;829599
6985;830000;2EXT;78102;78975
6986;830000;2MS;0;846
6987;830000;2QUAT;727;2799
6988;830000;2TER;806707;808080
6989;830000;2TCIRC;13162;14060
6990;830000;2TER;742730;743518
6991;830000;2TER;8900;9625
6992;830000;3;76916;78014
6993;830000;3EVIT;363525;364426
6994;830000;41CIRC;2633;3845
6995;830000;4CIRC;1543;1862
6996;830000;4CONT;1716;1897
6997;830000;5;95;462
6998;830000;6EVIT;439610;440944
6999;830000;7;95;480
7000;830000;9;95;504
7001;830000;94TIR;1295;1716
7002;830000;A;-60;387
7003;830000;A;13960;14688
7004;830000;A;25491;26065
7005;830000;A;43494;44810
7006;830000;A;194892;195974
7007;830000;A;212781;213856
7008;830000;A;224305;225655
7009;830000;A;231740;233019
7010;830000;A;245528;246682
7011;830000;A;294837;295916
7012;830000;A;308154;309365
7013;830000;A;313507;314698
7014;830000;A;381615;382370
7015;830000;A;439512;440469
7016;830000;A;476826;477844
7017;830000;A;510579;511217
7018;830000;ACIRC;521329;525251
7019;830000;A;542423;543014
7020;830000;A;571451;572272
7021;830000;A;616774;617520
7022;830000;A;634036;634646
7023;830000;A;740897;741773
7024;830000;ACIRC;805097;806707
7025;830000;AB;14641;15300
7026;830000;A;841405;842360
7027;830000;ALAVE;1965;2495
7028;830000;AT;295828;296020
7029;830000;AT;309254;309323
7030;830000;B;14068;14641
7031;830000;B;194892;195966
7032;830000;B;232978;234104
7033;830000;B;245527;246693
7034;830000;B;476782;477938
7035;830000;B;510610;511176
7036;830000;BCIRC;521288;523863
7037;830000;B;542437;543025
7038;830000;B;633743;634835
7039;830000;B;740984;741855
7040;830000;B;808764;809519
7041;830000;BCIRC;808080;808764
7042;830000;BLAVE;765;2495
7043;830000;C;-60;378
7044;830000;C;313097;314680
7045;830000;C;381612;382800
7046;830000;C;616797;617441
7047;830000;C;740992;741862
7048;830000;CAIX;834914;835132
7049;830000;CCIRC;741623;744587
7050;830000;CLAVE;515;1870
7051;830000;D;-60;367
7052;830000;D;313840;314550
7053;830000;D;381728;382799
7054;830000;D;616684;617339
7055;830000;D;741427;741695
7056;830000;D;861429;862100
7057;830000;E;-60;368
7058;830000;E;313819;314526
7059;830000;E;381773;382476
7060;830000;E;510588;511133
7061;830000;E;542473;542952
7062;830000;E;741427;741645
7063;830000;E;861562;862100
7064;830000;ECIRC;860247;861142
7065;830000;F;313723;314655
7066;830000;F;381871;382213
7067;830000;F;616906;617413
7068;830000;F;861459;862100
7069;830000;G;-60;374
7070;830000;G;313723;314422
7071;830000;G;510646;511109
7072;830000;G;861520;862100
7073;830000;H;-60;377
7074;830000;H;313728;314452
7075;830000;H;510669;511079
7076;830000;H;861551;862100
7077;830000;I;-60;422
7078;830000;I;313247;314655
7079;830000;J;-60;398
7080;830000;J0000;-35;26
7081;830000;J0002;254;340
7082;830000;J0002A;254;340
7083;830000;J0002B;254;340
7084;830000;J0002C;254;340
7085;830000;J0003;343;426
7086;830000;J0003A;343;426
7087;830000;J0003B;367;685
7088;830000;J0003C;368;452
7089;830000;J0003D;368;416
7090;830000;J0003E;374;513
7091;830000;J0003F;374;452
7092;830000;J0003I;377;422
7093;830000;J0003J;378;739
7094;830000;J0004G;446;536
7095;830000;J0003G;374;419
7096;830000;J0003H;374;420
7097;830000;J0003K;387;600
7098;830000;J0004I;473;514
7099;830000;J0003L;398;600
7100;830000;J0004;402;481
7101;830000;J0004B;422;607
7102;830000;J0004C;428;510
7103;830000;J0004D;428;510
7104;830000;J0004E;428;510
7105;830000;J0004F;428;510
7106;830000;J0004A;416;540
7107;830000;J0004H;460;665
7108;830000;J0004J;480;541
7109;830000;J0004K;495;586
7110;830000;J0005;504;765
7111;830000;J0005B;525;611
7112;830000;J0005C;531;627
7113;830000;J0005E;550;603
7114;830000;J0005F;560;627
7115;830000;J0005G;585;804
7116;830000;J0005H;588;626
7117;830000;J0006;600;727
7118;830000;J0006B;624;655
7119;830000;J0006A;620;765
7120;830000;J0006C;664;727
7121;830000;J0007A;727;764
7122;830000;J0007;721;809
7123;830000;J0007B;745;832
7124;830000;J0008;813;897
7125;830000;J0008A;856;913
7126;830000;J0008B;857;914
7127;830000;J0009;927;997
7128;830000;J0009A;953;1001
7129;830000;J0010;1052;1176
7130;830000;J0010A;1056;1158
7131;830000;J0013;1371;1463
7132;830000;J0013A;1372;1430
7133;830000;J0013B;1382;1441
7134;830000;J0014;1448;1511
7135;830000;J0014A;1470;1611
7136;830000;J0014B;1483;1568
7137;830000;J0015;1543;1600
7138;830000;J0015A;1586;1617
7139;830000;J0017;1788;1866
7140;830000;J0019;1946;1983
7141;830000;J0019A;1952;2013
7142;830000;J0019B;1977;2018
7143;830000;J0020;2044;2096
7144;830000;J0030;3041;3168
7145;830000;J0030A;3049;3126
7146;830000;J0038;3845;3897
7147;830000;J0075;7510;7641
7148;830000;J0078;7802;7933
7149;830000;J0078A;7866;7991
7150;830000;J0079;7991;8125
7151;830000;J0080;8073;8203
7152;830000;J0081;8109;8238
7153;830000;J0081A;8148;8212
7154;830000;J0089;8908;9061
7155;830000;J0089A;8923;9086
7156;830000;J0089B;8981;9117
7157;830000;J0092;9282;9354
7158;830000;J0102;10215;10471
7159;830000;J0105;10548;10581
7160;830000;J0105A;10586;10776
7161;830000;J0107;10765;10826
7162;830000;1BCRAC;13041;13229
7163;830000;J0132;13270;13303
7164;830000;J0138;13803;13917
7165;830000;J0139;13956;14060
7166;830000;J0140;14066;14150
7167;830000;J0141;14181;14238
7168;830000;J0145;14510;14642
7169;830000;J0145A;14527;14603
7170;830000;J0145B;14554;14640
7171;830000;J0145C;14554;14641
7172;830000;J0146;14634;14731
7173;830000;J0147A;14750;14832
7174;830000;J0147;14747;14839
7175;830000;J0148;14881;14973
7176;830000;J0149;14910;15022
7177;830000;J0150;15037;15215
7178;830000;J0254;25473;25596
7179;830000;J0259;25988;26050
7180;830000;J0260;26085;26147
7181;830000;J0261;26161;26247
7182;830000;J0280;28038;28151
7183;830000;RACV2B;28340;29127
7184;830000;J0289;28995;29284
7185;830000;J0297;29775;29938
7186;830000;J0299;29956;30105
7187;830000;J0299A;29983;30146
7188;830000;J0301;30193;30360
7189;830000;J0432;43257;43441
7190;830000;J0433;43344;43475
7191;830000;J0436A;43696;43835
7192;830000;J0442;44258;44390
7193;830000;J0443;44346;44425
7194;830000;J0445;44461;44626
7195;830000;J0456;45683;45817
7196;830000;J0562;56201;56333
7197;830000;J0563;56358;56491
7198;830000;J0663;66343;66441
7199;830000;J0678;67866;67950
7200;830000;J0679;67962;68044
7201;830000;J0779;77902;77955
7202;830000;J0779A;77935;78066
7203;830000;J0779B;77963;78062
7204;830000;J0781;78166;78223
7205;830000;J0787;78740;79133
7206;830000;J0787A;78789;78870
7207;830000;J0787B;78794;78868
7208;830000;J0789;78936;79007
7209;830000;J0789A;78955;79072
7210;830000;J0790;79045;79105
7211;830000;J0800;80000;80084
7212;830000;J0864;86496;86663
7213;830000;J0865;86570;86794
7214;830000;J1114;111402;111532
7215;830000;J1116;111666;111794
7216;830000;J1117;111754;111898
7217;830000;J1129;112912;113090
7218;830000;J1130;113046;113188
7219;830000;J1130A;113053;113183
7220;830000;J1135;113560;113640
7221;830000;J1542;154208;154287
7222;830000;J1542A;154212;154293
7223;830000;J1543;154308;154421
7224;830000;J1545A;154572;154654
7225;830000;J1545;154571;154628
7226;830000;J1552;155272;155349
7227;830000;J1553;155365;155406
7228;830000;J1571;157168;157249
7229;830000;J1572;157209;157380
7230;830000;J1573B;157385;157512
7231;830000;J1573;157336;157418
7232;830000;J1659;165946;166137
7233;830000;J1681;168110;168315
7234;830000;J1724;172450;172649
7235;830000;J1735;173500;173578
7236;830000;J1958;195854;195918
7237;830000;J1989;198995;199079
7238;830000;J1991;199142;199223
7239;830000;J2072;207205;207288
7240;830000;J2073;207360;207444
7241;830000;J2126;212622;212686
7242;830000;J2127;212781;212872
7243;830000;J2137;213729;213830
7244;830000;J2169;216927;217009
7245;830000;J2170;217081;217159
7246;830000;J2239;223974;224106
7247;830000;J2241;224116;224275
7248;830000;J2242;224292;224421
7249;830000;J2255;225537;225660
7250;830000;J2329;232907;233075
7251;830000;J2340;234001;234126
7252;830000;J2363;236308;236722
7253;830000;J2409;240968;241051
7254;830000;J2411;241124;241208
7255;830000;J2455;245570;245650
7256;830000;J2465;246512;246580
7257;830000;J2479;247923;248006
7258;830000;J2480;248092;248175
7259;830000;J2559;255913;256094
7260;830000;J2559A;255988;256323
7261;830000;J2564;256429;256618
7262;830000;J2572;257272;257327
7263;830000;J2586;258643;258775
7264;830000;J2589;258988;259120
7265;830000;J2879;287904;288031
7266;830000;J2880;288038;288143
7267;830000;J2880A;288038;288143
7268;830000;J2882;288263;288375
7269;830000;J2926;292636;292719
7270;830000;J2927;292738;292821
7271;830000;J2948;294812;294971
7272;830000;J2958;295870;295957
7273;830000;J2979;297960;298093
7274;830000;J2982;298207;298339
7275;830000;J3072;307207;307291
7276;830000;J3073;307351;307487
7277;830000;J3081;308154;308293
7278;830000;J3092;309210;309352
7279;830000;J3129;312929;313079
7280;830000;J3132;313247;313376
7281;830000;J3133;313324;313462
7282;830000;J3136;313603;313650
7283;830000;J3136A;313620;313839
7284;830000;J3136B;313667;313816
7285;830000;J3137;313787;313892
7286;830000;J3143;314357;314430
7287;830000;J3143A;314361;314437
7288;830000;J3144;314429;314505
7289;830000;J3144A;314452;314610
7290;830000;J3144B;314460;314523
7291;830000;J3145;314539;314595
7292;830000;J3145A;314507;314566
7293;830000;J3146;314600;314680
7294;830000;J3146A;314625;314696
7295;830000;J3148;314818;314943
7296;830000;J3161;316127;316227
7297;830000;J3176A;317648;317715
7298;830000;J3176B;317662;317712
7299;830000;J3250;325007;325064
7300;830000;J3255;325594;325656
7301;830000;J3306;330641;330707
7302;830000;J3312;331283;331346
7303;830000;J3369;336941;337000
7304;830000;J3371;337190;337251
7305;830000;J3420;342004;342074
7306;830000;J3427;342714;342767
7307;830000;J3505;350519;350592
7308;830000;J3580;358013;358075
7309;830000;J3585;358597;358654
7310;830000;J3630;363032;363115
7311;830000;J3632;363241;363324
7312;830000;J3667;366754;366837
7313;830000;J3815;381548;381614
7314;830000;J3817;381773;381846
7315;830000;J3826;382620;382730
7316;830000;J3840;384050;384107
7317;830000;J3982;398204;398266
7318;830000;J4072;407255;407318
7319;830000;J4171;417154;417211
7320;830000;J4175;417598;417660
7321;830000;J4220;422059;422118
7322;830000;J4227;422719;422782
7323;830000;J4287;428739;428803
7324;830000;J4300;430087;430150
7325;830000;J4392;439270;439501
7326;830000;J4399;439992;440071
7327;830000;J4400;440074;440186
7328;830000;J4402;440218;440314
7329;830000;J4403;440326;440413
7330;830000;J4404;440486;440597
7331;830000;J4421;442154;442347
7332;830000;J4454;445456;445609
7333;830000;J4624;462480;462539
7334;830000;J4631;463145;463187
7335;830000;J4768;476870;476949
7336;830000;J4775;477588;477778
7337;830000;J4882;488257;488320
7338;830000;J4893;489382;489478
7339;830000;J4894;489492;489674
7340;830000;J4898;489822;489961
7341;830000;J4902;490250;490337
7342;830000;J4904;490464;490598
7343;830000;J4911;491178;491308
7344;830000;J4992;499250;499383
7345;830000;J4995;499580;499743
7346;830000;J5057;505725;505785
7347;830000;J5059;505934;506012
7348;830000;J5065;506584;506658
7349;830000;J5066;506684;506802
7350;830000;J5078;507878;508014
7351;830000;J5104;510484;510552
7352;830000;J5105;510506;510579
7353;830000;J5105A;510543;510610
7354;830000;J5105B;510586;510671
7355;830000;J5106;510613;510757
7356;830000;J5110;511040;511091
7357;830000;J5110A;511079;511118
7358;830000;J5110B;511088;511170
7359;830000;J5111A;511109;511144
7360;830000;J5111;511108;511230
7361;830000;J5111B;511133;511239
7362;830000;J5112B;511269;511405
7363;830000;J5112A;511265;511314
7364;830000;J5114;511443;511577
7365;830000;J5115;511576;511660
7366;830000;J5116;511624;511712
7367;830000;J5116A;511625;511713
7368;830000;J5119;511942;512010
7369;830000;J5117;511785;511870
7370;830000;J5125;512564;512694
7371;830000;J5128;512850;512907
7372;830000;J5134;513451;513743
7373;830000;J5139;513905;514035
7374;830000;J5137;513783;513827
7375;830000;J5138;513868;513882
7376;830000;J5141;514167;514192
7377;830000;J5149;514921;514985
7378;830000;J5150A;515082;515139
7379;830000;J5150C;515096;515278
7380;830000;J5150D;515096;515276
7381;830000;J5150;515034;515296
7382;830000;J5162;516286;516364
7383;830000;J5162A;516294;516375
7384;830000;J5209;520924;521056
7385;830000;J5209A;520983;521113
7386;830000;J5225;522592;522761
7387;830000;J5227;522777;522876
7388;830000;J5238;523806;523920
7389;830000;J5241;524187;524289
7390;830000;J5259;525984;526113
7391;830000;J5261;526188;526318
7392;830000;J5297;529724;529807
7393;830000;J5298;529864;529976
7394;830000;J5323;532304;532386
7395;830000;J5424;542473;542530
7396;830000;J5431;543195;543250
7397;830000;J5546;554652;554705
7398;830000;J5702;570283;570366
7399;830000;J5713;571384;571429
7400;830000;J5714;571458;571527
7401;830000;J5715;571522;571579
7402;830000;J5722;572288;572348
7403;830000;J5844;584465;584497
7404;830000;J6155;615507;615590
7405;830000;J6173;617341;617444
7406;830000;J6174;617487;617586
7407;830000;J6183;618330;618409
7408;830000;J6184;618416;618478
7409;830000;J6336;633672;633769
7410;830000;J6339;633928;634036
7411;830000;J6341;634107;634149
7412;830000;J6344;634499;634693
7413;830000;J6356;635663;635744
7414;830000;J6610;661074;661122
7415;830000;J6822;682214;682274
7416;830000;J6832;683240;683316
7417;830000;J6949;694982;695044
7418;830000;J7122;712266;712349
7419;830000;J7137;713748;713772
7420;830000;J7314;731452;731514
7421;830000;J7315;731548;731610
7422;830000;J7408A;740897;740977
7423;830000;J7409;740959;741042
7424;830000;J7410A;741046;741085
7425;830000;J7416;741613;741685
7426;830000;J7416A;741615;741786
7427;830000;J7416B;741626;741693
7428;830000;J7417;741700;741756
7429;830000;J7592;759247;759377
7430;830000;J7594;759419;759548
7431;830000;J7637;763788;763849
7432;830000;J7758;775839;775944
7433;830000;J7766;776675;776755
7434;830000;J7922;792289;792347
7435;830000;J7925;792597;792648
7436;830000;J7989;798900;798957
7437;830000;J8051;805109;805335
7438;830000;J8080;808051;808109
7439;830000;J8093;809374;809463
7440;830000;J8180;818022;818153
7441;830000;J8181;818166;818302
7442;830000;J8277;827734;827867
7443;830000;J8274;827466;827597
7444;830000;J8349;834999;835056
7445;830000;J8413;841342;841404
7446;830000;J8428;842890;842973
7447;830000;J8441;844109;844170
7448;830000;J8444;844413;844492
7449;830000;J8512;851299;851380
7450;830000;J8513;851381;851473
7451;830000;J8514;851435;851523
7452;830000;J8518;851808;851919
7453;830000;J8519;851943;852052
7454;830000;J8567;856728;856855
7455;830000;J8568;856879;857005
7456;830000;K;-60;402
7457;830000;K;617449;618382
7458;830000;K;861703;862100
7459;830000;L;-60;446
7460;830000;L;861703;862100
7461;830000;M;-60;473
7462;830000;M;861749;862100
7463;830000;M3;851843;852683
7464;830000;M4;851881;852711
7465;830000;N;-53;456
7466;830000;P;831;1370
7467;830000;PT;1370;1543
7468;830000;R;832;1370
7469;830000;RST1;808109;808197
7470;830000;RST2;808080;808242
7471;830000;RACCT;808197;808690
7472;830000;S;832;1338
7473;830000;T;833;1312
7474;830000;U;833;1333
7475;830000;UV;1333;1628
7476;830341;C;0;743
7477;830356;J0002;276;311
7478;830356;J0006;683;742
7479;830900;J0009;910;991
7480;830900;J0039;3911;4000
7481;830900;J3159;315955;316059
7482;830900;J3162;316228;316310
7483;830900;J3162A;316260;316399
7484;830900;J3163;316385;316466
7485;830900;J3173;317375;317800
7486;830900;J3175;317550;317720
7487;830900;J3187;318728;318855
7488;830900;J3188;318898;319022
7489;830900;J3189;318940;319080
7490;838000;B;305119;305557
7491;838000;EVIT;232867;233880
7492;838000;EVIT;279763;280401
7493;839000;EVIT;18865;19601
7494;843000;J3679;367940;368006
7495;847000;EVIT;13747;14472
7496;849000;J3332;333225;333287
7497;849000;J3464;346478;346538
7498;85000;2;275832;276960
7499;85000;1BIS;185808;187030
7500;85000;B;201400;202500
7501;85000;B;220892;221916
7502;85000;B;230370;231356
7503;85000;B;243588;244760
7504;85000;B;298060;298903
7505;85000;C;201823;202354
7506;85000;J2764;276441;276502
7507;85000;J3236;323618;323660
7508;85000;J3272;327230;327280
7509;85000;J3273;327350;327394
7510;85000;J3313;331312;331357
7511;85000;J3418;341865;341930
7512;85000;J3421;342198;342276
7513;85000;J3423;342364;342416
7514;850000;A;360230;361157
7515;850000;A;392056;392838
7516;850000;A;436612;437588
7517;850000;EVIT;369208;370188
7518;850000;EVIT;379360;380295
7519;850000;EVIT;402002;403018
7520;850000;EVIT;422596;423550
7521;850000;EVIT;445560;446491
7522;850000;EVIT;453422;454471
7523;850000;J3147;314772;314853
7524;850000;J3159;315915;315993
7525;850000;J3161;316123;316255
7526;850000;J3191;319182;319271
7527;850000;J3193;319370;319454
7528;850000;J3329;332917;333000
7529;850000;J3330;333012;333095
7530;850000;J3434;343489;343573
7531;850000;J3436;343654;343736
7532;850000;J3566;356600;356683
7533;850000;J3566A;356691;356774
7534;850000;J3589;358920;359003
7535;850000;J3591;359170;359254
7536;850000;J3601;360160;360218
7537;850000;J3919;391994;392054
7538;850000;J4365;436583;436695
7539;850000;J4373;437352;437416
7540;850000;J4374;437418;437476
7541;851000;EVIT;17155;17734
7542;851000;EVIT;20650;21053
7543;851000;EVIT;24603;25503
7544;851000;EVIT;42400;43170
7545;851000;EVIT;43394;43755
7546;852000;1BIS;453782;454835
7547;852000;2BIS;453735;454847
7548;852000;5;484105;484347
7549;852000;1EVIT;388267;389288
7550;852000;2EVIT;388303;389331
7551;852000;A;405555;406360
7552;852000;D;405555;406172
7553;852000;E;405521;406122
7554;852000;J3612;361283;361344
7555;852000;J3754;375496;375540
7556;852000;J3985;398570;398625
7557;852000;J4031;403157;403221
7558;852000;J4032;403277;403339
7559;852000;J4053;405364;405411
7560;852000;J4054;405427;405473
7561;852000;J4061;406119;406194
7562;852000;J4061A;406172;406225
7563;852000;J4063;406365;406407
7564;852000;J4072;407193;407274
7565;852000;J4539;453935;453992
7566;852000;J4540;454080;454113
7567;852000;J4629;462949;463011
7568;852000;J4787;478764;478825
7569;852000;J4821;482184;482247
7570;852000;J4835;483595;483643
7571;852000;J4837;483710;483770
7572;852000;J4844;484408;484460
7573;852000;J4844A;484483;484546
7574;852000;J4854;485481;485612
7575;852000;J4856;485613;485694
7576;852000;J4917;491713;491774
7577;852000;J4996;499622;499687
7578;852000;J5007;500774;500860
7579;852000;J5008;500770;500860
7580;852000;J5009;500957;501000
7581;852000;J5010;501024;501110
7582;852000;J5011;501184;501395
7583;852306;1F-2F;0;690
7584;856000;EVIT;412694;413110
7585;859000;3;15421;15835
7586;86000;2;324985;325609
7587;860000;J3161;316178;316260
7588;860000;J3277;327718;327771
7589;860000;J3444;344404;344470
7590;860000;J3452;345219;345300
7591;860000;J3736;373688;373748
7592;860000;J3979;397930;397972
7593;860000;J4010;401056;401141
7594;860000;J4012;401285;401367
7595;863300;J0009;974;1214
7596;863300;J0009A;974;1105
7597;865000;EVIT;26972;27759
7598;867000;J1009;100938;101000
7599;867000;J1017;101785;101844
7600;867000;J1024;102492;102528
7601;869000;EVIT;363968;364735
7602;872000;EVIT;408578;409255
7603;872000;EVIT;415693;416235
7604;872000;EVIT;427278;427782
7605;872000;EVIT;437634;438194
7606;872000;EVIT;471738;472566
7607;875000;A;453074;453923
7608;875000;C;453183;453794
7609;878000;EVIT;13522;14205
7610;878000;EVIT;36048;36765
7611;878000;EVIT;72975;73585
7612;878000;2;103785;104320
7613;878000;J0489;48982;49400
7614;878000;J0489A;48983;49280
7615;878000;J1159;115961;116118
7616;878000;SPM;-66;242
7617;88000;D;130985;131830
7618;880000;A;441360;442023
7619;880000;A;475692;476158
7620;880000;C;441270;442547
7621;880000;EVIT;400662;401943
7622;880000;EVIT;412753;414013
7623;880000;EVIT;428200;429464
7624;880000;EVIT;454962;456016
7625;880000;J4754;475479;475562
7626;880000;J4756;475688;475774
7627;880000;J4905;490599;490729
7628;880000;J4907;490748;490878
7629;883000;13;68026;68286
7630;883000;4E;55988;56982
7631;883000;7E;47183;48173
7632;883000;A;36673;37559
7633;883000;B;36795;37372
7634;883000;C;36772;37399
7635;883000;J0073;7369;7629
7636;883000;J0078;7895;8080
7637;883000;J0171;17133;17191
7638;883000;J0362;36268;36325
7639;883000;J0364;36448;36615
7640;883000;J0366;36607;36661
7641;883000;J0373;37399;37510
7642;883000;J0469;46966;47024
7643;883000;J0561;56183;56240
7644;883000;J0670;67097;67179
7645;883000;J0671;67180;67236
7646;883000;J0679;67996;68057
7647;883000;J0681;68128;68180
7648;884000;3;36558;37025
7649;884000;2;9411;10078
7650;884000;2;18320;19020
7651;884000;B;32949;33738
7652;884000;2;36509;36965
7653;884000;J0365;36534;36558
7654;886000;EVIT;26738;27600
7655;886000;EVIT;37922;38733
7656;889000;D;5913;6342
7657;89000;1;353290;353900
7658;89000;1BIS;331790;332780
7659;89000;1TER;331780;332795
7660;89000;1T;352690;353175
7661;89000;2TER;331763;332795
7662;89000;2T;352695;353175
7663;89000;4;353175;353900
7664;89000;5;353175;353900
7665;89000;A;353300;353530
7666;89000;J3054;305416;305464
7667;89000;J3222;322220;322269
7668;89000;J3326;332645;332700
7669;89000;J3327;332700;332800
7670;95000;J0664;66403;66440
7671;89000;J3396;339654;339820
7672;89000;J3513;351407;351435
7673;89000;J3515;351580;351726
7674;89000;J3526;352690;352787
7675;89000;J3526A;352695;352787
7676;89000;J3529;353175;353250
7677;89000;J3530;353060;353130
7678;890000;4C;51154;51619
7679;890000;4C;99658;101005
7680;890000;A;68274;69296
7681;890000;A;133770;134551
7682;890000;B;133800;134488
7683;890000;C;133772;134517
7684;890000;E;51223;51383
7685;890000;F;51090;51644
7686;890000;4;101420;101687
7687;890000;J0092;9207;9240
7688;890000;J0305;30595;30655
7689;890000;J0496;49682;49764
7690;890000;J0510;51055;51090
7691;890000;J0510A;51055;51120
7692;890000;J0516;51644;51825
7693;890000;J0516A;51636;51763
7694;890000;J0517;51792;51853
7695;890000;J0529;52920;52980
7696;890000;J0534;53473;53604
7697;890000;J0537;53713;53794
7698;890000;J0640;64086;64217
7699;890000;J0642;64267;64397
7700;890000;TIR;68274;68358
7701;890000;J0683;68302;68393
7702;890000;J0691;69186;69246
7703;890000;J0757;75781;75912
7704;890000;J0759;75932;76062
7705;890000;J0889;88914;89044
7706;890000;J0891;89103;89233
7707;890000;J0992;99282;99364
7708;890000;J1008;100836;101115
7709;890000;J1016;101697;101755
7710;890000;J1019;101999;102080
7711;890000;J1103;110331;110392
7712;890000;J1162;116202;116263
7713;890000;J1162A;116285;116343
7714;890000;J1344;134480;134540
7715;890000;J1349;134937;135021
7716;890000;J1350;135093;135177
7717;890000;J1393;139315;139377
7718;890000;J1398;139801;139883
7719;890000;J1424;142468;142548
7720;892000;5;172806;173006
7721;892000;C;211147;211607
7722;892000;A;172445;173175
7723;892000;B;172362;173070
7724;892000;D;172400;173042
7725;892000;1A;139428;139970
7726;892000;A;146518;147435
7727;892000;A;151666;152523
7728;892000;B;157300;158203
7729;892000;B;165465;166346
7730;892000;E;178823;179456
7731;892000;E;181795;182697
7732;892000;E;186195;186810
7733;892000;E;192288;193260
7734;892000;B;202418;203121
7735;892000;B;211023;211670
7736;892000;CIRCUL;211700;233515
7737;892000;J1394;139470;139529
7738;892000;J1723;172317;172362
7739;892000;J1724;172406;172565
7740;893000;B;507250;508170
7741;893000;C;506889;508092
7742;893000;E;506893;508148
7743;893000;G;507212;508271
7744;893000;J4997;499790;499915
7745;893000;J5045;504570;504650
7746;893000;RACCV1;504954;505643
7747;893000;RACCV2;505078;505749
7748;893000;J5051;505138;505285
7749;893000;J5054;505468;505647
7750;893000;J5067A;506750;506838
7751;893000;J5067;506736;506873
7752;893000;J5069;506904;506993
7753;893000;J5071A;507159;507254
7754;893000;J5071;507104;507211
7755;893000;J5072;507253;507334
7756;893000;J5072C;507255;507370
7757;893000;J5072B;507255;507369
7758;893000;J5072A;507255;507340
7759;893000;J5078A;507855;507970
7760;893000;J5078B;507855;507962
7761;893000;J5078D;507895;508007
7762;893000;J5079;507921;508023
7763;893000;J5079B;507993;508078
7764;893000;J5079A;507993;508078
7765;893000;J5083;508322;508422
7766;893000;J5083A;508338;508422
7767;893000;J5086;508663;508811
7768;893000;J5090;509055;509205
7769;893000;J5093;509382;509461
7770;893000;J5095;509555;509634
7771;893000;J5096;509601;509700
7772;893000;J5100A;510024;510164
7773;893000;J5100;510022;510107
7774;893000;J5114;511470;511600
7775;893306;J0010;1095;1137
7776;893306;J0010A;1095;1149
7777;893306;J0013;1380;1422
7778;893306;J0021;2133;2200
7779;894000;4;5748;6031
7780;894000;9;-95;458
7781;894000;J0004;403;458
7782;895000;4;46456;46840
7783;895000;C;24184;24741
7784;895000;C;46208;46850
7785;895000;D;46456;46950
7786;895000;EVIT;5930;6505
7787;895000;EVIT;9780;10525
7788;895000;EVIT;17585;18365
7789;895000;A;24142;24791
7790;895000;EVIT;31051;31659
7791;895000;E;40318;40958
7792;895000;A;46416;46960
7793;895000;J0463;46329;46405
7794;895000;J0469;46960;47017
7795;896000;4;18867;19215
7796;896000;DM;-165;108
7797;896000;2;2594;2894
7798;896000;2;6677;6968
7799;896000;2;11575;11810
7800;896000;1;15562;15863
7801;896000;2;18933;19239
7802;896000;2;22872;23146
7803;896000;2;27213;27492
7804;896000;2;29433;29634
7805;896000;2;34021;34312
7806;897000;S;39096;39446
7807;897000;C;39020;39733
7808;897000;A;77348;78018
7809;897000;C;77304;77976
7810;897000;E;4106;4830
7811;897000;E;11590;12355
7812;897000;E;16450;17172
7813;897000;E;20506;21294
7814;897000;E;26986;27708
7815;897000;E;33044;33732
7816;897000;A;39063;39700
7817;897000;EVIT;43756;44460
7818;897000;EVIT;49430;50061
7819;897000;EVIT;54734;55381
7820;897000;EVIT;61906;62521
7821;897000;EVIT;70622;71232
7822;897000;EVIT;84545;85160
7823;897000;N;78;763
7824;898000;D;35693;36364
7825;898000;J0360;36085;36133
7826;899000;4;23182;23518
7827;899000;A;23079;23760
7828;899000;A;51323;51865
7829;899000;B;23205;23760
7830;899000;B;51295;51888
7831;899000;B;79648;80227
7832;899000;C;23205;23760
7833;899000;C;51210;51865
7834;899000;C;79553;80227
7835;899000;D;79650;80190
7836;899000;E;79630;80212
7837;899000;E;9105;9840
7838;899000;E;15355;16100
7839;899000;E;32348;33110
7840;899000;E;36300;37035
7841;899000;E;43113;43925
7842;899000;E;48849;49562
7843;899000;D;51165;51918
7844;899000;E;57006;57662
7845;899000;E;61390;62148
7846;899000;E;66092;66805
7847;899000;E;73476;74190
7848;899000;J0229;22995;23079
7849;899000;J0231;23105;23188
7850;899000;J0234;23423;23480
7851;90000;J3466;346665;346726
7852;90000;J3467;346765;346847
7853;90000;J3513;351385;351429
7854;90000;J3543;354320;354395
7855;90000;J3543A;354397;354528
7856;90000;J3556;355619;355700
7857;90000;J3559;355912;355987
7858;90000;J3601;360108;360168
7859;90000;J3617;361715;361740
7860;90000;J3623;362310;362365
7861;90000;J3624;362493;362624
7862;90000;J3633;363321;363383
7863;90000;J3713;371376;371505
7864;90000;J3709;370965;371096
7865;90000;J3727;372700;372775
7866;90000;J3727A;372700;372770
7867;90000;J3727B;372798;372878
7868;900000;4E;161577;162630
7869;900000;J1372;137200;137258
7870;900000;A;219930;220542
7871;900000;B;235802;236252
7872;900000;C;100905;101814
7873;900000;C;123324;123965
7874;900000;C;137107;137925
7875;900000;C;207765;208186
7876;900000;D;123361;123896
7877;900000;D;137371;137822
7878;900000;D;235742;236371
7879;900000;E;123256;123819
7880;900000;E;137310;137787
7881;900000;E;235555;235802
7882;900000;EV;124100;125195
7883;900000;J1018;101870;101952
7884;900000;J1020;102024;102106
7885;900000;J1099;109947;110029
7886;900000;J1100;110062;110144
7887;900000;J1231;123178;123335
7888;900000;J1233;123354;123412
7889;900000;J1240;124055;124203
7890;900000;IM;124093;124153
7891;900000;J1250;125054;125149
7892;900000;J1368;136813;136907
7893;900000;J1372B;137261;137418
7894;900000;J1378;137834;137890
7895;900000;J1379;137973;138034
7896;900000;J1430;143037;143169
7897;900000;J1431;143199;143330
7898;900000;J1504;150475;150557
7899;900000;J1505;150592;150653
7900;900000;J1517;151772;151854
7901;900000;J1614;161472;161554
7902;900000;J1626;162648;162730
7903;900000;J1640;164041;164122
7904;900000;J1746;174677;174759
7905;900000;J1749;174900;174982
7906;900000;J1856;185608;185689
7907;900000;J1869;186909;186992
7908;900000;J1986;198637;198720
7909;900000;J2000;200075;200158
7910;900000;J2026;202666;202730
7911;900000;J2047;204786;204847
7912;900000;J2076;207658;207740
7913;900000;J2082;208271;208338
7914;900000;J2089;208988;209064
7915;900000;J2093;209365;209453
7916;900000;J2197;219718;219800
7917;900000;J2205;220557;220637
7918;900000;J2285;228536;228618
7919;900000;J2286;228673;228757
7920;900000;J2341;234167;234228
7921;900000;J2346;234622;234704
7922;900000;J2352;235282;235345
7923;900000;J2355;235555;235615
7924;900000;J2357;235774;235831
7925;900000;J2358;235802;235860
7926;900000;J2363;236393;236452
7927;900000;J2367;236719;236777
7928;900000;J2369;236990;237051
7929;900000;J2405;240532;240610
7930;900000;J2406;240657;240735
7931;900000;S;123727;124030
7932;900000;TC;122992;123403
7933;903000;2;72726;73601
7934;903000;E;76768;77449
7935;903000;E;81850;82698
7936;903000;E;87730;88385
7937;903000;E;96053;96680
7938;904000;D;100057;100627
7939;904000;D;104941;105430
7940;905000;4CIRC;128726;130266
7941;905000;A;130237;130832
7942;905000;B;6613;12144
7943;905000;C;41376;41899
7944;905000;C;63138;63584
7945;905000;C;239431;240048
7946;905000;D;62518;63681
7947;905000;D;130237;130871
7948;905000;E;94154;95241
7949;905000;E;130177;130843
7950;905000;E;255919;256542
7951;905000;E;271136;271759
7952;905000;E;278431;279006
7953;905000;E;290195;290794
7954;905000;E;306564;307486
7955;905000;E;325189;325906
7956;905000;E;339359;340083
7957;905000;E;359341;360045
7958;905000;E;381742;382460
7959;905000;A;137638;138496
7960;905000;B;143289;144115
7961;905000;EVIT;150599;151337
7962;905000;EVIT;172562;173197
7963;905000;EVIT;187374;187989
7964;905000;EVIT;211637;212224
7965;905000;F;130177;130805
7966;905000;J0044;4494;4644
7967;905000;J0052;5252;5313
7968;905000;J0052A;5275;5331
7969;905000;J0053;5361;5433
7970;905000;J0053A;5361;5434
7971;905000;J0056;5629;5677
7972;905000;J0056A;5651;5746
7973;905000;J0066;6667;6832
7974;905000;J0068;6858;6996
7975;905000;J0089;8956;9062
7976;905000;J0091;9102;9172
7977;905000;J0091A;9189;9320
7978;905000;J0092;9296;9422
7979;905000;J0117;11703;11827
7980;905000;J0117A;11797;11863
7981;905000;J0120;12001;12131
7982;905000;J0255;25571;25701
7983;905000;J0268;26891;27033
7984;905000;J0412;41282;41365
7985;905000;J0624;62420;62500
7986;905000;J0625;62512;62644
7987;905000;J0638;63813;63895
7988;905000;J0794;79467;79527
7989;905000;J0794A;79498;79556
7990;905000;J0940;94007;94089
7991;905000;J0952;95285;95416
7992;905000;J1052;105278;105361
7993;905000;J1125;112550;112681
7994;905000;J1127;112701;112833
7995;905000;J1180;118090;118221
7996;905000;J1182;118251;118382
7997;905000;J1267;126791;126850
7998;905000;J1269;126990;127119
7999;905000;J1295;129578;129636
8000;905000;J1296;129674;129755
8001;905000;J1297;129768;129833
8002;905000;J1297A;129768;129833
8003;905000;J1300;130040;130124
8004;905000;J1301;130135;130219
8005;905000;J1308;130803;130871
8006;905000;J1309;130939;130996
8007;905000;J1310;131011;131069
8008;905000;J2337;233702;233787
8009;905000;J2360;236038;236167
8010;905000;J2391;239175;239256
8011;905000;J2393;239304;239387
8012;905000;J3066;306605;306720
8013;905000;J3072;307285;307344
8014;908000;C;47265;48085
8015;908000;EVIT;26225;27120
8016;908000;EVIT;35897;36851
8017;908000;B;47221;48185
8018;908000;E;57727;58640
8019;908000;E;66411;67306
8020;908000;E;71475;72385
8021;908000;V2;79134;80036
8022;909000;J0107;10704;10761
8023;909000;J0110;11096;11152
8024;909000;J0163;16338;16383
8025;909000;J0258;25899;25957
8026;909000;J0410;41020;41081
8027;909000;J0493;49381;49462
8028;909903;J1337;133770;133900
8029;912000;E;96863;97628
8030;912000;2;16494;17275
8031;912000;E;32389;33157
8032;912000;2;53403;54179
8033;912000;2;73164;73920
8034;912000;E;86879;87683
8035;915000;A;240048;240534
8036;915000;B;266018;266946
8037;915000;B;348512;349250
8038;915000;C;240048;240364
8039;915000;C;266116;266808
8040;915000;C;348547;349205
8041;915000;E;246334;247222
8042;915000;E;255925;256720
8043;915000;E;275370;276099
8044;915000;E;282178;282888
8045;915000;E;293145;293888
8046;915000;E;304259;305105
8047;915000;E;309961;310659
8048;915000;E;320529;321616
8049;915000;E;334919;335785
8050;915000;Z;348532;348810
8051;923000;E;76699;76833
8052;925000;1BIS;32610;33605
8053;925000;1RACC;67088;67700
8054;925000;2BIS;32610;33624
8055;925000;2RACC;67088;67698
8056;925000;A;2345;3125
8057;925000;A;21982;23033
8058;925000;J0006;653;716
8059;925000;J0022;2256;2314
8060;925000;J0034;3400;3452
8061;925000;J0219;21987;22102
8062;925000;J0228;22888;22992
8063;925000;J0323;32387;32448
8064;925000;J0333;33390;33583
8065;925000;J0337A;33781;33840
8066;925000;J0670;67000;67066
8067;928000;EVIT;15721;16697
8068;930000;1BIS;905;3624
8069;930000;1BIS;16275;17330
8070;930000;1BIS;60918;62009
8071;930000;D;66598;67299
8072;930000;1BIS;248284;248773
8073;930000;E;66651;67472
8074;930000;2BIS;913;3621
8075;930000;2BIS;16072;17138
8076;930000;2EVIT;6666;10363
8077;930000;2TER;3518;4220
8078;930000;3;185;488
8079;930000;5;185;573
8080;930000;A;25;533
8081;930000;A;100633;101698
8082;930000;A;135325;136032
8083;930000;A;160916;161602
8084;930000;A;192851;193693
8085;930000;A;203874;204609
8086;930000;A;211840;212950
8087;930000;B;66548;67300
8088;930000;B;159369;160404
8089;930000;B;223751;224410
8090;930000;C;223663;224407
8091;930000;E;223708;224378
8092;930000;F;223749;224378
8093;930000;G;223663;224310
8094;930000;H;223265;224310
8095;930000;J0024;2405;2516
8096;930000;J0025;2518;2648
8097;930000;J0026;2653;2763
8098;930000;J0027;2700;2749
8099;930000;J0036;3625;3682
8100;930000;J0080;8026;8099
8101;930000;J0152;15263;15345
8102;930000;J0161;16145;16274
8103;930000;J0164;16406;16539
8104;930000;J0171;17170;17251
8105;930000;J0173;17348;17429
8106;930000;J0263;26374;26504
8107;930000;J0265;26521;26653
8108;930000;J0399;39930;40011
8109;930000;J0401;40190;40272
8110;930000;J0508A;50899;50980
8111;930000;J0508;50810;50867
8112;930000;J0598;59851;59933
8113;930000;J0612;61293;61424
8114;930000;J0664;66405;66462
8115;930000;J0665;66535;66597
8116;930000;J0666;66628;66678
8117;930000;J0673;67302;67377
8118;930000;J0673A;67394;67433
8119;930000;J0773;77381;77461
8120;930000;J0841;84160;84240
8121;930000;J1006;100633;100715
8122;930000;J1016;101617;101698
8123;930000;J1017;101700;101766
8124;930000;J1205;120532;120591
8125;930000;J1341;134105;134161
8126;930000;J1353;135325;135404
8127;930000;J1359;135920;135996
8128;930000;J1592;159269;159350
8129;930000;J1605;160573;160654
8130;930000;J1609;160909;161022
8131;930000;J1614;161496;161577
8132;930000;J1718;171874;172000
8133;930000;J1727;172773;172874
8134;930000;J1886;188698;188760
8135;930000;J1897;189761;189842
8136;930000;J1907;190718;190799
8137;930000;J1928;192851;192979
8138;930000;J1935;193500;193601
8139;930000;J2038;203874;203952
8140;930000;J2044;204478;204592
8141;930000;J2118;211840;211939
8142;930000;J2128;212835;212954
8143;930000;J2175;217528;217610
8144;930000;J2176;217663;217748
8145;930000;J2231;223156;223214
8146;930000;J2233;223381;223462
8147;930000;J2235;223584;223662
8148;930000;J2242;224293;224370
8149;930000;J2242A;224293;224366
8150;930000;J2244;224411;224515
8151;930000;J2244A;224436;224518
8152;930000;J2246;224644;224726
8153;930000;J2247;224766;224847
8154;930000;J2248;224810;224936
8155;930000;J2310;231077;231158
8156;930000;J2312;231205;231286
8157;930000;J2396;239644;239777
8158;930000;J2403;240348;240439
8159;930000;J2481;248167;248249
8160;930000;J2487;248784;248864
8161;930000;J2490;249098;249180
8162;930000;J2571;257154;257236
8163;930000;K;223347;224265
8164;930000;Z;66590;66886
8165;930000;Z;224233;224343
8166;935000;2BIS;823362;824943
8167;935000;J8093;809320;809371
8168;935000;J8102;810206;810335
8169;935000;J8248;824843;824924
8170;935000;J8246;824627;824727
8171;935000;J8261;826145;826229
8172;935000;J8347;834762;834803
8173;935000;J8393;839222;839284
8174;935000;J8397;839783;839830
8175;935901;J0008;840;900
8176;935901;SU;4842;5460
8177;935902;J0046;4666;4747
8178;935902;J0102;10210;10269
8179;942000;EVIT;9742;10405
8180;943000;3;4553;4703
8181;945000;EVIT;8709;9362
8182;945000;EVIT;23127;24039
8183;945000;J0002;266;357
8184;945000;J0003;376;418
8185;945000;J0019;1999;2060
8186;945000;J0020;2088;2141
8187;946000;B;77348;78315
8188;946000;C;77408;78273
8189;946000;E1;41572;42464
8190;946000;E2;49936;50623
8191;946000;E3;57505;58337
8192;946000;E4;70184;71055
8193;947000;E;23352;23947
8194;947000;E;41957;42586
8195;947000;E;70471;71095
8196;948000;EVIT;9450;10016
8197;95000;1B;21920;22945
8198;95000;2B;22025;23217
8199;95000;J0010;1024;1154
8200;95000;J0218;21831;21877
8201;95000;J0229;22995;23055
8202;95000;J0420;42075;42196
8203;95000;J0423;42373;42433
8204;955000;J0285;28490;28550
8205;955000;J0285B;28556;28660
8206;955000;J0285A;28556;28750
8207;957000;J0086;8690;8740
8208;957000;J0106;10609;10640
8209;957000;J0127;12730;12795
8210;957316;M;77027;77826
8211;958000;2BA;0;1218
8212;958000;J0012;1236;1322
8213;958000;J0033;3338;3401
8214;958000;J0034;3455;3518
8215;958000;J0038A;3825;3873
8216;962000;J0033;3362;3442
8217;962000;J0048;4807;4894
8218;962000;J0049;4927;5048
8219;962000;J0049A;4927;5048
8220;962000;J0072;7220;7308
8221;962000;J0073;7312;7386
8222;962000;J0074A;7400;7520
8223;962000;J0074;7424;7509
8224;962000;J0117;11767;11851
8225;962000;J0117A;11767;11851
8226;962000;J0139;13945;14027
8227;962000;J0144;14470;14500
8228;962000;J0152;15270;15352
8229;962000;J0205;20543;20669
8230;962000;J0206;20671;20730
8231;962000;CHM;4372;4865
8232;963000;J0052;5200;5250
8233;963000;J0056;5658;5698
8234;963000;J0057;5713;5753
8235;967300;J0101;10174;10239
8236;967300;J0116;11627;11692
8237;968301;J0000;80;90
8238;973000;J0003;370;520
8239;973000;3;52;307
8240;973000;4;51;430
8241;973000;A;13658;14199
8242;973000;B;13673;14168
8243;973000;C;10308;11340
8244;973000;C;12611;13673
8245;973000;3;7830;8682
8246;973000;4;8019;8642
8247;973000;J0002;250;307
8248;973000;J0002A;261;357
8249;973000;J0002B;282;337
8250;973000;J0020;2045;2256
8251;973000;J0047;4778;4826
8252;973000;J0047A;4792;4838
8253;973000;J0054;5489;5536
8254;973000;J0055;5515;5622
8255;973000;J0055A;5547;5633
8256;973000;J0081;8107;8215
8257;973000;J0085;8518;8600
8258;973000;J0085A;8518;8600
8259;973000;J0136;13691;13805
8260;973000;J0168;16813;16895
8261;973000;J0170;17055;17185
8262;973000;J0207;20750;20831
8263;973000;J0208;20837;20922
8264;973000;J0224;22491;22518
8265;973000;J0225;22518;22597
8266;973000;J0077;7728;7820
8267;973000;J0108;10841;10925
8268;973000;J0112;11203;11339
8269;973000;J0125;12555;12741
8270;973000;J0135;13537;13673
8271;973000;J0137;13780;13872
8272;973000;J0137A;13784;13872
8273;973000;J0140;14097;14155
8274;973000;J0081A;8110;8169
8275;973000;T2;5407;5905
8276;973306;J0002;216;274
8277;973306;J0004;420;450
8278;974000;E;16481;16920
8279;974000;T;25687;25999
8280;974000;J0163;16338;16418
8281;974000;J0261;26108;26165
8282;974000;J0164;16458;16574
8283;974000;J0295;29582;29666
8284;974000;J0171;17196;17317
8285;974000;J0256;25692;25780
8286;975000;6;49;417
8287;975000;8;45;300
8288;975000;NU;10059;10399
8289;975000;J0002;250;300
8290;975000;J0003;302;352
8291;975000;J0003B;327;416
8292;975000;J0004;469;535
8293;975000;J0004A;488;590
8294;975000;J0019;1988;2045
8295;975000;J0042;4271;4363
8296;975000;J0043;4367;4442
8297;975000;J0048;4826;4871
8298;975000;J0048A;4838;4885
8299;975000;J0053;5364;5489
8300;975000;J0053A;5368;5474
8301;975000;J0054;5478;5562
8302;975000;J0076;7644;7726
8303;975000;J0076A;7644;7726
8304;975000;J0077;7731;7811
8305;975000;J0084;8476;8579
8306;975000;J0098;9833;9912
8307;975000;J 0083;8306;8360
8308;975000;J0086;8617;8738
8309;975000;J0005;596;687
8310;975000;J0006;643;688
8311;975000;J0100;10067;10166
8312;975000;T3;5485;5861
8313;977000;3;13037;13682
8314;977000;3IN;-112;350
8315;977000;4;13189;13647
8316;977000;4IN;-112;335
8317;977000;A;4668;5022
8318;977000;GCM;1783;2302
8319;977000;J0004;440;525
8320;977000;J0004A;440;525
8321;977000;J0017;1767;1868
8322;977000;J0023;2369;2456
8323;977000;J0023A;2369;2456
8324;977000;J0040;4009;4091
8325;977000;J0046;4681;4761
8326;977000;J0049;4997;5128
8327;977000;J0084;8427;8509
8328;977000;J0085;8510;8596
8329;977000;J0130;13072;13159
8330;977000;J0131;13175;13282
8331;977000;J0137;13714;13795
8332;977000;J0171;17194;17279
8333;977000;J0171A;17194;17279
8334;977000;Q1;17307;17611
8335;977000;Q4;17312;17611
8336;978300;J0198;19891;19970
8337;978300;J0199;19978;20060
8338;979000;J0016;1628;1714
8339;979000;J0016A;1628;1714
8340;979000;J0017;1750;1831
8341;979000;J0018;1850;1932
8342;981000;3GS;4840;5236
8343;981000;41;0;511
8344;981000;42;0;511
8345;981000;43;0;511
8346;981000;44;0;511
8347;981000;4GS;4900;5236
8348;981000;J0001;164;254
8349;981000;J0001A;164;254
8350;981000;J0005;536;624
8351;981000;J0005A;536;624
8352;981000;J0049;4943;5003
8353;981000;J0050;5006;5068
8354;983000;J00D0;-15;70
8355;983000;J00D0A;-15;70
8356;984000;3QO;691;1111
8357;984000;4QO;757;1150
8358;984000;J00E0;1044;1094
8359;984000;J00E2;1202;1288
8360;984000;J00H0;4057;4138
8361;984000;J00H1;4139;4223
8362;985000;4;12934;13493
8363;985000;6;13140;13516
8364;985000;DM;17200;17319
8365;985000;J0111;11108;11304
8366;985000;J0115;11553;11640
8367;985000;J0128;12827;12910
8368;985000;J0135;13543;13606
8369;985000;J0136;13680;13946
8370;985000;J0140;14070;14158
8371;985000;J0159;15988;16054
8372;985000;J0160;16058;16133
8373;985000;J0164A;16403;16458
8374;985000;J0164;16402;16597
8375;985000;J0172;17200;17248
8376;985000;J0195;19508;19546
8377;985000;J0200;20092;20140
8378;985000;J0232;23213;23406
8379;985000;J0252;25212;25294
8380;985000;Z;15971;16535
8381;990000;20;80377;81445
8382;990000;3T;105603;106708
8383;990000;3V;80395;81446
8384;990000;4T;105381;106134
8385;990000;CCIRC;81331;81957
8386;990000;J;0;272
8387;990000;J;120594;120754
8390;990000;J0185;18590;18672
8391;990000;J0187;18737;18818
8392;990000;J0507;50756;50835
8393;990000;J0562;56230;56299
8394;990000;J0570;57010;57110
8395;990000;J0572;57250;57310
8396;990000;J0573;57350;57450
8397;990000;J0574;57475;57500
8398;990000;J0575;57560;57727
8399;990000;J0575A;57560;57727
8400;990000;J0592;59262;59360
8401;990000;J0597;59788;59823
8402;990000;J0602;60248;60292
8403;990000;J0610;61075;61131
8404;990000;J0611;61178;61210
8405;990000;J0618;61876;61906
8406;990000;J0711;71140;71180
8407;990000;J0768;76888;76961
8408;990000;J0768A;76888;76961
8409;990000;J0775;77580;77661
8410;990000;J0776;77667;77744
8411;990000;J0778;77836;77897
8412;990000;J0802;80282;80377
8413;990000;J0802A;80294;80329
8414;990000;J0815;81523;81605
8415;990000;J0817;81754;81836
8416;990000;J0818;81892;81973
8417;990000;J0838;83806;83930
8418;990000;J0842;84200;84370
8419;990000;J0844;84396;84474
8420;990000;J0844A;84470;84539
8421;990000;J0844B;84496;84552
8422;990000;J0845;84525;84584
8423;990000;J0861;86180;86262
8424;990000;J1013;101312;101344
8425;990000;J1040;104034;104079
8426;990000;J1055;105510;105585
8427;990000;J1150;115060;115120
8428;990000;J1201;120130;120212
8429;990000;J1206;120605;120687
8430;990000;TIR;84478;85175
8431;990306;J0201;20126;20209
8432;990316;ARACCV;11646;12036
8433;990316;J0119;11973;12052
8434;990316;J0803;80341;80379
8435;990316;J0814;81406;81485
8436;990316;J0814B;81499;81554
8437;990316;J0814A;81474;81554
8438;990316;J0815;81572;81657
8439;990316;J0816;81691;81771
8440;990316;J0817;81781;81862
8441;990316;J0818;81832;81911
8442;990321;J0825;82532;82685
8443;990331;OJ;6080;6440
8445;834310;VR2N;0;3300
8446;752000;3;494611;496602
8447;752000;3;624462;625862
8448;752000;3;657221;658249
8449;752000;3;698469;699810
8450;752000;4;494611;496572
8451;752000;4;556372;557399
8452;752000;4;595526;596553
8453;752000;4;624462;625862
8454;752352;UNIQUE;0;2106
8455;752354;VR1B;0;3100
8456;752356;VR2L;0;1614
8457;752358;UNIQUE;0;702
8458;834000;V1M;0;29610
8459;834000;V2M;1022;29610
8460;834100;VR1M;0;5325
8461;834100;VR2M;0;5136
8462;70000;J2064;206400;206560
8463;70000;J2056;205590;205670
8464;70000;J2057;205785;205864
8465;32000;2BIS;112755;114011
8466;32000;J1127;112755;112780
8467;32000;J1128;112825;112850
8468;32000;1BIS;112780;114011
8469;32000;J1130;113695;113756
8470;70000;J3248;324840;324970
8471;70336;V1R;340664;343274
8472;70336;V2R;340701;343274
8473;70000;J3456;345621;345698
8474;70000;J3457;345715;345790
8475;70000;J1720;172016;172045
8476;70000;4;352065;352790
8477;70000;J3552C;355280;355342
8478;70000;J3705;370500;370563
8479;70000;1M22M2;372960;373515
8480;70000;J3731;373165;373245
8481;70000;J3736A;373645;373701
8482;70000;J3736B;373696;373840
8483;70000;J3748A;374840;375160
8484;70000;J3736;373594;373640
8485;70000;J3746A;374648;374700
8486;70000;J3748;374875;375052
8487;70000;J3750A;375052;375090
8488;70000;J3751;375160;375269
8489;70000;J3754;375490;375514
8490;70000;J3755A;375580;375625
8491;70000;J3755;375575;375594
8492;70000;J3755B;375594;375625
8493;70000;J3756B;375626;375660
8494;70000;J3756C;375668;375830
8495;70000;J3756D;375687;375773
8496;70000;J3756A;375626;375668
8497;70000;J3757;375705;375773
8498;70000;J3757A;375755;375820
8499;70000;J3849;384945;384995
8500;70000;J3860;386003;386104
8501;70000;J1719B;171946;172016
8502;70000;J3746B;374657;374755
8503;70000;J2369A;236974;237090
8504;1000;J3071A;307132;307234
8505;1000;J3071;307118;307334
8506;1000;J3078B;307850;307912
8507;26000;J0482;48265;48386
8508;26000;J0483;48320;48386
8509;26000;J0493;49317;49386
8510;32000;J0312;31260;31387
8511;32000;J0702;70270;70325
8512;32000;J0703A;70352;70396
8513;32000;J0946;94675;94720
8514;85000;J3166;316645;316734
8515;89000;J3053;305350;305495
8516;89000;J3327A;332724;332795
8517;89000;J3387;338704;338920
8518;89000;J3386;338745;338900
8519;90000;J3513A;351319;351385
8520;90000;J3617A;361740;361780
8521;90000;J3616;361650;361715
8522;90000;J3727C;372770;372801
8523;90000;J3727D;372801;372850
8524;95000;J0218A;21877;21920
8525;95000;J0664A;66440;66513
8526;838000;J3058;305836;305959
8527;843000;20;346542;347627
8528;1000;J3078C;307860;307932
8529;843000;J3679A;367974;368086
8530;843000;J3882;388288;388360
8531;843000;J3883A;388370;388444
8532;843000;J3883;388350;388430
8533;843000;J3894;389480;389549
8534;843000;J3895;389542;389677
8535;843000;J3904;390400;390424
8536;844300;V1R;389369;390534
8537;844300;V2R;389305;390534
8538;140000;J1309;130981;131082
8539;192000;J1524;152450;152505
8540;192000;J1535B;153530;153585
8541;192000;J1536;153610;153660
8542;140000;J1537A;153610;153679
8543;180000;J1544A;154480;154520
8544;180000;J1545;154520;154560
8545;180000;J1621;162115;162190
8546;180000;J1828;182820;182850
8547;89000;J3503A;350363;350415
8548;89000;J3515A;351510;351550
8549;89000;J3529A;353050;353085
8550;89000;J3531;353130;353175
8551;180000;2;154320;154505
8552;180000;J1545D;154620;154690
8553;140000;6;153910;154320
8554;180000;8;154320;154480
8555;192000;J1534;153405;153498
8556;192000;J1535C;153530;153660
8557;180000;J1545A;154560;154606
8558;180000;J1609;160995;161090
8559;180000;J1619;161940;162095
8560;180000;J1621A;162180;162220
8561;180000;J1838C;183885;183945
8562;180000;J1873;187340;187477
8563;85000;J3442;344200;344295
8564;89000;J3502;350260;350361
8565;89000;J3515B;351726;351775
8566;89000;J3529B;353085;353130
8567;89000;J3531A;353175;353290
8568;180000;3;154320;154520
8569;180000;6;154320;154491
8570;140000;7;153910;154320
8571;140000;8;153900;154320
8572;180000;9;154320;154480
8573;198300;J0034;3400;3460
8574;192000;J1523;152359;152398
8575;192000;J1532;153206;153252
8576;192000;J1534A;153498;153530
8577;180000;J1544;154491;154520
8578;180000;J1545C;154623;154680
8579;180000;J1545B;154560;154700
8580;180000;J1653;165300;165345
8581;180000;J1827A;182755;182820
8582;180000;J1838B;183855;183885
8583;89000;J3503;350360;350435
8584;89000;J3514;351435;351510
8585;89000;J3529C;353130;353175
8586;180000;1;154320;154623
8587;180000;7;154320;154620
8588;140000;9;153900;154320
8589;70000;J2377;237732;237812
8590;70000;J1719A;171952;172016
8591;70000;J1720A;172016;172064
8592;32000;J0118;11864;11925
8593;70000;J1872;187205;187213
8594;272306;DE/RE;1530;2066
8595;335303;1A;22220;23913
8596;335304;2A;22295;23379
8597;366306;V1;57727;59045
8598;366306;V2;57840;59045
8599;830361;UNIQUE;809592;811164
8600;877300;UNIQUE;32804;32891
8601;939001;J8527;852765;852872
8602;939001;J8563;856351;856443
8603;939001;V1;851699;861536
8604;939001;V2;851699;858492
8605;956306;M;75814;77027
8606;957306;R1;4143;4280
8607;957306;R2;4143;4280
8608;957311;R1;4305;4470
8609;957311;R2;4305;4483
8610;939001;J8565;856519;856602
8611;1000;J0084A;8470;8665
8612;1000;J3612;361218;361280
8613;1000;MAL;5180;5410
8614;42000;B;50606;51232
8616;81000;J1855;185507;185613
8617;81000;J1867;186792;187001
8618;146000;J0237;23737;23818
8619;159000;J0002;232;306
8620;203000;1T;243565;243970
8621;216000;J0312;31213;31351
8622;267000;J0060;6035;6117
8623;272000;J1273A;127306;127380
8624;301000;IMP ME;304375;304455
8625;302536;J3123;312320;312380
8626;325000;J0117;11734;11795
8627;330000;J0138A;13813;13893
8628;330000;J0205;20583;20668
8629;340000;J1349;134944;135032
8630;350000;A;199509;200010
8631;350000;B;199509;200010
8632;350000;C;199674;200010
8633;350000;D;199722;200010
8634;350000;J1998;199887;199978
8635;415000;B;74921;75577
8636;420000;1BIS;275428;276530
8637;420000;2BIS;258790;260031
8638;420000;2BIS;86789;87376
8639;420000;A;246140;247050
8640;420000;J1913;191300;191510
8641;420000;J1918;191872;192100
8642;420000;J2768;276887;277019
8643;420000;J2991;299122;299254
8644;430000;C;142080;143165
8645;441000;A;430813;431514
8646;130000;1;14112;14537
8647;130000;1;19327;19656
8648;130000;3;31753;32133
8649;930000;B;239640;240432
8650;441000;J4028;402884;402966
8651;441000;J4305A;430558;430642
8652;441000;J4315;431552;431639
8653;470000;I;684855;685047
8654;515000;J3580;358072;358157
8655;525000;J0002;220;312
8656;530000;J0063;6392;6475
8657;530000;J0065;6583;6664
8658;570000;A;1475;2078
8659;570000;F;1476;2140
8662;600000;EVIT;200927;201116
8663;600000;EVIT;207100;207310
8664;600000;EVIT;234600;234800
8665;655000;J0036;3619;3750
8666;655000;J0037;3768;3898
8667;655000;J0127;12759;12841
8668;669000;19;62207;62561
8669;669000;B;9612;9830
8670;669000;B;19627;19829
8671;669000;B;27714;27970
8672;669000;B;34804;35015
8673;669000;B;44535;44750
8674;669000;B;55535;55787
8675;676000;B;373136;373635
8676;676000;B;401421;401821
8677;745000;4;32225;32943
8678;752000;4;698469;699810
8679;753000;D;173928;174350
8680;753000;J1739;173958;174077
8681;753306;VARACC;14;999
8682;753306;VBRACC;0;271
8683;790000;B;586509;587274
8684;805000;A;755809;756648
8685;810000;1RS;0;261
8686;810000;2RS;0;261
8687;810000;FF;76861;77576
8688;819000;2;38948;39566
8689;819000;E;44689;45300
8690;830000;3;313775;314197
8691;830000;FCIRC;859448;861703
8692;830000;J0434;43457;43599
8693;830000;J0436;43666;43750
8694;830000;J1114A;111403;111554
8695;830000;J3148A;314802;314883
8696;830000;J3175;317576;317795
8697;830000;J3504;350421;350479
8698;830000;N;861726;862070
8699;830000;SC;731415;731547
8700;830356;J0005;538;664
8701;830900;1BCI;3438;3905
8702;830900;2BCI;3117;3705
8703;830900;2CI;0;2640
8704;830900;ACI;3062;6087
8705;830900;J0031;3187;3250
8706;830900;J0031A;3120;3185
8707;830900;J0032;3213;3281
8708;830900;V2TER;3022;4790
8709;847000;EVIT;36432;37295
8710;847000;EVIT;51488;51965
8711;886000;EVIT;51138;52072
8712;958000;J0038;3825;3873
8713;958000;B;3298;3899
8714;958000;J0077;7759;7805
8715;959300;VR1;0;1720
8716;959300;VR2;0;1856
8717;272000;J0053;5365;5446
8718;272000;J0031A;3170;3289
8719;272000;SAS T;127306;127430
8720;272000;VMD;3740;4512
8721;272000;A;127430;127915
8722;70908;J0050;5014;5070
8723;722000;1;652596;653124
8724;782000;EVIT;18607;19002
8725;830000;E;616812;617468
8726;991300;V1GC;0;1635
8727;991300;V2GC;0;1304
8728;311000;SAS O;130530;130675
8729;325000;UNIQUE;0;2400
8730;325000;5;0;175
8731;325000;A;0;110
8732;838000;UNIQUE;306047;350514
8733;838000;B;305703;305836
8734;838000;A;305119;305557
8735;838000;A;305703;305836
8736;752000;J4942;494224;494510
8737;752000;J4966;496698;496998
8738;752000;J5163;516358;516658
8739;752000;J5167;516754;517054
8740;752000;J5410;541076;541376
8741;752000;J5414;541472;541772
8742;752000;J5558;555828;556128
8743;752000;J5576;557643;557943
8744;752000;J5770;577094;577393
8745;752000;J5779;577911;578210
8746;752000;J5815;581544;581671
8747;752000;J5950;595042;595342
8748;752000;J5966;596665;596965
8749;752000;J6130;613004;613304
8750;752000;J6134;613400;613700
8751;752000;J6240;624075;624375
8752;752000;J6281;628175;628475
8753;752000;J6435;643592;643892
8754;752000;J6440;644074;644374
8755;752000;J6567;656737;657037
8756;752000;J6583;658361;658661
8757;752000;J6750;675015;675315
8758;752000;J6754;675411;675711
8759;752000;J6980;698082;698382
8760;752000;J6998;699898;700197
8761;930000;A;171874;172875
8762;431000;3;67019;67983
8763;431000;3;113576;114540
8764;431000;3;161488;162629
8765;752000;3;273213;274347
8766;752000;3;333206;334807
8767;752000;4;273213;274347
8768;752000;4;333206;335149
8769;752000;3T;333354;333842
8770;752000;5T;334296;334788
8771;752000;3;138791;139986
8772;752000;3;48980;50152
8773;752000;4;92368;93548
8774;752000;4;202288;203487
8775;752000;5;138776;138935
8776;752000;7;139842;140028
8777;226000;3;110175;111469
8778;677306;UNIQUE;403890;404000
8779;284000;V1;0;1135
8780;284000;V2;0;1135
8781;648000;C;9327;11178
8782;648000;A;12678;16825
8783;365502;UNIQUE;0;2300
8784;810000;EE;76781;77463
8785;830000;C;510631;511153
8786;893000;H;507060;508238
8787;893000;I;507155;507980
8788;893000;J;506947;508125
8789;115000;5;0;345
8790;115000;7;0;425
8791;115000;6;0;340
8792;790305;RACCO;0;613
8793;810000;C;26849;27483
8794;590000;J;400845;401515
8795;139300;C;499170;499980
8796;570000;J2338;233820;233880
8797;525000;UNIQUE;240489;241220
8798;226321;R1N;0;2612
8799;226321;R2N;0;2595
8800;226320;R1S;0;4942
8801;226320;R2S;0;3807
8802;5000;V1;0;405815
8803;5000;V2;0;406015
8804;5000;J0450;45018;45305
8805;5000;J0454;45405;45692
8806;5000;J0709;70987;71274
8807;5000;J0724;72480;72766
8808;5000;J0898;89833;90120
8809;5000;J0902;90220;90507
8810;5000;J1112;111216;111503
8811;5000;J1402;140286;140573
8812;5000;J1406;140673;140960
8813;5000;J1654;165410;165696
8814;5000;J1669;166902;167189
8815;5000;J1880;188014;188300
8816;5000;J1884;188401;188687
8817;5000;J2125;212537;212823
8818;5000;J2143;214365;214652
8819;5000;J2351;235106;235393
8820;5000;J2631;263100;263387
8821;5000;J2634;263487;263774
8822;72311;RM;0;1215
8823;570000;J2333;233250;233310
8824;5000;3;71383;72370
8825;5000;3;90400;91025
8826;570000;J2333A;233330;233410
8827;5000;3;112991;114332
8828;5000;4;112991;114332
8829;5000;J1144;114433;114719
8830;5000;3;165806;166792
8831;5000;3;212924;214265
8832;5000;4;212924;214265
8833;5000;4;234254;234825
8834;301000;V1BIS;210620;211789
8835;301000;V2BIS;210620;211784
8836;5000;J1132;113243;113337
8837;5000;J2131;213175;213269
8838;5000;J2347;234719;235006
8839;5340;R1;0;3631
8840;5340;R2;0;2432
8841;5341;R1;0;1708
8842;5341;R2;0;3320
8843;656000;J3001;300102;300165
8844;640000;J0963;96342;96424
8845;590000;J4213;421395;421480
8846;570000;J3368;336896;336957
8847;570000;J4014;401418;401610
8848;570000;J4195;419557;419747
8849;570000;J4481;448110;448193
8850;570000;J4487;448770;448870
8851;570000;J5012;501260;501451
8852;570000;J5014;501487;501678
8853;570000;J5466;546688;546769
8854;640000;J1875A;187586;187648
8855;415000;EVIT;182758;183322
8856;441000;J4532;453224;453318
8857;441000;J4533;453319;453390
8858;441000;J4536;453672;453744
8859;650000;J1034A;103405;103468
8860;650000;J1762;176271;176370
8861;648000;C;16336;16630
8862;648000;J0161;16152;16234
8863;590000;5;160228;161178
8864;590000;6;158965;159875
8865;590000;J1613;161339;161421
8866;648000;D;9370;9835
8867;466000;EVIT;0;145
8868;470000;J6200;620050;620160
8869;470000;J6191;619172;619235
8870;115000;C;42757;43960
8871;115000;J0434;43460;43600
8872;115000;J0429;42925;43010
8873;640000;J0014B;1449;1500
8874;524000;4;0;110
8875;590000;J1396;139655;139738
8876;590000;J1397;139782;139865
8877;590000;J1774;177403;177484
8878;590000;J1775;177539;177620
8879;713000;J4960;496068;496142
8880;655000;5;147478;147651
8881;830000;J3145B;314567;314631
8882;860000;J3533;353382;353444
8883;860000;J3548;354845;354900
8884;868000;EVIT;356995;357782
8885;852000;18;405530;405685
8886;830000;J2425;242572;242628
8887;655000;3;13152;13707
8888;655000;4;38892;39312
8889;640000;J1073;107360;107446
8890;621000;V1;75667;86593
8891;621000;V2;75107;86593
8892;838000;EVIT;335875;336280
8893;544000;J0370;37067;37124
8894;500000;E;434068;434460
8895;760000;J1258;125877;125932
8896;760000;J1337;133760;133806
8897;570000;J3320;332069;332130
8898;769000;J0998;99890;99950
8899;570000;J3356;335610;335675
8900;769000;J0942;94215;94280
8901;769000;J0796;79669;79726
8902;770000;5;36470;37070
8903;770000;J0366;36676;36734
8904;770000;J0552;55253;55318
8905;770000;J0558;55879;55963
8906;850000;J3457;345715;345775
8907;850000;J3862;386250;386330
8908;850000;J4162;416215;416302
8909;850000;J4162A;416297;416355
8910;850000;J4370;437013;437056
8911;878000;J0731;73187;73233
8912;852000;J3881;388134;388198
8913;852000;J4246;426643;426701
8914;852000;J4377;437801;437851
8915;852000;J4381;438154;438234
8916;852000;J4144;414409;414469
8917;570000;M6;116120;116950
8918;590000;J1981;198104;198187
8919;590000;J1982;198249;198332
8920;593000;J2003;200358;200415
8921;570000;J2282;228236;228337
8922;593000;J3038;303807;303884
8923;570000;J2311;231135;231255
8924;570000;J2312;231262;231419
8925;600000;EVIT;187730;188954
8926;600000;EVIT;190570;190790
8927;145000;J0212;21234;21380
8928;420000;J3737C;373725;373780
8929;672000;B;12218;13141
8930;672000;2;132870;133330
8931;640000;J2566A;256646;256717
8932;650000;J0204;20417;20501
8933;650000;4;20524;21169
8934;702000;5;428390;428892
8935;590000;J4007;400700;400790
8936;590000;J;500050;500222
8937;590000;J4985;498526;498712
8938;530000;J0264;26475;26537
8939;530000;4;6495;6905
8940;420000;J3212;321210;321270
8941;420000;J2889;288911;288990
8942;420000;J2766;276610;276738
8943;420000;J2690;269030;269105
8944;563300;T3;234622;235061
8945;500000;3;369860;370509
8946;420000;J2582;258230;258315
8947;420000;J2573;257392;257472
8948;519000;EVIT;435750;436315
8949;420306;J2087;208752;209880
8950;457000;1;391251;392038
8951;515000;J4304;430451;430665
8952;514300;J0040;4058;4121
8953;515000;J4282A;428217;428305
8954;514300;J0049;4987;5045
8955;430000;J0195;19560;19624
8956;261000;J0715;71597;71678
8957;246300;RAC;71719;73080
8958;1000;J0011B;1159;1281
8959;1000;C;1507;2121
8960;1000;J0071A;7115;7205
8961;242000;J1342A;134288;134392
8962;415000;2;17693;18770
8963;330000;J1155;115522;115555
8964;321000;J0716;71641;71890
8965;321000;3;88419;89435
8966;321000;V1;114600;115420
8967;321000;V2;114600;115420
8968;340000;2S;202009;202268
8969;340000;1S;202086;202279
8970;311000;3;125535;126200
8971;311000;4;125535;126246
8972;272000;J1260;126200;126262
8973;261000;J0023A;2376;2640
8974;261000;J0024;2445;2460
8975;500000;UNIQUE;217440;232700
8976;530000;8;75850;76280
8977;530000;6;75670;76439
8978;272000;S;127915;129020
8979;272000;T;127915;128740
8980;261000;U;4820;5520
8981;261000;V;4820;5576
8982;272000;J1285;128500;128613
8983;261000;SR;3700;4480
8984;272000;J1285A;128500;128613
8985;1000;B;88000;88365
8986;525000;UNIQUE;-19;35614
8987;525000;UNIQUE;152250;245571
8988;500000;UNIQUE;277450;327067
8989;5345;RH;0;4497
8990;172000;J0060;6031;6239
8991;180000;J1880;188089;188174
8993;261000;SM;1184;4100
8994;261000;CIC;2597;3842
8995;261000;J0037;3751;3900
8996;272000;J1282;128200;128300
8997;261000;J0387;38780;38850
8998;159000;J0038A;3875;3990
8999;163000;A;0;285
9000;163000;B;0;285
9001;159000;J1209A;120980;121020
9002;238000;VE;200570;201130
9003;203000;1;243970;244700
9004;203000;2;244020;244700
9005;202000;J2478;247820;247952
9006;5000;J0000;14;243
9007;1000;J0108A;10891;11060
9008;1000;J0032;3233;3315
9009;1000;J0032A;3236;3319
9010;556000;UNIQUE;801;25497
9012;229000;J0117A;11734;11886
9013;248000;UNIQUE;84430;86300
9014;420000;1C;28100;29920
9015;420000;2C;28100;30165
9016;420000;J0290;29048;29208
9017;420000;J0286A;28662;28906
9018;958000;J0002;268;315
9019;958000;J0002A;268;315
9020;140000;J0701;70163;70246
9021;140000;J0703;70388;70469
9022;70000;2BA;9935;10248
9023;420000;J0216;21655;21756
9024;420000;J0215;21539;21653
9025;990306;J0024;2455;2582
9026;72000;J0592;59242;59303
9027;70000;J2876;287618;287693
9028;88000;UNIQUE;1050;53852
9029;85000;J2761;276188;276230
9030;852000;J4725;472500;472540
9031;420000;J0172;17207;17288
9032;420000;J0149B;14938;15165
9033;340000;J0 557;55700;56025
9034;553000;J0043;4315;4386
9035;553000;J0043A;4336;4418
9036;990000;J0136;13658;13789
9037;990000;J0106;10660;10742
9038;990000;J0107;10772;10854
9039;42000;J0496;49607;49669
9040;42000;J0504;50498;50580
9041;42000;J0513;51310;51386
9042;42000;J0516;51656;51739
9043;42000;5;80011;80623
9044;60000;J0117;11700;11779
9045;745000;16;20815;21451
9046;145000;J0006;600;660
9047;110000;12;0;270
9048;110000;13;0;215
9049;115000;J0002;230;305
9050;110000;J0004A;430;485
9051;570000;23;207;288
9052;115000;J0002A;285;355
9057;570000;ST;641;748
9058;570000;MVI;825;1573
9059;330000;J0345;34548;34625
9060;110000;J0005;511;595
9061;115000;J0006;640;728
9062;570000;M3;904;2185
9071;110311;J0008;848;895
9074;141000;V1N;4210;6505
9075;141000;V2N;4210;6505
9076;570000;1;214;690
9077;570000;3;202;859
9079;85000;C;316566;317623
9080;338000;J0222;22240;22350
9081;145000;J0100;10000;10060
9082;338000;J0201;20130;20160
9085;340000;J0130;13051;13205
9086;396000;J0507;50764;50848
9087;204000;V1M;144577;148056
9088;204000;V2M;144552;148056
9089;334000;J0083;8366;8503
9090;204000;J2277;227719;227802
9091;204000;J2278;227882;227962
9092;431000;7;114386;115095
9093;334900;CLE;9674;10195
9094;334900;J0100;10062;10159
9095;334900;J0136;13652;13734
9096;334900;J0137;13752;13834
9097;429000;7;149764;150470
9098;429000;E;148810;149108
9099;429000;S;148880;148954
9100;395000;TIROIR;31674;31942
9101;395000;J0336;33687;33769
9102;396000;J0337;33718;33804
9103;334000;J0003D;366;415
9104;204000;J2531;253129;253813
9105;990000;J0419;41930;41998
9106;905000;J3070;307026;307125
9107;830000;J6910;691076;691206
9108;5000;J0177;17712;17998
9109;5000;4;18108;19095
9110;5000;J0192;19204;19491
9111;830000;J6935;693580;693787
9112;5315;RR1;0;3570
9113;5315;RR2;0;2947
9114;5315;J0017;1721;1925
9115;5329;R1C;0;1992
9116;5330;R2C;0;1242
9117;5000;J2139;213919;214100
9118;5000;J2802;280266;280553
9119;5000;3;280653;281994
9120;5000;4;280653;281994
9121;5000;J2820;282095;282381
9122;5000;J2809;280905;280999
9123;5000;J2816;281649;281743
9126;5343;R2B;0;5196
9127;5343;R1B;0;4302
9128;140000;J1236;123602;123810
9129;140000;J1242;124272;124480
9130;180000;J1861;186165;186338
9131;180000;J1864;186458;186590
9132;32000;J0313A;31385;31450
9133;830000;J8105;810539;810619
9134;830000;J8075;807535;807585
9135;70000;J3443;344376;344682
9136;70000;J3443A;344376;344709
9137;830000;J8075A;807547;807612
9138;830000;J8076;807629;807680
9139;830000;J8079;807945;808025
9140;925000;J0671;67190;67229
9141;925000;J0680;68020;68104
9142;830000;J8088;808850;808933
9143;830000;J8088A;808888;808947
9144;925000;J0682;68200;68236
9145;70000;J3447;344767;344960
9146;70000;J3449;344927;345137
9147;752000;J7107;710777;711101
9148;168000;UNIQUE;27546;32950
9149;830000;J8561;856121;856162
9150;70000;J3454;345432;345494
9151;70000;J3455;345512;345591
9152;830000;J8521;852160;852249
9153;830000;J8525;852560;852660
9154;930000;SD;135612;135958
9155;905000;E;374806;375434
9156;810000;J0002;262;317
9157;810000;J0003;348;429
9158;936300;J8604;860403;860465
9159;936300;J8614;861444;861556
9160;830000;J8594;859494;859625
9161;830000;J8596;859633;859714
9162;830000;J8597;859750;859889
9163;830000;J8599;859907;859988
9164;830000;J8600;860018;860127
9165;830000;J8601;860141;860247
9166;830000;J8602;860207;860350
9167;830000;J8608;860876;860955
9168;930000;J1898;189859;189920
9169;830000;J8609;860908;860985
9170;830000;J8609A;860929;861024
9171;830000;J8609B;860986;861066
9172;830000;J8610;861068;861125
9173;930000;J0010;1034;1121
9174;930000;J0010A;1061;1141
9175;930000;J0009;903;987
9176;830000;4GENE;439710;440485
9177;830000;J4398;439896;439940
9178;830000;J8612;861222;861304
9179;830000;J8612A;861222;861304
9180;930000;J0008;884;983
9181;930000;J0006;640;695
9182;930000;J0004;459;529
9183;930000;J0005;563;598
9184;830000;J8614B;861492;861628
9185;830000;J8615;861549;861640
9186;830000;J8614;861455;861596
9187;830000;J8614A;861486;861622
9188;930000;Y;223761;223973
9189;930000;4;223493;223760
9190;935901;J0001;100;182
9191;925000;J0008;866;918
9192;830000;J7408;740823;740893
9193;830000;J7410;741030;741090
9194;830000;J7443;744346;744437
9195;830000;J7417A;741703;741762
9196;944000;B;11540;12025
9197;944000;B;18876;19200
9198;90000;J3595;359500;359623
9199;90000;J3677;367789;367920
9200;90000;J3681;368153;368285
9201;929300;J0018;1811;1876
9202;925000;J0020;2053;2110
9203;925000;J0023;2370;2427
9204;925000;J0033;3301;3344
9205;925000;J0443;44366;44409
9206;925000;J0337;33701;33739
9207;925000;5G;32659;33390
9208;935901;J0048;4842;5003
9209;935903;J0215;21543;21580
9210;272000;J0195;19512;19593
9211;753000;J1546;154600;154670
9212;830000;J1129A;112945;113036
9213;229000;J0096B;9627;9692
9214;330000;J0207;20715;20795
9215;330000;J0092A;9219;9299
9216;830000;J0779C;77971;78102
9217;830000;J0435;43566;43629
9218;746000;J0565;56576;56673
9219;746000;J0555;55527;55608
9220;830000;J0458;45851;45935
9221;830000;J0443A;44387;44517
9222;746000;J0570;57027;57216
9223;272000;J0648;64838;64890
9224;830000;J0139A;13973;14056
9225;329000;J0670;67010;67115
9226;830000;J0032;3252;3334
9227;830000;37CIRC;2495;2835
9228;272000;J0057;5718;5827
9229;272000;J0057A;5718;5827
9230;272000;J0054D;5485;5570
9231;272000;J0038A;3810;3845
9232;830000;J0015B;1595;1664
9233;830311;J0017;1754;1835
9234;272000;J0028A;2820;2910
9235;272000;J0028B;2825;2905
9236;226000;J0397;39769;40056
9237;226000;J0383;38334;38621
9238;226000;J0176;17634;17921
9239;226000;J0180;18021;18308
9240;272000;J0020;2050;2114
9241;272000;J0016;1695;1844
9242;226000;J0070;7011;7298
9243;226000;J0073;7398;7685
9244;226310;J0319;32062;32200
9245;272000;J0064B;6458;6539
9246;272000;J0066A;6642;6740
9247;955000;J0294;29441;29480
9248;272000;J0066B;6642;6721
9249;272000;J0065A;6525;6610
9250;330000;1;13779;14910
9251;330000;2;13779;14982
9252;272000;V1L;7806;35501
9253;272000;V2L;7892;35501
9254;750000;J0798;79080;79140
9255;1000;J0021A;2163;2284
9256;330000;J0137C;13783;13928
9257;330000;J0137A;13779;13947
9258;330000;J0137B;13779;13947
9259;1000;J0025;2582;2663
9260;1000;J0034;3429;3520
9261;1000;J0036;3626;3667
9262;1000;J0036A;3624;3685
9263;330000;J0115A;11519;11710
9264;272000;VRLN;2045;2795
9265;1000;5;4337;5092
9267;5000;7;281743;282264
9268;272000;J0003;30;60
9269;981000;V2B;511;762
9270;981000;V1B;511;762
9271;70000;3;263480;264918
9272;70000;4;263485;264735
9273;963000;PE1;3120;3440
9274;963000;PE2;3180;3300
9275;990000;J0799;79973;80116
9276;990000;J0814;81445;81515
9277;752321;VRACCN;0;1110
9278;752323;VRACCS;0;384
9279;748000;UNIQUE;152670;179733
9280;74000;J1663;166365;166575
9281;74000;J1712;171228;171310
9282;74000;V;171330;171733
9283;74000;J1715;171525;171586
9284;259000;J1937;193742;193878
9285;82000;V1BIS;1342;2813
9286;82000;V2BIS;1342;2813
9287;570000;F;546543;546832
9288;798000;J1359;135978;136059
9289;798000;J1374;137400;137462
9290;798000;J1378;137827;137872
9291;312300;J2488;248722;248803
9292;750000;J5018A;501848;501878
9293;272000;J2169;216930;217078
9294;750000;J5019A;501910;501957
9295;204000;J1406;140606;140750
9296;750000;J5056;505647;505705
9297;205000;V2;140579;142290
9298;205000;V2;142307;206670
9299;750000;CIRC;538064;538974
9300;205000;V1;140579;209272
9301;750000;V1;539021;558900
9302;750000;V2;539021;558990
9303;750000;J5387;538760;538988
9304;750000;J5387A;538782;538988
9305;5000;6;18953;19711
9308;262000;J2297;229716;229781
9309;830000;J4906;490621;490661
9310;258000;J2228;222811;222851
9311;258000;J2237;223777;223816
9312;258000;J2238;223837;223881
9313;295000;J1049;104967;105037
9314;893000;J5001;500167;500298
9315;830000;J5004;500483;500645
9316;830000;J5008;500800;500931
9319;5300;C;0;3100
9320;262000;E;251760;252186
9321;830000;J5670;567066;567100
9322;262000;3;255375;255734
9324;262000;5;255400;255564
9325;262000;2;255470;256135
9326;830000;J5703;570368;570441
9327;830000;2RACCS;571529;572208
9328;830000;1BIS;570466;572164
9329;830000;J5715A;571584;571636
9330;830000;J5717;571774;571821
9331;314000;TA2;293900;294445
9332;314000;TA3;293800;294635
9334;830000;J5992;599256;599306
9335;830000;J6152;615293;615482
9336;830000;J6166;616694;616775
9337;908000;J0017;1736;1865
9338;908000;J0018;1866;1996
9339;314000;J2917;291773;291856
9340;908000;J0090;9096;9317
9341;908000;J0094;9470;9693
9342;908000;J0100;10061;10141
9343;314000;J2906;290640;290715
9344;314000;J2890;289100;289240
9347;253000;EVIT;69725;70542
9348;905000;J0054;5436;5494
9349;905000;J0054A;5437;5495
9350;314000;J2887A;288760;288850
9351;314000;J2888;288823;288995
9352;314000;J2901;290181;290288
9353;314000;J2901A;290181;290288
9355;70000;J1407A;140790;140950
9356;314000;J2900A;290031;290190
9357;830000;J5150B;515092;515160
9358;314000;J2886;288683;288745
9359;314000;J2885;288544;288654
9360;314000;J2884;288451;288595
9361;314000;J2883;288335;288410
9362;314000;J2883A;288378;288505
9363;70000;1B;168000;171600
9364;70000;2B;168000;171600
9365;314000;J2875;287502;287652
9366;81000;1C;171000;172050
9367;81000;2C;171000;172050
9368;267000;U;47457;47945
9369;70000;J1692;169230;169300
9370;216000;J1140;114066;114289
9371;216000;J1107;110715;110989
9372;70000;J1705;170500;170540
9373;70000;J1710;171040;171085
9374;70000;J1711;171100;171135
9375;70000;J1714;171490;171530
9376;782000;B;8330;8700
9377;782000;B;0;228
9378;800000;J5348;534801;534859
9379;70000;V2(26);172745;175007
9380;70000;V1(26);172708;175007
9381;750000;J4076;407667;407722
9382;85000;V2BIS;185792;187030
9383;341306;UNIQUE;225924;226747
9384;341306;V2G;224730;225924
9385;341306;V1G;224730;225924
9386;775000;V1;95454;97210
9387;775000;V2;95451;97210
9388;775000;J1140;114064;114161
9389;797000;UNIQUE;81000;84060
9390;212000;J0140;14014;14052
9391;800311;UNIQUE;4712;5098
9392;800316;UNIQUE;4712;4999
9393;242000;J2148B;214905;215166
9394;838000;E;198270;198910
9395;838000;E;218160;218900
9396;242000;J2151;215180;215249
9397;242000;J2153;215325;215377
9398;242000;J2159;215940;215990
9399;593000;J2871;287179;287240
9400;900000;J1371;137196;137258
9401;900000;4I;137132;137580
9402;900000;J1372A;137261;137324
9403;640000;J2886;288674;288805
9404;640000;J2888;288827;288958
9405;242000;J2194A;219485;219505
9406;242000;J2265;226520;226571
9407;900000;CG;101500;101804
9408;900000;J1239;123966;124099
9409;831000;B;101921;102878
9410;831000;J1022;102268;102307
9411;5317;N;0;1536
9412;5317;7;1175;1536
9413;242000;J2337;233730;233780
9414;830000;3;510589;510794
9415;830000;5;510552;510794
9416;830000;7;510579;510794
9417;830000;J5111C;511153;511226
9418;830000;J5111D;511176;511226
9419;890605;VCIR;0;13050
9420;242000;6;237355;237535
9421;830000;J5112C;511269;511376
9422;830000;19;511036;511267
9423;830000;21;511036;511229
9424;830000;23;511036;511242
9425;830000;J5112;511219;511267
9426;830000;J5120;512068;512150
9427;830000;J5127;512710;512737
9428;830000;J5122;512289;512374
9429;830000;J5123;512300;512347
9430;893000;J5101;510166;510248
9431;892000;2A;139428;139970
9432;893000;J5097;509716;509800
9433;267000;J0021;2138;2219
9434;830000;J5123A;512365;512393
9435;830000;J5124;512429;512492
9436;273300;J0012;1279;1323
9437;273300;RV;370;1279
9438;830000;J5125A;512588;512630
9439;830000;J5126;512618;512654
9440;289000;J0029A;2971;3391
9441;880000;J5049;504972;505080
9442;880000;J5050;505033;505090
9443;269000;3;7198;7518
9444;893000;J5064;506444;506489
9445;893000;J5069A;506946;507032
9446;893000;J5071B;507170;507254
9447;893000;J5070;507085;507169
9448;883000;J0610;61090;61140
9449;893000;J5078;507855;507963
9450;893000;J5078C;507895;507993
9451;893000;J5088;508814;508986
9452;880000;J4880;488840;488910
9453;893000;J5082;508218;508329
9454;893000;J5080;508004;508108
9455;893000;J5080A;508008;508103
9456;880000;J4931;493160;493210
9457;893000;J5080B;508041;508313
9458;883000;J0375;37560;37616
9459;908000;V1;79134;80036
9460;295000;J0004;436;502
9461;905000;J0090;9066;9105
9462;909903;J1415;141552;141668
9463;909903;D;141674;141980
9464;909903;B;141789;142150
9465;909903;J1417;141722;141871
9466;905000;J0419;41992;42127
9467;272000;DTGV;248970;249818
9468;272000;L;249646;250010
9469;903606;A;0;291
9470;903608;B;0;160
9471;893000;J5044;504466;504548
9472;899000;VU;1768;23205
9473;272000;ATGV;248429;249274
9474;798000;J1263;126365;126411
9475;798000;J1282;128258;128700
9476;272000;J2488A;248886;248961
9477;897000;D;39070;39627
9478;908000;J0192;19252;19305
9479;272000;J2283;228338;228420
9480;284000;J0223;223044;223128
9481;284000;J2216;221618;221723
9482;272646;UNIQUE;0;10850
9483;301306;J0010;1063;1105
9484;930000;J0011;1106;1192
9485;640000;J4067;406793;406875
9486;640000;UNIQUE;432033;432830
9487;272000;O;190485;191795
9488;640000;J4318;431865;431913
9489;640000;V1;406117;474420
9490;640000;V2;406117;474420
9491;810000;J1015;101516;101598
9492;289000;J0721;72144;72253
9493;70000;D;479445;479913
9494;834310;J0011;1194;1276
9495;70000;J4798;479822;479906
9496;289000;A;72253;73142
9497;289000;B;72309;73142
9498;677000;J4597;459715;459795
9499;677000;J4668;466891;466971
9500;677000;J4669;466993;467074
9501;286000;J2170;217042;217140
9502;286000;J2266;226620;226665
9503;289000;J0194;19482;19521
9504;694000;UNIQUE;478102;480100
9505;678500;A;0;812
9506;677000;A;508568;509123
9507;289000;DM;710;1173
9508;289000;J0011;1178;1234
9509;289000;J0009;972;1058
9510;289000;0;164;446
9511;289000;1;164;426
9512;750000;14;353821;354627
9513;792000;UNIQUE;50800;53471
9514;790000;J3559;355953;356035
9515;750000;J3559;355951;356033
9516;830346;UNIQUE;635266;635527
9517;830341;C;633822;634332
9518;830341;V1;633942;634332
9519;830341;V2;634008;634332
9520;830646;VU;0;3037
9521;677000;J4680;468081;468164
9522;813000;UNIQUE;69141;77150
9523;705000;EVIT;377804;378415
9524;302526;J3047;304715;304754
9525;302526;J3059;305990;306014
9526;302526;J3068;306820;306846
9527;302526;J3070;307091;307135
9528;302526;J3091;309190;309227
9529;302526;J3096;309261;309300
9530;762000;2;258540;259600
9531;762000;EVIT;271110;271620
9532;763000;UNIQUE;283200;307010
9533;304000;R5;8000;9150
9534;302506;J0016;1683;1765
9535;302506;J0018;1888;1963
9536;1000;T1;442265;442460
9537;115000;J0113;11300;11503
9538;115000;J0203;20390;20581
9539;115000;1TER;20232;27402
9540;115000;J0270;27076;27265
9541;301000;CS1;209460;210217
9542;301000;CS2;209460;210165
9543;819000;J0235;23574;23645
9544;820000;EVIT;1454;2041
9545;820000;EVIT;17123;17842
9546;814000;EVIT;742960;743450
9547;70000;T3;501530;501673
9548;733000;UNIQUE;424875;433430
9549;677506;UNIQUE;0;1800
9550;812000;UNIQUE;52018;58018
9551;556606;UNIQUE;0;2150
9552;293000;EVIT;238977;239307
9553;110000;J0085;8545;8640
9554;110000;J0087;8753;8836
9555;785000;VU;401200;464580
9556;550000;J0764;76470;76524
9557;72000;J0622;62241;62303
9558;530000;J0251;25100;25178
9559;530000;J0251A;25197;25280
9560;530000;J0484;48487;48569
9561;830000;J7147;714736;714795
9562;830000;J7141;714166;714221
9563;830649;UNIQUE;0;1580
9564;70000;J0357;35710;35848
9565;886000;J0269;26860;26924
9566;110000;J0046;4605;4700
9567;110000;J0047;4720;4825
9568;937000;UNIQUE;-13;1967
9569;930000;J0033;3336;3390
9570;930000;J0033A;3360;3452
9571;930000;J0033B;3360;3481
9572;341500;UNIQUE;223275;225000
9573;500000;B;324732;325268
9574;525000;UNIQUE;36941;150507
9575;830000;J8080A;808078;808107
9576;1000;J0051;5135;5459
9577;226500;VA;0;87292
9578;226500;VB;0;87292
9579;431000;VS;14649;15000
9582;431000;VS;14649;15000
9583;216400;RTN2;7000;61637
9584;216400;RTS1;8282;61253
9585;216400;J0269;26990;27183
9586;216400;J0269A;27013;27160
9587;216400;J0445;44619;44789
9588;216400;J0446;44637;44789
9589;884000;2;24930;25550
9590;884000;A;33030;33650
9591;884000;2;48943;49618
9592;884000;2;58809;59433
9593;216500;UP;0;108583
9594;216500;DOWN;0;108588
9595;216500;UP-RDO;9095;9986
9596;216500;UP-IN;9185;10077
9597;216500;UP-DOM;9183;999999
9598;216500;DO-RDO;9098;9990
9599;216500;DO-IN;9189;10080
9600;216500;DO-DOM;9186;9445
9601;216500;J0095;9567;9685
9602;216500;J0095A;9564;9682
9603;216500;J0097;9736;10130
9604;216500;J0097A;9739;10127
9605;216500;J0255;25585;25858
9606;216500;J0260;26021;26294
9607;216500;UP-IN;35133;37417
9608;216500;UP-RDO;35555;37221
9609;216500;UP-NKL;35021;999999
9610;216500;DO-NKL;35651;999999
9611;216500;DO-IN;35010;37211
9612;216500;J0353;35341;35468
9613;216500;J0354;35478;35611
9614;216500;J0361;36085;36172
9615;216500;J0360;36061;36189
9616;216500;J0362;36157;36456
9617;216500;J0367;36859;37092
9618;216500;J0373;37302;37501
9619;216500;DO-RDO;36081;37017
9620;216500;J0522;52230;52517
9621;216500;J0525;52617;52904
9622;216500;J0655;65600;65887
9623;216500;J0665;66569;66855
9624;216500;J0755;75592;75879
9625;216500;UP-LOO;77090;79380
9626;216500;DO-LOO;77090;79473
9627;216500;J0794;79484;79770
9628;216500;V4;88311;92720
9629;216500;V3;88311;92720
9630;216500;A;0;40150
9631;216500;B;0;40150
9632;216500;J0404;40552;40839
9633;216500;UP-LOO;41169;42690
9634;216500;DO-LOO;41169;42783
9635;216500;J0427;42794;43081
9636;216500;J1032;103280;103567
9637;216500;J1036;103667;103954
9638;216400;UP;7000;8282
9639;216400;DOWN;7000;8153
9640;216400;J0107;10775;11038
9641;216400;J0099;9961;10171
9642;216400;J0093;9408;9615
9643;216410;A;6322;10114
9644;216440;I;9657;9861
9645;216410;B;6300;9983
9646;216410;J0088;8896;8968
9647;216410;J0078;7911;8106
9648;216410;VU;5565;6149
9649;216410;B1;5549;6325
9650;216410;B2;5553;6211
9651;216410;B3;5589;6264
9652;216410;B4;5594;6178
9653;216410;B5;5581;6300
9654;216410;B6;5587;6234
9655;216410;B7;5593;6261
9656;216410;B8;5599;6194
9657;216410;B9;5583;6322
9658;216410;B10;5588;6256
9659;216410;J0095;6954;7126
9660;216410;J0067;6763;6943
9661;216410;J0065;6494;6652
9662;216410;J0064;6488;6635
9665;216410;C;6325;7400
9666;216410;103;7400;9642
9667;216440;VU;8702;9657
9668;216440;B1;8722;9657
9669;216440;B2;8702;9514
9670;216440;B3;8696;9700
9671;216440;B4;8694;9411
9672;216440;B5;8690;9630
9673;216440;B6;8686;9551
9674;216440;B7;8682;9463
9675;216440;B8;8681;9334
9676;216440;B9;8677;9463
9677;216440;B10;8673;9374
9678;216440;J0095;9552;9775
9679;216440;J0097;9794;9963
9680;216440;J;9477;9950
9681;216440;K;9463;10166
9683;216400;U;7000;9300
9686;216410;J0085;8566;8886
9687;14000;V1;1249;137899
9688;14000;V2;473;137899
9689;14330;V1RACC;0;2676
9690;14330;V2RACC;0;3010
9691;14000;J0261;26162;26450
9692;14000;5;26382;26700
9693;14000;3;26558;27327
9694;14000;J0276;27669;27957
9695;14000;J0481;48185;48473
9696;14000;J0485;48573;48861
9697;14000;5;51023;51612
9698;14000;4;51223;52902
9699;14000;3;51223;52902
9700;14300;RO2;0;2891
9701;14000;6;52021;52882
9702;14000;8;52021;52474
9703;856350;RE2;0;2762
9704;14000;J0629;62966;63254
9705;14000;J0633;63355;63643
9706;14000;J0986;98649;98938
9707;14000;J0990;99056;99325
9708;14000;3;132763;134932
9709;14000;4;132763;134952
9710;14000;J1330;133071;133456
9711;14000;J1331;133071;133456
9712;14000;J1342;134259;134645
9713;14000;J1342A;134259;134645
9714;216420;D;60731;66926
9716;216420;E;61627;66850
9717;216420;J0637;63750;63998
9718;216420;J0650;65131;65332
9719;216420;M;66357;67130
9720;216420;J0668;66870;67082
9722;216420;F3;67176;67825
9723;216420;F4;67130;67826
9724;216420;F5;67047;67820
9725;216420;F6;66929;67822
9726;216420;F7;67103;67824
9727;216420;F8;66850;67820
9728;216420;F9;66926;67797
9729;216420;F10;67039;67798
9730;216420;F11;66928;67802
9731;216420;F12;67170;67805
9732;216420;J0664;66409;66596
9733;216420;J0666;66627;66767
9734;216430;F3;62686;63528
9735;216430;F4;61951;63532
9736;216430;F5;62686;67475
9737;216430;F6;62510;63556
9738;216430;F7;62665;63562
9739;216430;F8;62400;63567
9740;216430;F9;62400;63607
9741;216430;F10;62781;63610
9742;216430;F11;62629;63616
9743;216430;F12;62848;63618
9744;216430;G;61033;62500
9745;216430;F;60769;62500
9746;216420;L;66246;67160
9747;216420;H;65000;66246
9748;216420;J0661;66132;66377
9749;216430;J0613;61318;61644
9750;216430;J0620;62051;62250
9751;216400;X;60609;60991
9752;216400;J0606;60607;60780
9753;216400;J0608;60820;60993
9754;216430;39;62260;62556
9755;216420;VU;62173;63617
9756;216420;3;63100;65000
9757;216420;J0647;64739;64979
9758;14000;3;97950;98611
9759;5343;J0002;2052;2275
9760;5343;J0002A;2356;2579
9761;140370;R1L;1577;3864
9762;140370;R2L;1665;4430
9763;140370;RL;0;1665
9764;167320;R1R;0;1851
9765;167320;R2R;0;1443
9766;834311;VR1N;0;2789
9768;767300;UNIQUE;364;1087
9769;431000;R1SA;226855;231513
9770;431000;R2SA;223628;232216
9771;566000;V1;0;301848
9772;566000;V2;0;300896
9773;570345;R1MS;401;6071
9774;570345;R2MS;0;5268
9775;5390;R1RACC;405815;408272
9776;5390;R2RACC;406015;408532
9777;5390;J4063;406306;406439
9778;5390;J4065;406538;406673
9779;408000;V1;322;181635
9780;408000;V2;0;181635
9781;834000;J0250;25057;25359
9782;570350;R1CA;0;4075
9783;570350;R2CA;365;3979
9784;570360;R1MA;0;6159
9785;570360;R2MA;206;6775
9786;538315;VR1FN;271;4073
9787;538315;VR2FN;0;2248
9788;538311;VR1FS;0;3439
9789;538310;VR2FS;0;4002
9790;566000;3;146267;147672
9791;566000;5T;145694;146425
9792;566000;7V;147514;148188
9793;566000;9V;147711;147938
9794;570380;VRJ;0;2559
9795;566000;J1717;171725;172013
9796;570385;VRV;0;4444
9797;566000;J1788;178810;179098
9798;566000;J1971;197102;197390
9799;566000;J1991;199189;199477
9800;566000;4;197489;199090
9801;566000;6T;197108;197838
9802;566000;8V;198741;199624
9803;566000;10V;199150;199377
9804;570390;R1CO;0;5823
9805;570390;R2CO;299;5890
9806;566000;J2287;228731;229019
9807;566000;J2291;229119;229407
9809;566000;3;254290;255474
9810;566000;5T;253715;254447
9811;566000;J2642;264287;264575
9812;566000;J2784;278454;278742
9813;566000;J2788;278843;279131
9815;566000;5T;60226;61034
9816;566000;V3;60877;62055
9817;566000;7V;60226;60836
9818;566000;9V;60471;60700
9819;566000;J0604;60458;60746
9820;566000;J0621;62186;62474
9821;566000;J0788;78882;79171
9822;566000;J0792;79269;79558
9823;566000;J0212;21278;21566
9824;566000;J0219;21910;22198
9825;566000;J0405;40565;40853
9826;566000;J0410;41063;41351
9827;566000;J0939;93942;94230
9828;566000;J1126;112683;112972
9829;566000;J1130;113070;113359
9830;566000;J1458;145849;146137
9831;566000;J1478;147802;148090
9832;566000;J2538;253871;254159
9833;408000;4;29138;29700
9834;408000;4;96155;97076
9835;408000;4;156830;157645
9836;408000;J0032;3210;3385
9837;408000;J0262;26260;26434
9838;408000;J0286;28625;28927
9839;408000;J0294;29426;29727
9840;408000;6;29526;29950
9841;408320;VR1M;0;3567
9842;408321;VR2M;0;3596
9843;408315;VRFM;0;1968
9844;408000;J0633;63311;63599
9845;408000;J0636;63699;63987
9846;408340;VR1S;1200;9275
9847;408340;VR2S;0;9240
9848;408345;VRDA;0;3612
9849;408340;J0055;5560;5828
9850;408000;J0697;69770;70058
9851;408000;J0969;96968;97257
9852;408000;J0973;97355;97644
9853;408000;6;96400;96595
9854;408360;VR1E;1480;5575
9855;408360;VR2E;0;4783
9856;420000;J2968;296850;297068
9857;408370;R1O;1640;7681
9858;408370;R2O;0;7308
9859;420000;J3057;305769;305988
9860;408000;J1287;128743;129031
9861;408000;J1291;129130;129418
9862;408000;6;157080;157263
9863;408000;J1575;157537;157825
9864;408000;J1579;157924;158212
9865;408000;J1776;177661;177936
9866;408305;VRFC;0;2488
9867;420000;J1884;188426;188616
9868;450000;J2574;257442;257634
9869;450000;J2576;257652;257870
9870;408340;BM Est;5443;5639
9871;408340;BM Ouest;7129;7297
9872;834000;V1;29610;86388
9873;834000;V2;29610;86388
9874;834000;J0386;38682;38983
9875;834000;J0405;40580;40881
9876;834000;J0627;62770;63071
9877;834000;J0631;63170;63471
9878;834000;B;80862;82170
9879;834000;C;80675;82680
9880;834000;D;80675;82680
9881;834000;E;80862;82170
9882;834000;J0810B;81027;81408
9883;834000;J0810A;81027;81408
9884;834000;J0819B;81947;82328
9885;834000;J0819A;81947;82328
9886;810310;VR1J;0;2621
9887;810310;VR2J;280;2259
9888;800390;VR1G;0;10008
9889;800390;VR2G;349;10370
9890;800000;J7782;778296;778510
9891;800000;J7804;780450;780582
9892;800390;J2064;2064;2258
9893;800395;VRGV;0;1410
9894;834000;J0287;28760;29061
9895;834000;J0292;29285;29586
9896;834340;VR1L;0;1821
9897;834340;VR2L;0;2614
9898;810000;J0825;82592;82802
9899;216400;J0078;7861;7932
9900;216400;J0088;8897;9076
9901;216400;J0089;8995;9165
9903;314000;6;269939;270490
9904;314000;J2699;269970;270091
9905;314000;J2934;293300;293568
9906;314000;J2900;290029;290196
9907;314000;J2925;292551;292586
9908;314000;2C;292865;294180
9909;314000;RA;293850;294358
9910;5000;7T;214100;214534
